<?xml version="1.0" encoding="UTF-8"?>
<?xml-model href="http://schemata.earlyprint.org/schemata/tei_earlyprint.rng" type="application/xml" schematypens="http://relaxng.org/ns/structure/1.0"?>
<TEI xmlns="http://www.tei-c.org/ns/1.0" xml:id="A32566">
 <teiHeader>
  <fileDesc>
   <titleStmt>
    <title>By the King. A proclamation for the further proroguing the Parliament</title>
    <title>Proclamations. 1666-04-06.</title>
    <author>England and Wales. Sovereign (1660-1685 : Charles II)</author>
   </titleStmt>
   <editionStmt>
    <edition>This text is an enriched version of the TCP digital transcription A32566 of text R214933 in the <ref target="http;//estc.bl.uk">English Short Title Catalog</ref> (Wing C3490). Textual changes  and metadata enrichments aim at making the                             text more  computationally tractable, easier to read, and suitable for network-based collaborative                              curation by amateur and professional end users from many walks of life.  The text has been tokenized and linguistically annotated with <ref target="http://morphadorner.northwestern.edu/morphadorner/">MorphAdorner</ref>. The annotation includes standard spellings that support the display of a text in                             a standardized format that preserves archaic forms ('loveth', 'seekest').                              Textual changes aim at restoring the text the author or stationer meant to publish.</edition>
    <respStmt>
     <resp>This text has not been fully proofread</resp>
     <name/>
    </respStmt>
   </editionStmt>
   <extent>Approx. 2 KB of XML-encoded text transcribed from 1 1-bit group-IV TIFF page image.</extent>
   <publicationStmt>
    <publisher>EarlyPrint Project</publisher>
    <pubPlace>Evanston,IL, Notre Dame, IN, St. Louis, MO</pubPlace>
    <date>2018</date>
    <idno type="DLPS">A32566</idno>
    <idno type="STC">Wing C3490</idno>
    <idno type="STC">ESTC R214933</idno>
    <idno type="EEBO-CITATION">99826971</idno>
    <idno type="PROQUEST">99826971</idno>
    <idno type="VID">31383</idno>
    <availability>
     <p>
            This keyboarded and encoded edition of the work described above is co-owned by the institutions providing financial support to the Early English Books Online Text Creation Partnership. This Phase I text is available for reuse, according to the terms of
            <ref target="https://creativecommons.org/publicdomain/zero/1.0/">Creative Commons 0 1.0 Universal</ref>
            . The text can be copied, modified, distributed and performed, even for commercial purposes, all without asking permission.
          </p>
    </availability>
   </publicationStmt>
   <seriesStmt>
    <title>Early English books online.</title>
   </seriesStmt>
   <notesStmt>
    <note>(EEBO-TCP ; phase 1, no. A32566)</note>
    <note>Transcribed from: (Early English Books Online ; image set 31383)</note>
    <note>Images scanned from microfilm: (Early English books, 1641-1700 ; 1882:19)</note>
   </notesStmt>
   <sourceDesc>
    <biblFull>
     <titleStmt>
      <title>By the King. A proclamation for the further proroguing the Parliament</title>
      <title>Proclamations. 1666-04-06.</title>
      <author>England and Wales. Sovereign (1660-1685 : Charles II)</author>
      <author>Charles II, King of England, 1630-1685. aut</author>
     </titleStmt>
     <extent>1 sheet ([1] p.)</extent>
     <publicationStmt>
      <publisher>printed by John Bill and Christopher Barker, printers to the Kings Majesty,</publisher>
      <pubPlace>London :</pubPlace>
      <date>1666.</date>
     </publicationStmt>
     <notesStmt>
      <note>At end: Given at our court at Whitehall, the 6th day of April, 1666. in the 18th year of our reign. God save the King.</note>
      <note>Reproduction of the original in the Bodleian Library.</note>
     </notesStmt>
    </biblFull>
   </sourceDesc>
  </fileDesc>
  <profileDesc>
   <langUsage>
    <language ident="eng">eng</language>
   </langUsage>
   <textClass>
    <keywords scheme="http://authorities.loc.gov/">
     <term>England and Wales. -- Parliament -- Early works to 1800.</term>
     <term>Great Britain -- History -- Charles II, 1660-1685 -- Early works to 1800.</term>
     <term>Great Britain -- Politics and government, 1660-1688 -- Early works to 1800.</term>
    </keywords>
   </textClass>
  </profileDesc>
  <xenoData>
   <ep:epHeader xmlns:ep="http://earlyprint.org/ns/1.0">
    <ep:corpus>eebo</ep:corpus>
    <ep:title>By the King. A proclamation for the further proroguing the Parliament.</ep:title>
    <ep:author>England and Wales. Sovereign </ep:author>
    <ep:publicationYear>1666</ep:publicationYear>
    <ep:creationYear/>
    <ep:curator>
     <ep:name/>
    </ep:curator>
    <ep:pageCount>1</ep:pageCount>
    <ep:wordCount>314</ep:wordCount>
    <ep:defectiveTokenCount>0</ep:defectiveTokenCount>
    <ep:untranscribedForeignCount>0</ep:untranscribedForeignCount>
    <ep:untranscribedMathCount>0</ep:untranscribedMathCount>
    <ep:untranscribedMusicCount>0</ep:untranscribedMusicCount>
    <ep:missingChunkCount>0</ep:missingChunkCount>
    <ep:missingPagesCount>0</ep:missingPagesCount>
    <ep:defectRate>0</ep:defectRate>
    <ep:finalGrade>A</ep:finalGrade>
    <ep:defectRangePerGrade>This text  has no known defects that were recorded as gap elements at the time of transcription. </ep:defectRangePerGrade>
   </ep:epHeader>
  </xenoData>
  <revisionDesc>
   <change><date>2008-07</date><label>TCP</label>
        Assigned for keying and markup
      </change>
   <change><date>2008-10</date><label>SPi Global</label>
        Keyed and coded from ProQuest page images
      </change>
   <change><date>2008-11</date><label>John Pas</label>
        Sampled and proofread
      </change>
   <change><date>2008-11</date><label>John Pas</label>
        Text and markup reviewed and edited
      </change>
   <change><date>2009-02</date><label>pfs</label>
        Batch review (QC) and XML conversion
      </change>
  </revisionDesc>
 </teiHeader>
 <text xml:id="A32566-t">
  <body xml:id="A32566-e0">
   <div type="proclamation" xml:id="A32566-e10">
    <pb facs="tcp:31383:1" xml:id="A32566-001-a"/>
    <byline xml:id="A32566-e20">
     <w lemma="by" pos="acp" xml:id="A32566-001-a-0010">By</w>
     <w lemma="the" pos="d" xml:id="A32566-001-a-0020">the</w>
     <w lemma="King" pos="n1" xml:id="A32566-001-a-0030">King</w>
     <pc unit="sentence" xml:id="A32566-001-a-0031">.</pc>
     <pc unit="sentence" xml:id="A32566-001-a-0040"/>
    </byline>
    <head xml:id="A32566-e30">
     <w lemma="a" pos="d" xml:id="A32566-001-a-0050">A</w>
     <w lemma="proclamation" pos="n1" xml:id="A32566-001-a-0060">PROCLAMATION</w>
     <w lemma="for" pos="acp" xml:id="A32566-001-a-0070">For</w>
     <w lemma="the" pos="d" xml:id="A32566-001-a-0080">the</w>
     <w lemma="further" pos="j-c" xml:id="A32566-001-a-0090">further</w>
     <w lemma="prorogue" pos="vvg" xml:id="A32566-001-a-0100">Proroguing</w>
     <w lemma="the" pos="d" xml:id="A32566-001-a-0110">the</w>
     <w lemma="parliament" pos="n1" xml:id="A32566-001-a-0120">Parliament</w>
     <pc unit="sentence" xml:id="A32566-001-a-0130">.</pc>
    </head>
    <opener xml:id="A32566-e40">
     <signed xml:id="A32566-e50">
      <w lemma="CHARLES" pos="n1-nn" xml:id="A32566-001-a-0140">CHARLES</w>
      <w lemma="r." pos="ab" xml:id="A32566-001-a-0150">R.</w>
      <pc unit="sentence" xml:id="A32566-001-a-0160"/>
     </signed>
    </opener>
    <p xml:id="A32566-e60">
     <w lemma="the" pos="d" rendition="#decorinit" xml:id="A32566-001-a-0170">THe</w>
     <w lemma="king" pos="n1g" reg="King's" xml:id="A32566-001-a-0180">Kings</w>
     <w lemma="most" pos="av-s_d" xml:id="A32566-001-a-0190">most</w>
     <w lemma="excellent" pos="j" xml:id="A32566-001-a-0200">Excellent</w>
     <w lemma="majesty" pos="n1" xml:id="A32566-001-a-0210">Majesty</w>
     <pc xml:id="A32566-001-a-0220">,</pc>
     <w lemma="take" pos="vvg" xml:id="A32566-001-a-0230">taking</w>
     <w lemma="into" pos="acp" xml:id="A32566-001-a-0240">into</w>
     <w lemma="his" pos="po" xml:id="A32566-001-a-0250">His</w>
     <w lemma="princely" pos="j" xml:id="A32566-001-a-0260">Princely</w>
     <w lemma="consideration" pos="n1" xml:id="A32566-001-a-0270">Consideration</w>
     <pc xml:id="A32566-001-a-0280">,</pc>
     <w lemma="the" pos="d" xml:id="A32566-001-a-0290">the</w>
     <w lemma="hazardous" pos="j" xml:id="A32566-001-a-0300">hazardous</w>
     <w lemma="consequence" pos="n2" xml:id="A32566-001-a-0310">consequences</w>
     <pc xml:id="A32566-001-a-0320">,</pc>
     <w lemma="and" pos="cc" xml:id="A32566-001-a-0330">and</w>
     <w lemma="peril" pos="n2" xml:id="A32566-001-a-0340">perils</w>
     <w lemma="which" pos="crq" xml:id="A32566-001-a-0350">which</w>
     <w lemma="may" pos="vmb" xml:id="A32566-001-a-0360">may</w>
     <w lemma="ensue" pos="vvi" xml:id="A32566-001-a-0370">ensue</w>
     <w lemma="by" pos="acp" xml:id="A32566-001-a-0380">by</w>
     <w lemma="the" pos="d" xml:id="A32566-001-a-0390">the</w>
     <w lemma="extraordinary" pos="j" xml:id="A32566-001-a-0400">extraordinary</w>
     <w lemma="resort" pos="n1" xml:id="A32566-001-a-0410">resort</w>
     <w lemma="of" pos="acp" xml:id="A32566-001-a-0420">of</w>
     <w lemma="people" pos="n1" xml:id="A32566-001-a-0430">people</w>
     <w lemma="which" pos="crq" xml:id="A32566-001-a-0440">which</w>
     <w lemma="must" pos="vmb" xml:id="A32566-001-a-0450">must</w>
     <w lemma="necessary" pos="av_j" xml:id="A32566-001-a-0460">necessarily</w>
     <w lemma="attend" pos="vvi" xml:id="A32566-001-a-0470">attend</w>
     <w lemma="the" pos="d" xml:id="A32566-001-a-0480">the</w>
     <w lemma="sit" pos="vvg" xml:id="A32566-001-a-0490">Sitting</w>
     <w lemma="of" pos="acp" xml:id="A32566-001-a-0500">of</w>
     <w lemma="the" pos="d" xml:id="A32566-001-a-0510">the</w>
     <w lemma="parliament" pos="n1" xml:id="A32566-001-a-0520">Parliament</w>
     <pc xml:id="A32566-001-a-0530">,</pc>
     <w lemma="if" pos="cs" xml:id="A32566-001-a-0540">if</w>
     <w lemma="the" pos="d" xml:id="A32566-001-a-0550">the</w>
     <w lemma="lord" pos="n2" xml:id="A32566-001-a-0560">Lords</w>
     <w lemma="spiritual" pos="j" xml:id="A32566-001-a-0570">Spiritual</w>
     <w lemma="and" pos="cc" xml:id="A32566-001-a-0580">and</w>
     <w lemma="temporal" pos="j" xml:id="A32566-001-a-0590">Temporal</w>
     <pc xml:id="A32566-001-a-0600">,</pc>
     <w lemma="and" pos="cc" xml:id="A32566-001-a-0610">and</w>
     <w lemma="commons" pos="n2" xml:id="A32566-001-a-0620">Commons</w>
     <w lemma="shall" pos="vmd" xml:id="A32566-001-a-0630">should</w>
     <w lemma="assemble" pos="vvb" xml:id="A32566-001-a-0640">Assemble</w>
     <w lemma="at" pos="acp" xml:id="A32566-001-a-0650">at</w>
     <hi xml:id="A32566-e70">
      <w lemma="Westminster" pos="n1-nn" xml:id="A32566-001-a-0660">Westminster</w>
     </hi>
     <w lemma="at" pos="acp" xml:id="A32566-001-a-0670">at</w>
     <w lemma="the" pos="d" xml:id="A32566-001-a-0680">the</w>
     <w lemma="time" pos="n1" xml:id="A32566-001-a-0690">time</w>
     <w lemma="now" pos="av" xml:id="A32566-001-a-0700">now</w>
     <w lemma="prefix" pos="vvn" reg="prefixed" xml:id="A32566-001-a-0710">prefixt</w>
     <pc xml:id="A32566-001-a-0720">;</pc>
     <w lemma="by" pos="acp" xml:id="A32566-001-a-0730">by</w>
     <w lemma="which" pos="crq" xml:id="A32566-001-a-0740">which</w>
     <w lemma="occasion" pos="n1" xml:id="A32566-001-a-0750">occasion</w>
     <pc join="right" xml:id="A32566-001-a-0760">(</pc>
     <w lemma="especial" pos="av_j" xml:id="A32566-001-a-0770">especially</w>
     <w lemma="at" pos="acp" xml:id="A32566-001-a-0780">at</w>
     <w lemma="this" pos="d" xml:id="A32566-001-a-0790">this</w>
     <w lemma="season" pos="n1" xml:id="A32566-001-a-0800">season</w>
     <w lemma="of" pos="acp" xml:id="A32566-001-a-0810">of</w>
     <w lemma="the" pos="d" xml:id="A32566-001-a-0820">the</w>
     <w lemma="year" pos="n1" xml:id="A32566-001-a-0830">year</w>
     <pc xml:id="A32566-001-a-0840">)</pc>
     <w lemma="the" pos="d" xml:id="A32566-001-a-0850">the</w>
     <w lemma="late" pos="j" xml:id="A32566-001-a-0860">late</w>
     <w lemma="contagion" pos="n1" xml:id="A32566-001-a-0870">Contagion</w>
     <w lemma="in" pos="acp" xml:id="A32566-001-a-0880">in</w>
     <w lemma="the" pos="d" xml:id="A32566-001-a-0890">the</w>
     <w lemma="city" pos="n2" xml:id="A32566-001-a-0900">Cities</w>
     <w lemma="of" pos="acp" xml:id="A32566-001-a-0910">of</w>
     <hi xml:id="A32566-e80">
      <w lemma="London" pos="n1-nn" xml:id="A32566-001-a-0920">London</w>
     </hi>
     <w lemma="and" pos="cc" xml:id="A32566-001-a-0930">and</w>
     <hi xml:id="A32566-e90">
      <w lemma="Westminster" pos="n1-nn" xml:id="A32566-001-a-0940">Westminster</w>
      <pc xml:id="A32566-001-a-0950">,</pc>
     </hi>
     <pc join="right" xml:id="A32566-001-a-0960">(</pc>
     <w lemma="where" pos="crq" xml:id="A32566-001-a-0970">where</w>
     <w lemma="at" pos="acp" xml:id="A32566-001-a-0980">at</w>
     <w lemma="present" pos="j" xml:id="A32566-001-a-0990">present</w>
     <pc xml:id="A32566-001-a-1000">,</pc>
     <w lemma="by" pos="acp" xml:id="A32566-001-a-1010">by</w>
     <w lemma="God" pos="n1g-nn" reg="God's" xml:id="A32566-001-a-1020">Gods</w>
     <w lemma="great" pos="j" xml:id="A32566-001-a-1030">great</w>
     <w lemma="mercy" pos="n1" xml:id="A32566-001-a-1040">mercy</w>
     <pc xml:id="A32566-001-a-1050">,</pc>
     <w lemma="it" pos="pn" xml:id="A32566-001-a-1060">it</w>
     <w lemma="be" pos="vvz" xml:id="A32566-001-a-1070">is</w>
     <w lemma="almost" pos="av" xml:id="A32566-001-a-1080">almost</w>
     <w lemma="total" pos="av_j" xml:id="A32566-001-a-1090">totally</w>
     <w lemma="abate" pos="vvn" xml:id="A32566-001-a-1100">abated</w>
     <pc xml:id="A32566-001-a-1110">)</pc>
     <w lemma="may" pos="vmb" xml:id="A32566-001-a-1120">may</w>
     <w lemma="be" pos="vvi" xml:id="A32566-001-a-1130">be</w>
     <w lemma="again" pos="av" xml:id="A32566-001-a-1140">again</w>
     <w lemma="increase" pos="vvn" xml:id="A32566-001-a-1150">increased</w>
     <pc xml:id="A32566-001-a-1160">;</pc>
     <w lemma="and" pos="cc" xml:id="A32566-001-a-1170">And</w>
     <w lemma="for" pos="acp" xml:id="A32566-001-a-1180">for</w>
     <w lemma="other" pos="d" xml:id="A32566-001-a-1190">other</w>
     <w lemma="weighty" pos="j" xml:id="A32566-001-a-1200">weighty</w>
     <w lemma="consideration" pos="n2" xml:id="A32566-001-a-1210">considerations</w>
     <pc xml:id="A32566-001-a-1220">,</pc>
     <w lemma="his" pos="po" xml:id="A32566-001-a-1230">His</w>
     <w lemma="majesty" pos="n1" xml:id="A32566-001-a-1240">Majesty</w>
     <w lemma="do" pos="vvz" xml:id="A32566-001-a-1250">doth</w>
     <w lemma="by" pos="acp" xml:id="A32566-001-a-1260">by</w>
     <w lemma="the" pos="d" xml:id="A32566-001-a-1270">the</w>
     <w lemma="advice" pos="n1" xml:id="A32566-001-a-1280">Advice</w>
     <w lemma="of" pos="acp" xml:id="A32566-001-a-1290">of</w>
     <w lemma="his" pos="po" xml:id="A32566-001-a-1300">His</w>
     <w lemma="privy" pos="j" xml:id="A32566-001-a-1310">Privy</w>
     <w lemma="council" pos="n1" xml:id="A32566-001-a-1320">Council</w>
     <pc xml:id="A32566-001-a-1330">,</pc>
     <w lemma="publish" pos="vvb" xml:id="A32566-001-a-1340">Publish</w>
     <pc xml:id="A32566-001-a-1350">,</pc>
     <w lemma="notify" pos="vvi" reg="Notify" xml:id="A32566-001-a-1360">Notifie</w>
     <pc xml:id="A32566-001-a-1370">,</pc>
     <w lemma="and" pos="cc" xml:id="A32566-001-a-1380">and</w>
     <w lemma="declare" pos="vvb" xml:id="A32566-001-a-1390">Declare</w>
     <w lemma="his" pos="po" xml:id="A32566-001-a-1400">His</w>
     <w lemma="will" pos="n1" xml:id="A32566-001-a-1410">Will</w>
     <w lemma="and" pos="cc" xml:id="A32566-001-a-1420">and</w>
     <w lemma="pleasure" pos="n1" xml:id="A32566-001-a-1430">Pleasure</w>
     <w lemma="to" pos="to" xml:id="A32566-001-a-1440">to</w>
     <w lemma="be" pos="vvi" xml:id="A32566-001-a-1450">be</w>
     <pc xml:id="A32566-001-a-1460">,</pc>
     <w lemma="that" pos="cs" xml:id="A32566-001-a-1470">That</w>
     <w lemma="the" pos="d" xml:id="A32566-001-a-1480">the</w>
     <w lemma="parliament" pos="n1" xml:id="A32566-001-a-1490">Parliament</w>
     <w lemma="shall" pos="vmb" xml:id="A32566-001-a-1500">shall</w>
     <w lemma="be" pos="vvi" xml:id="A32566-001-a-1510">be</w>
     <w lemma="prorogue" pos="vvn" xml:id="A32566-001-a-1520">Prorogued</w>
     <w lemma="from" pos="acp" xml:id="A32566-001-a-1530">from</w>
     <w lemma="the" pos="d" xml:id="A32566-001-a-1540">the</w>
     <w lemma="three" pos="crd" xml:id="A32566-001-a-1550">Three</w>
     <w lemma="and" pos="cc" xml:id="A32566-001-a-1560">and</w>
     <w lemma="twenty" pos="ord" xml:id="A32566-001-a-1570">twentieth</w>
     <w lemma="day" pos="n1" xml:id="A32566-001-a-1580">day</w>
     <w lemma="of" pos="acp" xml:id="A32566-001-a-1590">of</w>
     <w lemma="this" pos="d" xml:id="A32566-001-a-1600">this</w>
     <w lemma="instant" pos="j" xml:id="A32566-001-a-1610">instant</w>
     <w lemma="month" pos="n1" reg="Month" xml:id="A32566-001-a-1620">Moneth</w>
     <w lemma="of" pos="acp" xml:id="A32566-001-a-1630">of</w>
     <hi xml:id="A32566-e100">
      <w lemma="April" pos="n1-nn" xml:id="A32566-001-a-1640">April</w>
      <pc xml:id="A32566-001-a-1650">,</pc>
     </hi>
     <w lemma="until" pos="acp" xml:id="A32566-001-a-1660">until</w>
     <w lemma="the" pos="d" xml:id="A32566-001-a-1670">the</w>
     <w lemma="eighteen" pos="ord" xml:id="A32566-001-a-1680">Eighteenth</w>
     <w lemma="day" pos="n1" xml:id="A32566-001-a-1690">day</w>
     <w lemma="of" pos="acp" xml:id="A32566-001-a-1700">of</w>
     <hi xml:id="A32566-e110">
      <w lemma="September" pos="n1-nn" xml:id="A32566-001-a-1710">September</w>
     </hi>
     <w lemma="now" pos="av" xml:id="A32566-001-a-1720">now</w>
     <w lemma="next" pos="ord" xml:id="A32566-001-a-1730">next</w>
     <w lemma="come" pos="vvg" xml:id="A32566-001-a-1740">coming</w>
     <pc xml:id="A32566-001-a-1750">:</pc>
     <w lemma="whereof" pos="crq" xml:id="A32566-001-a-1760">Whereof</w>
     <w lemma="the" pos="d" xml:id="A32566-001-a-1770">the</w>
     <w lemma="lord" pos="n2" xml:id="A32566-001-a-1780">Lords</w>
     <w lemma="spiritual" pos="j" xml:id="A32566-001-a-1790">Spiritual</w>
     <w lemma="and" pos="cc" xml:id="A32566-001-a-1800">and</w>
     <w lemma="temporal" pos="j" xml:id="A32566-001-a-1810">Temporal</w>
     <pc xml:id="A32566-001-a-1820">,</pc>
     <w lemma="knight" pos="n2" xml:id="A32566-001-a-1830">Knights</w>
     <pc xml:id="A32566-001-a-1840">,</pc>
     <w lemma="citizen" pos="n2" xml:id="A32566-001-a-1850">Citizens</w>
     <w lemma="and" pos="cc" xml:id="A32566-001-a-1860">and</w>
     <w lemma="burgess" pos="n2" xml:id="A32566-001-a-1870">Burgesses</w>
     <pc xml:id="A32566-001-a-1880">,</pc>
     <w lemma="and" pos="cc" xml:id="A32566-001-a-1890">and</w>
     <w lemma="all" pos="d" xml:id="A32566-001-a-1900">all</w>
     <w lemma="other" pos="pi2_d" xml:id="A32566-001-a-1910">others</w>
     <w lemma="who" pos="crq-ro" xml:id="A32566-001-a-1920">whom</w>
     <w lemma="it" pos="pn" xml:id="A32566-001-a-1930">it</w>
     <w lemma="may" pos="vmb" xml:id="A32566-001-a-1940">may</w>
     <w lemma="concern" pos="vvi" xml:id="A32566-001-a-1950">concern</w>
     <pc xml:id="A32566-001-a-1960">,</pc>
     <w lemma="may" pos="vmb" xml:id="A32566-001-a-1970">may</w>
     <w lemma="hereby" pos="av" xml:id="A32566-001-a-1980">hereby</w>
     <w lemma="take" pos="vvi" xml:id="A32566-001-a-1990">take</w>
     <w lemma="notice" pos="n1" xml:id="A32566-001-a-2000">notice</w>
     <pc xml:id="A32566-001-a-2010">,</pc>
     <w lemma="and" pos="cc" xml:id="A32566-001-a-2020">and</w>
     <w lemma="order" pos="vvi" xml:id="A32566-001-a-2030">order</w>
     <w lemma="their" pos="po" xml:id="A32566-001-a-2040">their</w>
     <w lemma="affair" pos="n2" xml:id="A32566-001-a-2050">Affairs</w>
     <w lemma="according" pos="av_j" xml:id="A32566-001-a-2060">accordingly</w>
     <pc xml:id="A32566-001-a-2070">:</pc>
     <w lemma="we" pos="pns" xml:id="A32566-001-a-2080">We</w>
     <w lemma="let" pos="vvg" xml:id="A32566-001-a-2090">letting</w>
     <w lemma="they" pos="pno" xml:id="A32566-001-a-2100">them</w>
     <w lemma="know" pos="vvi" xml:id="A32566-001-a-2110">know</w>
     <pc xml:id="A32566-001-a-2120">,</pc>
     <w lemma="that" pos="cs" xml:id="A32566-001-a-2130">That</w>
     <w lemma="we" pos="pns" xml:id="A32566-001-a-2140">We</w>
     <w lemma="will" pos="vmb" xml:id="A32566-001-a-2150">will</w>
     <w lemma="not" pos="xx" xml:id="A32566-001-a-2160">not</w>
     <w lemma="at" pos="acp" xml:id="A32566-001-a-2170">at</w>
     <w lemma="the" pos="d" xml:id="A32566-001-a-2180">the</w>
     <w lemma="say" pos="vvd" xml:id="A32566-001-a-2190">said</w>
     <w lemma="three" pos="crd" xml:id="A32566-001-a-2200">Three</w>
     <w lemma="and" pos="cc" xml:id="A32566-001-a-2210">and</w>
     <w lemma="twenty" pos="ord" xml:id="A32566-001-a-2220">twentieth</w>
     <w lemma="day" pos="n1" xml:id="A32566-001-a-2230">day</w>
     <w lemma="of" pos="acp" xml:id="A32566-001-a-2240">of</w>
     <hi xml:id="A32566-e120">
      <w lemma="April" pos="n1-nn" xml:id="A32566-001-a-2250">April</w>
      <pc xml:id="A32566-001-a-2260">,</pc>
     </hi>
     <w lemma="expect" pos="vvb" xml:id="A32566-001-a-2270">expect</w>
     <w lemma="the" pos="d" xml:id="A32566-001-a-2280">the</w>
     <w lemma="attendance" pos="n1" xml:id="A32566-001-a-2290">attendance</w>
     <w lemma="of" pos="acp" xml:id="A32566-001-a-2300">of</w>
     <w lemma="any" pos="d" xml:id="A32566-001-a-2310">any</w>
     <pc xml:id="A32566-001-a-2320">,</pc>
     <w lemma="but" pos="acp" xml:id="A32566-001-a-2330">but</w>
     <w lemma="only" pos="av_j" reg="only" xml:id="A32566-001-a-2340">onely</w>
     <w lemma="such" pos="d" xml:id="A32566-001-a-2350">such</w>
     <w lemma="as" pos="acp" xml:id="A32566-001-a-2360">as</w>
     <w lemma="be" pos="vvg" xml:id="A32566-001-a-2370">being</w>
     <w lemma="in" pos="acp" xml:id="A32566-001-a-2380">in</w>
     <w lemma="or" pos="cc" xml:id="A32566-001-a-2390">or</w>
     <w lemma="about" pos="acp" xml:id="A32566-001-a-2400">about</w>
     <w lemma="our" pos="po" xml:id="A32566-001-a-2410">Our</w>
     <w lemma="city" pos="n2" xml:id="A32566-001-a-2420">Cities</w>
     <w lemma="of" pos="acp" xml:id="A32566-001-a-2430">of</w>
     <hi xml:id="A32566-e130">
      <w lemma="London" pos="n1-nn" xml:id="A32566-001-a-2440">London</w>
     </hi>
     <w lemma="or" pos="cc" xml:id="A32566-001-a-2450">or</w>
     <hi xml:id="A32566-e140">
      <w lemma="Westminster" pos="n1-nn" xml:id="A32566-001-a-2460">Westminster</w>
      <pc xml:id="A32566-001-a-2470">,</pc>
     </hi>
     <w lemma="may" pos="vmb" xml:id="A32566-001-a-2480">may</w>
     <w lemma="attend" pos="vvi" xml:id="A32566-001-a-2490">attend</w>
     <w lemma="the" pos="d" xml:id="A32566-001-a-2500">the</w>
     <w lemma="make" pos="n1_vg" xml:id="A32566-001-a-2510">making</w>
     <w lemma="of" pos="acp" xml:id="A32566-001-a-2520">of</w>
     <w lemma="the" pos="d" xml:id="A32566-001-a-2530">the</w>
     <w lemma="say" pos="j_vn" xml:id="A32566-001-a-2540">said</w>
     <w lemma="prorogation" pos="n1" xml:id="A32566-001-a-2550">Prorogation</w>
     <pc xml:id="A32566-001-a-2560">,</pc>
     <w lemma="as" pos="acp" xml:id="A32566-001-a-2570">as</w>
     <w lemma="heretofore" pos="av" xml:id="A32566-001-a-2580">heretofore</w>
     <w lemma="in" pos="acp" xml:id="A32566-001-a-2590">in</w>
     <w lemma="like" pos="j" xml:id="A32566-001-a-2600">like</w>
     <w lemma="case" pos="n1" xml:id="A32566-001-a-2610">case</w>
     <w lemma="have" pos="vvz" xml:id="A32566-001-a-2620">hath</w>
     <w lemma="be" pos="vvn" xml:id="A32566-001-a-2630">been</w>
     <w lemma="accustom" pos="vvn" xml:id="A32566-001-a-2640">accustomed</w>
     <pc unit="sentence" xml:id="A32566-001-a-2650">.</pc>
    </p>
    <closer xml:id="A32566-e150">
     <dateline xml:id="A32566-e160">
      <w lemma="give" pos="vvn" xml:id="A32566-001-a-2660">Given</w>
      <w lemma="at" pos="acp" xml:id="A32566-001-a-2670">at</w>
      <w lemma="our" pos="po" xml:id="A32566-001-a-2680">Our</w>
      <w lemma="court" pos="n1" xml:id="A32566-001-a-2690">Court</w>
      <w lemma="at" pos="acp" xml:id="A32566-001-a-2700">at</w>
      <hi xml:id="A32566-e170">
       <w lemma="Whitehall" pos="n1-nn" xml:id="A32566-001-a-2710">Whitehall</w>
       <pc xml:id="A32566-001-a-2720">,</pc>
      </hi>
      <date xml:id="A32566-e180">
       <w lemma="the" pos="d" xml:id="A32566-001-a-2730">the</w>
       <w lemma="6" pos="ord" rendition="#sup-th" xml:id="A32566-001-a-2740">6th</w>
       <w lemma="day" pos="n1" xml:id="A32566-001-a-2760">day</w>
       <w lemma="of" pos="acp" xml:id="A32566-001-a-2770">of</w>
       <hi xml:id="A32566-e200">
        <w lemma="April" pos="n1-nn" xml:id="A32566-001-a-2780">April</w>
        <pc xml:id="A32566-001-a-2790">,</pc>
       </hi>
       <w lemma="1666." pos="crd" xml:id="A32566-001-a-2800">1666.</w>
       <w lemma="in" pos="acp" xml:id="A32566-001-a-2810">in</w>
       <w lemma="the" pos="d" xml:id="A32566-001-a-2820">the</w>
       <w lemma="18" pos="ord" rendition="#sup-th" xml:id="A32566-001-a-2830">18th</w>
       <w lemma="year" pos="n1" xml:id="A32566-001-a-2850">year</w>
       <w lemma="of" pos="acp" xml:id="A32566-001-a-2860">of</w>
       <w lemma="our" pos="po" xml:id="A32566-001-a-2870">Our</w>
       <w lemma="reign" pos="n1" xml:id="A32566-001-a-2880">Reign</w>
       <pc unit="sentence" xml:id="A32566-001-a-2890">.</pc>
      </date>
     </dateline>
    </closer>
    <closer xml:id="A32566-e220">
     <w lemma="God" pos="n1-nn" xml:id="A32566-001-a-2900">God</w>
     <w lemma="save" pos="vvb" xml:id="A32566-001-a-2910">save</w>
     <w lemma="the" pos="d" xml:id="A32566-001-a-2920">the</w>
     <w lemma="King" pos="n1" xml:id="A32566-001-a-2930">King</w>
     <pc unit="sentence" xml:id="A32566-001-a-2931">.</pc>
     <pc unit="sentence" xml:id="A32566-001-a-2940"/>
    </closer>
   </div>
  </body>
  <back xml:id="A32566-e230">
   <div type="colophon" xml:id="A32566-e240">
    <p xml:id="A32566-e250">
     <hi xml:id="A32566-e260">
      <w lemma="LONDON" pos="n1-nn" xml:id="A32566-001-a-2950">LONDON</w>
      <pc xml:id="A32566-001-a-2960">,</pc>
     </hi>
     <w lemma="print" pos="vvn" xml:id="A32566-001-a-2970">Printed</w>
     <w lemma="by" pos="acp" xml:id="A32566-001-a-2980">by</w>
     <hi xml:id="A32566-e270">
      <w lemma="John" pos="n1-nn" xml:id="A32566-001-a-2990">John</w>
      <w lemma="bill" pos="n1" xml:id="A32566-001-a-3000">Bill</w>
     </hi>
     <w lemma="and" pos="cc" xml:id="A32566-001-a-3010">and</w>
     <hi xml:id="A32566-e280">
      <w lemma="Christopher" pos="n1-nn" xml:id="A32566-001-a-3020">Christopher</w>
      <w lemma="Barker" pos="n1-nn" xml:id="A32566-001-a-3030">Barker</w>
      <pc xml:id="A32566-001-a-3040">,</pc>
     </hi>
     <w lemma="printer" pos="n2" xml:id="A32566-001-a-3050">Printers</w>
     <w lemma="to" pos="acp" xml:id="A32566-001-a-3060">to</w>
     <w lemma="the" pos="d" xml:id="A32566-001-a-3070">the</w>
     <w lemma="king" pos="n2" xml:id="A32566-001-a-3080">Kings</w>
     <w lemma="most" pos="av-s_d" xml:id="A32566-001-a-3090">most</w>
     <w lemma="excellent" pos="j" xml:id="A32566-001-a-3100">Excellent</w>
     <w lemma="majesty" pos="n1" xml:id="A32566-001-a-3110">Majesty</w>
     <pc xml:id="A32566-001-a-3120">,</pc>
     <w lemma="1666." pos="crd" xml:id="A32566-001-a-3130">1666.</w>
     <pc unit="sentence" xml:id="A32566-001-a-3140"/>
    </p>
   </div>
  </back>
 </text>
</TEI>
