<?xml version="1.0" encoding="UTF-8"?>
<?xml-model href="http://schemata.earlyprint.org/schemata/tei_earlyprint.rng" type="application/xml" schematypens="http://relaxng.org/ns/structure/1.0"?>
<TEI xmlns="http://www.tei-c.org/ns/1.0" xml:id="A32555">
 <teiHeader>
  <fileDesc>
   <titleStmt>
    <title>By the King, a proclamation for the effectual prosecution of His Majesties commission for the providing and making of salt-peter and gun-powder</title>
    <author>England and Wales. Sovereign (1660-1685 : Charles II)</author>
   </titleStmt>
   <editionStmt>
    <edition>This text is an enriched version of the TCP digital transcription A32555 of text R35909 in the <ref target="http;//estc.bl.uk">English Short Title Catalog</ref> (Wing C3478). Textual changes  and metadata enrichments aim at making the                             text more  computationally tractable, easier to read, and suitable for network-based collaborative                              curation by amateur and professional end users from many walks of life.  The text has been tokenized and linguistically annotated with <ref target="http://morphadorner.northwestern.edu/morphadorner/">MorphAdorner</ref>. The annotation includes standard spellings that support the display of a text in                             a standardized format that preserves archaic forms ('loveth', 'seekest').                              Textual changes aim at restoring the text the author or stationer meant to publish.</edition>
    <respStmt>
     <resp>This text has not been fully proofread</resp>
     <name/>
    </respStmt>
   </editionStmt>
   <extent>Approx. 4 KB of XML-encoded text transcribed from 1 1-bit group-IV TIFF page image.</extent>
   <publicationStmt>
    <publisher>EarlyPrint Project</publisher>
    <pubPlace>Evanston,IL, Notre Dame, IN, St. Louis, MO</pubPlace>
    <date>2018</date>
    <idno type="DLPS">A32555</idno>
    <idno type="STC">Wing C3478</idno>
    <idno type="STC">ESTC R35909</idno>
    <idno type="EEBO-CITATION">15578813</idno>
    <idno type="OCLC">ocm 15578813</idno>
    <idno type="VID">103875</idno>
    <availability>
     <p>
            This keyboarded and encoded edition of the work described above is co-owned by the institutions providing financial support to the Early English Books Online Text Creation Partnership. This Phase I text is available for reuse, according to the terms of
            <ref target="https://creativecommons.org/publicdomain/zero/1.0/">Creative Commons 0 1.0 Universal</ref>
            . The text can be copied, modified, distributed and performed, even for commercial purposes, all without asking permission.
          </p>
    </availability>
   </publicationStmt>
   <seriesStmt>
    <title>Early English books online.</title>
   </seriesStmt>
   <notesStmt>
    <note>(EEBO-TCP ; phase 1, no. A32555)</note>
    <note>Transcribed from: (Early English Books Online ; image set 103875)</note>
    <note>Images scanned from microfilm: (Early English books, 1641-1700 ; 1588:106)</note>
   </notesStmt>
   <sourceDesc>
    <biblFull>
     <titleStmt>
      <title>By the King, a proclamation for the effectual prosecution of His Majesties commission for the providing and making of salt-peter and gun-powder</title>
      <author>England and Wales. Sovereign (1660-1685 : Charles II)</author>
      <author>Charles II, King of England, 1630-1685.</author>
     </titleStmt>
     <extent>1 broadside.</extent>
     <publicationStmt>
      <publisher>Printed by John Bill and Christopher Barker ...,</publisher>
      <pubPlace>London :</pubPlace>
      <date>1666.</date>
     </publicationStmt>
     <notesStmt>
      <note>"Given at our court at Whitehall, the 16th day of July 1666, in the eighteenth year of our reign."</note>
      <note>Reproduction of the original in the Society of Antiquaries Library, London.</note>
     </notesStmt>
    </biblFull>
   </sourceDesc>
  </fileDesc>
  <profileDesc>
   <langUsage>
    <language ident="eng">eng</language>
   </langUsage>
   <textClass>
    <keywords scheme="http://authorities.loc.gov/">
     <term>Military supplies</term>
     <term>Weapons industry -- Law and legislation -- England.</term>
     <term>Defense industries -- Law and legislation -- England.</term>
     <term>Arms transfers -- Law and legislation -- England.</term>
     <term>Military weapons -- Law and legislation -- England.</term>
     <term>Great Britain -- History -- Charles II, 1660-1685.</term>
    </keywords>
   </textClass>
  </profileDesc>
  <xenoData>
   <ep:epHeader xmlns:ep="http://earlyprint.org/ns/1.0">
    <ep:corpus>eebo</ep:corpus>
    <ep:title>By the King. A proclamation for the effectual prosecution of His Majesties commission for the providing and making of salt-peter and gun-powder.</ep:title>
    <ep:author>England and Wales. Sovereign </ep:author>
    <ep:publicationYear>1666</ep:publicationYear>
    <ep:creationYear/>
    <ep:curator>
     <ep:name/>
    </ep:curator>
    <ep:pageCount>1</ep:pageCount>
    <ep:wordCount>672</ep:wordCount>
    <ep:defectiveTokenCount>0</ep:defectiveTokenCount>
    <ep:untranscribedForeignCount>0</ep:untranscribedForeignCount>
    <ep:untranscribedMathCount>0</ep:untranscribedMathCount>
    <ep:untranscribedMusicCount>0</ep:untranscribedMusicCount>
    <ep:missingChunkCount>0</ep:missingChunkCount>
    <ep:missingPagesCount>0</ep:missingPagesCount>
    <ep:defectRate>0</ep:defectRate>
    <ep:finalGrade>A</ep:finalGrade>
    <ep:defectRangePerGrade>This text  has no known defects that were recorded as gap elements at the time of transcription. </ep:defectRangePerGrade>
   </ep:epHeader>
  </xenoData>
  <revisionDesc>
   <change><date>2008-07</date><label>TCP</label>
        Assigned for keying and markup
      </change>
   <change><date>2008-10</date><label>SPi Global</label>
        Keyed and coded from ProQuest page images
      </change>
   <change><date>2008-11</date><label>John Pas</label>
        Sampled and proofread
      </change>
   <change><date>2008-11</date><label>John Pas</label>
        Text and markup reviewed and edited
      </change>
   <change><date>2009-02</date><label>pfs</label>
        Batch review (QC) and XML conversion
      </change>
  </revisionDesc>
 </teiHeader>
 <text xml:id="A32555-t">
  <body xml:id="A32555-e0">
   <div type="proclamation" xml:id="A32555-e10">
    <pb facs="tcp:103875:1" xml:id="A32555-001-a"/>
    <byline xml:id="A32555-e20">
     <w lemma="by" pos="acp" xml:id="A32555-001-a-0010">By</w>
     <w lemma="the" pos="d" xml:id="A32555-001-a-0020">the</w>
     <w lemma="King" pos="n1" xml:id="A32555-001-a-0030">King</w>
     <pc unit="sentence" xml:id="A32555-001-a-0031">.</pc>
     <pc unit="sentence" xml:id="A32555-001-a-0040"/>
    </byline>
    <head xml:id="A32555-e30">
     <w lemma="a" pos="d" xml:id="A32555-001-a-0050">A</w>
     <w lemma="proclamation" pos="n1" xml:id="A32555-001-a-0060">PROCLAMATION</w>
     <w lemma="for" pos="acp" xml:id="A32555-001-a-0070">For</w>
     <w lemma="the" pos="d" xml:id="A32555-001-a-0080">the</w>
     <w lemma="effectual" pos="j" xml:id="A32555-001-a-0090">effectual</w>
     <w lemma="prosecution" pos="n1" xml:id="A32555-001-a-0100">prosecution</w>
     <w lemma="of" pos="acp" xml:id="A32555-001-a-0110">of</w>
     <w lemma="his" pos="po" xml:id="A32555-001-a-0120">His</w>
     <w lemma="majesty" pos="n1g" reg="Majesty's" xml:id="A32555-001-a-0130">Majesties</w>
     <w lemma="commission" pos="n1" xml:id="A32555-001-a-0140">Commission</w>
     <w lemma="for" pos="acp" xml:id="A32555-001-a-0150">for</w>
     <w lemma="the" pos="d" xml:id="A32555-001-a-0160">the</w>
     <w lemma="provide" pos="vvg" xml:id="A32555-001-a-0170">Providing</w>
     <w lemma="and" pos="cc" xml:id="A32555-001-a-0180">and</w>
     <w lemma="make" pos="vvg" xml:id="A32555-001-a-0190">Making</w>
     <w lemma="of" pos="acp" xml:id="A32555-001-a-0200">of</w>
     <w lemma="Salt-peter" pos="n1-nn" xml:id="A32555-001-a-0210">Salt-peter</w>
     <w lemma="and" pos="cc" xml:id="A32555-001-a-0220">and</w>
     <w lemma="gunpowder" pos="n1" reg="Gunpowder" xml:id="A32555-001-a-0230">Gun-powder</w>
     <pc unit="sentence" xml:id="A32555-001-a-0240">.</pc>
    </head>
    <opener xml:id="A32555-e40">
     <signed xml:id="A32555-e50">
      <w lemma="CHARLES" pos="n1-nn" xml:id="A32555-001-a-0250">CHARLES</w>
      <w lemma="r." pos="ab" xml:id="A32555-001-a-0260">R.</w>
      <pc unit="sentence" xml:id="A32555-001-a-0270"/>
     </signed>
    </opener>
    <p xml:id="A32555-e60">
     <w lemma="we" pos="pns" rendition="#decorinit" xml:id="A32555-001-a-0280">WE</w>
     <w lemma="have" pos="vvg" xml:id="A32555-001-a-0290">having</w>
     <w lemma="more" pos="av-c_d" xml:id="A32555-001-a-0300">more</w>
     <w lemma="than" pos="cs" reg="than" xml:id="A32555-001-a-0310">then</w>
     <w lemma="ordinary" pos="j" xml:id="A32555-001-a-0320">ordinary</w>
     <w lemma="occasion" pos="n1" xml:id="A32555-001-a-0330">occasion</w>
     <w lemma="to" pos="to" xml:id="A32555-001-a-0340">to</w>
     <w lemma="provide" pos="vvi" xml:id="A32555-001-a-0350">provide</w>
     <w lemma="good" pos="j" xml:id="A32555-001-a-0360">good</w>
     <w lemma="and" pos="cc" xml:id="A32555-001-a-0370">and</w>
     <w lemma="sufficient" pos="j" xml:id="A32555-001-a-0380">sufficient</w>
     <w lemma="saltpetre" pos="n1" reg="Saltpetre" xml:id="A32555-001-a-0390">Salt-peter</w>
     <w lemma="and" pos="cc" xml:id="A32555-001-a-0400">and</w>
     <w lemma="powder" pos="n1" xml:id="A32555-001-a-0410">Powder</w>
     <w lemma="to" pos="to" xml:id="A32555-001-a-0420">to</w>
     <w lemma="furnish" pos="vvi" xml:id="A32555-001-a-0430">furnish</w>
     <w lemma="our" pos="po" xml:id="A32555-001-a-0440">Our</w>
     <w lemma="store" pos="n2" xml:id="A32555-001-a-0450">Stores</w>
     <pc xml:id="A32555-001-a-0460">,</pc>
     <w lemma="for" pos="acp" xml:id="A32555-001-a-0470">for</w>
     <w lemma="the" pos="d" xml:id="A32555-001-a-0480">the</w>
     <w lemma="defence" pos="n1" xml:id="A32555-001-a-0490">Defence</w>
     <w lemma="and" pos="cc" xml:id="A32555-001-a-0500">and</w>
     <w lemma="safety" pos="n1" xml:id="A32555-001-a-0510">Safety</w>
     <w lemma="of" pos="acp" xml:id="A32555-001-a-0520">of</w>
     <w lemma="our" pos="po" xml:id="A32555-001-a-0530">Our</w>
     <w lemma="realm" pos="n2" xml:id="A32555-001-a-0540">Realms</w>
     <w lemma="and" pos="cc" xml:id="A32555-001-a-0550">and</w>
     <w lemma="dominion" pos="n2" xml:id="A32555-001-a-0560">Dominions</w>
     <pc xml:id="A32555-001-a-0570">,</pc>
     <w lemma="have" pos="vvb" xml:id="A32555-001-a-0580">have</w>
     <w lemma="by" pos="acp" xml:id="A32555-001-a-0590">by</w>
     <w lemma="commission" pos="n1" xml:id="A32555-001-a-0600">Commission</w>
     <w lemma="late" pos="av_j" xml:id="A32555-001-a-0610">lately</w>
     <w lemma="issue" pos="vvn" xml:id="A32555-001-a-0620">issued</w>
     <w lemma="under" pos="acp" xml:id="A32555-001-a-0630">under</w>
     <w lemma="our" pos="po" xml:id="A32555-001-a-0640">Our</w>
     <w lemma="great" pos="j" xml:id="A32555-001-a-0650">Great</w>
     <w lemma="seal" pos="n1" xml:id="A32555-001-a-0660">Seal</w>
     <w lemma="of" pos="acp" xml:id="A32555-001-a-0670">of</w>
     <hi xml:id="A32555-e70">
      <w lemma="England" pos="n1-nn" xml:id="A32555-001-a-0680">England</w>
      <pc xml:id="A32555-001-a-0690">,</pc>
     </hi>
     <w lemma="commit" pos="vvn" xml:id="A32555-001-a-0700">committed</w>
     <w lemma="the" pos="d" xml:id="A32555-001-a-0710">the</w>
     <w lemma="management" pos="n1" xml:id="A32555-001-a-0720">Management</w>
     <w lemma="thereof" pos="av" xml:id="A32555-001-a-0730">thereof</w>
     <w lemma="unto" pos="acp" xml:id="A32555-001-a-0740">unto</w>
     <w lemma="our" pos="po" xml:id="A32555-001-a-0750">Our</w>
     <w lemma="right" pos="j" xml:id="A32555-001-a-0760">Right</w>
     <w lemma="Trusty" pos="n1-nn" xml:id="A32555-001-a-0770">Trusty</w>
     <w lemma="and" pos="cc" xml:id="A32555-001-a-0780">and</w>
     <w lemma="well-beloved" pos="j" reg="wellbeloved" xml:id="A32555-001-a-0790">well-beloved</w>
     <hi xml:id="A32555-e80">
      <w lemma="John" pos="n1-nn" xml:id="A32555-001-a-0800">John</w>
     </hi>
     <w lemma="lord" pos="n1" xml:id="A32555-001-a-0810">Lord</w>
     <hi xml:id="A32555-e90">
      <w lemma="Berkeley" pos="n1-nn" xml:id="A32555-001-a-0820">Berkeley</w>
      <pc xml:id="A32555-001-a-0830">,</pc>
     </hi>
     <w lemma="baron" pos="n1" xml:id="A32555-001-a-0840">Baron</w>
     <w lemma="of" pos="acp" xml:id="A32555-001-a-0850">of</w>
     <hi xml:id="A32555-e100">
      <w lemma="stratton" pos="n1-nn" xml:id="A32555-001-a-0860">Stratton</w>
      <pc xml:id="A32555-001-a-0870">,</pc>
     </hi>
     <w lemma="and" pos="cc" xml:id="A32555-001-a-0880">and</w>
     <w lemma="our" pos="po" xml:id="A32555-001-a-0890">Our</w>
     <w lemma="trusty" pos="j" xml:id="A32555-001-a-0900">Trusty</w>
     <w lemma="and" pos="cc" xml:id="A32555-001-a-0910">and</w>
     <w lemma="well-beloved" pos="j" reg="wellbeloved" xml:id="A32555-001-a-0920">well-beloved</w>
     <w lemma="sir" pos="n1" xml:id="A32555-001-a-0930">Sir</w>
     <hi xml:id="A32555-e110">
      <w lemma="John" pos="n1-nn" xml:id="A32555-001-a-0940">John</w>
      <w lemma="duncombe" pos="n1-nn" xml:id="A32555-001-a-0950">Duncombe</w>
     </hi>
     <w lemma="knight" pos="n1" xml:id="A32555-001-a-0960">Knight</w>
     <pc xml:id="A32555-001-a-0970">,</pc>
     <hi xml:id="A32555-e120">
      <w lemma="Thomas" pos="n1-nn" xml:id="A32555-001-a-0980">Thomas</w>
      <w lemma="chicheley" pos="n1-nn" xml:id="A32555-001-a-0990">Chicheley</w>
     </hi>
     <w lemma="esquire" pos="n1" xml:id="A32555-001-a-1000">Esquire</w>
     <pc xml:id="A32555-001-a-1010">,</pc>
     <w lemma="commissioner" pos="n2" xml:id="A32555-001-a-1020">Commissioners</w>
     <w lemma="for" pos="acp" xml:id="A32555-001-a-1030">for</w>
     <w lemma="the" pos="d" xml:id="A32555-001-a-1040">the</w>
     <w lemma="execution" pos="n1" xml:id="A32555-001-a-1050">Execution</w>
     <w lemma="of" pos="acp" xml:id="A32555-001-a-1060">of</w>
     <w lemma="the" pos="d" xml:id="A32555-001-a-1070">the</w>
     <w lemma="office" pos="n1" xml:id="A32555-001-a-1080">Office</w>
     <w lemma="of" pos="acp" xml:id="A32555-001-a-1090">of</w>
     <w lemma="our" pos="po" xml:id="A32555-001-a-1100">Our</w>
     <w lemma="ordnance" pos="n1" xml:id="A32555-001-a-1110">Ordnance</w>
     <pc xml:id="A32555-001-a-1120">,</pc>
     <hi xml:id="A32555-e130">
      <w lemma="William" pos="n1-nn" xml:id="A32555-001-a-1130">William</w>
      <w lemma="Legg" pos="n1-nn" xml:id="A32555-001-a-1140">Legg</w>
     </hi>
     <w lemma="lieutenant" pos="n1" xml:id="A32555-001-a-1150">Lieutenant</w>
     <w lemma="of" pos="acp" xml:id="A32555-001-a-1160">of</w>
     <w lemma="our" pos="po" xml:id="A32555-001-a-1170">Our</w>
     <w lemma="ordnance" pos="n1" xml:id="A32555-001-a-1180">Ordnance</w>
     <pc xml:id="A32555-001-a-1190">,</pc>
     <hi xml:id="A32555-e140">
      <w lemma="John" pos="n1-nn" xml:id="A32555-001-a-1200">John</w>
      <w lemma="evelyn" pos="n1-nn" xml:id="A32555-001-a-1210">Evelyn</w>
     </hi>
     <w lemma="esquire" pos="n1" xml:id="A32555-001-a-1220">Esquire</w>
     <pc xml:id="A32555-001-a-1230">,</pc>
     <hi xml:id="A32555-e150">
      <w lemma="Edward" pos="n1-nn" xml:id="A32555-001-a-1240">Edward</w>
      <w lemma="sherborn" pos="n1-nn" xml:id="A32555-001-a-1250">Sherborn</w>
     </hi>
     <w lemma="esquire" pos="n1" xml:id="A32555-001-a-1260">Esquire</w>
     <pc xml:id="A32555-001-a-1270">,</pc>
     <w lemma="clerk" pos="n1" xml:id="A32555-001-a-1280">Clerk</w>
     <w lemma="of" pos="acp" xml:id="A32555-001-a-1290">of</w>
     <w lemma="our" pos="po" xml:id="A32555-001-a-1300">Our</w>
     <w lemma="ordnance" pos="n1" xml:id="A32555-001-a-1310">Ordnance</w>
     <pc xml:id="A32555-001-a-1320">,</pc>
     <w lemma="and" pos="cc" xml:id="A32555-001-a-1330">and</w>
     <hi xml:id="A32555-e160">
      <w lemma="Ionas" pos="n1-nn" reg="Ionas" xml:id="A32555-001-a-1340">Jonas</w>
      <w lemma="Moor" pos="n1-nn" xml:id="A32555-001-a-1350">Moor</w>
     </hi>
     <w lemma="esquire" pos="n1" xml:id="A32555-001-a-1360">Esquire</w>
     <pc xml:id="A32555-001-a-1370">;</pc>
     <w lemma="of" pos="acp" xml:id="A32555-001-a-1380">of</w>
     <w lemma="who" pos="crq-rg" xml:id="A32555-001-a-1390">whose</w>
     <w lemma="care" pos="n1" xml:id="A32555-001-a-1400">care</w>
     <w lemma="and" pos="cc" xml:id="A32555-001-a-1410">and</w>
     <w lemma="fidelity" pos="n2" xml:id="A32555-001-a-1420">fidelities</w>
     <w lemma="we" pos="pns" xml:id="A32555-001-a-1430">We</w>
     <w lemma="be" pos="vvb" xml:id="A32555-001-a-1440">are</w>
     <w lemma="well" pos="av" xml:id="A32555-001-a-1450">well</w>
     <w lemma="assure" pos="vvn" xml:id="A32555-001-a-1460">assured</w>
     <pc xml:id="A32555-001-a-1470">:</pc>
     <w lemma="give" pos="vvg" xml:id="A32555-001-a-1480">Giving</w>
     <w lemma="they" pos="pno" xml:id="A32555-001-a-1490">them</w>
     <w lemma="power" pos="n1" xml:id="A32555-001-a-1500">Power</w>
     <w lemma="by" pos="acp" xml:id="A32555-001-a-1510">by</w>
     <w lemma="their" pos="po" xml:id="A32555-001-a-1520">their</w>
     <w lemma="deputy" pos="n2" xml:id="A32555-001-a-1530">Deputies</w>
     <w lemma="and" pos="cc" xml:id="A32555-001-a-1540">and</w>
     <w lemma="workman" pos="n2" xml:id="A32555-001-a-1550">Workmen</w>
     <pc xml:id="A32555-001-a-1560">,</pc>
     <w lemma="to" pos="to" xml:id="A32555-001-a-1570">to</w>
     <w lemma="work" pos="vvi" xml:id="A32555-001-a-1580">work</w>
     <w lemma="all" pos="d" xml:id="A32555-001-a-1590">all</w>
     <w lemma="saltpetre" pos="n1" reg="Saltpetre" xml:id="A32555-001-a-1600">Salt-peter</w>
     <w lemma="and" pos="cc" xml:id="A32555-001-a-1610">and</w>
     <w lemma="gunpowder" pos="n1" reg="Gunpowder" xml:id="A32555-001-a-1620">Gun-powder</w>
     <w lemma="to" pos="to" xml:id="A32555-001-a-1630">to</w>
     <w lemma="be" pos="vvi" xml:id="A32555-001-a-1640">be</w>
     <w lemma="make" pos="vvn" xml:id="A32555-001-a-1650">made</w>
     <w lemma="of" pos="acp" xml:id="A32555-001-a-1660">of</w>
     <w lemma="Salt-peter" pos="n1-nn" xml:id="A32555-001-a-1670">Salt-peter</w>
     <w lemma="dig" pos="vvn" xml:id="A32555-001-a-1680">digged</w>
     <w lemma="within" pos="acp" xml:id="A32555-001-a-1690">within</w>
     <w lemma="our" pos="po" xml:id="A32555-001-a-1700">Our</w>
     <w lemma="realm" pos="n2" xml:id="A32555-001-a-1710">Realms</w>
     <w lemma="and" pos="cc" xml:id="A32555-001-a-1720">and</w>
     <w lemma="dominion" pos="n2" xml:id="A32555-001-a-1730">Dominions</w>
     <pc xml:id="A32555-001-a-1740">,</pc>
     <w lemma="and" pos="cc" xml:id="A32555-001-a-1750">and</w>
     <w lemma="between" pos="acp" xml:id="A32555-001-a-1760">between</w>
     <w lemma="the" pos="d" xml:id="A32555-001-a-1770">the</w>
     <w lemma="hour" pos="n2" xml:id="A32555-001-a-1780">hours</w>
     <w lemma="of" pos="acp" xml:id="A32555-001-a-1790">of</w>
     <w lemma="sunrising" pos="n1" reg="Sunrising" xml:id="A32555-001-a-1800">Sun-rising</w>
     <w lemma="and" pos="cc" xml:id="A32555-001-a-1810">and</w>
     <w lemma="sunsetting" pos="j" reg="Sunsetting" xml:id="A32555-001-a-1820">Sun-setting</w>
     <pc xml:id="A32555-001-a-1830">,</pc>
     <w lemma="to" pos="to" xml:id="A32555-001-a-1840">to</w>
     <w lemma="search" pos="vvi" xml:id="A32555-001-a-1850">search</w>
     <w lemma="for" pos="acp" xml:id="A32555-001-a-1860">for</w>
     <w lemma="and" pos="cc" xml:id="A32555-001-a-1870">and</w>
     <w lemma="dig" pos="vvi" xml:id="A32555-001-a-1880">dig</w>
     <w lemma="saltpetre" pos="n1" reg="Saltpetre" xml:id="A32555-001-a-1890">Salt-peter</w>
     <w lemma="in" pos="acp" xml:id="A32555-001-a-1900">in</w>
     <w lemma="all" pos="d" xml:id="A32555-001-a-1910">all</w>
     <w lemma="convenient" pos="j" xml:id="A32555-001-a-1920">convenient</w>
     <w lemma="place" pos="n2" xml:id="A32555-001-a-1930">places</w>
     <pc xml:id="A32555-001-a-1940">,</pc>
     <w lemma="as" pos="acp" xml:id="A32555-001-a-1950">as</w>
     <w lemma="well" pos="av" xml:id="A32555-001-a-1960">well</w>
     <w lemma="in" pos="acp" xml:id="A32555-001-a-1970">in</w>
     <w lemma="our" pos="po" xml:id="A32555-001-a-1980">Our</w>
     <w lemma="own" pos="d" xml:id="A32555-001-a-1990">own</w>
     <w lemma="as" pos="acp" xml:id="A32555-001-a-2000">as</w>
     <w lemma="subject" pos="n2g" reg="Subject's" xml:id="A32555-001-a-2010">Subjects</w>
     <w lemma="land" pos="n2" xml:id="A32555-001-a-2020">Lands</w>
     <pc xml:id="A32555-001-a-2030">;</pc>
     <w lemma="but" pos="acp" xml:id="A32555-001-a-2040">but</w>
     <w lemma="not" pos="xx" xml:id="A32555-001-a-2050">not</w>
     <w lemma="in" pos="acp" xml:id="A32555-001-a-2060">in</w>
     <w lemma="any" pos="d" xml:id="A32555-001-a-2070">any</w>
     <w lemma="part" pos="n1" xml:id="A32555-001-a-2080">part</w>
     <w lemma="of" pos="acp" xml:id="A32555-001-a-2090">of</w>
     <w lemma="dwelling-house" pos="n2" xml:id="A32555-001-a-2100">Dwelling-houses</w>
     <w lemma="inhabit" pos="vvn" xml:id="A32555-001-a-2110">inhabited</w>
     <pc xml:id="A32555-001-a-2120">,</pc>
     <w lemma="or" pos="cc" xml:id="A32555-001-a-2130">or</w>
     <w lemma="to" pos="to" xml:id="A32555-001-a-2140">to</w>
     <w lemma="break" pos="vvi" xml:id="A32555-001-a-2150">break</w>
     <w lemma="down" pos="acp-av" xml:id="A32555-001-a-2160">down</w>
     <w lemma="wall" pos="n2" xml:id="A32555-001-a-2170">Walls</w>
     <pc xml:id="A32555-001-a-2180">,</pc>
     <w lemma="or" pos="cc" xml:id="A32555-001-a-2190">or</w>
     <w lemma="hazard" pos="vvi" xml:id="A32555-001-a-2200">hazard</w>
     <w lemma="foundation" pos="n2" xml:id="A32555-001-a-2210">Foundations</w>
     <pc xml:id="A32555-001-a-2220">,</pc>
     <w lemma="or" pos="cc" xml:id="A32555-001-a-2230">or</w>
     <w lemma="dig" pos="vvi" xml:id="A32555-001-a-2240">dig</w>
     <w lemma="in" pos="acp" xml:id="A32555-001-a-2250">in</w>
     <w lemma="any" pos="d" xml:id="A32555-001-a-2260">any</w>
     <w lemma="thresh" pos="j_vg" xml:id="A32555-001-a-2270">Threshing</w>
     <w lemma="or" pos="cc" xml:id="A32555-001-a-2280">or</w>
     <w lemma="Maulting-Floors" pos="n1-nn" xml:id="A32555-001-a-2290">Maulting-Floors</w>
     <w lemma="without" pos="acp" xml:id="A32555-001-a-2300">without</w>
     <w lemma="consent" pos="n1" xml:id="A32555-001-a-2310">consent</w>
     <w lemma="of" pos="acp" xml:id="A32555-001-a-2320">of</w>
     <w lemma="the" pos="d" xml:id="A32555-001-a-2330">the</w>
     <w lemma="owner" pos="n2" xml:id="A32555-001-a-2340">Owners</w>
     <pc xml:id="A32555-001-a-2350">,</pc>
     <w lemma="nor" pos="cc-x" xml:id="A32555-001-a-2360">nor</w>
     <w lemma="in" pos="acp" xml:id="A32555-001-a-2370">in</w>
     <w lemma="dove-house" pos="n2" xml:id="A32555-001-a-2380">Dove-houses</w>
     <pc xml:id="A32555-001-a-2390">,</pc>
     <w lemma="stable" pos="n2" xml:id="A32555-001-a-2400">Stables</w>
     <pc xml:id="A32555-001-a-2410">,</pc>
     <w lemma="or" pos="cc" xml:id="A32555-001-a-2420">or</w>
     <w lemma="other" pos="d" xml:id="A32555-001-a-2430">other</w>
     <w lemma="outhouse" pos="n2" reg="Outhouses" xml:id="A32555-001-a-2440">Out-houses</w>
     <pc xml:id="A32555-001-a-2450">,</pc>
     <w lemma="but" pos="acp" xml:id="A32555-001-a-2460">but</w>
     <w lemma="at" pos="acp" xml:id="A32555-001-a-2470">at</w>
     <w lemma="convenient" pos="j" xml:id="A32555-001-a-2480">convenient</w>
     <w lemma="time" pos="n2" xml:id="A32555-001-a-2490">times</w>
     <w lemma="of" pos="acp" xml:id="A32555-001-a-2500">of</w>
     <w lemma="the" pos="d" xml:id="A32555-001-a-2510">the</w>
     <w lemma="day" pos="n1" xml:id="A32555-001-a-2520">day</w>
     <pc xml:id="A32555-001-a-2530">:</pc>
     <w lemma="with" pos="acp" xml:id="A32555-001-a-2540">with</w>
     <w lemma="power" pos="n1" xml:id="A32555-001-a-2550">power</w>
     <w lemma="by" pos="acp" xml:id="A32555-001-a-2560">by</w>
     <w lemma="warrant" pos="n1" xml:id="A32555-001-a-2570">Warrant</w>
     <w lemma="from" pos="acp" xml:id="A32555-001-a-2580">from</w>
     <w lemma="the" pos="d" xml:id="A32555-001-a-2590">the</w>
     <w lemma="justice" pos="n1" reg="justice" xml:id="A32555-001-a-2600">Iustice</w>
     <w lemma="of" pos="acp" xml:id="A32555-001-a-2610">of</w>
     <w lemma="peace" pos="n1" xml:id="A32555-001-a-2620">Peace</w>
     <w lemma="to" pos="to" xml:id="A32555-001-a-2630">to</w>
     <w lemma="take" pos="vvi" xml:id="A32555-001-a-2640">take</w>
     <w lemma="up" pos="acp-av" xml:id="A32555-001-a-2650">up</w>
     <w lemma="such" pos="d" xml:id="A32555-001-a-2660">such</w>
     <w lemma="cart" pos="n2" xml:id="A32555-001-a-2670">Carts</w>
     <w lemma="and" pos="cc" xml:id="A32555-001-a-2680">and</w>
     <w lemma="carriage" pos="n2" xml:id="A32555-001-a-2690">Carriages</w>
     <w lemma="as" pos="acp" xml:id="A32555-001-a-2700">as</w>
     <w lemma="shall" pos="vmb" xml:id="A32555-001-a-2710">shall</w>
     <w lemma="be" pos="vvi" xml:id="A32555-001-a-2720">be</w>
     <w lemma="useful" pos="j" xml:id="A32555-001-a-2730">useful</w>
     <w lemma="and" pos="cc" xml:id="A32555-001-a-2740">and</w>
     <w lemma="necessary" pos="j" xml:id="A32555-001-a-2750">necessary</w>
     <w lemma="to" pos="to" xml:id="A32555-001-a-2760">to</w>
     <w lemma="carry" pos="vvi" xml:id="A32555-001-a-2770">carry</w>
     <w lemma="on" pos="acp" xml:id="A32555-001-a-2780">on</w>
     <w lemma="the" pos="d" xml:id="A32555-001-a-2790">the</w>
     <w lemma="say" pos="j_vn" xml:id="A32555-001-a-2800">said</w>
     <w lemma="work" pos="n1" xml:id="A32555-001-a-2810">Work</w>
     <pc xml:id="A32555-001-a-2820">,</pc>
     <w lemma="pay" pos="vvg" xml:id="A32555-001-a-2830">paying</w>
     <w lemma="eight" pos="crd" xml:id="A32555-001-a-2840">Eight</w>
     <w lemma="penny" pos="n2" xml:id="A32555-001-a-2850">pence</w>
     <hi xml:id="A32555-e170">
      <w lemma="per" pos="f-la" xml:id="A32555-001-a-2860">per</w>
     </hi>
     <w lemma="mile" pos="n1" xml:id="A32555-001-a-2870">mile</w>
     <w lemma="for" pos="acp" xml:id="A32555-001-a-2880">for</w>
     <w lemma="every" pos="d" xml:id="A32555-001-a-2890">every</w>
     <w lemma="lunn" pos="n1-nn" xml:id="A32555-001-a-2900">Lunn</w>
     <w lemma="they" pos="pns" xml:id="A32555-001-a-2910">they</w>
     <w lemma="shall" pos="vmb" xml:id="A32555-001-a-2920">shall</w>
     <w lemma="carry" pos="vvi" xml:id="A32555-001-a-2930">carry</w>
     <pc xml:id="A32555-001-a-2940">,</pc>
     <w lemma="according" pos="j" xml:id="A32555-001-a-2950">according</w>
     <w lemma="to" pos="acp" xml:id="A32555-001-a-2960">to</w>
     <w lemma="the" pos="d" xml:id="A32555-001-a-2970">the</w>
     <w lemma="late" pos="j" xml:id="A32555-001-a-2980">late</w>
     <w lemma="act" pos="n1" xml:id="A32555-001-a-2990">Act</w>
     <w lemma="of" pos="acp" xml:id="A32555-001-a-3000">of</w>
     <w lemma="parliament" pos="n1" xml:id="A32555-001-a-3010">Parliament</w>
     <w lemma="concern" pos="vvg" xml:id="A32555-001-a-3020">concerning</w>
     <w lemma="carriage" pos="n2" xml:id="A32555-001-a-3030">Carriages</w>
     <pc xml:id="A32555-001-a-3040">,</pc>
     <w lemma="and" pos="cc" xml:id="A32555-001-a-3050">and</w>
     <w lemma="to" pos="to" xml:id="A32555-001-a-3060">to</w>
     <w lemma="provide" pos="vvi" xml:id="A32555-001-a-3070">provide</w>
     <w lemma="convenient" pos="j" xml:id="A32555-001-a-3080">convenient</w>
     <w lemma="house" pos="n2" xml:id="A32555-001-a-3090">Houses</w>
     <pc xml:id="A32555-001-a-3100">,</pc>
     <w lemma="stable" pos="n2" xml:id="A32555-001-a-3110">Stables</w>
     <pc unit="sentence" xml:id="A32555-001-a-3120">.</pc>
     <w lemma="room" pos="n2" xml:id="A32555-001-a-3130">Rooms</w>
     <pc xml:id="A32555-001-a-3140">,</pc>
     <w lemma="yard" pos="n2" xml:id="A32555-001-a-3150">Yards</w>
     <pc xml:id="A32555-001-a-3160">,</pc>
     <w lemma="void" pos="j" xml:id="A32555-001-a-3170">void</w>
     <w lemma="place" pos="n2" xml:id="A32555-001-a-3180">places</w>
     <pc xml:id="A32555-001-a-3190">,</pc>
     <w lemma="water" pos="n1" xml:id="A32555-001-a-3200">Water</w>
     <pc xml:id="A32555-001-a-3210">,</pc>
     <w lemma="and" pos="cc" xml:id="A32555-001-a-3220">and</w>
     <w lemma="other" pos="pi_d" xml:id="A32555-001-a-3230">other</w>
     <w lemma="necessary" pos="n2_j" xml:id="A32555-001-a-3240">necessaries</w>
     <pc xml:id="A32555-001-a-3250">,</pc>
     <w lemma="and" pos="cc" xml:id="A32555-001-a-3260">and</w>
     <w lemma="to" pos="to" xml:id="A32555-001-a-3270">to</w>
     <w lemma="erect" pos="vvi" xml:id="A32555-001-a-3280">Erect</w>
     <w lemma="and" pos="cc" xml:id="A32555-001-a-3290">and</w>
     <w lemma="set" pos="vvi" xml:id="A32555-001-a-3300">set</w>
     <w lemma="up" pos="acp-av" xml:id="A32555-001-a-3310">up</w>
     <w lemma="furnace" pos="n2" xml:id="A32555-001-a-3320">Furnaces</w>
     <w lemma="and" pos="cc" xml:id="A32555-001-a-3330">and</w>
     <w lemma="vessel" pos="n2" xml:id="A32555-001-a-3340">Vessels</w>
     <w lemma="fit" pos="j" xml:id="A32555-001-a-3350">fit</w>
     <w lemma="for" pos="acp" xml:id="A32555-001-a-3360">for</w>
     <w lemma="the" pos="d" xml:id="A32555-001-a-3370">the</w>
     <w lemma="make" pos="n1_vg" xml:id="A32555-001-a-3380">making</w>
     <w lemma="of" pos="acp" xml:id="A32555-001-a-3390">of</w>
     <w lemma="saltpetre" pos="n1" reg="Saltpetre" xml:id="A32555-001-a-3400">Salt-peter</w>
     <pc xml:id="A32555-001-a-3410">,</pc>
     <w lemma="agree" pos="vvg" xml:id="A32555-001-a-3420">agreeing</w>
     <w lemma="with" pos="acp" xml:id="A32555-001-a-3430">with</w>
     <w lemma="the" pos="d" xml:id="A32555-001-a-3440">the</w>
     <w lemma="owner" pos="n2" xml:id="A32555-001-a-3450">Owners</w>
     <pc xml:id="A32555-001-a-3460">;</pc>
     <w lemma="and" pos="cc" xml:id="A32555-001-a-3470">and</w>
     <w lemma="if" pos="cs" xml:id="A32555-001-a-3480">if</w>
     <w lemma="they" pos="pns" xml:id="A32555-001-a-3490">they</w>
     <w lemma="be" pos="vvb" xml:id="A32555-001-a-3500">be</w>
     <w lemma="unreasonable" pos="j" xml:id="A32555-001-a-3510">unreasonable</w>
     <w lemma="in" pos="acp" xml:id="A32555-001-a-3520">in</w>
     <w lemma="their" pos="po" xml:id="A32555-001-a-3530">their</w>
     <w lemma="demand" pos="n2" xml:id="A32555-001-a-3540">demands</w>
     <pc xml:id="A32555-001-a-3550">,</pc>
     <w lemma="the" pos="d" xml:id="A32555-001-a-3560">the</w>
     <w lemma="next" pos="ord" xml:id="A32555-001-a-3570">next</w>
     <w lemma="justice" pos="n1" reg="justice" xml:id="A32555-001-a-3580">Iustice</w>
     <w lemma="of" pos="acp" xml:id="A32555-001-a-3590">of</w>
     <w lemma="the" pos="d" xml:id="A32555-001-a-3600">the</w>
     <w lemma="peace" pos="n1" xml:id="A32555-001-a-3610">Peace</w>
     <w lemma="to" pos="to" xml:id="A32555-001-a-3620">to</w>
     <w lemma="settle" pos="vvi" xml:id="A32555-001-a-3630">settle</w>
     <w lemma="the" pos="d" xml:id="A32555-001-a-3640">the</w>
     <w lemma="same" pos="d" xml:id="A32555-001-a-3650">same</w>
     <pc xml:id="A32555-001-a-3660">:</pc>
     <w lemma="and" pos="cc" xml:id="A32555-001-a-3670">And</w>
     <w lemma="the" pos="d" xml:id="A32555-001-a-3680">the</w>
     <w lemma="say" pos="j_vn" xml:id="A32555-001-a-3690">said</w>
     <w lemma="deputy" pos="n2" xml:id="A32555-001-a-3700">Deputies</w>
     <w lemma="or" pos="cc" xml:id="A32555-001-a-3710">or</w>
     <w lemma="workman" pos="n2" xml:id="A32555-001-a-3720">Workmen</w>
     <pc xml:id="A32555-001-a-3730">,</pc>
     <w lemma="or" pos="cc" xml:id="A32555-001-a-3740">or</w>
     <w lemma="any" pos="d" xml:id="A32555-001-a-3750">any</w>
     <w lemma="beast" pos="n2" xml:id="A32555-001-a-3760">Beasts</w>
     <w lemma="or" pos="cc" xml:id="A32555-001-a-3770">or</w>
     <w lemma="carriage" pos="n2" xml:id="A32555-001-a-3780">Carriages</w>
     <w lemma="employ" pos="vvn" xml:id="A32555-001-a-3790">employed</w>
     <w lemma="in" pos="acp" xml:id="A32555-001-a-3800">in</w>
     <w lemma="the" pos="d" xml:id="A32555-001-a-3810">the</w>
     <w lemma="say" pos="j_vn" xml:id="A32555-001-a-3820">said</w>
     <w lemma="work" pos="n2" xml:id="A32555-001-a-3830">Works</w>
     <pc xml:id="A32555-001-a-3840">,</pc>
     <w lemma="be" pos="vvb" xml:id="A32555-001-a-3850">are</w>
     <w lemma="not" pos="xx" xml:id="A32555-001-a-3860">not</w>
     <w lemma="to" pos="to" xml:id="A32555-001-a-3870">to</w>
     <w lemma="be" pos="vvi" xml:id="A32555-001-a-3880">be</w>
     <w lemma="press" pos="vvn" xml:id="A32555-001-a-3890">Pressed</w>
     <w lemma="for" pos="acp" xml:id="A32555-001-a-3900">for</w>
     <w lemma="any" pos="d" xml:id="A32555-001-a-3910">any</w>
     <w lemma="other" pos="d" xml:id="A32555-001-a-3920">other</w>
     <w lemma="service" pos="n1" xml:id="A32555-001-a-3930">Service</w>
     <pc xml:id="A32555-001-a-3940">:</pc>
     <w lemma="and" pos="cc" xml:id="A32555-001-a-3950">And</w>
     <w lemma="they" pos="pns" xml:id="A32555-001-a-3960">they</w>
     <w lemma="be" pos="vvb" xml:id="A32555-001-a-3970">are</w>
     <w lemma="to" pos="to" xml:id="A32555-001-a-3980">to</w>
     <w lemma="repair" pos="vvi" xml:id="A32555-001-a-3990">repair</w>
     <w lemma="and" pos="cc" xml:id="A32555-001-a-4000">and</w>
     <w lemma="make" pos="vvi" xml:id="A32555-001-a-4010">make</w>
     <w lemma="good" pos="j" xml:id="A32555-001-a-4020">good</w>
     <w lemma="the" pos="d" xml:id="A32555-001-a-4030">the</w>
     <w lemma="place" pos="n2" xml:id="A32555-001-a-4040">places</w>
     <w lemma="dig" pos="vvn" xml:id="A32555-001-a-4050">digged</w>
     <pc xml:id="A32555-001-a-4060">,</pc>
     <w lemma="or" pos="cc" xml:id="A32555-001-a-4070">or</w>
     <w lemma="any" pos="d" xml:id="A32555-001-a-4080">any</w>
     <w lemma="way" pos="n1" xml:id="A32555-001-a-4090">way</w>
     <w lemma="deface" pos="vvn" xml:id="A32555-001-a-4100">defaced</w>
     <pc xml:id="A32555-001-a-4110">:</pc>
     <w lemma="and" pos="cc" xml:id="A32555-001-a-4120">And</w>
     <w lemma="if" pos="cs" xml:id="A32555-001-a-4130">if</w>
     <w lemma="any" pos="d" xml:id="A32555-001-a-4140">any</w>
     <w lemma="difference" pos="n1" xml:id="A32555-001-a-4150">difference</w>
     <w lemma="arise" pos="vvi" xml:id="A32555-001-a-4160">arise</w>
     <pc xml:id="A32555-001-a-4170">,</pc>
     <w lemma="to" pos="to" xml:id="A32555-001-a-4180">to</w>
     <w lemma="be" pos="vvi" xml:id="A32555-001-a-4190">be</w>
     <w lemma="compose" pos="vvn" xml:id="A32555-001-a-4200">composed</w>
     <w lemma="by" pos="acp" xml:id="A32555-001-a-4210">by</w>
     <w lemma="the" pos="d" xml:id="A32555-001-a-4220">the</w>
     <w lemma="two" pos="crd" xml:id="A32555-001-a-4230">two</w>
     <w lemma="next" pos="ord" xml:id="A32555-001-a-4240">next</w>
     <w lemma="justice" pos="n2" reg="justices" xml:id="A32555-001-a-4250">Iustices</w>
     <w lemma="of" pos="acp" xml:id="A32555-001-a-4260">of</w>
     <w lemma="the" pos="d" xml:id="A32555-001-a-4270">the</w>
     <w lemma="peace" pos="n1" xml:id="A32555-001-a-4280">Peace</w>
     <w lemma="to" pos="acp" xml:id="A32555-001-a-4290">to</w>
     <w lemma="the" pos="d" xml:id="A32555-001-a-4300">the</w>
     <w lemma="place" pos="n1" xml:id="A32555-001-a-4310">place</w>
     <pc xml:id="A32555-001-a-4320">,</pc>
     <w lemma="if" pos="cs" xml:id="A32555-001-a-4330">if</w>
     <w lemma="it" pos="pn" xml:id="A32555-001-a-4340">it</w>
     <w lemma="be" pos="vvb" xml:id="A32555-001-a-4350">be</w>
     <w lemma="not" pos="xx" xml:id="A32555-001-a-4360">not</w>
     <w lemma="in" pos="acp" xml:id="A32555-001-a-4370">in</w>
     <w lemma="a" pos="d" xml:id="A32555-001-a-4380">a</w>
     <w lemma="city" pos="n1" xml:id="A32555-001-a-4390">City</w>
     <w lemma="or" pos="cc" xml:id="A32555-001-a-4400">or</w>
     <w lemma="town-corporate" pos="j" xml:id="A32555-001-a-4410">Town-Corporate</w>
     <pc xml:id="A32555-001-a-4420">;</pc>
     <w lemma="and" pos="cc" xml:id="A32555-001-a-4430">and</w>
     <w lemma="if" pos="cs" xml:id="A32555-001-a-4440">if</w>
     <w lemma="there" pos="av" xml:id="A32555-001-a-4450">there</w>
     <pc xml:id="A32555-001-a-4460">,</pc>
     <w lemma="by" pos="acp" xml:id="A32555-001-a-4470">by</w>
     <w lemma="the" pos="d" xml:id="A32555-001-a-4480">the</w>
     <w lemma="mayor" pos="n1" xml:id="A32555-001-a-4490">Mayor</w>
     <pc xml:id="A32555-001-a-4500">,</pc>
     <w lemma="alderman" pos="n2" reg="aldermans" xml:id="A32555-001-a-4510">Aldermen</w>
     <pc xml:id="A32555-001-a-4520">,</pc>
     <w lemma="or" pos="cc" xml:id="A32555-001-a-4530">or</w>
     <w lemma="thief" pos="n1" xml:id="A32555-001-a-4540">thief</w>
     <w lemma="officer" pos="n1" xml:id="A32555-001-a-4550">Officer</w>
     <pc xml:id="A32555-001-a-4560">:</pc>
     <w lemma="and" pos="cc" xml:id="A32555-001-a-4570">And</w>
     <w lemma="if" pos="cs" xml:id="A32555-001-a-4580">if</w>
     <w lemma="they" pos="pns" xml:id="A32555-001-a-4590">they</w>
     <w lemma="can" pos="vmb-x" xml:id="A32555-001-a-4600">cannot</w>
     <w lemma="determine" pos="vvi" xml:id="A32555-001-a-4610">determine</w>
     <w lemma="the" pos="d" xml:id="A32555-001-a-4620">the</w>
     <w lemma="same" pos="d" xml:id="A32555-001-a-4630">same</w>
     <pc xml:id="A32555-001-a-4640">,</pc>
     <w lemma="to" pos="to" xml:id="A32555-001-a-4650">to</w>
     <w lemma="certify" pos="vvi" reg="certify" xml:id="A32555-001-a-4660">certifie</w>
     <w lemma="to" pos="acp" xml:id="A32555-001-a-4670">to</w>
     <w lemma="the" pos="d" xml:id="A32555-001-a-4680">the</w>
     <w lemma="lord" pos="n2" xml:id="A32555-001-a-4690">Lords</w>
     <w lemma="of" pos="acp" xml:id="A32555-001-a-4700">of</w>
     <w lemma="the" pos="d" xml:id="A32555-001-a-4710">the</w>
     <w lemma="privy" pos="j" xml:id="A32555-001-a-4720">Privy</w>
     <w lemma="council" pos="n1" xml:id="A32555-001-a-4730">Council</w>
     <w lemma="the" pos="d" xml:id="A32555-001-a-4740">the</w>
     <w lemma="name" pos="n2" xml:id="A32555-001-a-4750">names</w>
     <w lemma="of" pos="acp" xml:id="A32555-001-a-4760">of</w>
     <w lemma="the" pos="d" xml:id="A32555-001-a-4770">the</w>
     <w lemma="offender" pos="n2" xml:id="A32555-001-a-4780">Offenders</w>
     <pc xml:id="A32555-001-a-4790">,</pc>
     <w lemma="with" pos="acp" xml:id="A32555-001-a-4800">with</w>
     <w lemma="their" pos="po" xml:id="A32555-001-a-4810">their</w>
     <w lemma="offence" pos="n2" xml:id="A32555-001-a-4820">Offences</w>
     <pc xml:id="A32555-001-a-4830">,</pc>
     <w lemma="that" pos="cs" xml:id="A32555-001-a-4840">that</w>
     <w lemma="such" pos="d" xml:id="A32555-001-a-4850">such</w>
     <w lemma="further" pos="j-c" xml:id="A32555-001-a-4860">further</w>
     <w lemma="course" pos="n1" xml:id="A32555-001-a-4870">course</w>
     <w lemma="may" pos="vmb" xml:id="A32555-001-a-4880">may</w>
     <w lemma="be" pos="vvi" xml:id="A32555-001-a-4890">be</w>
     <w lemma="therein" pos="av" xml:id="A32555-001-a-4900">therein</w>
     <w lemma="take" pos="vvn" xml:id="A32555-001-a-4910">taken</w>
     <pc xml:id="A32555-001-a-4920">,</pc>
     <w lemma="as" pos="acp" xml:id="A32555-001-a-4930">as</w>
     <w lemma="shall" pos="vmb" xml:id="A32555-001-a-4940">shall</w>
     <w lemma="be" pos="vvi" xml:id="A32555-001-a-4950">be</w>
     <w lemma="think" pos="vvn" xml:id="A32555-001-a-4960">thought</w>
     <w lemma="fit" pos="j" xml:id="A32555-001-a-4970">fit</w>
     <pc xml:id="A32555-001-a-4980">,</pc>
     <w lemma="as" pos="acp" xml:id="A32555-001-a-4990">as</w>
     <w lemma="by" pos="acp" xml:id="A32555-001-a-5000">by</w>
     <w lemma="our" pos="po" xml:id="A32555-001-a-5010">Our</w>
     <w lemma="say" pos="j_vn" xml:id="A32555-001-a-5020">said</w>
     <w lemma="commission" pos="n1" xml:id="A32555-001-a-5030">Commission</w>
     <pc join="right" xml:id="A32555-001-a-5040">(</pc>
     <w lemma="among" pos="acp" xml:id="A32555-001-a-5050">amongst</w>
     <w lemma="other" pos="d" xml:id="A32555-001-a-5060">other</w>
     <w lemma="thing" pos="n2" xml:id="A32555-001-a-5070">things</w>
     <pc xml:id="A32555-001-a-5080">)</pc>
     <w lemma="may" pos="vmb" xml:id="A32555-001-a-5090">may</w>
     <w lemma="appear" pos="vvi" xml:id="A32555-001-a-5100">appear</w>
     <pc unit="sentence" xml:id="A32555-001-a-5110">.</pc>
     <w lemma="now" pos="av" xml:id="A32555-001-a-5120">Now</w>
     <w lemma="to" pos="acp" xml:id="A32555-001-a-5130">to</w>
     <w lemma="the" pos="d" xml:id="A32555-001-a-5140">the</w>
     <w lemma="end" pos="n1" xml:id="A32555-001-a-5150">end</w>
     <w lemma="so" pos="av" xml:id="A32555-001-a-5160">so</w>
     <w lemma="necessary" pos="j" xml:id="A32555-001-a-5170">necessary</w>
     <w lemma="a" pos="d" xml:id="A32555-001-a-5180">a</w>
     <w lemma="work" pos="n1" xml:id="A32555-001-a-5190">Work</w>
     <w lemma="may" pos="vmb" xml:id="A32555-001-a-5200">may</w>
     <w lemma="not" pos="xx" xml:id="A32555-001-a-5210">not</w>
     <w lemma="be" pos="vvi" xml:id="A32555-001-a-5220">be</w>
     <w lemma="obstruct" pos="vvn" xml:id="A32555-001-a-5230">obstructed</w>
     <pc xml:id="A32555-001-a-5240">,</pc>
     <w lemma="and" pos="cc" xml:id="A32555-001-a-5250">and</w>
     <w lemma="to" pos="acp" xml:id="A32555-001-a-5260">to</w>
     <w lemma="the" pos="d" xml:id="A32555-001-a-5270">the</w>
     <w lemma="intent" pos="n1" xml:id="A32555-001-a-5280">intent</w>
     <w lemma="our" pos="po" xml:id="A32555-001-a-5290">Our</w>
     <w lemma="say" pos="j_vn" xml:id="A32555-001-a-5300">said</w>
     <w lemma="commission" pos="n1" xml:id="A32555-001-a-5310">Commission</w>
     <w lemma="may" pos="vmb" xml:id="A32555-001-a-5320">may</w>
     <w lemma="be" pos="vvi" xml:id="A32555-001-a-5330">be</w>
     <w lemma="due" pos="av_j" reg="duly" xml:id="A32555-001-a-5340">duely</w>
     <w lemma="observe" pos="vvn" xml:id="A32555-001-a-5350">observed</w>
     <pc xml:id="A32555-001-a-5360">,</pc>
     <w lemma="we" pos="pns" xml:id="A32555-001-a-5370">We</w>
     <w lemma="have" pos="vvb" xml:id="A32555-001-a-5380">have</w>
     <w lemma="think" pos="vvn" xml:id="A32555-001-a-5390">thought</w>
     <w lemma="fit" pos="j" xml:id="A32555-001-a-5400">fit</w>
     <w lemma="to" pos="to" xml:id="A32555-001-a-5410">to</w>
     <w lemma="publish" pos="vvi" xml:id="A32555-001-a-5420">publish</w>
     <w lemma="the" pos="d" xml:id="A32555-001-a-5430">the</w>
     <w lemma="same" pos="d" xml:id="A32555-001-a-5440">same</w>
     <w lemma="by" pos="acp" xml:id="A32555-001-a-5450">by</w>
     <w lemma="this" pos="d" xml:id="A32555-001-a-5460">this</w>
     <w lemma="our" pos="po" xml:id="A32555-001-a-5470">Our</w>
     <w lemma="royal" pos="j" xml:id="A32555-001-a-5480">Royal</w>
     <w lemma="proclamation" pos="n1" xml:id="A32555-001-a-5490">Proclamation</w>
     <pc unit="sentence" xml:id="A32555-001-a-5500">.</pc>
     <w lemma="and" pos="cc" xml:id="A32555-001-a-5510">And</w>
     <w lemma="we" pos="pns" xml:id="A32555-001-a-5520">We</w>
     <w lemma="do" pos="vvb" xml:id="A32555-001-a-5530">do</w>
     <w lemma="hereby" pos="av" xml:id="A32555-001-a-5540">hereby</w>
     <w lemma="will" pos="vmb" xml:id="A32555-001-a-5550">Will</w>
     <pc xml:id="A32555-001-a-5560">,</pc>
     <w lemma="and" pos="cc" xml:id="A32555-001-a-5570">and</w>
     <w lemma="straight" pos="av_j" reg="straight" xml:id="A32555-001-a-5580">streightly</w>
     <w lemma="charge" pos="n1" xml:id="A32555-001-a-5590">Charge</w>
     <w lemma="and" pos="cc" xml:id="A32555-001-a-5600">and</w>
     <w lemma="command" pos="vvi" xml:id="A32555-001-a-5610">Command</w>
     <w lemma="all" pos="d" xml:id="A32555-001-a-5620">all</w>
     <w lemma="and" pos="cc" xml:id="A32555-001-a-5630">and</w>
     <w lemma="singular" pos="j" xml:id="A32555-001-a-5640">singular</w>
     <w lemma="mayor" pos="n2" xml:id="A32555-001-a-5650">Mayors</w>
     <pc xml:id="A32555-001-a-5660">,</pc>
     <w lemma="bailiff" pos="n2" reg="Bailiffs" xml:id="A32555-001-a-5670">Bayliffs</w>
     <pc xml:id="A32555-001-a-5680">,</pc>
     <w lemma="constable" pos="n2" xml:id="A32555-001-a-5690">Constables</w>
     <pc xml:id="A32555-001-a-5700">,</pc>
     <w lemma="and" pos="cc" xml:id="A32555-001-a-5710">and</w>
     <w lemma="all" pos="d" xml:id="A32555-001-a-5720">all</w>
     <w lemma="other" pos="pi_d" xml:id="A32555-001-a-5730">other</w>
     <w lemma="our" pos="po" xml:id="A32555-001-a-5740">Our</w>
     <w lemma="officer" pos="n2" xml:id="A32555-001-a-5750">Officers</w>
     <pc xml:id="A32555-001-a-5760">,</pc>
     <w lemma="minister" pos="n2" xml:id="A32555-001-a-5770">Ministers</w>
     <w lemma="and" pos="cc" xml:id="A32555-001-a-5780">and</w>
     <w lemma="subject" pos="n2" xml:id="A32555-001-a-5790">Subjects</w>
     <w lemma="whatsoever" pos="crq" xml:id="A32555-001-a-5800">whatsoever</w>
     <pc xml:id="A32555-001-a-5810">,</pc>
     <w lemma="to" pos="to" xml:id="A32555-001-a-5820">to</w>
     <w lemma="be" pos="vvi" xml:id="A32555-001-a-5830">be</w>
     <w lemma="aid" pos="vvg" xml:id="A32555-001-a-5840">Aiding</w>
     <w lemma="and" pos="cc" xml:id="A32555-001-a-5850">and</w>
     <w lemma="assist" pos="vvg" xml:id="A32555-001-a-5860">Assisting</w>
     <pc xml:id="A32555-001-a-5870">,</pc>
     <w lemma="and" pos="cc" xml:id="A32555-001-a-5880">and</w>
     <w lemma="give" pos="vvi" xml:id="A32555-001-a-5890">give</w>
     <w lemma="due" pos="j" xml:id="A32555-001-a-5900">due</w>
     <w lemma="obedience" pos="n1" xml:id="A32555-001-a-5910">Obedience</w>
     <w lemma="and" pos="cc" xml:id="A32555-001-a-5920">and</w>
     <w lemma="conformity" pos="n1" xml:id="A32555-001-a-5930">Conformity</w>
     <w lemma="in" pos="acp" xml:id="A32555-001-a-5940">in</w>
     <w lemma="all" pos="d" xml:id="A32555-001-a-5950">all</w>
     <w lemma="thing" pos="n2" xml:id="A32555-001-a-5960">things</w>
     <pc xml:id="A32555-001-a-5970">,</pc>
     <w lemma="in" pos="acp" xml:id="A32555-001-a-5980">in</w>
     <w lemma="or" pos="cc" xml:id="A32555-001-a-5990">or</w>
     <w lemma="concern" pos="vvg" xml:id="A32555-001-a-6000">concerning</w>
     <w lemma="the" pos="d" xml:id="A32555-001-a-6010">the</w>
     <w lemma="execution" pos="n1" xml:id="A32555-001-a-6020">Execution</w>
     <w lemma="of" pos="acp" xml:id="A32555-001-a-6030">of</w>
     <w lemma="the" pos="d" xml:id="A32555-001-a-6040">the</w>
     <w lemma="say" pos="j_vn" xml:id="A32555-001-a-6050">said</w>
     <w lemma="commission" pos="n1" xml:id="A32555-001-a-6060">Commission</w>
     <pc xml:id="A32555-001-a-6070">,</pc>
     <w lemma="as" pos="acp" xml:id="A32555-001-a-6080">as</w>
     <w lemma="they" pos="pns" xml:id="A32555-001-a-6090">they</w>
     <w lemma="tender" pos="vvb" xml:id="A32555-001-a-6100">tender</w>
     <w lemma="our" pos="po" xml:id="A32555-001-a-6110">Our</w>
     <w lemma="high" pos="j" xml:id="A32555-001-a-6120">high</w>
     <w lemma="displeasure" pos="n1" xml:id="A32555-001-a-6130">Displeasure</w>
     <pc xml:id="A32555-001-a-6140">,</pc>
     <w lemma="and" pos="cc" xml:id="A32555-001-a-6150">and</w>
     <w lemma="will" pos="vmb" xml:id="A32555-001-a-6160">will</w>
     <w lemma="answer" pos="vvi" xml:id="A32555-001-a-6170">answer</w>
     <w lemma="the" pos="d" xml:id="A32555-001-a-6180">the</w>
     <w lemma="contrary" pos="j" xml:id="A32555-001-a-6190">contrary</w>
     <w lemma="at" pos="acp" xml:id="A32555-001-a-6200">at</w>
     <w lemma="their" pos="po" xml:id="A32555-001-a-6210">their</w>
     <w lemma="peril" pos="n2" xml:id="A32555-001-a-6220">perils</w>
     <pc unit="sentence" xml:id="A32555-001-a-6230">.</pc>
    </p>
    <closer xml:id="A32555-e180">
     <dateline xml:id="A32555-e190">
      <w lemma="give" pos="vvn" xml:id="A32555-001-a-6240">Given</w>
      <w lemma="at" pos="acp" xml:id="A32555-001-a-6250">at</w>
      <w lemma="our" pos="po" xml:id="A32555-001-a-6260">Our</w>
      <w lemma="court" pos="n1" xml:id="A32555-001-a-6270">Court</w>
      <w lemma="at" pos="acp" xml:id="A32555-001-a-6280">at</w>
      <hi xml:id="A32555-e200">
       <w lemma="Whitehall" pos="n1-nn" xml:id="A32555-001-a-6290">Whitehall</w>
      </hi>
      <date xml:id="A32555-e210">
       <w lemma="the" pos="d" xml:id="A32555-001-a-6300">the</w>
       <w lemma="16" pos="ord" rendition="#sup-th" xml:id="A32555-001-a-6310">16th</w>
       <w lemma="day" pos="n1" xml:id="A32555-001-a-6330">day</w>
       <w lemma="of" pos="acp" xml:id="A32555-001-a-6340">of</w>
       <hi xml:id="A32555-e230">
        <w lemma="July" pos="n1-nn" xml:id="A32555-001-a-6350">July</w>
        <pc xml:id="A32555-001-a-6360">,</pc>
       </hi>
       <w lemma="1666." pos="crd" xml:id="A32555-001-a-6370">1666.</w>
       <pc unit="sentence" xml:id="A32555-001-a-6380"/>
       <w lemma="in" pos="acp" xml:id="A32555-001-a-6390">In</w>
       <w lemma="the" pos="d" xml:id="A32555-001-a-6400">the</w>
       <w lemma="eighteen" pos="ord" xml:id="A32555-001-a-6410">Eighteenth</w>
       <w lemma="year" pos="n1" xml:id="A32555-001-a-6420">year</w>
       <w lemma="of" pos="acp" xml:id="A32555-001-a-6430">of</w>
       <w lemma="our" pos="po" xml:id="A32555-001-a-6440">Our</w>
       <w lemma="reign" pos="n1" xml:id="A32555-001-a-6450">Reign</w>
       <pc unit="sentence" xml:id="A32555-001-a-6460">.</pc>
      </date>
     </dateline>
    </closer>
    <closer xml:id="A32555-e240">
     <w lemma="God" pos="n1-nn" xml:id="A32555-001-a-6470">God</w>
     <w lemma="save" pos="vvb" xml:id="A32555-001-a-6480">save</w>
     <w lemma="the" pos="d" xml:id="A32555-001-a-6490">the</w>
     <w lemma="King" pos="n1" xml:id="A32555-001-a-6500">King</w>
     <pc unit="sentence" xml:id="A32555-001-a-6501">.</pc>
     <pc unit="sentence" xml:id="A32555-001-a-6510"/>
    </closer>
   </div>
  </body>
  <back xml:id="A32555-e250">
   <div type="colophon" xml:id="A32555-e260">
    <p xml:id="A32555-e270">
     <hi xml:id="A32555-e280">
      <w lemma="LONDON" pos="n1-nn" xml:id="A32555-001-a-6520">LONDON</w>
      <pc xml:id="A32555-001-a-6530">,</pc>
     </hi>
     <w lemma="print" pos="vvn" xml:id="A32555-001-a-6540">Printed</w>
     <w lemma="by" pos="acp" xml:id="A32555-001-a-6550">by</w>
     <hi xml:id="A32555-e290">
      <w lemma="John" pos="n1-nn" xml:id="A32555-001-a-6560">John</w>
      <w lemma="bill" pos="n1" xml:id="A32555-001-a-6570">Bill</w>
     </hi>
     <w lemma="and" pos="cc" xml:id="A32555-001-a-6580">and</w>
     <hi xml:id="A32555-e300">
      <w lemma="Christopher" pos="n1-nn" xml:id="A32555-001-a-6590">Christopher</w>
      <w lemma="Barker" pos="n1-nn" xml:id="A32555-001-a-6600">Barker</w>
      <pc xml:id="A32555-001-a-6610">,</pc>
     </hi>
     <w lemma="printer" pos="n2" xml:id="A32555-001-a-6620">Printers</w>
     <w lemma="to" pos="acp" xml:id="A32555-001-a-6630">to</w>
     <w lemma="the" pos="d" xml:id="A32555-001-a-6640">the</w>
     <w lemma="king" pos="n2" xml:id="A32555-001-a-6650">Kings</w>
     <w lemma="most" pos="av-s_d" xml:id="A32555-001-a-6660">most</w>
     <w lemma="excellent" pos="j" xml:id="A32555-001-a-6670">Excellent</w>
     <w lemma="majesty" pos="n1" xml:id="A32555-001-a-6680">Majesty</w>
     <pc xml:id="A32555-001-a-6690">,</pc>
     <w lemma="1666." pos="crd" xml:id="A32555-001-a-6700">1666.</w>
     <pc unit="sentence" xml:id="A32555-001-a-6710"/>
    </p>
   </div>
  </back>
 </text>
</TEI>
