<?xml version="1.0" encoding="UTF-8"?>
<?xml-model href="http://schemata.earlyprint.org/schemata/tei_earlyprint.rng" type="application/xml" schematypens="http://relaxng.org/ns/structure/1.0"?>
<TEI xmlns="http://www.tei-c.org/ns/1.0" xml:id="A32581">
 <teiHeader>
  <fileDesc>
   <titleStmt>
    <title>By the King, a proclamation for the prohibiting the importation of blue paper</title>
    <author>England and Wales. Sovereign (1660-1685 : Charles II)</author>
   </titleStmt>
   <editionStmt>
    <edition>This text is an enriched version of the TCP digital transcription A32581 of text R213280 in the <ref target="http;//estc.bl.uk">English Short Title Catalog</ref> (Wing C3506). Textual changes  and metadata enrichments aim at making the                             text more  computationally tractable, easier to read, and suitable for network-based collaborative                              curation by amateur and professional end users from many walks of life.  The text has been tokenized and linguistically annotated with <ref target="http://morphadorner.northwestern.edu/morphadorner/">MorphAdorner</ref>. The annotation includes standard spellings that support the display of a text in                             a standardized format that preserves archaic forms ('loveth', 'seekest').                              Textual changes aim at restoring the text the author or stationer meant to publish.</edition>
    <respStmt>
     <resp>This text has not been fully proofread</resp>
     <name/>
    </respStmt>
   </editionStmt>
   <extent>Approx. 5 KB of XML-encoded text transcribed from 1 1-bit group-IV TIFF page image.</extent>
   <publicationStmt>
    <publisher>EarlyPrint Project</publisher>
    <pubPlace>Evanston,IL, Notre Dame, IN, St. Louis, MO</pubPlace>
    <date>2018</date>
    <idno type="DLPS">A32581</idno>
    <idno type="STC">Wing C3506</idno>
    <idno type="STC">ESTC R213280</idno>
    <idno type="EEBO-CITATION">15578941</idno>
    <idno type="OCLC">ocm 15578941</idno>
    <idno type="VID">103882</idno>
    <availability>
     <p>
            This keyboarded and encoded edition of the work described above is co-owned by the institutions providing financial support to the Early English Books Online Text Creation Partnership. This Phase I text is available for reuse, according to the terms of
            <ref target="https://creativecommons.org/publicdomain/zero/1.0/">Creative Commons 0 1.0 Universal</ref>
            . The text can be copied, modified, distributed and performed, even for commercial purposes, all without asking permission.
          </p>
    </availability>
   </publicationStmt>
   <seriesStmt>
    <title>Early English books online.</title>
   </seriesStmt>
   <notesStmt>
    <note>(EEBO-TCP ; phase 1, no. A32581)</note>
    <note>Transcribed from: (Early English Books Online ; image set 103882)</note>
    <note>Images scanned from microfilm: (Early English books, 1641-1700 ; 1588:107)</note>
   </notesStmt>
   <sourceDesc>
    <biblFull>
     <titleStmt>
      <title>By the King, a proclamation for the prohibiting the importation of blue paper</title>
      <author>England and Wales. Sovereign (1660-1685 : Charles II)</author>
      <author>Charles II, King of England, 1630-1685.</author>
     </titleStmt>
     <extent>1 broadside.</extent>
     <publicationStmt>
      <publisher>Printed by John Bill and Christopher Barker ...,</publisher>
      <pubPlace>London :</pubPlace>
      <date>1666.</date>
     </publicationStmt>
     <notesStmt>
      <note>"Given at our court at Whitehall, the 20th of July, in the eighteenth year of our reign."</note>
      <note>Reproduction of the original in the Society of Antiquaries Library, London.</note>
     </notesStmt>
    </biblFull>
   </sourceDesc>
  </fileDesc>
  <profileDesc>
   <langUsage>
    <language ident="eng">eng</language>
   </langUsage>
   <textClass>
    <keywords scheme="http://authorities.loc.gov/">
     <term>Paper industry -- England.</term>
     <term>Great Britain -- History -- Charles II, 1660-1685.</term>
    </keywords>
   </textClass>
  </profileDesc>
  <xenoData>
   <ep:epHeader xmlns:ep="http://earlyprint.org/ns/1.0">
    <ep:corpus>eebo</ep:corpus>
    <ep:title>By the King. A proclamation for the prohibiting the importation of blue paper.</ep:title>
    <ep:author>England and Wales. Sovereign </ep:author>
    <ep:publicationYear>1666</ep:publicationYear>
    <ep:creationYear/>
    <ep:curator>
     <ep:name/>
    </ep:curator>
    <ep:pageCount>1</ep:pageCount>
    <ep:wordCount>790</ep:wordCount>
    <ep:defectiveTokenCount>0</ep:defectiveTokenCount>
    <ep:untranscribedForeignCount>0</ep:untranscribedForeignCount>
    <ep:untranscribedMathCount>0</ep:untranscribedMathCount>
    <ep:untranscribedMusicCount>0</ep:untranscribedMusicCount>
    <ep:missingChunkCount>0</ep:missingChunkCount>
    <ep:missingPagesCount>0</ep:missingPagesCount>
    <ep:defectRate>0</ep:defectRate>
    <ep:finalGrade>A</ep:finalGrade>
    <ep:defectRangePerGrade>This text  has no known defects that were recorded as gap elements at the time of transcription. </ep:defectRangePerGrade>
   </ep:epHeader>
  </xenoData>
  <revisionDesc>
   <change><date>2008-07</date><label>TCP</label>
        Assigned for keying and markup
      </change>
   <change><date>2008-10</date><label>SPi Global</label>
        Keyed and coded from ProQuest page images
      </change>
   <change><date>2008-11</date><label>John Pas</label>
        Sampled and proofread
      </change>
   <change><date>2008-11</date><label>John Pas</label>
        Text and markup reviewed and edited
      </change>
   <change><date>2009-02</date><label>pfs</label>
        Batch review (QC) and XML conversion
      </change>
  </revisionDesc>
 </teiHeader>
 <text xml:id="A32581-e10010">
  <body xml:id="A32581-e10020">
   <div type="proclamation" xml:id="A32581-e10030">
    <pb facs="tcp:103882:1" xml:id="A32581-001-a"/>
    <byline xml:id="A32581-e10040">
     <w lemma="by" pos="acp" xml:id="A32581-001-a-0010">By</w>
     <w lemma="the" pos="d" xml:id="A32581-001-a-0020">the</w>
     <w lemma="King" pos="n1" xml:id="A32581-001-a-0030">King</w>
     <pc unit="sentence" xml:id="A32581-001-a-0031">.</pc>
     <pc unit="sentence" xml:id="A32581-001-a-0040"/>
    </byline>
    <head xml:id="A32581-e10050">
     <w lemma="a" pos="d" xml:id="A32581-001-a-0050">A</w>
     <w lemma="proclamation" pos="n1" xml:id="A32581-001-a-0060">PROCLAMATION</w>
     <w lemma="for" pos="acp" xml:id="A32581-001-a-0070">For</w>
     <w lemma="the" pos="d" xml:id="A32581-001-a-0080">the</w>
     <w lemma="prohibit" pos="vvg" xml:id="A32581-001-a-0090">prohibiting</w>
     <w lemma="the" pos="d" xml:id="A32581-001-a-0100">the</w>
     <w lemma="importation" pos="n1" xml:id="A32581-001-a-0110">Importation</w>
     <w lemma="of" pos="acp" xml:id="A32581-001-a-0120">of</w>
     <hi xml:id="A32581-e10060">
      <w lemma="blue" pos="j" xml:id="A32581-001-a-0130">Blue</w>
      <w lemma="paper" pos="n1" xml:id="A32581-001-a-0140">Paper</w>
     </hi>
     <pc rendition="#follows-hi" unit="sentence" xml:id="A32581-001-a-0150">.</pc>
    </head>
    <opener xml:id="A32581-e10070">
     <signed xml:id="A32581-e10080">
      <w lemma="CHARLES" pos="n1-nn" xml:id="A32581-001-a-0160">CHARLES</w>
      <w lemma="r." pos="ab" xml:id="A32581-001-a-0170">R.</w>
      <pc unit="sentence" xml:id="A32581-001-a-0180"/>
     </signed>
    </opener>
    <p xml:id="A32581-e10090">
     <w lemma="whereas" pos="cs" rendition="#decorinit" xml:id="A32581-001-a-0190">WHereas</w>
     <w lemma="at" pos="acp" xml:id="A32581-001-a-0200">at</w>
     <w lemma="the" pos="d" xml:id="A32581-001-a-0210">the</w>
     <w lemma="humble" pos="j" xml:id="A32581-001-a-0220">humble</w>
     <w lemma="petition" pos="n1" xml:id="A32581-001-a-0230">Petition</w>
     <w lemma="of" pos="acp" xml:id="A32581-001-a-0240">of</w>
     <w lemma="our" pos="po" xml:id="A32581-001-a-0250">Our</w>
     <w lemma="well-beloved" pos="j" reg="well-beloved" xml:id="A32581-001-a-0260">welbeloved</w>
     <w lemma="subject" pos="n1" xml:id="A32581-001-a-0270">Subject</w>
     <hi xml:id="A32581-e10100">
      <w lemma="Charles" pos="n1-nn" xml:id="A32581-001-a-0280">Charles</w>
      <w lemma="hildeyerd" pos="vvn" xml:id="A32581-001-a-0290">Hildeyerd</w>
     </hi>
     <w lemma="esq" pos="n1" rendition="#abbr" xml:id="A32581-001-a-0300">Esq</w>
     <w lemma="inform" pos="vvg" xml:id="A32581-001-a-0310">informing</w>
     <w lemma="we" pos="pno" reg="Us" xml:id="A32581-001-a-0320">Vs</w>
     <pc xml:id="A32581-001-a-0330">,</pc>
     <w lemma="that" pos="cs" xml:id="A32581-001-a-0340">That</w>
     <w lemma="by" pos="acp" xml:id="A32581-001-a-0350">by</w>
     <w lemma="his" pos="po" xml:id="A32581-001-a-0360">his</w>
     <w lemma="great" pos="j" xml:id="A32581-001-a-0370">great</w>
     <w lemma="industry" pos="n1" xml:id="A32581-001-a-0380">Industry</w>
     <w lemma="and" pos="cc" xml:id="A32581-001-a-0390">and</w>
     <w lemma="charges" pos="n1-nn" xml:id="A32581-001-a-0400">Charges</w>
     <w lemma="he" pos="pns" xml:id="A32581-001-a-0410">he</w>
     <w lemma="have" pos="vvd" xml:id="A32581-001-a-0420">had</w>
     <w lemma="find" pos="vvn" xml:id="A32581-001-a-0430">found</w>
     <w lemma="out" pos="av" xml:id="A32581-001-a-0440">out</w>
     <w lemma="the" pos="d" xml:id="A32581-001-a-0450">the</w>
     <w lemma="way" pos="n1" xml:id="A32581-001-a-0460">way</w>
     <w lemma="and" pos="cc" xml:id="A32581-001-a-0470">and</w>
     <w lemma="art" pos="n1" xml:id="A32581-001-a-0480">Art</w>
     <w lemma="of" pos="acp" xml:id="A32581-001-a-0490">of</w>
     <w lemma="make" pos="vvg" xml:id="A32581-001-a-0500">making</w>
     <hi xml:id="A32581-e10120">
      <w lemma="blue" pos="j" xml:id="A32581-001-a-0510">Blue</w>
      <w lemma="paper" pos="n1" xml:id="A32581-001-a-0520">Paper</w>
     </hi>
     <pc rendition="#follows-hi" xml:id="A32581-001-a-0530">,</pc>
     <w lemma="never" pos="av-x" xml:id="A32581-001-a-0540">never</w>
     <w lemma="before" pos="acp" xml:id="A32581-001-a-0550">before</w>
     <w lemma="know" pos="vvn" xml:id="A32581-001-a-0560">known</w>
     <pc xml:id="A32581-001-a-0570">,</pc>
     <w lemma="or" pos="cc" xml:id="A32581-001-a-0580">or</w>
     <w lemma="use" pos="vvn" xml:id="A32581-001-a-0590">used</w>
     <w lemma="in" pos="acp" xml:id="A32581-001-a-0600">in</w>
     <w lemma="England" pos="n1-nn" rendition="#hi" xml:id="A32581-001-a-0610">England</w>
     <pc xml:id="A32581-001-a-0620">,</pc>
     <w lemma="we" pos="pns" xml:id="A32581-001-a-0630">We</w>
     <w lemma="be" pos="vvd" xml:id="A32581-001-a-0640">were</w>
     <w lemma="gracious" pos="av_j" xml:id="A32581-001-a-0650">graciously</w>
     <w lemma="please" pos="vvn" xml:id="A32581-001-a-0660">pleased</w>
     <w lemma="by" pos="acp" xml:id="A32581-001-a-0670">by</w>
     <w lemma="our" pos="po" xml:id="A32581-001-a-0680">Our</w>
     <w lemma="letter" pos="n2" xml:id="A32581-001-a-0690">Letters</w>
     <w lemma="patent" pos="n2" xml:id="A32581-001-a-0700">Patents</w>
     <w lemma="under" pos="acp" xml:id="A32581-001-a-0710">under</w>
     <w lemma="the" pos="d" xml:id="A32581-001-a-0720">the</w>
     <w lemma="great" pos="j" xml:id="A32581-001-a-0730">Great</w>
     <w lemma="seal" pos="n1" xml:id="A32581-001-a-0740">Seal</w>
     <w lemma="of" pos="acp" xml:id="A32581-001-a-0750">of</w>
     <w lemma="England" pos="n1-nn" rendition="#hi" xml:id="A32581-001-a-0760">England</w>
     <pc xml:id="A32581-001-a-0770">,</pc>
     <w lemma="to" pos="to" xml:id="A32581-001-a-0780">to</w>
     <w lemma="grant" pos="vvi" xml:id="A32581-001-a-0790">grant</w>
     <w lemma="unto" pos="acp" xml:id="A32581-001-a-0800">unto</w>
     <w lemma="he" pos="pno" xml:id="A32581-001-a-0810">him</w>
     <w lemma="the" pos="d" xml:id="A32581-001-a-0820">the</w>
     <w lemma="sole" pos="j" xml:id="A32581-001-a-0830">sole</w>
     <w lemma="use" pos="n1" xml:id="A32581-001-a-0840">use</w>
     <w lemma="and" pos="cc" xml:id="A32581-001-a-0850">and</w>
     <w lemma="benefit" pos="n1" xml:id="A32581-001-a-0860">benefit</w>
     <w lemma="thereof" pos="av" xml:id="A32581-001-a-0870">thereof</w>
     <w lemma="for" pos="acp" xml:id="A32581-001-a-0880">for</w>
     <w lemma="fourteen" pos="crd" xml:id="A32581-001-a-0890">Fourteen</w>
     <w lemma="year" pos="n2" xml:id="A32581-001-a-0900">years</w>
     <pc xml:id="A32581-001-a-0910">,</pc>
     <w lemma="according" pos="j" xml:id="A32581-001-a-0920">according</w>
     <w lemma="to" pos="acp" xml:id="A32581-001-a-0930">to</w>
     <w lemma="the" pos="d" xml:id="A32581-001-a-0940">the</w>
     <w lemma="statute" pos="n1" xml:id="A32581-001-a-0950">Statute</w>
     <w lemma="in" pos="acp" xml:id="A32581-001-a-0960">in</w>
     <w lemma="that" pos="d" xml:id="A32581-001-a-0970">that</w>
     <w lemma="behalf" pos="n1" xml:id="A32581-001-a-0980">behalf</w>
     <pc xml:id="A32581-001-a-0990">:</pc>
     <w lemma="and" pos="cc" xml:id="A32581-001-a-1000">And</w>
     <w lemma="he" pos="pns" xml:id="A32581-001-a-1010">he</w>
     <w lemma="have" pos="vvg" xml:id="A32581-001-a-1020">having</w>
     <w lemma="since" pos="acp-av" xml:id="A32581-001-a-1030">since</w>
     <w lemma="give" pos="vvn" xml:id="A32581-001-a-1040">given</w>
     <w lemma="sufficient" pos="j" xml:id="A32581-001-a-1050">sufficient</w>
     <w lemma="testimony" pos="n1" xml:id="A32581-001-a-1060">testimony</w>
     <w lemma="of" pos="acp" xml:id="A32581-001-a-1070">of</w>
     <w lemma="the" pos="d" xml:id="A32581-001-a-1080">the</w>
     <w lemma="realty" pos="n1" xml:id="A32581-001-a-1090">Realty</w>
     <w lemma="and" pos="cc" xml:id="A32581-001-a-1100">and</w>
     <w lemma="commodity" pos="n1" xml:id="A32581-001-a-1110">Commodity</w>
     <w lemma="of" pos="acp" xml:id="A32581-001-a-1120">of</w>
     <w lemma="such" pos="d" xml:id="A32581-001-a-1130">such</w>
     <w lemma="his" pos="po" xml:id="A32581-001-a-1140">his</w>
     <w lemma="invention" pos="n1" xml:id="A32581-001-a-1150">Invention</w>
     <pc xml:id="A32581-001-a-1160">,</pc>
     <w lemma="by" pos="acp" xml:id="A32581-001-a-1170">by</w>
     <w lemma="the" pos="d" xml:id="A32581-001-a-1180">the</w>
     <w lemma="goodness" pos="n1" xml:id="A32581-001-a-1190">goodness</w>
     <w lemma="of" pos="acp" xml:id="A32581-001-a-1200">of</w>
     <w lemma="the" pos="d" xml:id="A32581-001-a-1210">the</w>
     <w lemma="paper" pos="n1" xml:id="A32581-001-a-1220">Paper</w>
     <w lemma="he" pos="pns" xml:id="A32581-001-a-1230">he</w>
     <w lemma="already" pos="av" xml:id="A32581-001-a-1240">already</w>
     <w lemma="have" pos="vvz" xml:id="A32581-001-a-1250">hath</w>
     <pc xml:id="A32581-001-a-1260">,</pc>
     <w lemma="and" pos="cc" xml:id="A32581-001-a-1270">and</w>
     <w lemma="daily" pos="av_j" xml:id="A32581-001-a-1280">daily</w>
     <w lemma="do" pos="vvz" xml:id="A32581-001-a-1290">doth</w>
     <w lemma="make" pos="vvi" xml:id="A32581-001-a-1300">make</w>
     <pc xml:id="A32581-001-a-1310">;</pc>
     <w lemma="and" pos="cc" xml:id="A32581-001-a-1320">And</w>
     <w lemma="it" pos="pn" xml:id="A32581-001-a-1330">it</w>
     <w lemma="further" pos="av-c_j" xml:id="A32581-001-a-1340">further</w>
     <w lemma="appear" pos="vvg" xml:id="A32581-001-a-1350">appearing</w>
     <w lemma="to" pos="acp" xml:id="A32581-001-a-1360">to</w>
     <w lemma="we" pos="pno" reg="Us" xml:id="A32581-001-a-1370">Vs</w>
     <w lemma="by" pos="acp" xml:id="A32581-001-a-1380">by</w>
     <w lemma="the" pos="d" xml:id="A32581-001-a-1390">the</w>
     <w lemma="certificate" pos="n1" xml:id="A32581-001-a-1400">Certificate</w>
     <w lemma="of" pos="acp" xml:id="A32581-001-a-1410">of</w>
     <w lemma="the" pos="d" xml:id="A32581-001-a-1420">the</w>
     <w lemma="master" pos="n1" xml:id="A32581-001-a-1430">Master</w>
     <pc xml:id="A32581-001-a-1440">,</pc>
     <w lemma="warden" pos="n2" xml:id="A32581-001-a-1450">Wardens</w>
     <w lemma="and" pos="cc" xml:id="A32581-001-a-1460">and</w>
     <w lemma="assistant" pos="n2" xml:id="A32581-001-a-1470">Assistants</w>
     <w lemma="of" pos="acp" xml:id="A32581-001-a-1480">of</w>
     <w lemma="the" pos="d" xml:id="A32581-001-a-1490">the</w>
     <w lemma="company" pos="n1" xml:id="A32581-001-a-1500">Company</w>
     <w lemma="of" pos="acp" xml:id="A32581-001-a-1510">of</w>
     <hi xml:id="A32581-e10150">
      <w lemma="stationer" pos="n2" xml:id="A32581-001-a-1520">Stationers</w>
      <pc xml:id="A32581-001-a-1530">,</pc>
      <w lemma="London" pos="n1-nn" xml:id="A32581-001-a-1540">London</w>
     </hi>
     <pc rendition="#follows-hi" xml:id="A32581-001-a-1550">,</pc>
     <pc join="right" xml:id="A32581-001-a-1560">(</pc>
     <w lemma="who" pos="crq-rg" xml:id="A32581-001-a-1570">whose</w>
     <w lemma="advice" pos="n1" xml:id="A32581-001-a-1580">Advice</w>
     <w lemma="and" pos="cc" xml:id="A32581-001-a-1590">and</w>
     <w lemma="assistance" pos="n1" xml:id="A32581-001-a-1600">Assistance</w>
     <w lemma="herein" pos="av" xml:id="A32581-001-a-1610">herein</w>
     <w lemma="we" pos="pns" xml:id="A32581-001-a-1620">We</w>
     <w lemma="think" pos="vvd" xml:id="A32581-001-a-1630">thought</w>
     <w lemma="fit" pos="j" xml:id="A32581-001-a-1640">fit</w>
     <w lemma="to" pos="to" xml:id="A32581-001-a-1650">to</w>
     <w lemma="require" pos="vvi" xml:id="A32581-001-a-1660">require</w>
     <pc xml:id="A32581-001-a-1670">)</pc>
     <w lemma="that" pos="cs" xml:id="A32581-001-a-1680">that</w>
     <w lemma="the" pos="d" xml:id="A32581-001-a-1690">the</w>
     <w lemma="say" pos="vvd" xml:id="A32581-001-a-1700">said</w>
     <hi xml:id="A32581-e10160">
      <w lemma="Charles" pos="n1-nn" xml:id="A32581-001-a-1710">Charles</w>
      <w lemma="hildeyerd" pos="vvn" xml:id="A32581-001-a-1720">Hildeyerd</w>
     </hi>
     <w lemma="be" pos="vvz" xml:id="A32581-001-a-1730">is</w>
     <w lemma="able" pos="j" xml:id="A32581-001-a-1740">able</w>
     <w lemma="to" pos="to" xml:id="A32581-001-a-1750">to</w>
     <w lemma="supply" pos="vvi" xml:id="A32581-001-a-1760">supply</w>
     <w lemma="this" pos="d" xml:id="A32581-001-a-1770">this</w>
     <w lemma="kingdom" pos="n1" xml:id="A32581-001-a-1780">Kingdom</w>
     <w lemma="yearly" pos="j" xml:id="A32581-001-a-1790">yearly</w>
     <w lemma="with" pos="acp" xml:id="A32581-001-a-1800">with</w>
     <w lemma="a" pos="d" xml:id="A32581-001-a-1810">a</w>
     <w lemma="great" pos="j-c" xml:id="A32581-001-a-1820">greater</w>
     <w lemma="quantity" pos="n1" xml:id="A32581-001-a-1830">quantity</w>
     <w lemma="of" pos="acp" xml:id="A32581-001-a-1840">of</w>
     <w lemma="such" pos="d" xml:id="A32581-001-a-1850">such</w>
     <w lemma="paper" pos="n1" xml:id="A32581-001-a-1860">Paper</w>
     <w lemma="than" pos="cs" reg="than" xml:id="A32581-001-a-1870">then</w>
     <w lemma="be" pos="vvz" xml:id="A32581-001-a-1880">is</w>
     <w lemma="usual" pos="av_j" xml:id="A32581-001-a-1890">usually</w>
     <w lemma="vent" pos="vvn" xml:id="A32581-001-a-1900">vented</w>
     <w lemma="therein" pos="av" xml:id="A32581-001-a-1910">therein</w>
     <pc xml:id="A32581-001-a-1920">,</pc>
     <w lemma="and" pos="cc" xml:id="A32581-001-a-1930">and</w>
     <w lemma="that" pos="cs" xml:id="A32581-001-a-1940">that</w>
     <w lemma="at" pos="acp" xml:id="A32581-001-a-1950">at</w>
     <w lemma="reasonable" pos="j" xml:id="A32581-001-a-1960">reasonable</w>
     <w lemma="rate" pos="n2" xml:id="A32581-001-a-1970">Rates</w>
     <pc xml:id="A32581-001-a-1980">,</pc>
     <w lemma="and" pos="cc" xml:id="A32581-001-a-1990">and</w>
     <w lemma="he" pos="pns" xml:id="A32581-001-a-2000">he</w>
     <w lemma="have" pos="vvg" xml:id="A32581-001-a-2010">having</w>
     <w lemma="since" pos="acp-av" xml:id="A32581-001-a-2020">since</w>
     <w lemma="undertake" pos="vvn" xml:id="A32581-001-a-2030">undertaken</w>
     <w lemma="to" pos="acp" xml:id="A32581-001-a-2040">to</w>
     <w lemma="we" pos="pno" xml:id="A32581-001-a-2050">Us</w>
     <w lemma="to" pos="to" xml:id="A32581-001-a-2060">to</w>
     <w lemma="do" pos="vvi" xml:id="A32581-001-a-2070">do</w>
     <w lemma="the" pos="d" xml:id="A32581-001-a-2080">the</w>
     <w lemma="same" pos="d" xml:id="A32581-001-a-2090">same</w>
     <pc join="right" xml:id="A32581-001-a-2100">(</pc>
     <w lemma="which" pos="crq" xml:id="A32581-001-a-2110">which</w>
     <w lemma="we" pos="pns" xml:id="A32581-001-a-2120">We</w>
     <w lemma="hereby" pos="av" xml:id="A32581-001-a-2130">hereby</w>
     <w lemma="require" pos="vvi" xml:id="A32581-001-a-2140">require</w>
     <w lemma="and" pos="cc" xml:id="A32581-001-a-2150">and</w>
     <w lemma="enjoin" pos="vvi" reg="enjoin" xml:id="A32581-001-a-2160">enjoyn</w>
     <pc xml:id="A32581-001-a-2170">:</pc>
     <pc xml:id="A32581-001-a-2180">)</pc>
     <w lemma="and" pos="cc" xml:id="A32581-001-a-2190">And</w>
     <w lemma="consider" pos="vvg" xml:id="A32581-001-a-2200">considering</w>
     <w lemma="that" pos="cs" xml:id="A32581-001-a-2210">that</w>
     <w lemma="in" pos="acp" xml:id="A32581-001-a-2220">in</w>
     <w lemma="all" pos="d" xml:id="A32581-001-a-2230">all</w>
     <w lemma="time" pos="n2" xml:id="A32581-001-a-2240">times</w>
     <w lemma="past" pos="j" xml:id="A32581-001-a-2250">past</w>
     <pc xml:id="A32581-001-a-2260">,</pc>
     <w lemma="it" pos="pn" xml:id="A32581-001-a-2270">it</w>
     <w lemma="have" pos="vvz" xml:id="A32581-001-a-2280">hath</w>
     <w lemma="be" pos="vvn" xml:id="A32581-001-a-2290">been</w>
     <w lemma="the" pos="d" xml:id="A32581-001-a-2300">the</w>
     <w lemma="wisdom" pos="n1" xml:id="A32581-001-a-2310">wisdom</w>
     <w lemma="and" pos="cc" xml:id="A32581-001-a-2320">and</w>
     <w lemma="care" pos="n1" xml:id="A32581-001-a-2330">care</w>
     <w lemma="of" pos="acp" xml:id="A32581-001-a-2340">of</w>
     <w lemma="our" pos="po" xml:id="A32581-001-a-2350">Our</w>
     <w lemma="royal" pos="j" xml:id="A32581-001-a-2360">Royal</w>
     <w lemma="predecessor" pos="n2" xml:id="A32581-001-a-2370">Predecessors</w>
     <pc xml:id="A32581-001-a-2380">,</pc>
     <w lemma="not" pos="xx" xml:id="A32581-001-a-2390">not</w>
     <w lemma="only" pos="av_j" xml:id="A32581-001-a-2400">only</w>
     <w lemma="to" pos="to" xml:id="A32581-001-a-2410">to</w>
     <w lemma="endeavour" pos="vvi" xml:id="A32581-001-a-2420">endeavour</w>
     <w lemma="the" pos="d" xml:id="A32581-001-a-2430">the</w>
     <w lemma="maintenance" pos="n1" xml:id="A32581-001-a-2440">maintenance</w>
     <w lemma="and" pos="cc" xml:id="A32581-001-a-2450">and</w>
     <w lemma="improvement" pos="n1" xml:id="A32581-001-a-2460">improvement</w>
     <w lemma="of" pos="acp" xml:id="A32581-001-a-2470">of</w>
     <w lemma="all" pos="d" xml:id="A32581-001-a-2480">all</w>
     <w lemma="manufacture" pos="n2" xml:id="A32581-001-a-2490">Manufactures</w>
     <pc join="right" xml:id="A32581-001-a-2500">(</pc>
     <w lemma="especial" pos="av_j" xml:id="A32581-001-a-2510">especially</w>
     <w lemma="those" pos="d" xml:id="A32581-001-a-2520">those</w>
     <w lemma="which" pos="crq" xml:id="A32581-001-a-2530">which</w>
     <w lemma="tend" pos="vvb" xml:id="A32581-001-a-2540">tend</w>
     <w lemma="to" pos="acp" xml:id="A32581-001-a-2550">to</w>
     <w lemma="the" pos="d" xml:id="A32581-001-a-2560">the</w>
     <w lemma="employment" pos="n1" reg="Employment" xml:id="A32581-001-a-2570">Imployment</w>
     <w lemma="and" pos="cc" xml:id="A32581-001-a-2580">and</w>
     <w lemma="relief" pos="n1" xml:id="A32581-001-a-2590">Relief</w>
     <w lemma="of" pos="acp" xml:id="A32581-001-a-2600">of</w>
     <w lemma="the" pos="d" xml:id="A32581-001-a-2610">the</w>
     <w lemma="poor" pos="j-c" xml:id="A32581-001-a-2620">poorer</w>
     <w lemma="sort" pos="n1" xml:id="A32581-001-a-2630">sort</w>
     <pc xml:id="A32581-001-a-2640">,</pc>
     <w lemma="and" pos="cc" xml:id="A32581-001-a-2650">and</w>
     <w lemma="the" pos="d" xml:id="A32581-001-a-2660">the</w>
     <w lemma="common" pos="j" xml:id="A32581-001-a-2670">common</w>
     <w lemma="good" pos="j" xml:id="A32581-001-a-2680">good</w>
     <w lemma="of" pos="acp" xml:id="A32581-001-a-2690">of</w>
     <w lemma="all" pos="d" xml:id="A32581-001-a-2700">all</w>
     <w lemma="their" pos="po" xml:id="A32581-001-a-2710">their</w>
     <w lemma="subject" pos="n2" xml:id="A32581-001-a-2720">Subjects</w>
     <pc xml:id="A32581-001-a-2730">)</pc>
     <w lemma="but" pos="acp" xml:id="A32581-001-a-2740">but</w>
     <w lemma="also" pos="av" xml:id="A32581-001-a-2750">also</w>
     <w lemma="to" pos="to" xml:id="A32581-001-a-2760">to</w>
     <w lemma="encourage" pos="vvi" xml:id="A32581-001-a-2770">encourage</w>
     <w lemma="the" pos="d" xml:id="A32581-001-a-2780">the</w>
     <w lemma="ingenuity" pos="n1" xml:id="A32581-001-a-2790">Ingenuity</w>
     <w lemma="and" pos="cc" xml:id="A32581-001-a-2800">and</w>
     <w lemma="industry" pos="n1" xml:id="A32581-001-a-2810">Industry</w>
     <w lemma="of" pos="acp" xml:id="A32581-001-a-2820">of</w>
     <w lemma="the" pos="d" xml:id="A32581-001-a-2830">the</w>
     <w lemma="inventor" pos="n2" reg="Inventors" xml:id="A32581-001-a-2840">Inventers</w>
     <w lemma="thereof" pos="av" xml:id="A32581-001-a-2850">thereof</w>
     <pc xml:id="A32581-001-a-2860">;</pc>
     <w lemma="and" pos="cc" xml:id="A32581-001-a-2870">and</w>
     <w lemma="resolve" pos="vvg" xml:id="A32581-001-a-2880">resolving</w>
     <w lemma="to" pos="to" xml:id="A32581-001-a-2890">to</w>
     <w lemma="make" pos="vvi" xml:id="A32581-001-a-2900">make</w>
     <w lemma="so" pos="av" xml:id="A32581-001-a-2910">so</w>
     <w lemma="good" pos="j" xml:id="A32581-001-a-2920">good</w>
     <w lemma="and" pos="cc" xml:id="A32581-001-a-2930">and</w>
     <w lemma="laudable" pos="j" xml:id="A32581-001-a-2940">laudable</w>
     <w lemma="precedent" pos="n2" xml:id="A32581-001-a-2950">Precedents</w>
     <w lemma="the" pos="d" xml:id="A32581-001-a-2960">the</w>
     <w lemma="rule" pos="n1" xml:id="A32581-001-a-2970">rule</w>
     <w lemma="of" pos="acp" xml:id="A32581-001-a-2980">of</w>
     <w lemma="our" pos="po" xml:id="A32581-001-a-2990">Our</w>
     <w lemma="proceed" pos="n2_vg" reg="Proceed" xml:id="A32581-001-a-3000">Proceedings</w>
     <w lemma="in" pos="acp" xml:id="A32581-001-a-3010">in</w>
     <w lemma="like" pos="j" xml:id="A32581-001-a-3020">like</w>
     <w lemma="case" pos="n2" xml:id="A32581-001-a-3030">cases</w>
     <pc xml:id="A32581-001-a-3040">:</pc>
     <w lemma="we" pos="pns" xml:id="A32581-001-a-3050">We</w>
     <w lemma="with" pos="acp" xml:id="A32581-001-a-3060">with</w>
     <w lemma="the" pos="d" xml:id="A32581-001-a-3070">the</w>
     <w lemma="advice" pos="n1" xml:id="A32581-001-a-3080">Advice</w>
     <w lemma="of" pos="acp" xml:id="A32581-001-a-3090">of</w>
     <w lemma="our" pos="po" xml:id="A32581-001-a-3100">Our</w>
     <w lemma="privy" pos="j" xml:id="A32581-001-a-3110">Privy</w>
     <w lemma="council" pos="n1" xml:id="A32581-001-a-3120">Council</w>
     <w lemma="do" pos="vvb" xml:id="A32581-001-a-3130">do</w>
     <w lemma="by" pos="acp" xml:id="A32581-001-a-3140">by</w>
     <w lemma="this" pos="d" xml:id="A32581-001-a-3150">this</w>
     <w lemma="our" pos="po" xml:id="A32581-001-a-3160">Our</w>
     <w lemma="proclamation" pos="n1" xml:id="A32581-001-a-3170">Proclamation</w>
     <w lemma="strait" pos="av_j" reg="straight" xml:id="A32581-001-a-3180">straitly</w>
     <w lemma="charge" pos="n1" xml:id="A32581-001-a-3190">charge</w>
     <pc xml:id="A32581-001-a-3200">,</pc>
     <w lemma="prohibit" pos="vvb" xml:id="A32581-001-a-3210">prohibit</w>
     <pc xml:id="A32581-001-a-3220">,</pc>
     <w lemma="and" pos="cc" xml:id="A32581-001-a-3230">and</w>
     <w lemma="ordain" pos="vvb" xml:id="A32581-001-a-3240">ordain</w>
     <pc xml:id="A32581-001-a-3250">,</pc>
     <w lemma="that" pos="cs" xml:id="A32581-001-a-3260">That</w>
     <w lemma="from" pos="acp" xml:id="A32581-001-a-3270">from</w>
     <w lemma="henceforth" pos="av" xml:id="A32581-001-a-3280">henceforth</w>
     <w lemma="no" pos="d-x" xml:id="A32581-001-a-3290">no</w>
     <w lemma="person" pos="n1" xml:id="A32581-001-a-3300">person</w>
     <w lemma="or" pos="cc" xml:id="A32581-001-a-3310">or</w>
     <w lemma="person" pos="n2" xml:id="A32581-001-a-3320">persons</w>
     <w lemma="native" pos="j" xml:id="A32581-001-a-3330">Native</w>
     <pc xml:id="A32581-001-a-3340">,</pc>
     <w lemma="denizen" pos="n1" xml:id="A32581-001-a-3350">Denizen</w>
     <pc xml:id="A32581-001-a-3360">,</pc>
     <w lemma="alien" pos="n1-nn" xml:id="A32581-001-a-3370">Alien</w>
     <pc xml:id="A32581-001-a-3380">,</pc>
     <w lemma="or" pos="cc" xml:id="A32581-001-a-3390">or</w>
     <w lemma="other" pos="pi2_d" xml:id="A32581-001-a-3400">others</w>
     <pc xml:id="A32581-001-a-3410">,</pc>
     <w lemma="do" pos="vvb" xml:id="A32581-001-a-3420">do</w>
     <pc xml:id="A32581-001-a-3430">,</pc>
     <w lemma="or" pos="cc" xml:id="A32581-001-a-3440">or</w>
     <w lemma="shall" pos="vmb" xml:id="A32581-001-a-3450">shall</w>
     <w lemma="import" pos="vvi" xml:id="A32581-001-a-3460">import</w>
     <pc xml:id="A32581-001-a-3470">,</pc>
     <w lemma="bring" pos="vvb" xml:id="A32581-001-a-3480">bring</w>
     <pc xml:id="A32581-001-a-3490">,</pc>
     <w lemma="send" pos="vvb" xml:id="A32581-001-a-3500">send</w>
     <pc xml:id="A32581-001-a-3510">,</pc>
     <w lemma="or" pos="cc" xml:id="A32581-001-a-3520">or</w>
     <w lemma="convey" pos="vvi" xml:id="A32581-001-a-3530">convey</w>
     <pc xml:id="A32581-001-a-3540">,</pc>
     <w lemma="or" pos="cc" xml:id="A32581-001-a-3550">or</w>
     <w lemma="cause" pos="n1" xml:id="A32581-001-a-3560">cause</w>
     <w lemma="to" pos="to" xml:id="A32581-001-a-3570">to</w>
     <w lemma="be" pos="vvi" xml:id="A32581-001-a-3580">be</w>
     <w lemma="import" pos="vvd" xml:id="A32581-001-a-3590">imported</w>
     <pc xml:id="A32581-001-a-3600">,</pc>
     <w lemma="bring" pos="vvn" xml:id="A32581-001-a-3610">brought</w>
     <pc xml:id="A32581-001-a-3620">,</pc>
     <w lemma="send" pos="vvn" xml:id="A32581-001-a-3630">sent</w>
     <pc xml:id="A32581-001-a-3640">,</pc>
     <w lemma="or" pos="cc" xml:id="A32581-001-a-3650">or</w>
     <w lemma="convey" pos="vvn" xml:id="A32581-001-a-3660">conveyed</w>
     <w lemma="into" pos="acp" xml:id="A32581-001-a-3670">into</w>
     <w lemma="our" pos="po" xml:id="A32581-001-a-3680">Our</w>
     <w lemma="kingdom" pos="n1" xml:id="A32581-001-a-3690">Kingdom</w>
     <w lemma="of" pos="acp" xml:id="A32581-001-a-3700">of</w>
     <w lemma="England" pos="n1-nn" rendition="#hi" xml:id="A32581-001-a-3710">England</w>
     <pc xml:id="A32581-001-a-3720">,</pc>
     <w lemma="dominion" pos="n1" xml:id="A32581-001-a-3730">Dominion</w>
     <w lemma="of" pos="acp" xml:id="A32581-001-a-3740">of</w>
     <w lemma="Wales" pos="n1-nn" rendition="#hi" xml:id="A32581-001-a-3750">Wales</w>
     <pc xml:id="A32581-001-a-3760">,</pc>
     <w lemma="or" pos="cc" xml:id="A32581-001-a-3770">or</w>
     <w lemma="town" pos="n1" xml:id="A32581-001-a-3780">Town</w>
     <w lemma="of" pos="acp" xml:id="A32581-001-a-3790">of</w>
     <w lemma="Berwick" pos="n1-nn" rendition="#hi" xml:id="A32581-001-a-3800">Berwick</w>
     <w lemma="upon" pos="acp" xml:id="A32581-001-a-3810">upon</w>
     <w lemma="tweed" pos="n1" reg="tweed" rendition="#hi" xml:id="A32581-001-a-3820">Twede</w>
     <pc xml:id="A32581-001-a-3830">,</pc>
     <w lemma="or" pos="cc" xml:id="A32581-001-a-3840">or</w>
     <w lemma="any" pos="d" xml:id="A32581-001-a-3850">any</w>
     <w lemma="part" pos="n1" xml:id="A32581-001-a-3860">part</w>
     <w lemma="thereof" pos="av" xml:id="A32581-001-a-3870">thereof</w>
     <pc xml:id="A32581-001-a-3880">,</pc>
     <w lemma="from" pos="acp" xml:id="A32581-001-a-3890">from</w>
     <w lemma="or" pos="cc" xml:id="A32581-001-a-3900">or</w>
     <w lemma="out" pos="av" xml:id="A32581-001-a-3910">out</w>
     <w lemma="of" pos="acp" xml:id="A32581-001-a-3920">of</w>
     <w lemma="any" pos="d" xml:id="A32581-001-a-3930">any</w>
     <w lemma="place" pos="n1" xml:id="A32581-001-a-3940">place</w>
     <w lemma="or" pos="cc" xml:id="A32581-001-a-3950">or</w>
     <w lemma="part" pos="n2" xml:id="A32581-001-a-3960">parts</w>
     <w lemma="beyond" pos="acp" xml:id="A32581-001-a-3970">beyond</w>
     <w lemma="the" pos="d" xml:id="A32581-001-a-3980">the</w>
     <w lemma="sea" pos="n2" xml:id="A32581-001-a-3990">Seas</w>
     <pc xml:id="A32581-001-a-4000">,</pc>
     <w lemma="or" pos="cc" xml:id="A32581-001-a-4010">or</w>
     <w lemma="out" pos="av" xml:id="A32581-001-a-4020">out</w>
     <w lemma="of" pos="acp" xml:id="A32581-001-a-4030">of</w>
     <w lemma="any" pos="d" xml:id="A32581-001-a-4040">any</w>
     <w lemma="other" pos="pi_d" xml:id="A32581-001-a-4050">other</w>
     <w lemma="of" pos="acp" xml:id="A32581-001-a-4060">of</w>
     <w lemma="our" pos="po" xml:id="A32581-001-a-4070">Our</w>
     <w lemma="dominion" pos="n2" xml:id="A32581-001-a-4080">Dominions</w>
     <pc xml:id="A32581-001-a-4090">,</pc>
     <w lemma="any" pos="d" xml:id="A32581-001-a-4100">any</w>
     <hi xml:id="A32581-e10210">
      <w lemma="blue" pos="j" xml:id="A32581-001-a-4110">Blue</w>
      <w lemma="paper" pos="n1" xml:id="A32581-001-a-4120">Paper</w>
     </hi>
     <w lemma="of" pos="acp" xml:id="A32581-001-a-4130">of</w>
     <w lemma="what" pos="crq" xml:id="A32581-001-a-4140">what</w>
     <w lemma="sort" pos="n1" xml:id="A32581-001-a-4150">sort</w>
     <w lemma="or" pos="cc" xml:id="A32581-001-a-4160">or</w>
     <w lemma="kind" pos="n1" xml:id="A32581-001-a-4170">kind</w>
     <w lemma="soever" pos="av" xml:id="A32581-001-a-4180">soever</w>
     <w lemma="by" pos="acp" xml:id="A32581-001-a-4190">by</w>
     <w lemma="way" pos="n1" xml:id="A32581-001-a-4200">way</w>
     <w lemma="of" pos="acp" xml:id="A32581-001-a-4210">of</w>
     <w lemma="merchandise" pos="n1" xml:id="A32581-001-a-4220">Merchandise</w>
     <pc xml:id="A32581-001-a-4230">,</pc>
     <w lemma="to" pos="to" xml:id="A32581-001-a-4240">to</w>
     <w lemma="be" pos="vvi" xml:id="A32581-001-a-4250">be</w>
     <w lemma="sell" pos="vvn" xml:id="A32581-001-a-4260">sold</w>
     <pc xml:id="A32581-001-a-4270">,</pc>
     <w lemma="barter" pos="vvn" xml:id="A32581-001-a-4280">bartered</w>
     <pc xml:id="A32581-001-a-4290">,</pc>
     <w lemma="or" pos="cc" xml:id="A32581-001-a-4300">or</w>
     <w lemma="exchange" pos="vvn" xml:id="A32581-001-a-4310">exchanged</w>
     <w lemma="within" pos="acp" xml:id="A32581-001-a-4320">within</w>
     <w lemma="this" pos="d" xml:id="A32581-001-a-4330">this</w>
     <w lemma="our" pos="po" xml:id="A32581-001-a-4340">Our</w>
     <w lemma="realm" pos="n1" xml:id="A32581-001-a-4350">Realm</w>
     <w lemma="of" pos="acp" xml:id="A32581-001-a-4360">of</w>
     <w lemma="England" pos="n1-nn" rendition="#hi" xml:id="A32581-001-a-4370">England</w>
     <pc xml:id="A32581-001-a-4380">,</pc>
     <w lemma="dominion" pos="n1" xml:id="A32581-001-a-4390">Dominion</w>
     <w lemma="of" pos="acp" xml:id="A32581-001-a-4400">of</w>
     <w lemma="Wales" pos="n1-nn" rendition="#hi" xml:id="A32581-001-a-4410">Wales</w>
     <pc xml:id="A32581-001-a-4420">,</pc>
     <w lemma="or" pos="cc" xml:id="A32581-001-a-4430">or</w>
     <w lemma="town" pos="n1" xml:id="A32581-001-a-4440">Town</w>
     <w lemma="of" pos="acp" xml:id="A32581-001-a-4450">of</w>
     <w lemma="Berwick" pos="n1-nn" rendition="#hi" xml:id="A32581-001-a-4460">Berwick</w>
     <w lemma="upon" pos="acp" xml:id="A32581-001-a-4470">upon</w>
     <w lemma="tweed" pos="n1" reg="tweed" rendition="#hi" xml:id="A32581-001-a-4480">Twede</w>
     <w lemma="aforesaid" pos="j" xml:id="A32581-001-a-4490">aforesaid</w>
     <pc xml:id="A32581-001-a-4500">,</pc>
     <w lemma="or" pos="cc" xml:id="A32581-001-a-4510">or</w>
     <w lemma="any" pos="d" xml:id="A32581-001-a-4520">any</w>
     <w lemma="of" pos="acp" xml:id="A32581-001-a-4530">of</w>
     <w lemma="they" pos="pno" xml:id="A32581-001-a-4540">them</w>
     <pc unit="sentence" xml:id="A32581-001-a-4550">.</pc>
     <w lemma="and" pos="cc" xml:id="A32581-001-a-4560">And</w>
     <w lemma="further" pos="av-c_j" xml:id="A32581-001-a-4570">further</w>
     <pc xml:id="A32581-001-a-4580">,</pc>
     <w lemma="that" pos="cs" xml:id="A32581-001-a-4590">That</w>
     <w lemma="no" pos="d-x" xml:id="A32581-001-a-4600">no</w>
     <w lemma="person" pos="n1" xml:id="A32581-001-a-4610">person</w>
     <w lemma="or" pos="cc" xml:id="A32581-001-a-4620">or</w>
     <w lemma="person" pos="n2" xml:id="A32581-001-a-4630">persons</w>
     <w lemma="whatsoever" pos="crq" xml:id="A32581-001-a-4640">whatsoever</w>
     <w lemma="that" pos="cs" xml:id="A32581-001-a-4650">that</w>
     <w lemma="now" pos="av" xml:id="A32581-001-a-4660">now</w>
     <w lemma="use" pos="vvi" xml:id="A32581-001-a-4670">use</w>
     <pc xml:id="A32581-001-a-4680">,</pc>
     <w lemma="or" pos="cc" xml:id="A32581-001-a-4690">or</w>
     <w lemma="hereafter" pos="av" xml:id="A32581-001-a-4700">hereafter</w>
     <w lemma="shall" pos="vmb" xml:id="A32581-001-a-4710">shall</w>
     <w lemma="use" pos="vvi" xml:id="A32581-001-a-4720">use</w>
     <w lemma="the" pos="d" xml:id="A32581-001-a-4730">the</w>
     <w lemma="trade" pos="n1" xml:id="A32581-001-a-4740">Trade</w>
     <w lemma="or" pos="cc" xml:id="A32581-001-a-4750">or</w>
     <w lemma="occupation" pos="n1" xml:id="A32581-001-a-4760">Occupation</w>
     <w lemma="of" pos="acp" xml:id="A32581-001-a-4770">of</w>
     <w lemma="retail" pos="vvg" xml:id="A32581-001-a-4780">retailing</w>
     <pc xml:id="A32581-001-a-4790">,</pc>
     <w lemma="sell" pos="vvg" xml:id="A32581-001-a-4800">selling</w>
     <pc xml:id="A32581-001-a-4810">,</pc>
     <w lemma="or" pos="cc" xml:id="A32581-001-a-4820">or</w>
     <w lemma="utter" pos="vvg" xml:id="A32581-001-a-4830">uttering</w>
     <w lemma="of" pos="acp" xml:id="A32581-001-a-4840">of</w>
     <w lemma="any" pos="d" xml:id="A32581-001-a-4850">any</w>
     <hi xml:id="A32581-e10260">
      <w lemma="blue" pos="j" xml:id="A32581-001-a-4860">Blue</w>
      <w lemma="paper" pos="n1" xml:id="A32581-001-a-4870">Paper</w>
     </hi>
     <pc rendition="#follows-hi" xml:id="A32581-001-a-4880">,</pc>
     <w lemma="of" pos="acp" xml:id="A32581-001-a-4890">of</w>
     <w lemma="what" pos="crq" xml:id="A32581-001-a-4900">what</w>
     <w lemma="sort" pos="n1" xml:id="A32581-001-a-4910">sort</w>
     <w lemma="or" pos="cc" xml:id="A32581-001-a-4920">or</w>
     <w lemma="kind" pos="n1" xml:id="A32581-001-a-4930">kind</w>
     <w lemma="soever" pos="av" xml:id="A32581-001-a-4940">soever</w>
     <w lemma="within" pos="acp" xml:id="A32581-001-a-4950">within</w>
     <w lemma="any" pos="d" xml:id="A32581-001-a-4960">any</w>
     <w lemma="of" pos="acp" xml:id="A32581-001-a-4970">of</w>
     <w lemma="our" pos="po" xml:id="A32581-001-a-4980">Our</w>
     <w lemma="kingdom" pos="n2" xml:id="A32581-001-a-4990">Kingdoms</w>
     <w lemma="or" pos="cc" xml:id="A32581-001-a-5000">or</w>
     <w lemma="dominion" pos="n2" xml:id="A32581-001-a-5010">Dominions</w>
     <pc xml:id="A32581-001-a-5020">,</pc>
     <w lemma="shall" pos="vmb" xml:id="A32581-001-a-5030">shall</w>
     <w lemma="at" pos="acp" xml:id="A32581-001-a-5040">at</w>
     <w lemma="any" pos="d" xml:id="A32581-001-a-5050">any</w>
     <w lemma="time" pos="n1" xml:id="A32581-001-a-5060">time</w>
     <w lemma="hereafter" pos="av" xml:id="A32581-001-a-5070">hereafter</w>
     <w lemma="direct" pos="av_j" xml:id="A32581-001-a-5080">directly</w>
     <w lemma="or" pos="cc" xml:id="A32581-001-a-5090">or</w>
     <w lemma="indirect" pos="av_j" xml:id="A32581-001-a-5100">indirectly</w>
     <w lemma="buy" pos="vvi" xml:id="A32581-001-a-5110">buy</w>
     <pc xml:id="A32581-001-a-5120">,</pc>
     <w lemma="bargain" pos="n1" xml:id="A32581-001-a-5130">bargain</w>
     <pc xml:id="A32581-001-a-5140">,</pc>
     <w lemma="or" pos="cc" xml:id="A32581-001-a-5150">or</w>
     <w lemma="contract" pos="n1" xml:id="A32581-001-a-5160">contract</w>
     <w lemma="for" pos="acp" xml:id="A32581-001-a-5170">for</w>
     <pc xml:id="A32581-001-a-5180">,</pc>
     <w lemma="or" pos="cc" xml:id="A32581-001-a-5190">or</w>
     <w lemma="concern" pos="vvg" xml:id="A32581-001-a-5200">concerning</w>
     <w lemma="the" pos="d" xml:id="A32581-001-a-5210">the</w>
     <w lemma="importation" pos="n1" xml:id="A32581-001-a-5220">Importation</w>
     <w lemma="of" pos="acp" xml:id="A32581-001-a-5230">of</w>
     <w lemma="any" pos="d" xml:id="A32581-001-a-5240">any</w>
     <hi xml:id="A32581-e10270">
      <w lemma="blue" pos="j" xml:id="A32581-001-a-5250">Blue</w>
      <w lemma="paper" pos="n1" xml:id="A32581-001-a-5260">Paper</w>
     </hi>
     <w lemma="of" pos="acp" xml:id="A32581-001-a-5270">of</w>
     <w lemma="what" pos="crq" xml:id="A32581-001-a-5280">what</w>
     <w lemma="sort" pos="n1" xml:id="A32581-001-a-5290">sort</w>
     <w lemma="or" pos="cc" xml:id="A32581-001-a-5300">or</w>
     <w lemma="kind" pos="n1" xml:id="A32581-001-a-5310">kind</w>
     <w lemma="soever" pos="av" xml:id="A32581-001-a-5320">soever</w>
     <w lemma="make" pos="vvn" xml:id="A32581-001-a-5330">made</w>
     <w lemma="beyond" pos="acp" xml:id="A32581-001-a-5340">beyond</w>
     <w lemma="the" pos="d" xml:id="A32581-001-a-5350">the</w>
     <w lemma="sea" pos="n2" xml:id="A32581-001-a-5360">Seas</w>
     <pc xml:id="A32581-001-a-5370">,</pc>
     <w lemma="or" pos="cc" xml:id="A32581-001-a-5380">or</w>
     <w lemma="in" pos="acp" xml:id="A32581-001-a-5390">in</w>
     <w lemma="any" pos="d" xml:id="A32581-001-a-5400">any</w>
     <w lemma="other" pos="d" xml:id="A32581-001-a-5410">other</w>
     <w lemma="place" pos="n1" xml:id="A32581-001-a-5420">place</w>
     <w lemma="out" pos="av" xml:id="A32581-001-a-5430">out</w>
     <w lemma="of" pos="acp" xml:id="A32581-001-a-5440">of</w>
     <w lemma="our" pos="po" xml:id="A32581-001-a-5450">Our</w>
     <w lemma="say" pos="j_vn" xml:id="A32581-001-a-5460">said</w>
     <w lemma="realm" pos="n1" xml:id="A32581-001-a-5470">Realm</w>
     <w lemma="of" pos="acp" xml:id="A32581-001-a-5480">of</w>
     <w lemma="England" pos="n1-nn" rendition="#hi" xml:id="A32581-001-a-5490">England</w>
     <w lemma="&amp;" pos="cc" xml:id="A32581-001-a-5500">&amp;</w>
     <w lemma="dominion" pos="n1" xml:id="A32581-001-a-5510">Dominion</w>
     <w lemma="of" pos="acp" xml:id="A32581-001-a-5520">of</w>
     <w lemma="Wales" pos="n1-nn" rendition="#hi" xml:id="A32581-001-a-5530">Wales</w>
     <pc xml:id="A32581-001-a-5540">,</pc>
     <w lemma="nor" pos="cc-x" xml:id="A32581-001-a-5550">nor</w>
     <w lemma="shall" pos="vmb" reg="shall" xml:id="A32581-001-a-5560">shal</w>
     <w lemma="bargain" pos="n1" xml:id="A32581-001-a-5570">bargain</w>
     <w lemma="for" pos="acp" xml:id="A32581-001-a-5580">for</w>
     <pc xml:id="A32581-001-a-5590">,</pc>
     <w lemma="buy" pos="f-mi" xml:id="A32581-001-a-5600">buy</w>
     <pc xml:id="A32581-001-a-5610">,</pc>
     <w lemma="or" pos="cc" xml:id="A32581-001-a-5620">or</w>
     <w lemma="sell" pos="vvi" xml:id="A32581-001-a-5630">sell</w>
     <w lemma="such" pos="d" xml:id="A32581-001-a-5640">such</w>
     <hi xml:id="A32581-e10300">
      <w lemma="blue" pos="j" xml:id="A32581-001-a-5650">Blue</w>
      <w lemma="paper" pos="n1" xml:id="A32581-001-a-5660">Paper</w>
     </hi>
     <w lemma="so" pos="av" xml:id="A32581-001-a-5670">so</w>
     <w lemma="import" pos="vvd" xml:id="A32581-001-a-5680">imported</w>
     <pc xml:id="A32581-001-a-5690">,</pc>
     <w lemma="know" pos="vvg" xml:id="A32581-001-a-5700">knowing</w>
     <w lemma="the" pos="d" xml:id="A32581-001-a-5710">the</w>
     <w lemma="same" pos="d" xml:id="A32581-001-a-5720">same</w>
     <w lemma="to" pos="to" xml:id="A32581-001-a-5730">to</w>
     <w lemma="be" pos="vvi" xml:id="A32581-001-a-5740">be</w>
     <w lemma="manufacted" pos="j_vn" xml:id="A32581-001-a-5750">manufacted</w>
     <w lemma="beyond" pos="acp" xml:id="A32581-001-a-5760">beyond</w>
     <w lemma="the" pos="d" xml:id="A32581-001-a-5770">the</w>
     <w lemma="sea" pos="n2" xml:id="A32581-001-a-5780">Seas</w>
     <pc xml:id="A32581-001-a-5790">,</pc>
     <w lemma="upon" pos="acp" xml:id="A32581-001-a-5800">upon</w>
     <w lemma="pain" pos="n1" xml:id="A32581-001-a-5810">pain</w>
     <w lemma="of" pos="acp" xml:id="A32581-001-a-5820">of</w>
     <w lemma="forfeit" pos="vvg" xml:id="A32581-001-a-5830">forfeiting</w>
     <w lemma="all" pos="d" xml:id="A32581-001-a-5840">all</w>
     <w lemma="that" pos="cs" xml:id="A32581-001-a-5850">that</w>
     <w lemma="by" pos="acp" xml:id="A32581-001-a-5860">by</w>
     <w lemma="law" pos="n1" xml:id="A32581-001-a-5870">Law</w>
     <w lemma="be" pos="vvz" xml:id="A32581-001-a-5880">is</w>
     <w lemma="forfeitable" pos="j" xml:id="A32581-001-a-5890">forfeitable</w>
     <pc xml:id="A32581-001-a-5900">,</pc>
     <w lemma="and" pos="cc" xml:id="A32581-001-a-5910">and</w>
     <w lemma="such" pos="d" xml:id="A32581-001-a-5920">such</w>
     <w lemma="other" pos="d" xml:id="A32581-001-a-5930">other</w>
     <w lemma="punishment" pos="n1" xml:id="A32581-001-a-5940">punishment</w>
     <w lemma="as" pos="acp" xml:id="A32581-001-a-5950">as</w>
     <w lemma="by" pos="acp" xml:id="A32581-001-a-5960">by</w>
     <w lemma="our" pos="po" xml:id="A32581-001-a-5970">Our</w>
     <w lemma="law" pos="n1" xml:id="A32581-001-a-5980">Law</w>
     <pc xml:id="A32581-001-a-5990">,</pc>
     <w lemma="or" pos="cc" xml:id="A32581-001-a-6000">or</w>
     <w lemma="prerogative" pos="n1" xml:id="A32581-001-a-6010">Prerogative</w>
     <w lemma="royal" pos="j" xml:id="A32581-001-a-6020">Royal</w>
     <w lemma="may" pos="vmb" xml:id="A32581-001-a-6030">may</w>
     <w lemma="be" pos="vvi" xml:id="A32581-001-a-6040">be</w>
     <w lemma="lawful" pos="av_j" xml:id="A32581-001-a-6050">lawfully</w>
     <w lemma="inflict" pos="vvn" xml:id="A32581-001-a-6060">inflicted</w>
     <w lemma="upon" pos="acp" xml:id="A32581-001-a-6070">upon</w>
     <w lemma="the" pos="d" xml:id="A32581-001-a-6080">the</w>
     <w lemma="contemner" pos="n2" xml:id="A32581-001-a-6090">contemners</w>
     <w lemma="of" pos="acp" xml:id="A32581-001-a-6100">of</w>
     <w lemma="our" pos="po" xml:id="A32581-001-a-6110">Our</w>
     <w lemma="royal" pos="j" xml:id="A32581-001-a-6120">Royal</w>
     <w lemma="authority" pos="n1" xml:id="A32581-001-a-6130">Authority</w>
     <pc xml:id="A32581-001-a-6140">;</pc>
     <w lemma="any" pos="d" xml:id="A32581-001-a-6150">Any</w>
     <w lemma="charter" pos="n1" xml:id="A32581-001-a-6160">Charter</w>
     <pc xml:id="A32581-001-a-6170">,</pc>
     <w lemma="licence" pos="n1" xml:id="A32581-001-a-6180">Licence</w>
     <pc xml:id="A32581-001-a-6190">,</pc>
     <w lemma="power" pos="n1" xml:id="A32581-001-a-6200">Power</w>
     <pc xml:id="A32581-001-a-6210">,</pc>
     <w lemma="authority" pos="n1" xml:id="A32581-001-a-6220">Authority</w>
     <pc xml:id="A32581-001-a-6230">,</pc>
     <w lemma="or" pos="cc" xml:id="A32581-001-a-6240">or</w>
     <w lemma="privilege" pos="n1" reg="Privilege" xml:id="A32581-001-a-6250">Priviledge</w>
     <w lemma="to" pos="acp" xml:id="A32581-001-a-6260">to</w>
     <w lemma="the" pos="d" xml:id="A32581-001-a-6270">the</w>
     <w lemma="contrary" pos="j" xml:id="A32581-001-a-6280">contrary</w>
     <w lemma="notwithstanding" pos="acp" xml:id="A32581-001-a-6290">notwithstanding</w>
     <pc unit="sentence" xml:id="A32581-001-a-6300">.</pc>
     <w lemma="and" pos="cc" xml:id="A32581-001-a-6310">And</w>
     <w lemma="we" pos="pns" xml:id="A32581-001-a-6320">We</w>
     <w lemma="do" pos="vvb" xml:id="A32581-001-a-6330">do</w>
     <w lemma="hereby" pos="av" xml:id="A32581-001-a-6340">hereby</w>
     <w lemma="further" pos="av-c_j" xml:id="A32581-001-a-6350">further</w>
     <w lemma="strait" pos="av_j" reg="straight" xml:id="A32581-001-a-6360">straitly</w>
     <w lemma="charge" pos="vvi" xml:id="A32581-001-a-6370">charge</w>
     <w lemma="and" pos="cc" xml:id="A32581-001-a-6380">and</w>
     <w lemma="command" pos="vvi" xml:id="A32581-001-a-6390">command</w>
     <w lemma="all" pos="d" xml:id="A32581-001-a-6400">all</w>
     <w lemma="sheriff" pos="n2" xml:id="A32581-001-a-6410">Sheriffs</w>
     <pc xml:id="A32581-001-a-6420">,</pc>
     <w lemma="justice" pos="n2" xml:id="A32581-001-a-6430">Justices</w>
     <w lemma="of" pos="acp" xml:id="A32581-001-a-6440">of</w>
     <w lemma="the" pos="d" xml:id="A32581-001-a-6450">the</w>
     <w lemma="peace" pos="n1" xml:id="A32581-001-a-6460">Peace</w>
     <pc xml:id="A32581-001-a-6470">,</pc>
     <w lemma="the" pos="d" xml:id="A32581-001-a-6480">the</w>
     <w lemma="farmer" pos="n2" xml:id="A32581-001-a-6490">Farmers</w>
     <w lemma="of" pos="acp" xml:id="A32581-001-a-6500">of</w>
     <w lemma="our" pos="po" xml:id="A32581-001-a-6510">Our</w>
     <w lemma="custom" pos="n2" xml:id="A32581-001-a-6520">Customs</w>
     <pc xml:id="A32581-001-a-6530">,</pc>
     <w lemma="comptroller" pos="n2" xml:id="A32581-001-a-6540">Comptrollers</w>
     <pc xml:id="A32581-001-a-6550">,</pc>
     <w lemma="searcher" pos="n2" xml:id="A32581-001-a-6560">Searchers</w>
     <pc xml:id="A32581-001-a-6570">,</pc>
     <w lemma="waiter" pos="n2" xml:id="A32581-001-a-6580">Waiters</w>
     <pc xml:id="A32581-001-a-6590">,</pc>
     <w lemma="and" pos="cc" xml:id="A32581-001-a-6600">and</w>
     <w lemma="other" pos="d" xml:id="A32581-001-a-6610">other</w>
     <w lemma="officer" pos="n2" xml:id="A32581-001-a-6620">Officers</w>
     <w lemma="of" pos="acp" xml:id="A32581-001-a-6630">of</w>
     <w lemma="all" pos="d" xml:id="A32581-001-a-6640">all</w>
     <w lemma="or" pos="cc" xml:id="A32581-001-a-6650">or</w>
     <w lemma="any" pos="d" xml:id="A32581-001-a-6660">any</w>
     <w lemma="our" pos="po" xml:id="A32581-001-a-6670">Our</w>
     <w lemma="port" pos="n2" xml:id="A32581-001-a-6680">Ports</w>
     <w lemma="within" pos="acp" xml:id="A32581-001-a-6690">within</w>
     <w lemma="our" pos="po" xml:id="A32581-001-a-6700">Our</w>
     <w lemma="aid" pos="n1" xml:id="A32581-001-a-6710">aid</w>
     <w lemma="realm" pos="n1" xml:id="A32581-001-a-6720">Realm</w>
     <pc xml:id="A32581-001-a-6730">,</pc>
     <w lemma="and" pos="cc" xml:id="A32581-001-a-6740">and</w>
     <w lemma="all" pos="d" xml:id="A32581-001-a-6750">all</w>
     <w lemma="constable" pos="n2" xml:id="A32581-001-a-6760">Constables</w>
     <pc xml:id="A32581-001-a-6770">,</pc>
     <w lemma="and" pos="cc" xml:id="A32581-001-a-6780">and</w>
     <w lemma="other" pos="d" xml:id="A32581-001-a-6790">other</w>
     <w lemma="officer" pos="n2" xml:id="A32581-001-a-6800">Officers</w>
     <w lemma="and" pos="cc" xml:id="A32581-001-a-6810">and</w>
     <w lemma="minister" pos="n2" xml:id="A32581-001-a-6820">Ministers</w>
     <w lemma="of" pos="acp" xml:id="A32581-001-a-6830">of</w>
     <w lemma="justice" pos="n1" reg="justice" xml:id="A32581-001-a-6840">Iustice</w>
     <pc xml:id="A32581-001-a-6850">,</pc>
     <w lemma="and" pos="cc" xml:id="A32581-001-a-6860">and</w>
     <w lemma="all" pos="d" xml:id="A32581-001-a-6870">all</w>
     <w lemma="other" pos="pi_d" xml:id="A32581-001-a-6880">other</w>
     <w lemma="our" pos="po" xml:id="A32581-001-a-6890">Our</w>
     <w lemma="love" pos="j_vg" xml:id="A32581-001-a-6900">loving</w>
     <w lemma="subject" pos="n2" xml:id="A32581-001-a-6910">Subjects</w>
     <w lemma="to" pos="to" xml:id="A32581-001-a-6920">to</w>
     <w lemma="be" pos="vvi" xml:id="A32581-001-a-6930">be</w>
     <w lemma="diligent" pos="j" xml:id="A32581-001-a-6940">diligent</w>
     <w lemma="in" pos="acp" xml:id="A32581-001-a-6950">in</w>
     <w lemma="and" pos="cc" xml:id="A32581-001-a-6960">and</w>
     <w lemma="about" pos="acp-av" xml:id="A32581-001-a-6970">about</w>
     <w lemma="the" pos="d" xml:id="A32581-001-a-6980">the</w>
     <w lemma="prevent" pos="n1_vg" xml:id="A32581-001-a-6990">preventing</w>
     <w lemma="of" pos="acp" xml:id="A32581-001-a-7000">of</w>
     <w lemma="the" pos="d" xml:id="A32581-001-a-7010">the</w>
     <w lemma="importation" pos="n1" xml:id="A32581-001-a-7020">Importation</w>
     <w lemma="of" pos="acp" xml:id="A32581-001-a-7030">of</w>
     <w lemma="the" pos="d" xml:id="A32581-001-a-7040">the</w>
     <w lemma="say" pos="j_vn" xml:id="A32581-001-a-7050">said</w>
     <w lemma="paper" pos="n1" xml:id="A32581-001-a-7060">Paper</w>
     <w lemma="and" pos="cc" xml:id="A32581-001-a-7070">and</w>
     <w lemma="manufacture" pos="n1" xml:id="A32581-001-a-7080">Manufacture</w>
     <pc xml:id="A32581-001-a-7090">,</pc>
     <w lemma="and" pos="cc" xml:id="A32581-001-a-7100">and</w>
     <w lemma="discovery" pos="n1" xml:id="A32581-001-a-7110">discovery</w>
     <w lemma="of" pos="acp" xml:id="A32581-001-a-7120">of</w>
     <w lemma="the" pos="d" xml:id="A32581-001-a-7130">the</w>
     <w lemma="same" pos="d" xml:id="A32581-001-a-7140">same</w>
     <pc xml:id="A32581-001-a-7150">,</pc>
     <w lemma="if" pos="cs" xml:id="A32581-001-a-7160">if</w>
     <w lemma="any" pos="d" xml:id="A32581-001-a-7170">any</w>
     <w lemma="such" pos="d" xml:id="A32581-001-a-7180">such</w>
     <w lemma="shall" pos="vmb" xml:id="A32581-001-a-7190">shall</w>
     <w lemma="be" pos="vvi" xml:id="A32581-001-a-7200">be</w>
     <w lemma="import" pos="vvn" xml:id="A32581-001-a-7210">Imported</w>
     <pc xml:id="A32581-001-a-7220">,</pc>
     <w lemma="and" pos="cc" xml:id="A32581-001-a-7230">and</w>
     <w lemma="to" pos="to" xml:id="A32581-001-a-7240">to</w>
     <w lemma="cause" pos="vvi" xml:id="A32581-001-a-7250">cause</w>
     <w lemma="such" pos="d" xml:id="A32581-001-a-7260">such</w>
     <w lemma="the" pos="d" xml:id="A32581-001-a-7270">the</w>
     <w lemma="offender" pos="n2" xml:id="A32581-001-a-7280">Offenders</w>
     <w lemma="to" pos="to" xml:id="A32581-001-a-7290">to</w>
     <w lemma="be" pos="vvi" xml:id="A32581-001-a-7300">be</w>
     <w lemma="due" pos="av_j" xml:id="A32581-001-a-7310">duly</w>
     <w lemma="punish" pos="vvn" xml:id="A32581-001-a-7320">punished</w>
     <pc xml:id="A32581-001-a-7330">,</pc>
     <w lemma="as" pos="acp" xml:id="A32581-001-a-7340">as</w>
     <w lemma="to" pos="acp" xml:id="A32581-001-a-7350">to</w>
     <w lemma="law" pos="n1" xml:id="A32581-001-a-7360">Law</w>
     <w lemma="and" pos="cc" xml:id="A32581-001-a-7370">and</w>
     <w lemma="justice" pos="n1" xml:id="A32581-001-a-7380">Justice</w>
     <w lemma="shall" pos="vmb" xml:id="A32581-001-a-7390">shall</w>
     <w lemma="appertain" pos="vvi" xml:id="A32581-001-a-7400">appertain</w>
     <pc unit="sentence" xml:id="A32581-001-a-7410">.</pc>
    </p>
    <closer xml:id="A32581-e10310">
     <dateline xml:id="A32581-e10320">
      <w lemma="give" pos="vvn" xml:id="A32581-001-a-7420">Given</w>
      <w lemma="at" pos="acp" xml:id="A32581-001-a-7430">at</w>
      <w lemma="our" pos="po" xml:id="A32581-001-a-7440">Our</w>
      <w lemma="court" pos="n1" xml:id="A32581-001-a-7450">Court</w>
      <w lemma="at" pos="acp" xml:id="A32581-001-a-7460">at</w>
      <w lemma="Whitehall" pos="n1-nn" rendition="#hi" xml:id="A32581-001-a-7470">Whitehall</w>
      <date xml:id="A32581-e10340">
       <w lemma="the" pos="d" xml:id="A32581-001-a-7480">the</w>
       <w lemma="20" pos="ord" rendition="#sup-right2" xml:id="A32581-001-a-7490">20th</w>
       <w lemma="day" pos="n1" xml:id="A32581-001-a-7510">day</w>
       <w lemma="of" pos="acp" xml:id="A32581-001-a-7520">of</w>
       <w lemma="July" pos="n1-nn" rendition="#hi" xml:id="A32581-001-a-7530">July</w>
       <pc xml:id="A32581-001-a-7540">,</pc>
       <w lemma="in" pos="acp" xml:id="A32581-001-a-7550">In</w>
       <w lemma="the" pos="d" xml:id="A32581-001-a-7560">the</w>
       <w lemma="eighteen" pos="ord" xml:id="A32581-001-a-7570">Eighteenth</w>
       <w lemma="year" pos="n1" xml:id="A32581-001-a-7580">year</w>
       <w lemma="of" pos="acp" xml:id="A32581-001-a-7590">of</w>
       <w lemma="our" pos="po" xml:id="A32581-001-a-7600">Our</w>
       <w lemma="reign" pos="n1" xml:id="A32581-001-a-7610">Reign</w>
       <pc unit="sentence" xml:id="A32581-001-a-7620">.</pc>
       <w lemma="1666." pos="crd" xml:id="A32581-001-a-7630">1666.</w>
       <pc unit="sentence" xml:id="A32581-001-a-7640"/>
      </date>
     </dateline>
    </closer>
    <closer xml:id="A32581-e10370">
     <w lemma="God" pos="n1-nn" xml:id="A32581-001-a-7650">God</w>
     <w lemma="save" pos="vvb" xml:id="A32581-001-a-7660">save</w>
     <w lemma="the" pos="d" xml:id="A32581-001-a-7670">the</w>
     <w lemma="King" pos="n1" xml:id="A32581-001-a-7680">King</w>
     <pc unit="sentence" xml:id="A32581-001-a-7681">.</pc>
     <pc unit="sentence" xml:id="A32581-001-a-7690"/>
    </closer>
   </div>
  </body>
  <back xml:id="A32581-e10380">
   <div type="colophon" xml:id="A32581-e10390">
    <p xml:id="A32581-e10400">
     <w lemma="LONDON" pos="n1-nn" rendition="#hi" xml:id="A32581-001-a-7700">LONDON</w>
     <pc xml:id="A32581-001-a-7710">,</pc>
     <w lemma="print" pos="vvn" xml:id="A32581-001-a-7720">Printed</w>
     <w lemma="by" pos="acp" xml:id="A32581-001-a-7730">by</w>
     <hi xml:id="A32581-e10420">
      <w lemma="John" pos="n1-nn" xml:id="A32581-001-a-7740">John</w>
      <w lemma="bill" pos="n1" xml:id="A32581-001-a-7750">Bill</w>
     </hi>
     <w lemma="and" pos="cc" xml:id="A32581-001-a-7760">and</w>
     <hi xml:id="A32581-e10430">
      <w lemma="Christopher" pos="n1-nn" xml:id="A32581-001-a-7770">Christopher</w>
      <w lemma="Barker" pos="n1-nn" xml:id="A32581-001-a-7780">Barker</w>
     </hi>
     <pc rendition="#follows-hi" xml:id="A32581-001-a-7790">,</pc>
     <w lemma="printer" pos="n2" xml:id="A32581-001-a-7800">Printers</w>
     <w lemma="to" pos="acp" xml:id="A32581-001-a-7810">to</w>
     <w lemma="the" pos="d" xml:id="A32581-001-a-7820">the</w>
     <w lemma="king" pos="n2" xml:id="A32581-001-a-7830">Kings</w>
     <w lemma="most" pos="av-s_d" xml:id="A32581-001-a-7840">most</w>
     <w lemma="excellent" pos="j" xml:id="A32581-001-a-7850">Excellent</w>
     <w lemma="majesty" pos="n1" xml:id="A32581-001-a-7860">Majesty</w>
     <pc xml:id="A32581-001-a-7870">,</pc>
     <w lemma="1666." pos="crd" xml:id="A32581-001-a-7880">1666.</w>
     <pc unit="sentence" xml:id="A32581-001-a-7890"/>
    </p>
   </div>
  </back>
 </text>
</TEI>
