<?xml version="1.0" encoding="UTF-8"?>
<?xml-model href="http://schemata.earlyprint.org/schemata/tei_earlyprint.rng" type="application/xml" schematypens="http://relaxng.org/ns/structure/1.0"?>
<TEI xmlns="http://www.tei-c.org/ns/1.0" xml:id="A32567">
 <teiHeader>
  <fileDesc>
   <titleStmt>
    <title>By the King a proclamation for the keeping of markets to supply the city of London with provisions, and also for prevention of alarms and tumults, and for appointing the meeting of merchants.</title>
    <author>England and Wales. Sovereign (1660-1685 : Charles II)</author>
   </titleStmt>
   <editionStmt>
    <edition>This text is an enriched version of the TCP digital transcription A32567 of text R214894 in the <ref target="http;//estc.bl.uk">English Short Title Catalog</ref> (Wing C3491). Textual changes  and metadata enrichments aim at making the                             text more  computationally tractable, easier to read, and suitable for network-based collaborative                              curation by amateur and professional end users from many walks of life.  The text has been tokenized and linguistically annotated with <ref target="http://morphadorner.northwestern.edu/morphadorner/">MorphAdorner</ref>. The annotation includes standard spellings that support the display of a text in                             a standardized format that preserves archaic forms ('loveth', 'seekest').                              Textual changes aim at restoring the text the author or stationer meant to publish.</edition>
    <respStmt>
     <resp>This text has not been fully proofread</resp>
     <name/>
    </respStmt>
   </editionStmt>
   <extent>Approx. 3 KB of XML-encoded text transcribed from 1 1-bit group-IV TIFF page image.</extent>
   <publicationStmt>
    <publisher>EarlyPrint Project</publisher>
    <pubPlace>Evanston,IL, Notre Dame, IN, St. Louis, MO</pubPlace>
    <date>2018</date>
    <idno type="DLPS">A32567</idno>
    <idno type="STC">Wing C3491</idno>
    <idno type="STC">ESTC R214894</idno>
    <idno type="EEBO-CITATION">31354791</idno>
    <idno type="OCLC">ocm 31354791</idno>
    <idno type="VID">110260</idno>
    <availability>
     <p>
            This keyboarded and encoded edition of the work described above is co-owned by the institutions providing financial support to the Early English Books Online Text Creation Partnership. This Phase I text is available for reuse, according to the terms of
            <ref target="https://creativecommons.org/publicdomain/zero/1.0/">Creative Commons 0 1.0 Universal</ref>
            . The text can be copied, modified, distributed and performed, even for commercial purposes, all without asking permission.
          </p>
    </availability>
   </publicationStmt>
   <seriesStmt>
    <title>Early English books online.</title>
   </seriesStmt>
   <notesStmt>
    <note>(EEBO-TCP ; phase 1, no. A32567)</note>
    <note>Transcribed from: (Early English Books Online ; image set 110260)</note>
    <note>Images scanned from microfilm: (Early English books, 1641-1700 ; 1736:20)</note>
   </notesStmt>
   <sourceDesc>
    <biblFull>
     <titleStmt>
      <title>By the King a proclamation for the keeping of markets to supply the city of London with provisions, and also for prevention of alarms and tumults, and for appointing the meeting of merchants.</title>
      <author>England and Wales. Sovereign (1660-1685 : Charles II)</author>
      <author>Charles II, King of England, 1630-1685.</author>
     </titleStmt>
     <extent>1 sheet ([1] p.).</extent>
     <publicationStmt>
      <publisher>Printed by John Bill, and Christopher ...,</publisher>
      <pubPlace>London :</pubPlace>
      <date>1666.</date>
     </publicationStmt>
     <notesStmt>
      <note>"Given at Our Court at Whitehall the sixth day of September 1666. in the Eighteenth year of Our Reign."</note>
      <note>Reproduction of original in the Huntington Library.</note>
     </notesStmt>
    </biblFull>
   </sourceDesc>
  </fileDesc>
  <profileDesc>
   <langUsage>
    <language ident="eng">eng</language>
   </langUsage>
   <textClass>
    <keywords scheme="http://authorities.loc.gov/">
     <term>Markets -- England -- London.</term>
     <term>London (England) -- Economic conditions.</term>
     <term>Broadsides -- London (England) -- 17th century.</term>
    </keywords>
   </textClass>
  </profileDesc>
  <xenoData>
   <ep:epHeader xmlns:ep="http://earlyprint.org/ns/1.0">
    <ep:corpus>eebo</ep:corpus>
    <ep:title>By the King, a proclamation for the keeping of markets to supply the city of London with provisions, and also for prevention of alarms and tumults, an</ep:title>
    <ep:author>England and Wales. Sovereign </ep:author>
    <ep:publicationYear>1666</ep:publicationYear>
    <ep:creationYear/>
    <ep:curator>
     <ep:name/>
    </ep:curator>
    <ep:pageCount>1</ep:pageCount>
    <ep:wordCount>479</ep:wordCount>
    <ep:defectiveTokenCount>0</ep:defectiveTokenCount>
    <ep:untranscribedForeignCount>0</ep:untranscribedForeignCount>
    <ep:untranscribedMathCount>0</ep:untranscribedMathCount>
    <ep:untranscribedMusicCount>0</ep:untranscribedMusicCount>
    <ep:missingChunkCount>0</ep:missingChunkCount>
    <ep:missingPagesCount>0</ep:missingPagesCount>
    <ep:defectRate>0</ep:defectRate>
    <ep:finalGrade>A</ep:finalGrade>
    <ep:defectRangePerGrade>This text  has no known defects that were recorded as gap elements at the time of transcription. </ep:defectRangePerGrade>
   </ep:epHeader>
  </xenoData>
  <revisionDesc>
   <change><date>2008-07</date><label>TCP</label>
        Assigned for keying and markup
      </change>
   <change><date>2008-10</date><label>SPi Global</label>
        Keyed and coded from ProQuest page images
      </change>
   <change><date>2008-11</date><label>John Pas</label>
        Sampled and proofread
      </change>
   <change><date>2008-11</date><label>John Pas</label>
        Text and markup reviewed and edited
      </change>
   <change><date>2009-02</date><label>pfs</label>
        Batch review (QC) and XML conversion
      </change>
  </revisionDesc>
 </teiHeader>
 <text xml:id="A32567-t">
  <body xml:id="A32567-e0">
   <div type="proclamation" xml:id="A32567-e10">
    <pb facs="tcp:110260:1" rendition="simple:additions" xml:id="A32567-001-a"/>
    <byline xml:id="A32567-e20">
     <w lemma="by" pos="acp" xml:id="A32567-001-a-0010">By</w>
     <w lemma="the" pos="d" xml:id="A32567-001-a-0020">the</w>
     <w lemma="king" pos="n1" xml:id="A32567-001-a-0030">King</w>
     <pc xml:id="A32567-001-a-0040">,</pc>
    </byline>
    <head xml:id="A32567-e30">
     <w lemma="a" pos="d" xml:id="A32567-001-a-0050">A</w>
     <w lemma="proclamation" pos="n1" xml:id="A32567-001-a-0060">PROCLAMATION</w>
     <w lemma="for" pos="acp" xml:id="A32567-001-a-0070">For</w>
     <w lemma="the" pos="d" xml:id="A32567-001-a-0080">the</w>
     <w lemma="keep" pos="n1_vg" xml:id="A32567-001-a-0090">keeping</w>
     <w lemma="of" pos="acp" xml:id="A32567-001-a-0100">of</w>
     <w lemma="market" pos="n2" xml:id="A32567-001-a-0110">Markets</w>
     <w lemma="to" pos="to" xml:id="A32567-001-a-0120">to</w>
     <w lemma="supply" pos="vvi" xml:id="A32567-001-a-0130">supply</w>
     <w lemma="the" pos="d" xml:id="A32567-001-a-0140">the</w>
     <w lemma="city" pos="n1" xml:id="A32567-001-a-0150">City</w>
     <w lemma="of" pos="acp" xml:id="A32567-001-a-0160">of</w>
     <hi xml:id="A32567-e40">
      <w lemma="London" pos="n1-nn" xml:id="A32567-001-a-0170">London</w>
     </hi>
     <w lemma="with" pos="acp" xml:id="A32567-001-a-0180">with</w>
     <w lemma="provision" pos="n2" xml:id="A32567-001-a-0190">Provisions</w>
     <pc xml:id="A32567-001-a-0200">,</pc>
     <w lemma="and" pos="cc" xml:id="A32567-001-a-0210">and</w>
     <w lemma="also" pos="av" xml:id="A32567-001-a-0220">also</w>
     <w lemma="for" pos="acp" xml:id="A32567-001-a-0230">for</w>
     <w lemma="prevention" pos="n1" xml:id="A32567-001-a-0240">prevention</w>
     <w lemma="of" pos="acp" xml:id="A32567-001-a-0250">of</w>
     <w lemma="alarm" pos="n2" xml:id="A32567-001-a-0260">Alarms</w>
     <w lemma="and" pos="cc" xml:id="A32567-001-a-0270">and</w>
     <w lemma="tumult" pos="n2" xml:id="A32567-001-a-0280">Tumults</w>
     <pc xml:id="A32567-001-a-0290">,</pc>
     <w lemma="and" pos="cc" xml:id="A32567-001-a-0300">and</w>
     <w lemma="for" pos="acp" xml:id="A32567-001-a-0310">for</w>
     <w lemma="appoint" pos="vvg" xml:id="A32567-001-a-0320">appointing</w>
     <w lemma="the" pos="d" xml:id="A32567-001-a-0330">the</w>
     <w lemma="meeting" pos="n1" xml:id="A32567-001-a-0340">Meeting</w>
     <w lemma="of" pos="acp" xml:id="A32567-001-a-0350">of</w>
     <w lemma="merchant" pos="n2" xml:id="A32567-001-a-0360">Merchants</w>
     <pc unit="sentence" xml:id="A32567-001-a-0370">.</pc>
    </head>
    <opener xml:id="A32567-e50">
     <signed xml:id="A32567-e60">
      <w lemma="CHARLES" pos="n1-nn" xml:id="A32567-001-a-0380">CHARLES</w>
      <w lemma="r." pos="ab" xml:id="A32567-001-a-0390">R.</w>
      <pc unit="sentence" xml:id="A32567-001-a-0400"/>
     </signed>
    </opener>
    <p xml:id="A32567-e70">
     <w lemma="whereas" pos="cs" xml:id="A32567-001-a-0410">WHereas</w>
     <w lemma="most" pos="d-s" xml:id="A32567-001-a-0420">most</w>
     <w lemma="of" pos="acp" xml:id="A32567-001-a-0430">of</w>
     <w lemma="the" pos="d" xml:id="A32567-001-a-0440">the</w>
     <w lemma="place" pos="n2" xml:id="A32567-001-a-0450">places</w>
     <w lemma="wherein" pos="crq" xml:id="A32567-001-a-0460">wherein</w>
     <w lemma="market" pos="n2" xml:id="A32567-001-a-0470">Markets</w>
     <w lemma="be" pos="vvd" xml:id="A32567-001-a-0480">were</w>
     <w lemma="keep" pos="vvn" xml:id="A32567-001-a-0490">kept</w>
     <w lemma="in" pos="acp" xml:id="A32567-001-a-0500">in</w>
     <w lemma="our" pos="po" xml:id="A32567-001-a-0510">our</w>
     <w lemma="city" pos="n1" xml:id="A32567-001-a-0520">City</w>
     <w lemma="of" pos="acp" xml:id="A32567-001-a-0530">of</w>
     <w lemma="London" pos="n1-nn" xml:id="A32567-001-a-0540">London</w>
     <w lemma="be" pos="vvb" xml:id="A32567-001-a-0550">are</w>
     <w lemma="destroy" pos="vvn" xml:id="A32567-001-a-0560">destroyed</w>
     <w lemma="by" pos="acp" xml:id="A32567-001-a-0570">by</w>
     <w lemma="the" pos="d" xml:id="A32567-001-a-0580">the</w>
     <w lemma="late" pos="j" xml:id="A32567-001-a-0590">late</w>
     <w lemma="fire" pos="n1" xml:id="A32567-001-a-0600">fire</w>
     <pc xml:id="A32567-001-a-0610">,</pc>
     <w lemma="we" pos="pns" xml:id="A32567-001-a-0620">We</w>
     <w lemma="be" pos="vvb" xml:id="A32567-001-a-0630">are</w>
     <w lemma="desirous" pos="j" xml:id="A32567-001-a-0640">desirous</w>
     <pc xml:id="A32567-001-a-0650">,</pc>
     <w lemma="that" pos="cs" xml:id="A32567-001-a-0660">That</w>
     <w lemma="our" pos="po" xml:id="A32567-001-a-0670">Our</w>
     <w lemma="love" pos="j_vg" xml:id="A32567-001-a-0680">loving</w>
     <w lemma="subject" pos="n2" xml:id="A32567-001-a-0690">Subjects</w>
     <w lemma="may" pos="vmb" xml:id="A32567-001-a-0700">may</w>
     <w lemma="nevertheless" pos="av" xml:id="A32567-001-a-0710">nevertheless</w>
     <w lemma="be" pos="vvi" xml:id="A32567-001-a-0720">be</w>
     <w lemma="furnish" pos="vvn" xml:id="A32567-001-a-0730">furnished</w>
     <w lemma="with" pos="acp" xml:id="A32567-001-a-0740">with</w>
     <w lemma="a" pos="d" xml:id="A32567-001-a-0750">a</w>
     <w lemma="constant" pos="j" xml:id="A32567-001-a-0760">constant</w>
     <w lemma="supply" pos="n1" xml:id="A32567-001-a-0770">Supply</w>
     <w lemma="of" pos="acp" xml:id="A32567-001-a-0780">of</w>
     <w lemma="provision" pos="n2" xml:id="A32567-001-a-0790">Provisions</w>
     <pc xml:id="A32567-001-a-0800">,</pc>
     <w lemma="as" pos="acp" xml:id="A32567-001-a-0810">as</w>
     <w lemma="well" pos="av" xml:id="A32567-001-a-0820">well</w>
     <w lemma="as" pos="acp" xml:id="A32567-001-a-0830">as</w>
     <w lemma="the" pos="d" xml:id="A32567-001-a-0840">the</w>
     <w lemma="present" pos="j" xml:id="A32567-001-a-0850">present</w>
     <w lemma="exigency" pos="n1" xml:id="A32567-001-a-0860">Exigency</w>
     <w lemma="will" pos="vmb" xml:id="A32567-001-a-0870">will</w>
     <w lemma="permit" pos="vvi" xml:id="A32567-001-a-0880">permit</w>
     <pc xml:id="A32567-001-a-0890">:</pc>
     <w lemma="it" pos="pn" xml:id="A32567-001-a-0900">It</w>
     <w lemma="be" pos="vvz" xml:id="A32567-001-a-0910">is</w>
     <w lemma="therefore" pos="av" xml:id="A32567-001-a-0920">therefore</w>
     <w lemma="our" pos="po" xml:id="A32567-001-a-0930">Our</w>
     <w lemma="will" pos="n1" xml:id="A32567-001-a-0940">will</w>
     <w lemma="and" pos="cc" xml:id="A32567-001-a-0950">and</w>
     <w lemma="pleasure" pos="n1" xml:id="A32567-001-a-0960">pleasure</w>
     <pc xml:id="A32567-001-a-0970">,</pc>
     <w lemma="that" pos="cs" xml:id="A32567-001-a-0980">That</w>
     <w lemma="market" pos="n2" xml:id="A32567-001-a-0990">Markets</w>
     <w lemma="be" pos="vvb" xml:id="A32567-001-a-1000">be</w>
     <w lemma="keep" pos="vvn" xml:id="A32567-001-a-1010">kept</w>
     <w lemma="and" pos="cc" xml:id="A32567-001-a-1020">and</w>
     <w lemma="hold" pos="vvn" xml:id="A32567-001-a-1030">held</w>
     <w lemma="within" pos="acp-av" xml:id="A32567-001-a-1040">within</w>
     <w lemma="and" pos="cc" xml:id="A32567-001-a-1050">and</w>
     <w lemma="without" pos="acp" xml:id="A32567-001-a-1060">without</w>
     <w lemma="Bishopsgate" pos="n1-nn" reg="Bishopsgate" xml:id="A32567-001-a-1070">Bishops-gate</w>
     <pc xml:id="A32567-001-a-1080">,</pc>
     <w lemma="at" pos="acp" xml:id="A32567-001-a-1090">at</w>
     <w lemma="tower-hill" pos="n1" reg="Tower-hill" xml:id="A32567-001-a-1100">Towerhill</w>
     <pc xml:id="A32567-001-a-1110">,</pc>
     <w lemma="and" pos="cc" xml:id="A32567-001-a-1120">and</w>
     <w lemma="Smithfield" pos="n1-nn" xml:id="A32567-001-a-1130">Smithfield</w>
     <w lemma="every" pos="d" xml:id="A32567-001-a-1140">every</w>
     <w lemma="day" pos="n1" xml:id="A32567-001-a-1150">day</w>
     <w lemma="of" pos="acp" xml:id="A32567-001-a-1160">of</w>
     <w lemma="the" pos="d" xml:id="A32567-001-a-1170">the</w>
     <w lemma="week" pos="n1" xml:id="A32567-001-a-1180">week</w>
     <pc xml:id="A32567-001-a-1190">,</pc>
     <w lemma="and" pos="cc" xml:id="A32567-001-a-1200">and</w>
     <w lemma="also" pos="av" xml:id="A32567-001-a-1210">also</w>
     <w lemma="continue" pos="vvn" xml:id="A32567-001-a-1220">continued</w>
     <w lemma="in" pos="acp" xml:id="A32567-001-a-1230">in</w>
     <w lemma="leaden-hall-street" pos="n1" xml:id="A32567-001-a-1240">Leaden-hall-street</w>
     <w lemma="upon" pos="acp" xml:id="A32567-001-a-1250">upon</w>
     <w lemma="the" pos="d" xml:id="A32567-001-a-1260">the</w>
     <w lemma="day" pos="n2" reg="days" xml:id="A32567-001-a-1270">daies</w>
     <w lemma="wherein" pos="crq" xml:id="A32567-001-a-1280">wherein</w>
     <w lemma="they" pos="pns" xml:id="A32567-001-a-1290">they</w>
     <w lemma="have" pos="vvb" xml:id="A32567-001-a-1300">have</w>
     <w lemma="be" pos="vvn" xml:id="A32567-001-a-1310">been</w>
     <w lemma="accustom" pos="vvn" xml:id="A32567-001-a-1320">accustomed</w>
     <w lemma="to" pos="to" xml:id="A32567-001-a-1330">to</w>
     <w lemma="be" pos="vvi" xml:id="A32567-001-a-1340">be</w>
     <w lemma="hold" pos="vvn" xml:id="A32567-001-a-1350">held</w>
     <pc unit="sentence" xml:id="A32567-001-a-1360">.</pc>
     <w lemma="require" pos="vvg" xml:id="A32567-001-a-1370">Requiring</w>
     <w lemma="all" pos="d" xml:id="A32567-001-a-1380">all</w>
     <w lemma="person" pos="n2" xml:id="A32567-001-a-1390">persons</w>
     <w lemma="who" pos="crq-ro" xml:id="A32567-001-a-1400">whom</w>
     <w lemma="it" pos="pn" xml:id="A32567-001-a-1410">it</w>
     <w lemma="may" pos="vmb" xml:id="A32567-001-a-1420">may</w>
     <w lemma="concern" pos="vvi" xml:id="A32567-001-a-1430">concern</w>
     <pc xml:id="A32567-001-a-1440">,</pc>
     <w lemma="due" pos="av_j" reg="duly" xml:id="A32567-001-a-1450">duely</w>
     <w lemma="and" pos="cc" xml:id="A32567-001-a-1460">and</w>
     <w lemma="constant" pos="av_j" xml:id="A32567-001-a-1470">constantly</w>
     <w lemma="to" pos="to" xml:id="A32567-001-a-1480">to</w>
     <w lemma="resort" pos="vvi" xml:id="A32567-001-a-1490">resort</w>
     <w lemma="unto" pos="acp" xml:id="A32567-001-a-1500">unto</w>
     <w lemma="the" pos="d" xml:id="A32567-001-a-1510">the</w>
     <w lemma="place" pos="n2" xml:id="A32567-001-a-1520">places</w>
     <pc xml:id="A32567-001-a-1530">,</pc>
     <w lemma="and" pos="cc" xml:id="A32567-001-a-1540">and</w>
     <w lemma="at" pos="acp" xml:id="A32567-001-a-1550">at</w>
     <w lemma="the" pos="d" xml:id="A32567-001-a-1560">the</w>
     <w lemma="time" pos="n2" xml:id="A32567-001-a-1570">times</w>
     <w lemma="above" pos="acp-av" xml:id="A32567-001-a-1580">above</w>
     <w lemma="mention" pos="vvn" xml:id="A32567-001-a-1590">mentioned</w>
     <pc xml:id="A32567-001-a-1600">,</pc>
     <w lemma="we" pos="pns" xml:id="A32567-001-a-1610">We</w>
     <w lemma="have" pos="vvg" xml:id="A32567-001-a-1620">having</w>
     <w lemma="take" pos="vvn" xml:id="A32567-001-a-1630">taken</w>
     <w lemma="care" pos="n1" xml:id="A32567-001-a-1640">care</w>
     <w lemma="to" pos="to" xml:id="A32567-001-a-1650">to</w>
     <w lemma="secure" pos="vvi" xml:id="A32567-001-a-1660">secure</w>
     <w lemma="the" pos="d" xml:id="A32567-001-a-1670">the</w>
     <w lemma="say" pos="vvn" xml:id="A32567-001-a-1680">said</w>
     <w lemma="market" pos="n2" xml:id="A32567-001-a-1690">Markets</w>
     <w lemma="in" pos="acp" xml:id="A32567-001-a-1700">in</w>
     <w lemma="safety" pos="n1" xml:id="A32567-001-a-1710">safety</w>
     <pc xml:id="A32567-001-a-1720">,</pc>
     <w lemma="and" pos="cc" xml:id="A32567-001-a-1730">and</w>
     <w lemma="prevent" pos="vvi" xml:id="A32567-001-a-1740">prevent</w>
     <w lemma="all" pos="d" xml:id="A32567-001-a-1750">all</w>
     <w lemma="disturbance" pos="n2" xml:id="A32567-001-a-1760">disturbances</w>
     <w lemma="by" pos="acp" xml:id="A32567-001-a-1770">by</w>
     <w lemma="refusal" pos="n1" xml:id="A32567-001-a-1780">refusal</w>
     <w lemma="of" pos="acp" xml:id="A32567-001-a-1790">of</w>
     <w lemma="payment" pos="n1" xml:id="A32567-001-a-1800">payment</w>
     <w lemma="for" pos="acp" xml:id="A32567-001-a-1810">for</w>
     <w lemma="their" pos="po" xml:id="A32567-001-a-1820">their</w>
     <w lemma="good" pos="n2_j" xml:id="A32567-001-a-1830">Goods</w>
     <pc xml:id="A32567-001-a-1840">,</pc>
     <w lemma="or" pos="cc" xml:id="A32567-001-a-1850">or</w>
     <w lemma="otherwise" pos="av" xml:id="A32567-001-a-1860">otherwise</w>
     <pc unit="sentence" xml:id="A32567-001-a-1870">.</pc>
     <w lemma="and" pos="cc" xml:id="A32567-001-a-1880">And</w>
     <w lemma="we" pos="pns" xml:id="A32567-001-a-1890">We</w>
     <w lemma="do" pos="vvb" xml:id="A32567-001-a-1900">do</w>
     <w lemma="further" pos="j-c" xml:id="A32567-001-a-1910">further</w>
     <w lemma="charge" pos="n1" xml:id="A32567-001-a-1920">charge</w>
     <w lemma="and" pos="cc" xml:id="A32567-001-a-1930">and</w>
     <w lemma="command" pos="vvi" xml:id="A32567-001-a-1940">command</w>
     <w lemma="all" pos="d" xml:id="A32567-001-a-1950">all</w>
     <w lemma="mayor" pos="n2" xml:id="A32567-001-a-1960">Mayors</w>
     <pc xml:id="A32567-001-a-1970">,</pc>
     <w lemma="sheriff" pos="n2" xml:id="A32567-001-a-1980">Sheriffs</w>
     <pc xml:id="A32567-001-a-1990">,</pc>
     <w lemma="justice" pos="n2" reg="justices" xml:id="A32567-001-a-2000">Iustices</w>
     <w lemma="of" pos="acp" xml:id="A32567-001-a-2010">of</w>
     <w lemma="the" pos="d" xml:id="A32567-001-a-2020">the</w>
     <w lemma="peace" pos="n1" xml:id="A32567-001-a-2030">Peace</w>
     <pc xml:id="A32567-001-a-2040">,</pc>
     <w lemma="and" pos="cc" xml:id="A32567-001-a-2050">and</w>
     <w lemma="other" pos="d" xml:id="A32567-001-a-2060">other</w>
     <w lemma="our" pos="po" xml:id="A32567-001-a-2070">Our</w>
     <w lemma="officer" pos="n2" xml:id="A32567-001-a-2080">Officers</w>
     <w lemma="and" pos="cc" xml:id="A32567-001-a-2090">and</w>
     <w lemma="minister" pos="n2" xml:id="A32567-001-a-2100">Ministers</w>
     <w lemma="within" pos="acp" xml:id="A32567-001-a-2110">within</w>
     <w lemma="the" pos="d" xml:id="A32567-001-a-2120">the</w>
     <w lemma="county" pos="n2" xml:id="A32567-001-a-2130">Counties</w>
     <w lemma="from" pos="acp" xml:id="A32567-001-a-2140">from</w>
     <w lemma="whence" pos="crq" xml:id="A32567-001-a-2150">whence</w>
     <w lemma="provision" pos="n2" xml:id="A32567-001-a-2160">Provisions</w>
     <w lemma="be" pos="vvb" xml:id="A32567-001-a-2170">are</w>
     <w lemma="or" pos="cc" xml:id="A32567-001-a-2180">or</w>
     <w lemma="have" pos="vvb" xml:id="A32567-001-a-2190">have</w>
     <w lemma="be" pos="vvn" xml:id="A32567-001-a-2200">been</w>
     <w lemma="usual" pos="av_j" xml:id="A32567-001-a-2210">usually</w>
     <w lemma="bring" pos="vvn" xml:id="A32567-001-a-2220">brought</w>
     <w lemma="to" pos="acp" xml:id="A32567-001-a-2230">to</w>
     <w lemma="our" pos="po" xml:id="A32567-001-a-2240">Our</w>
     <w lemma="say" pos="j_vn" xml:id="A32567-001-a-2250">said</w>
     <w lemma="city" pos="n1" xml:id="A32567-001-a-2260">City</w>
     <w lemma="of" pos="acp" xml:id="A32567-001-a-2270">of</w>
     <w lemma="London" pos="n1-nn" xml:id="A32567-001-a-2280">London</w>
     <pc xml:id="A32567-001-a-2290">,</pc>
     <w lemma="to" pos="to" xml:id="A32567-001-a-2300">to</w>
     <w lemma="take" pos="vvi" xml:id="A32567-001-a-2310">take</w>
     <w lemma="notice" pos="n1" xml:id="A32567-001-a-2320">notice</w>
     <w lemma="of" pos="acp" xml:id="A32567-001-a-2330">of</w>
     <w lemma="this" pos="d" xml:id="A32567-001-a-2340">this</w>
     <w lemma="our" pos="po" xml:id="A32567-001-a-2350">Our</w>
     <w lemma="will" pos="n1" xml:id="A32567-001-a-2360">Will</w>
     <w lemma="and" pos="cc" xml:id="A32567-001-a-2370">and</w>
     <w lemma="pleasure" pos="n1" xml:id="A32567-001-a-2380">pleasure</w>
     <pc xml:id="A32567-001-a-2390">,</pc>
     <w lemma="and" pos="cc" xml:id="A32567-001-a-2400">and</w>
     <w lemma="to" pos="to" xml:id="A32567-001-a-2410">to</w>
     <w lemma="use" pos="vvi" xml:id="A32567-001-a-2420">use</w>
     <w lemma="their" pos="po" xml:id="A32567-001-a-2430">their</w>
     <w lemma="utmost" pos="j" xml:id="A32567-001-a-2440">utmost</w>
     <w lemma="diligence" pos="n1" xml:id="A32567-001-a-2450">diligence</w>
     <w lemma="and" pos="cc" xml:id="A32567-001-a-2460">and</w>
     <w lemma="authority" pos="n1" xml:id="A32567-001-a-2470">Authority</w>
     <w lemma="to" pos="to" xml:id="A32567-001-a-2480">to</w>
     <w lemma="see" pos="vvi" xml:id="A32567-001-a-2490">see</w>
     <w lemma="the" pos="d" xml:id="A32567-001-a-2500">the</w>
     <w lemma="same" pos="d" xml:id="A32567-001-a-2510">same</w>
     <w lemma="perform" pos="vvd" xml:id="A32567-001-a-2520">performed</w>
     <w lemma="according" pos="av_j" xml:id="A32567-001-a-2530">accordingly</w>
     <pc unit="sentence" xml:id="A32567-001-a-2540">.</pc>
    </p>
    <p xml:id="A32567-e80">
     <w lemma="and" pos="cc" xml:id="A32567-001-a-2550">And</w>
     <w lemma="whereas" pos="cs" xml:id="A32567-001-a-2560">whereas</w>
     <w lemma="through" pos="acp" xml:id="A32567-001-a-2570">through</w>
     <w lemma="the" pos="d" xml:id="A32567-001-a-2580">the</w>
     <w lemma="temerity" pos="n1" xml:id="A32567-001-a-2590">temerity</w>
     <w lemma="and" pos="cc" xml:id="A32567-001-a-2600">and</w>
     <w lemma="unadvisedness" pos="n1" xml:id="A32567-001-a-2610">unadvisedness</w>
     <w lemma="of" pos="acp" xml:id="A32567-001-a-2620">of</w>
     <w lemma="some" pos="d" xml:id="A32567-001-a-2630">some</w>
     <w lemma="person" pos="n2" xml:id="A32567-001-a-2640">persons</w>
     <pc xml:id="A32567-001-a-2650">,</pc>
     <w lemma="groundless" pos="j" xml:id="A32567-001-a-2660">groundless</w>
     <w lemma="fear" pos="n2" xml:id="A32567-001-a-2670">fears</w>
     <w lemma="and" pos="cc" xml:id="A32567-001-a-2680">and</w>
     <w lemma="apprehension" pos="n2" xml:id="A32567-001-a-2690">apprehensions</w>
     <w lemma="have" pos="vvb" xml:id="A32567-001-a-2700">have</w>
     <w lemma="be" pos="vvn" xml:id="A32567-001-a-2710">been</w>
     <w lemma="and" pos="cc" xml:id="A32567-001-a-2720">and</w>
     <w lemma="may" pos="vmb" xml:id="A32567-001-a-2730">may</w>
     <w lemma="be" pos="vvi" xml:id="A32567-001-a-2740">be</w>
     <w lemma="cast" pos="vvn" xml:id="A32567-001-a-2750">cast</w>
     <w lemma="into" pos="acp" xml:id="A32567-001-a-2760">into</w>
     <w lemma="the" pos="d" xml:id="A32567-001-a-2770">the</w>
     <w lemma="mind" pos="n2" xml:id="A32567-001-a-2780">minds</w>
     <w lemma="of" pos="acp" xml:id="A32567-001-a-2790">of</w>
     <w lemma="our" pos="po" xml:id="A32567-001-a-2800">our</w>
     <w lemma="people" pos="n1" xml:id="A32567-001-a-2810">people</w>
     <pc xml:id="A32567-001-a-2820">,</pc>
     <w lemma="to" pos="to" xml:id="A32567-001-a-2830">to</w>
     <w lemma="prevent" pos="vvi" xml:id="A32567-001-a-2840">prevent</w>
     <w lemma="all" pos="d" xml:id="A32567-001-a-2850">all</w>
     <w lemma="tumult" pos="n2" xml:id="A32567-001-a-2860">Tumults</w>
     <w lemma="and" pos="cc" xml:id="A32567-001-a-2870">and</w>
     <w lemma="disorder" pos="n2" xml:id="A32567-001-a-2880">Disorders</w>
     <w lemma="which" pos="crq" xml:id="A32567-001-a-2890">which</w>
     <w lemma="may" pos="vmb" xml:id="A32567-001-a-2900">may</w>
     <w lemma="thereby" pos="av" xml:id="A32567-001-a-2910">thereby</w>
     <w lemma="or" pos="cc" xml:id="A32567-001-a-2920">or</w>
     <w lemma="otherwise" pos="av" xml:id="A32567-001-a-2930">otherwise</w>
     <w lemma="arise" pos="vvi" xml:id="A32567-001-a-2940">arise</w>
     <pc xml:id="A32567-001-a-2950">,</pc>
     <w lemma="it" pos="pn" xml:id="A32567-001-a-2960">it</w>
     <w lemma="be" pos="vvz" xml:id="A32567-001-a-2970">is</w>
     <w lemma="our" pos="po" xml:id="A32567-001-a-2980">Our</w>
     <w lemma="will" pos="n1" xml:id="A32567-001-a-2990">Will</w>
     <w lemma="and" pos="cc" xml:id="A32567-001-a-3000">and</w>
     <w lemma="pleasure" pos="n1" xml:id="A32567-001-a-3010">pleasure</w>
     <pc xml:id="A32567-001-a-3020">,</pc>
     <w lemma="that" pos="cs" xml:id="A32567-001-a-3030">That</w>
     <w lemma="upon" pos="acp" xml:id="A32567-001-a-3040">upon</w>
     <w lemma="any" pos="d" xml:id="A32567-001-a-3050">any</w>
     <w lemma="alarm" pos="n1" xml:id="A32567-001-a-3060">Alarm</w>
     <w lemma="raise" pos="vvn" xml:id="A32567-001-a-3070">raised</w>
     <w lemma="or" pos="cc" xml:id="A32567-001-a-3080">or</w>
     <w lemma="take" pos="vvn" xml:id="A32567-001-a-3090">taken</w>
     <pc xml:id="A32567-001-a-3100">,</pc>
     <w lemma="no" pos="d-x" xml:id="A32567-001-a-3110">no</w>
     <w lemma="man" pos="n1" xml:id="A32567-001-a-3120">man</w>
     <w lemma="stir" pos="vvi" xml:id="A32567-001-a-3130">stir</w>
     <w lemma="or" pos="cc" xml:id="A32567-001-a-3140">or</w>
     <w lemma="disquiet" pos="vvi" xml:id="A32567-001-a-3150">disquiet</w>
     <w lemma="himself" pos="px" xml:id="A32567-001-a-3160">himself</w>
     <w lemma="by" pos="acp" xml:id="A32567-001-a-3170">by</w>
     <w lemma="reason" pos="n1" xml:id="A32567-001-a-3180">reason</w>
     <w lemma="thereof" pos="av" xml:id="A32567-001-a-3190">thereof</w>
     <pc xml:id="A32567-001-a-3200">,</pc>
     <w lemma="but" pos="acp" xml:id="A32567-001-a-3210">but</w>
     <w lemma="only" pos="av_j" xml:id="A32567-001-a-3220">only</w>
     <w lemma="attend" pos="vvi" xml:id="A32567-001-a-3230">attend</w>
     <w lemma="the" pos="d" xml:id="A32567-001-a-3240">the</w>
     <w lemma="business" pos="n1" xml:id="A32567-001-a-3250">business</w>
     <w lemma="of" pos="acp" xml:id="A32567-001-a-3260">of</w>
     <w lemma="quench" pos="vvg" xml:id="A32567-001-a-3270">quenching</w>
     <w lemma="the" pos="d" xml:id="A32567-001-a-3280">the</w>
     <w lemma="fire" pos="n1" xml:id="A32567-001-a-3290">fire</w>
     <pc xml:id="A32567-001-a-3300">,</pc>
     <w lemma="we" pos="pns" xml:id="A32567-001-a-3310">We</w>
     <w lemma="have" pos="vvg" xml:id="A32567-001-a-3320">having</w>
     <w lemma="in" pos="acp" xml:id="A32567-001-a-3330">in</w>
     <w lemma="our" pos="po" xml:id="A32567-001-a-3340">our</w>
     <w lemma="princely" pos="j" xml:id="A32567-001-a-3350">Princely</w>
     <w lemma="care" pos="n1" xml:id="A32567-001-a-3360">Care</w>
     <w lemma="take" pos="vvn" xml:id="A32567-001-a-3370">taken</w>
     <w lemma="order" pos="n1" xml:id="A32567-001-a-3380">order</w>
     <w lemma="to" pos="to" xml:id="A32567-001-a-3390">to</w>
     <w lemma="draw" pos="vvi" xml:id="A32567-001-a-3400">draw</w>
     <w lemma="together" pos="av" xml:id="A32567-001-a-3410">together</w>
     <w lemma="such" pos="d" xml:id="A32567-001-a-3420">such</w>
     <w lemma="a" pos="d" xml:id="A32567-001-a-3430">a</w>
     <w lemma="sufficient" pos="j" xml:id="A32567-001-a-3440">sufficient</w>
     <w lemma="force" pos="n1" xml:id="A32567-001-a-3450">force</w>
     <w lemma="both" pos="av_d" xml:id="A32567-001-a-3460">both</w>
     <w lemma="of" pos="acp" xml:id="A32567-001-a-3470">of</w>
     <w lemma="horse" pos="n1" xml:id="A32567-001-a-3480">Horse</w>
     <w lemma="and" pos="cc" xml:id="A32567-001-a-3490">and</w>
     <w lemma="foot" pos="n1" xml:id="A32567-001-a-3500">Foot</w>
     <w lemma="in" pos="acp" xml:id="A32567-001-a-3510">in</w>
     <w lemma="and" pos="cc" xml:id="A32567-001-a-3520">and</w>
     <w lemma="about" pos="acp-av" xml:id="A32567-001-a-3530">about</w>
     <w lemma="our" pos="po" xml:id="A32567-001-a-3540">Our</w>
     <w lemma="say" pos="j_vn" xml:id="A32567-001-a-3550">said</w>
     <w lemma="city" pos="n1" xml:id="A32567-001-a-3560">City</w>
     <pc xml:id="A32567-001-a-3570">,</pc>
     <w lemma="as" pos="acp" xml:id="A32567-001-a-3580">as</w>
     <w lemma="may" pos="vmb" xml:id="A32567-001-a-3590">may</w>
     <w lemma="abundant" pos="av_j" xml:id="A32567-001-a-3600">abundantly</w>
     <w lemma="secure" pos="vvi" xml:id="A32567-001-a-3610">secure</w>
     <w lemma="the" pos="d" xml:id="A32567-001-a-3620">the</w>
     <w lemma="peace" pos="n1" xml:id="A32567-001-a-3630">peace</w>
     <w lemma="and" pos="cc" xml:id="A32567-001-a-3640">and</w>
     <w lemma="safety" pos="n1" xml:id="A32567-001-a-3650">safety</w>
     <w lemma="thereof" pos="av" xml:id="A32567-001-a-3660">thereof</w>
     <pc xml:id="A32567-001-a-3670">,</pc>
     <w lemma="and" pos="cc" xml:id="A32567-001-a-3680">and</w>
     <w lemma="prevent" pos="vvi" xml:id="A32567-001-a-3690">prevent</w>
     <w lemma="or" pos="cc" xml:id="A32567-001-a-3700">or</w>
     <w lemma="repress" pos="vvi" xml:id="A32567-001-a-3710">repress</w>
     <w lemma="any" pos="d" xml:id="A32567-001-a-3720">any</w>
     <w lemma="attempt" pos="n2" reg="Attempts" xml:id="A32567-001-a-3730">Attemps</w>
     <w lemma="whatsoever" pos="crq" xml:id="A32567-001-a-3740">whatsoever</w>
     <w lemma="that" pos="d" xml:id="A32567-001-a-3750">that</w>
     <w lemma="can" pos="vmb" xml:id="A32567-001-a-3760">can</w>
     <w lemma="be" pos="vvi" xml:id="A32567-001-a-3770">be</w>
     <w lemma="make" pos="vvn" xml:id="A32567-001-a-3780">made</w>
     <w lemma="to" pos="to" xml:id="A32567-001-a-3790">to</w>
     <w lemma="disturb" pos="vvi" reg="disturb" xml:id="A32567-001-a-3800">disturbe</w>
     <w lemma="the" pos="d" xml:id="A32567-001-a-3810">the</w>
     <w lemma="same" pos="d" xml:id="A32567-001-a-3820">same</w>
     <pc unit="sentence" xml:id="A32567-001-a-3830">.</pc>
    </p>
    <p xml:id="A32567-e90">
     <w lemma="and" pos="cc" xml:id="A32567-001-a-3840">And</w>
     <w lemma="whereas" pos="cs" xml:id="A32567-001-a-3850">whereas</w>
     <w lemma="the" pos="d" xml:id="A32567-001-a-3860">the</w>
     <w lemma="royal" pos="j" xml:id="A32567-001-a-3870">Royal</w>
     <w lemma="exchange" pos="n1" xml:id="A32567-001-a-3880">Exchange</w>
     <w lemma="be" pos="vvz" xml:id="A32567-001-a-3890">is</w>
     <w lemma="demolish" pos="vvn" xml:id="A32567-001-a-3900">demolished</w>
     <w lemma="and" pos="cc" xml:id="A32567-001-a-3910">and</w>
     <w lemma="burn" pos="vvn" xml:id="A32567-001-a-3920">burned</w>
     <w lemma="down" pos="acp-av" xml:id="A32567-001-a-3930">down</w>
     <w lemma="by" pos="acp" xml:id="A32567-001-a-3940">by</w>
     <w lemma="the" pos="d" xml:id="A32567-001-a-3950">the</w>
     <w lemma="late" pos="j" xml:id="A32567-001-a-3960">late</w>
     <w lemma="fire" pos="n1" xml:id="A32567-001-a-3970">fire</w>
     <pc xml:id="A32567-001-a-3980">,</pc>
     <w lemma="it" pos="pn" xml:id="A32567-001-a-3990">It</w>
     <w lemma="be" pos="vvz" xml:id="A32567-001-a-4000">is</w>
     <w lemma="our" pos="po" xml:id="A32567-001-a-4010">Our</w>
     <w lemma="pleasure" pos="n1" xml:id="A32567-001-a-4020">pleasure</w>
     <pc xml:id="A32567-001-a-4030">,</pc>
     <w lemma="that" pos="cs" xml:id="A32567-001-a-4040">that</w>
     <w lemma="Gresham" pos="n1-nn" xml:id="A32567-001-a-4050">Gresham</w>
     <w lemma="college" pos="n1" reg="College" xml:id="A32567-001-a-4060">Colledge</w>
     <w lemma="in" pos="acp" xml:id="A32567-001-a-4070">in</w>
     <w lemma="Bishopsgate" pos="n1-nn" reg="Bishopsgate" xml:id="A32567-001-a-4080">Bishops-gate</w>
     <w lemma="street" pos="n1" xml:id="A32567-001-a-4090">street</w>
     <w lemma="be" pos="vvi" xml:id="A32567-001-a-4100">be</w>
     <w lemma="for" pos="acp" xml:id="A32567-001-a-4110">for</w>
     <w lemma="the" pos="d" xml:id="A32567-001-a-4120">the</w>
     <w lemma="present" pos="j" xml:id="A32567-001-a-4130">present</w>
     <w lemma="the" pos="d" xml:id="A32567-001-a-4140">the</w>
     <w lemma="place" pos="n1" xml:id="A32567-001-a-4150">place</w>
     <w lemma="for" pos="acp" xml:id="A32567-001-a-4160">for</w>
     <w lemma="the" pos="d" xml:id="A32567-001-a-4170">the</w>
     <w lemma="usual" pos="j" xml:id="A32567-001-a-4180">usual</w>
     <w lemma="meeting" pos="n1" xml:id="A32567-001-a-4190">meeting</w>
     <w lemma="and" pos="cc" xml:id="A32567-001-a-4200">and</w>
     <w lemma="assemble" pos="vvg" xml:id="A32567-001-a-4210">assembling</w>
     <w lemma="of" pos="acp" xml:id="A32567-001-a-4220">of</w>
     <w lemma="merchant" pos="n2" xml:id="A32567-001-a-4230">Merchants</w>
     <w lemma="in" pos="acp" xml:id="A32567-001-a-4240">in</w>
     <w lemma="the" pos="d" xml:id="A32567-001-a-4250">the</w>
     <w lemma="same" pos="d" xml:id="A32567-001-a-4260">same</w>
     <w lemma="manner" pos="n1" xml:id="A32567-001-a-4270">manner</w>
     <w lemma="as" pos="acp" xml:id="A32567-001-a-4280">as</w>
     <w lemma="heretofore" pos="av" xml:id="A32567-001-a-4290">heretofore</w>
     <w lemma="the" pos="d" xml:id="A32567-001-a-4300">the</w>
     <w lemma="exchange" pos="n1" xml:id="A32567-001-a-4310">Exchange</w>
     <w lemma="be" pos="vvd" xml:id="A32567-001-a-4320">was</w>
     <pc unit="sentence" xml:id="A32567-001-a-4330">.</pc>
    </p>
    <closer xml:id="A32567-e100">
     <dateline xml:id="A32567-e110">
      <w lemma="give" pos="vvn" xml:id="A32567-001-a-4340">Given</w>
      <w lemma="at" pos="acp" xml:id="A32567-001-a-4350">at</w>
      <w lemma="our" pos="po" xml:id="A32567-001-a-4360">Our</w>
      <w lemma="court" pos="n1" xml:id="A32567-001-a-4370">Court</w>
      <w lemma="at" pos="acp" xml:id="A32567-001-a-4380">at</w>
      <w lemma="Whitehall" pos="n1-nn" xml:id="A32567-001-a-4390">Whitehall</w>
      <date xml:id="A32567-e120">
       <w lemma="the" pos="d" xml:id="A32567-001-a-4400">the</w>
       <w lemma="six" pos="ord" xml:id="A32567-001-a-4410">sixth</w>
       <w lemma="day" pos="n1" xml:id="A32567-001-a-4420">day</w>
       <w lemma="of" pos="acp" xml:id="A32567-001-a-4430">of</w>
       <w lemma="September" pos="n1-nn" xml:id="A32567-001-a-4440">September</w>
       <w lemma="1666." pos="crd" xml:id="A32567-001-a-4450">1666.</w>
       <w lemma="in" pos="acp" xml:id="A32567-001-a-4460">in</w>
       <w lemma="the" pos="d" xml:id="A32567-001-a-4470">the</w>
       <w lemma="eighteen" pos="ord" xml:id="A32567-001-a-4480">Eighteenth</w>
       <w lemma="year" pos="n1" xml:id="A32567-001-a-4490">year</w>
       <w lemma="of" pos="acp" xml:id="A32567-001-a-4500">of</w>
       <w lemma="our" pos="po" xml:id="A32567-001-a-4510">Our</w>
       <w lemma="reign" pos="n1" xml:id="A32567-001-a-4520">Reign</w>
       <pc unit="sentence" xml:id="A32567-001-a-4530">.</pc>
      </date>
     </dateline>
    </closer>
    <closer xml:id="A32567-e130">
     <w lemma="God" pos="n1-nn" xml:id="A32567-001-a-4540">God</w>
     <w lemma="save" pos="vvb" xml:id="A32567-001-a-4550">save</w>
     <w lemma="the" pos="d" xml:id="A32567-001-a-4560">the</w>
     <hi xml:id="A32567-e140">
      <w lemma="king" pos="n1" xml:id="A32567-001-a-4570">KING</w>
      <pc unit="sentence" xml:id="A32567-001-a-4580">.</pc>
     </hi>
    </closer>
   </div>
  </body>
  <back xml:id="A32567-e150">
   <div type="colophon" xml:id="A32567-e160">
    <p xml:id="A32567-e170">
     <hi xml:id="A32567-e180">
      <w lemma="London" pos="n1-nn" xml:id="A32567-001-a-4590">London</w>
      <pc xml:id="A32567-001-a-4600">,</pc>
     </hi>
     <w lemma="print" pos="vvn" xml:id="A32567-001-a-4610">Printed</w>
     <w lemma="by" pos="acp" xml:id="A32567-001-a-4620">by</w>
     <hi xml:id="A32567-e190">
      <w lemma="John" pos="n1-nn" xml:id="A32567-001-a-4630">John</w>
      <w lemma="bill" pos="n1" xml:id="A32567-001-a-4640">Bill</w>
      <pc xml:id="A32567-001-a-4650">,</pc>
     </hi>
     <w lemma="and" pos="cc" xml:id="A32567-001-a-4660">and</w>
     <hi xml:id="A32567-e200">
      <w lemma="Christopher" pos="n1-nn" xml:id="A32567-001-a-4670">Christopher</w>
      <w lemma="Barker" pos="n1-nn" xml:id="A32567-001-a-4680">Barker</w>
      <pc xml:id="A32567-001-a-4690">,</pc>
     </hi>
     <w lemma="printer" pos="n2" xml:id="A32567-001-a-4700">Printers</w>
     <w lemma="to" pos="acp" xml:id="A32567-001-a-4710">to</w>
     <w lemma="the" pos="d" xml:id="A32567-001-a-4720">the</w>
     <w lemma="king" pos="n2" xml:id="A32567-001-a-4730">Kings</w>
     <w lemma="most" pos="av-s_d" xml:id="A32567-001-a-4740">most</w>
     <w lemma="excellent" pos="j" xml:id="A32567-001-a-4750">Excellent</w>
     <w lemma="majesty" pos="n1" xml:id="A32567-001-a-4760">Majesty</w>
     <pc xml:id="A32567-001-a-4770">,</pc>
     <w lemma="1666." pos="crd" xml:id="A32567-001-a-4780">1666.</w>
     <pc unit="sentence" xml:id="A32567-001-a-4790"/>
    </p>
   </div>
  </back>
 </text>
</TEI>
