<?xml version="1.0" encoding="UTF-8"?>
<?xml-model href="http://schemata.earlyprint.org/schemata/tei_earlyprint.rng" type="application/xml" schematypens="http://relaxng.org/ns/structure/1.0"?>
<TEI xmlns="http://www.tei-c.org/ns/1.0" xml:id="A32557">
 <teiHeader>
  <fileDesc>
   <titleStmt>
    <title>A proclamation for the entring and putting in of claims in Ireland, pursuant to His Majesties gracious declaration of the 30th of November 1660, and the instructions for execution thereof</title>
    <author>England and Wales. Sovereign (1660-1685 : Charles II)</author>
   </titleStmt>
   <editionStmt>
    <edition>This text is an enriched version of the TCP digital transcription A32557 of text R221480 in the <ref target="http;//estc.bl.uk">English Short Title Catalog</ref> (Wing C3480). Textual changes  and metadata enrichments aim at making the                             text more  computationally tractable, easier to read, and suitable for network-based collaborative                              curation by amateur and professional end users from many walks of life.  The text has been tokenized and linguistically annotated with <ref target="http://morphadorner.northwestern.edu/morphadorner/">MorphAdorner</ref>. The annotation includes standard spellings that support the display of a text in                             a standardized format that preserves archaic forms ('loveth', 'seekest').                              Textual changes aim at restoring the text the author or stationer meant to publish.</edition>
    <respStmt>
     <resp>This text has not been fully proofread</resp>
     <name/>
    </respStmt>
   </editionStmt>
   <extent>Approx. 4 KB of XML-encoded text transcribed from 2 1-bit group-IV TIFF page images.</extent>
   <publicationStmt>
    <publisher>EarlyPrint Project</publisher>
    <pubPlace>Evanston,IL, Notre Dame, IN, St. Louis, MO</pubPlace>
    <date>2018</date>
    <idno type="DLPS">A32557</idno>
    <idno type="STC">Wing C3480</idno>
    <idno type="STC">ESTC R221480</idno>
    <idno type="EEBO-CITATION">12265748</idno>
    <idno type="OCLC">ocm 12265748</idno>
    <idno type="VID">58064</idno>
    <availability>
     <p>
            This keyboarded and encoded edition of the work described above is co-owned by the institutions providing financial support to the Early English Books Online Text Creation Partnership. This Phase I text is available for reuse, according to the terms of
            <ref target="https://creativecommons.org/publicdomain/zero/1.0/">Creative Commons 0 1.0 Universal</ref>
            . The text can be copied, modified, distributed and performed, even for commercial purposes, all without asking permission.
          </p>
    </availability>
   </publicationStmt>
   <seriesStmt>
    <title>Early English books online.</title>
   </seriesStmt>
   <notesStmt>
    <note>(EEBO-TCP ; phase 1, no. A32557)</note>
    <note>Transcribed from: (Early English Books Online ; image set 58064)</note>
    <note>Images scanned from microfilm: (Early English books, 1641-1700 ; 863:48)</note>
   </notesStmt>
   <sourceDesc>
    <biblFull>
     <titleStmt>
      <title>A proclamation for the entring and putting in of claims in Ireland, pursuant to His Majesties gracious declaration of the 30th of November 1660, and the instructions for execution thereof</title>
      <author>England and Wales. Sovereign (1660-1685 : Charles II)</author>
      <author>Charles II, King of England, 1630-1685.</author>
     </titleStmt>
     <extent>2 leaves.</extent>
     <publicationStmt>
      <publisher>Printed by the assigns of John Bill and Christopher Barker ...,</publisher>
      <pubPlace>London :</pubPlace>
      <date>1666.</date>
     </publicationStmt>
     <notesStmt>
      <note>Reproduction of original in the University of Illinois (Urbana-Champaign Campus). Library.</note>
      <note>Imprint from colophon.</note>
      <note>Caption title.</note>
      <note>At head of title: By the King.</note>
      <note>At end of text: Given at our court at Whitehall, the twelfth day ofJuly, in the thirteenth year of our reign, 1661.</note>
     </notesStmt>
    </biblFull>
   </sourceDesc>
  </fileDesc>
  <profileDesc>
   <langUsage>
    <language ident="eng">eng</language>
   </langUsage>
   <textClass>
    <keywords scheme="http://authorities.loc.gov/">
     <term>Ireland -- Claims -- Early works to 1800.</term>
    </keywords>
   </textClass>
  </profileDesc>
  <xenoData>
   <ep:epHeader xmlns:ep="http://earlyprint.org/ns/1.0">
    <ep:corpus>eebo</ep:corpus>
    <ep:title>By the King. A proclamation, for the entring and putting in of claims in Ireland, pursuant to His Majesties gracious declaration of the 30th of Novemb</ep:title>
    <ep:author>England and Wales. Sovereign </ep:author>
    <ep:publicationYear>1661</ep:publicationYear>
    <ep:creationYear/>
    <ep:curator>
     <ep:name/>
    </ep:curator>
    <ep:pageCount>2</ep:pageCount>
    <ep:wordCount>593</ep:wordCount>
    <ep:defectiveTokenCount>1</ep:defectiveTokenCount>
    <ep:untranscribedForeignCount>0</ep:untranscribedForeignCount>
    <ep:untranscribedMathCount>0</ep:untranscribedMathCount>
    <ep:untranscribedMusicCount>0</ep:untranscribedMusicCount>
    <ep:missingChunkCount>0</ep:missingChunkCount>
    <ep:missingPagesCount>0</ep:missingPagesCount>
    <ep:defectRate>16.86</ep:defectRate>
    <ep:finalGrade>C</ep:finalGrade>
    <ep:defectRangePerGrade> The  rate of 16.86 defects per 10,000 words puts this text in the C category of texts with between 10 and 35 defects per 10,000 words.</ep:defectRangePerGrade>
   </ep:epHeader>
  </xenoData>
  <revisionDesc>
   <change><date>2003-04</date><label>TCP</label>
        Assigned for keying and markup
      </change>
   <change><date>2003-05</date><label>SPi Global</label>
        Keyed and coded from ProQuest page images
      </change>
   <change><date>2003-06</date><label>Mona Logarbo</label>
        Sampled and proofread
      </change>
   <change><date>2003-06</date><label>Mona Logarbo</label>
        Text and markup reviewed and edited
      </change>
   <change><date>2003-08</date><label>pfs</label>
        Batch review (QC) and XML conversion
      </change>
  </revisionDesc>
 </teiHeader>
 <text xml:id="A32557-t">
  <body xml:id="A32557-e0">
   <div type="royal_proclamation" xml:id="A32557-e10">
    <pb facs="tcp:58064:1" rendition="simple:additions" xml:id="A32557-001-a"/>
    <head type="illustration" xml:id="A32557-e20">
     <figure xml:id="A32557-e30">
      <head xml:id="A32557-e40">
       <w lemma="CR" pos="n1-nn" xml:id="A32557-001-a-0010">CR</w>
      </head>
      <head xml:id="A32557-e50">
       <w lemma="dieu·et" pos="f-fr" reg="DIEU·ET" xml:id="A32557-001-a-0020">DIEV·ET</w>
       <w lemma="mon·droit" pos="f-fr" xml:id="A32557-001-a-0030">MON·DROIT</w>
      </head>
      <head xml:id="A32557-e60">
       <w lemma="honi" pos="f-fr" xml:id="A32557-001-a-0040">HONI</w>
       <w lemma="soit" pos="f-fr" xml:id="A32557-001-a-0050">SOIT</w>
       <w lemma="qvi" pos="f-fr" xml:id="A32557-001-a-0060">QVI</w>
       <w lemma="mal" pos="f-fr" xml:id="A32557-001-a-0070">MAL</w>
       <w lemma="y" pos="f-fr" xml:id="A32557-001-a-0080">Y</w>
       <w lemma="pense" pos="f-fr" xml:id="A32557-001-a-0090">PENSE</w>
      </head>
      <figDesc xml:id="A32557-e70">royal blazon or coat of arms</figDesc>
     </figure>
    </head>
    <opener xml:id="A32557-e80">
     <w lemma="by" pos="acp" xml:id="A32557-001-a-0100">By</w>
     <w lemma="the" pos="d" xml:id="A32557-001-a-0110">the</w>
     <w lemma="King" pos="n1" xml:id="A32557-001-a-0120">King</w>
     <pc unit="sentence" xml:id="A32557-001-a-0121">.</pc>
     <pc unit="sentence" xml:id="A32557-001-a-0130"/>
    </opener>
    <head xml:id="A32557-e90">
     <w lemma="a" pos="d" xml:id="A32557-001-a-0140">A</w>
     <w lemma="proclamation" pos="n1" xml:id="A32557-001-a-0150">PROCLAMATION</w>
     <pc xml:id="A32557-001-a-0160">,</pc>
     <w lemma="for" pos="acp" xml:id="A32557-001-a-0170">For</w>
     <w lemma="the" pos="d" xml:id="A32557-001-a-0180">the</w>
     <w lemma="enter" pos="vvg" reg="Entering" xml:id="A32557-001-a-0190">Entring</w>
     <w lemma="and" pos="cc" xml:id="A32557-001-a-0200">and</w>
     <w lemma="put" pos="vvg" xml:id="A32557-001-a-0210">putting</w>
     <w lemma="in" pos="acp" xml:id="A32557-001-a-0220">in</w>
     <w lemma="of" pos="acp" xml:id="A32557-001-a-0230">of</w>
     <w lemma="claim" pos="n2" xml:id="A32557-001-a-0240">Claims</w>
     <w lemma="in" pos="acp" xml:id="A32557-001-a-0250">in</w>
     <w lemma="Ireland" pos="n1-nn" rendition="#hi" xml:id="A32557-001-a-0260">Ireland</w>
     <pc xml:id="A32557-001-a-0270">,</pc>
     <w lemma="pursuant" pos="n1" xml:id="A32557-001-a-0280">pursuant</w>
     <w lemma="to" pos="acp" xml:id="A32557-001-a-0290">to</w>
     <w lemma="his" pos="po" xml:id="A32557-001-a-0300">His</w>
     <w lemma="majesty" pos="n1g" reg="Majesty's" xml:id="A32557-001-a-0310">Majesties</w>
     <w lemma="gracious" pos="j" xml:id="A32557-001-a-0320">Gracious</w>
     <w lemma="declaration" pos="n1" xml:id="A32557-001-a-0330">Declaration</w>
     <w lemma="of" pos="acp" xml:id="A32557-001-a-0340">of</w>
     <w lemma="the" pos="d" xml:id="A32557-001-a-0350">the</w>
     <w lemma="30" pos="ord" xml:id="A32557-001-a-0360">30th</w>
     <w lemma="of" pos="acp" xml:id="A32557-001-a-0370">of</w>
     <w lemma="November" pos="n1-nn" rendition="#hi" xml:id="A32557-001-a-0380">November</w>
     <w lemma="1660." pos="crd" xml:id="A32557-001-a-0390">1660.</w>
     <w lemma="and" pos="cc" xml:id="A32557-001-a-0400">and</w>
     <w lemma="the" pos="d" xml:id="A32557-001-a-0410">the</w>
     <w lemma="instruction" pos="n2" xml:id="A32557-001-a-0420">Instructions</w>
     <w lemma="for" pos="acp" xml:id="A32557-001-a-0430">for</w>
     <w lemma="execution" pos="n1" xml:id="A32557-001-a-0440">execution</w>
     <w lemma="thereof" pos="av" xml:id="A32557-001-a-0450">thereof</w>
     <pc unit="sentence" xml:id="A32557-001-a-0460">.</pc>
    </head>
    <opener xml:id="A32557-e120">
     <signed xml:id="A32557-e130">
      <w lemma="CHARLES" pos="n1-nn" xml:id="A32557-001-a-0470">CHARLES</w>
      <w lemma="r." pos="ab" xml:id="A32557-001-a-0480">R.</w>
      <pc unit="sentence" xml:id="A32557-001-a-0490"/>
     </signed>
    </opener>
    <p xml:id="A32557-e140">
     <w lemma="whereas" pos="cs" rendition="#decorinit" xml:id="A32557-001-a-0500">WHereas</w>
     <w lemma="in" pos="acp" xml:id="A32557-001-a-0510">in</w>
     <w lemma="pursuance" pos="n1" xml:id="A32557-001-a-0520">pursuance</w>
     <w lemma="of" pos="acp" xml:id="A32557-001-a-0530">of</w>
     <w lemma="our" pos="po" xml:id="A32557-001-a-0540">Our</w>
     <w lemma="gracious" pos="j" xml:id="A32557-001-a-0550">Gracious</w>
     <w lemma="declaration" pos="n1" xml:id="A32557-001-a-0560">Declaration</w>
     <w lemma="of" pos="acp" xml:id="A32557-001-a-0570">of</w>
     <w lemma="the" pos="d" xml:id="A32557-001-a-0580">the</w>
     <w lemma="30" pos="crd" xml:id="A32557-001-a-0590">30</w>
     <w lemma="the" pos="d" reg="th'" rendition="#hi" xml:id="A32557-001-a-0600">th</w>
     <w lemma="of" pos="acp" xml:id="A32557-001-a-0610">of</w>
     <w lemma="November" pos="n1-nn" rendition="#hi" xml:id="A32557-001-a-0620">November</w>
     <w lemma="last" pos="ord" xml:id="A32557-001-a-0630">last</w>
     <pc xml:id="A32557-001-a-0640">,</pc>
     <w lemma="for" pos="acp" xml:id="A32557-001-a-0650">for</w>
     <w lemma="the" pos="d" xml:id="A32557-001-a-0660">the</w>
     <w lemma="settlement" pos="n1" xml:id="A32557-001-a-0670">Settlement</w>
     <w lemma="of" pos="acp" xml:id="A32557-001-a-0680">of</w>
     <w lemma="our" pos="po" xml:id="A32557-001-a-0690">Our</w>
     <w lemma="kingdom" pos="n1" xml:id="A32557-001-a-0700">Kingdom</w>
     <w lemma="of" pos="acp" xml:id="A32557-001-a-0710">of</w>
     <w lemma="Ireland" pos="n1-nn" rendition="#hi" xml:id="A32557-001-a-0720">Ireland</w>
     <pc xml:id="A32557-001-a-0730">,</pc>
     <w lemma="and" pos="cc" xml:id="A32557-001-a-0740">and</w>
     <w lemma="satisfaction" pos="n1" xml:id="A32557-001-a-0750">satisfaction</w>
     <w lemma="of" pos="acp" xml:id="A32557-001-a-0760">of</w>
     <w lemma="the" pos="d" xml:id="A32557-001-a-0770">the</w>
     <w lemma="several" pos="j" xml:id="A32557-001-a-0780">several</w>
     <w lemma="interest" pos="n2" xml:id="A32557-001-a-0790">Interests</w>
     <w lemma="of" pos="acp" xml:id="A32557-001-a-0800">of</w>
     <unclear xml:id="A32557-e190">
      <w lemma="adventurer" pos="n2" xml:id="A32557-001-a-0810">Adventurers</w>
     </unclear>
     <pc xml:id="A32557-001-a-0820">,</pc>
     <w lemma="soldier" pos="n2" reg="Soldiers" xml:id="A32557-001-a-0830">Souldiers</w>
     <w lemma="and" pos="cc" xml:id="A32557-001-a-0840">and</w>
     <w lemma="other" pos="d" xml:id="A32557-001-a-0850">other</w>
     <w lemma="our" pos="po" xml:id="A32557-001-a-0860">Our</w>
     <w lemma="subject" pos="n2" xml:id="A32557-001-a-0870">Subjects</w>
     <w lemma="there" pos="av" xml:id="A32557-001-a-0880">there</w>
     <pc unit="sentence" xml:id="A32557-001-a-0890">.</pc>
     <w lemma="we" pos="pns" xml:id="A32557-001-a-0900">We</w>
     <w lemma="have" pos="vvb" xml:id="A32557-001-a-0910">have</w>
     <w lemma="appoint" pos="vvn" xml:id="A32557-001-a-0920">appointed</w>
     <w lemma="and" pos="cc" xml:id="A32557-001-a-0930">and</w>
     <w lemma="authorize" pos="vvn" xml:id="A32557-001-a-0940">Authorized</w>
     <w lemma="our" pos="po" xml:id="A32557-001-a-0950">Our</w>
     <w lemma="commissioner" pos="n2" xml:id="A32557-001-a-0960">Commissioners</w>
     <pc xml:id="A32557-001-a-0970">,</pc>
     <w lemma="and" pos="cc" xml:id="A32557-001-a-0980">and</w>
     <w lemma="give" pos="vvn" xml:id="A32557-001-a-0990">given</w>
     <w lemma="they" pos="pno" xml:id="A32557-001-a-1000">them</w>
     <w lemma="instruction" pos="n2" xml:id="A32557-001-a-1010">Instructions</w>
     <w lemma="for" pos="acp" xml:id="A32557-001-a-1020">for</w>
     <w lemma="put" pos="vvg" xml:id="A32557-001-a-1030">putting</w>
     <w lemma="in" pos="acp" xml:id="A32557-001-a-1040">in</w>
     <w lemma="execution" pos="n1" xml:id="A32557-001-a-1050">execution</w>
     <w lemma="our" pos="po" xml:id="A32557-001-a-1060">Our</w>
     <w lemma="say" pos="j_vn" xml:id="A32557-001-a-1070">said</w>
     <w lemma="declaration" pos="n1" xml:id="A32557-001-a-1080">Declaration</w>
     <pc xml:id="A32557-001-a-1090">,</pc>
     <w lemma="who" pos="crq" xml:id="A32557-001-a-1100">who</w>
     <w lemma="have" pos="vvb" xml:id="A32557-001-a-1110">have</w>
     <w lemma="according" pos="av_j" xml:id="A32557-001-a-1120">accordingly</w>
     <w lemma="make" pos="vvn" xml:id="A32557-001-a-1130">made</w>
     <w lemma="some" pos="d" xml:id="A32557-001-a-1140">some</w>
     <w lemma="proceed" pos="n2_vg" xml:id="A32557-001-a-1150">proceedings</w>
     <w lemma="in" pos="acp" xml:id="A32557-001-a-1160">in</w>
     <w lemma="that" pos="d" xml:id="A32557-001-a-1170">that</w>
     <w lemma="great" pos="j" xml:id="A32557-001-a-1180">great</w>
     <w lemma="work" pos="n1" xml:id="A32557-001-a-1190">Work</w>
     <pc xml:id="A32557-001-a-1200">,</pc>
     <w lemma="so" pos="av" xml:id="A32557-001-a-1210">so</w>
     <w lemma="near" pos="av_j" xml:id="A32557-001-a-1220">nearly</w>
     <w lemma="concern" pos="vvg" xml:id="A32557-001-a-1230">concerning</w>
     <w lemma="the" pos="d" xml:id="A32557-001-a-1240">the</w>
     <w lemma="peace" pos="n1" xml:id="A32557-001-a-1250">Peace</w>
     <w lemma="and" pos="cc" xml:id="A32557-001-a-1260">and</w>
     <w lemma="happy" pos="j" xml:id="A32557-001-a-1270">happy</w>
     <w lemma="settlement" pos="n1" xml:id="A32557-001-a-1280">Settlement</w>
     <w lemma="of" pos="acp" xml:id="A32557-001-a-1290">of</w>
     <w lemma="that" pos="d" xml:id="A32557-001-a-1300">that</w>
     <w lemma="our" pos="po" xml:id="A32557-001-a-1310">Our</w>
     <w lemma="kingdom" pos="n1" xml:id="A32557-001-a-1320">Kingdom</w>
     <pc xml:id="A32557-001-a-1330">,</pc>
     <w lemma="and" pos="cc" xml:id="A32557-001-a-1340">and</w>
     <w lemma="the" pos="d" xml:id="A32557-001-a-1350">the</w>
     <w lemma="growth" pos="n1" xml:id="A32557-001-a-1360">growth</w>
     <w lemma="and" pos="cc" xml:id="A32557-001-a-1370">and</w>
     <w lemma="prosperity" pos="n1" xml:id="A32557-001-a-1380">prosperity</w>
     <w lemma="of" pos="acp" xml:id="A32557-001-a-1390">of</w>
     <w lemma="plantation" pos="n2" xml:id="A32557-001-a-1400">Plantations</w>
     <w lemma="there" pos="av" xml:id="A32557-001-a-1410">there</w>
     <pc xml:id="A32557-001-a-1420">,</pc>
     <w lemma="after" pos="acp" xml:id="A32557-001-a-1430">after</w>
     <w lemma="a" pos="d" xml:id="A32557-001-a-1440">a</w>
     <w lemma="long" pos="j" xml:id="A32557-001-a-1450">long</w>
     <w lemma="time" pos="n1" xml:id="A32557-001-a-1460">time</w>
     <w lemma="of" pos="acp" xml:id="A32557-001-a-1470">of</w>
     <w lemma="rebellion" pos="n1" xml:id="A32557-001-a-1480">Rebellion</w>
     <w lemma="and" pos="cc" xml:id="A32557-001-a-1490">and</w>
     <w lemma="desolation" pos="n1" xml:id="A32557-001-a-1500">Desolation</w>
     <pc xml:id="A32557-001-a-1510">:</pc>
     <w lemma="nevertheless" pos="av" xml:id="A32557-001-a-1520">Nevertheless</w>
     <pc xml:id="A32557-001-a-1530">,</pc>
     <w lemma="take" pos="vvg" xml:id="A32557-001-a-1540">taking</w>
     <w lemma="notice" pos="n1" xml:id="A32557-001-a-1550">notice</w>
     <w lemma="of" pos="acp" xml:id="A32557-001-a-1560">of</w>
     <w lemma="the" pos="d" xml:id="A32557-001-a-1570">the</w>
     <w lemma="slow" pos="j" xml:id="A32557-001-a-1580">slow</w>
     <w lemma="progress" pos="n1" xml:id="A32557-001-a-1590">progress</w>
     <w lemma="that" pos="cs" xml:id="A32557-001-a-1600">that</w>
     <w lemma="be" pos="vvz" xml:id="A32557-001-a-1610">is</w>
     <w lemma="make" pos="vvn" xml:id="A32557-001-a-1620">made</w>
     <w lemma="in" pos="acp" xml:id="A32557-001-a-1630">in</w>
     <w lemma="that" pos="d" xml:id="A32557-001-a-1640">that</w>
     <w lemma="affair" pos="n1" xml:id="A32557-001-a-1650">Affair</w>
     <pc xml:id="A32557-001-a-1660">,</pc>
     <w lemma="though" pos="cs" xml:id="A32557-001-a-1670">though</w>
     <w lemma="much" pos="d" xml:id="A32557-001-a-1680">much</w>
     <w lemma="of" pos="acp" xml:id="A32557-001-a-1690">of</w>
     <w lemma="the" pos="d" xml:id="A32557-001-a-1700">the</w>
     <w lemma="time" pos="n1" xml:id="A32557-001-a-1710">time</w>
     <w lemma="allot" pos="vvn" xml:id="A32557-001-a-1720">allotted</w>
     <w lemma="by" pos="acp" xml:id="A32557-001-a-1730">by</w>
     <w lemma="our" pos="po" xml:id="A32557-001-a-1740">Our</w>
     <w lemma="say" pos="j_vn" xml:id="A32557-001-a-1750">said</w>
     <w lemma="declaration" pos="n1" xml:id="A32557-001-a-1760">Declaration</w>
     <w lemma="for" pos="acp" xml:id="A32557-001-a-1770">for</w>
     <w lemma="perfect" pos="vvg" xml:id="A32557-001-a-1780">perfecting</w>
     <w lemma="the" pos="d" xml:id="A32557-001-a-1790">the</w>
     <w lemma="work" pos="n1" xml:id="A32557-001-a-1800">Work</w>
     <w lemma="be" pos="vvz" xml:id="A32557-001-a-1810">is</w>
     <w lemma="elapse" pos="vvn" xml:id="A32557-001-a-1820">elapsed</w>
     <pc xml:id="A32557-001-a-1830">,</pc>
     <w lemma="which" pos="crq" xml:id="A32557-001-a-1840">which</w>
     <w lemma="we" pos="pns" xml:id="A32557-001-a-1850">We</w>
     <w lemma="do" pos="vvb" xml:id="A32557-001-a-1860">do</w>
     <w lemma="in" pos="acp" xml:id="A32557-001-a-1870">in</w>
     <w lemma="no" pos="d-x" xml:id="A32557-001-a-1880">no</w>
     <w lemma="wise" pos="n1" xml:id="A32557-001-a-1890">wise</w>
     <w lemma="impute" pos="vvi" xml:id="A32557-001-a-1900">impute</w>
     <w lemma="to" pos="acp" xml:id="A32557-001-a-1910">to</w>
     <w lemma="our" pos="po" xml:id="A32557-001-a-1920">Our</w>
     <w lemma="say" pos="j_vn" xml:id="A32557-001-a-1930">said</w>
     <w lemma="commissioner" pos="n2" xml:id="A32557-001-a-1940">Commissioners</w>
     <pc xml:id="A32557-001-a-1950">:</pc>
     <w lemma="and" pos="cc" xml:id="A32557-001-a-1960">And</w>
     <w lemma="to" pos="acp" xml:id="A32557-001-a-1970">to</w>
     <w lemma="the" pos="d" xml:id="A32557-001-a-1980">the</w>
     <w lemma="end" pos="n1" xml:id="A32557-001-a-1990">end</w>
     <w lemma="all" pos="d" xml:id="A32557-001-a-2000">all</w>
     <w lemma="person" pos="n2" xml:id="A32557-001-a-2010">persons</w>
     <w lemma="concern" pos="vvn" xml:id="A32557-001-a-2020">concerned</w>
     <w lemma="may" pos="vmb" xml:id="A32557-001-a-2030">may</w>
     <w lemma="have" pos="vvi" xml:id="A32557-001-a-2040">have</w>
     <w lemma="timely" pos="j" xml:id="A32557-001-a-2050">timely</w>
     <w lemma="notice" pos="n1" xml:id="A32557-001-a-2060">notice</w>
     <w lemma="of" pos="acp" xml:id="A32557-001-a-2070">of</w>
     <w lemma="the" pos="d" xml:id="A32557-001-a-2080">the</w>
     <w lemma="danger" pos="n1" xml:id="A32557-001-a-2090">danger</w>
     <w lemma="they" pos="pns" xml:id="A32557-001-a-2100">they</w>
     <w lemma="may" pos="vmb" xml:id="A32557-001-a-2110">may</w>
     <w lemma="incur" pos="vvi" xml:id="A32557-001-a-2120">incur</w>
     <w lemma="by" pos="acp" xml:id="A32557-001-a-2130">by</w>
     <w lemma="not" pos="xx" xml:id="A32557-001-a-2140">not</w>
     <w lemma="put" pos="vvg" xml:id="A32557-001-a-2150">putting</w>
     <w lemma="in" pos="acp" xml:id="A32557-001-a-2160">in</w>
     <pc xml:id="A32557-001-a-2170">,</pc>
     <w lemma="and" pos="cc" xml:id="A32557-001-a-2180">and</w>
     <w lemma="prosecute" pos="j_vg" xml:id="A32557-001-a-2190">prosecuting</w>
     <w lemma="their" pos="po" xml:id="A32557-001-a-2200">their</w>
     <w lemma="claim" pos="n2" xml:id="A32557-001-a-2210">Claims</w>
     <pc xml:id="A32557-001-a-2220">,</pc>
     <w lemma="we" pos="pns" xml:id="A32557-001-a-2230">We</w>
     <w lemma="have" pos="vvb" reg="have" xml:id="A32557-001-a-2240">haue</w>
     <w lemma="think" pos="vvn" xml:id="A32557-001-a-2250">thought</w>
     <w lemma="fit" pos="j" xml:id="A32557-001-a-2260">fit</w>
     <w lemma="by" pos="acp" xml:id="A32557-001-a-2270">by</w>
     <w lemma="this" pos="d" xml:id="A32557-001-a-2280">this</w>
     <w lemma="our" pos="po" xml:id="A32557-001-a-2290">Our</w>
     <w lemma="public" pos="j" reg="public" xml:id="A32557-001-a-2300">publick</w>
     <w lemma="proclamation" pos="n1" xml:id="A32557-001-a-2310">Proclamation</w>
     <w lemma="to" pos="to" xml:id="A32557-001-a-2320">to</w>
     <w lemma="make" pos="vvi" xml:id="A32557-001-a-2330">make</w>
     <w lemma="know" pos="vvn" xml:id="A32557-001-a-2340">known</w>
     <w lemma="and" pos="cc" xml:id="A32557-001-a-2350">and</w>
     <w lemma="declare" pos="vvi" xml:id="A32557-001-a-2360">declare</w>
     <pc xml:id="A32557-001-a-2370">,</pc>
     <w lemma="that" pos="cs" xml:id="A32557-001-a-2380">That</w>
     <w lemma="all" pos="d" xml:id="A32557-001-a-2390">all</w>
     <w lemma="our" pos="po" xml:id="A32557-001-a-2400">Our</w>
     <w lemma="subject" pos="n2" xml:id="A32557-001-a-2410">Subjects</w>
     <pc xml:id="A32557-001-a-2420">,</pc>
     <w lemma="and" pos="cc" xml:id="A32557-001-a-2430">and</w>
     <w lemma="other" pos="d" xml:id="A32557-001-a-2440">other</w>
     <w lemma="person" pos="n2" xml:id="A32557-001-a-2450">persons</w>
     <w lemma="whatsoever" pos="crq" xml:id="A32557-001-a-2460">whatsoever</w>
     <pc xml:id="A32557-001-a-2470">,</pc>
     <w lemma="any" pos="d" xml:id="A32557-001-a-2480">any</w>
     <w lemma="way" pos="n1" xml:id="A32557-001-a-2490">way</w>
     <w lemma="concern" pos="vvn" xml:id="A32557-001-a-2500">concerned</w>
     <w lemma="in" pos="acp" xml:id="A32557-001-a-2510">in</w>
     <w lemma="our" pos="po" xml:id="A32557-001-a-2520">Our</w>
     <w lemma="say" pos="j_vn" xml:id="A32557-001-a-2530">said</w>
     <w lemma="declaration" pos="n1" xml:id="A32557-001-a-2540">Declaration</w>
     <pc xml:id="A32557-001-a-2550">,</pc>
     <w lemma="or" pos="cc" xml:id="A32557-001-a-2560">or</w>
     <w lemma="that" pos="d" xml:id="A32557-001-a-2570">that</w>
     <w lemma="claim" pos="n1" xml:id="A32557-001-a-2580">Claim</w>
     <pc xml:id="A32557-001-a-2590">,</pc>
     <w lemma="or" pos="cc" xml:id="A32557-001-a-2600">or</w>
     <w lemma="may" pos="vmb" xml:id="A32557-001-a-2610">may</w>
     <w lemma="claim" pos="vvi" xml:id="A32557-001-a-2620">Claim</w>
     <w lemma="any" pos="d" xml:id="A32557-001-a-2630">any</w>
     <w lemma="land" pos="n2" xml:id="A32557-001-a-2640">Lands</w>
     <pc xml:id="A32557-001-a-2650">,</pc>
     <w lemma="tenement" pos="n2" xml:id="A32557-001-a-2660">Tenements</w>
     <w lemma="or" pos="cc" xml:id="A32557-001-a-2670">or</w>
     <w lemma="hereditament" pos="n2" xml:id="A32557-001-a-2680">Hereditaments</w>
     <pc xml:id="A32557-001-a-2690">,</pc>
     <w lemma="rent" pos="n2" xml:id="A32557-001-a-2700">Rents</w>
     <pc xml:id="A32557-001-a-2710">,</pc>
     <w lemma="profit" pos="n2" xml:id="A32557-001-a-2720">Profits</w>
     <w lemma="or" pos="cc" xml:id="A32557-001-a-2730">or</w>
     <w lemma="advantage" pos="n2" xml:id="A32557-001-a-2740">Advantages</w>
     <pc xml:id="A32557-001-a-2750">,</pc>
     <w lemma="by" pos="acp" xml:id="A32557-001-a-2760">by</w>
     <w lemma="virtue" pos="n1" reg="virtue" xml:id="A32557-001-a-2770">vertue</w>
     <w lemma="of" pos="acp" xml:id="A32557-001-a-2780">of</w>
     <w lemma="our" pos="po" xml:id="A32557-001-a-2790">Our</w>
     <w lemma="say" pos="j_vn" xml:id="A32557-001-a-2800">said</w>
     <w lemma="declaration" pos="n1" xml:id="A32557-001-a-2810">Declaration</w>
     <pc xml:id="A32557-001-a-2820">,</pc>
     <w lemma="or" pos="cc" xml:id="A32557-001-a-2830">or</w>
     <w lemma="the" pos="d" xml:id="A32557-001-a-2840">the</w>
     <w lemma="instruction" pos="n2" xml:id="A32557-001-a-2850">Instructions</w>
     <w lemma="for" pos="acp" xml:id="A32557-001-a-2860">for</w>
     <w lemma="execution" pos="n1" xml:id="A32557-001-a-2870">execution</w>
     <w lemma="thereof" pos="av" xml:id="A32557-001-a-2880">thereof</w>
     <pc xml:id="A32557-001-a-2890">,</pc>
     <w lemma="if" pos="cs" xml:id="A32557-001-a-2900">if</w>
     <w lemma="they" pos="pns" xml:id="A32557-001-a-2910">they</w>
     <w lemma="be" pos="vvb" xml:id="A32557-001-a-2920">be</w>
     <w lemma="within" pos="acp" xml:id="A32557-001-a-2930">within</w>
     <w lemma="any" pos="d" xml:id="A32557-001-a-2940">any</w>
     <w lemma="of" pos="acp" xml:id="A32557-001-a-2950">of</w>
     <w lemma="our" pos="po" xml:id="A32557-001-a-2960">Our</w>
     <pb facs="tcp:58064:2" rendition="simple:additions" xml:id="A32557-002-a"/>
     <w lemma="dominion" pos="n2" xml:id="A32557-002-a-0010">Dominions</w>
     <pc xml:id="A32557-002-a-0020">,</pc>
     <w lemma="and" pos="cc" xml:id="A32557-002-a-0030">and</w>
     <w lemma="have" pos="vvb" xml:id="A32557-002-a-0040">have</w>
     <w lemma="not" pos="xx" xml:id="A32557-002-a-0050">not</w>
     <w lemma="as" pos="acp" xml:id="A32557-002-a-0060">as</w>
     <w lemma="yet" pos="av" xml:id="A32557-002-a-0070">yet</w>
     <w lemma="put" pos="vvn" xml:id="A32557-002-a-0080">put</w>
     <w lemma="in" pos="acp" xml:id="A32557-002-a-0090">in</w>
     <w lemma="their" pos="po" xml:id="A32557-002-a-0100">their</w>
     <w lemma="claim" pos="n2" xml:id="A32557-002-a-0110">Claims</w>
     <pc xml:id="A32557-002-a-0120">,</pc>
     <w lemma="shall" pos="vmb" xml:id="A32557-002-a-0130">shall</w>
     <w lemma="make" pos="vvi" xml:id="A32557-002-a-0140">make</w>
     <w lemma="or" pos="cc" xml:id="A32557-002-a-0150">or</w>
     <w lemma="enter" pos="vvi" xml:id="A32557-002-a-0160">enter</w>
     <pc xml:id="A32557-002-a-0170">,</pc>
     <w lemma="or" pos="cc" xml:id="A32557-002-a-0180">or</w>
     <w lemma="cause" pos="n1" xml:id="A32557-002-a-0190">cause</w>
     <w lemma="to" pos="to" xml:id="A32557-002-a-0200">to</w>
     <w lemma="be" pos="vvi" xml:id="A32557-002-a-0210">be</w>
     <w lemma="enter" pos="vvn" reg="entered" xml:id="A32557-002-a-0220">entred</w>
     <w lemma="and" pos="cc" xml:id="A32557-002-a-0230">and</w>
     <w lemma="put" pos="vvn" xml:id="A32557-002-a-0240">put</w>
     <w lemma="in" pos="acp" xml:id="A32557-002-a-0250">in</w>
     <w lemma="their" pos="po" xml:id="A32557-002-a-0260">their</w>
     <w lemma="respective" pos="j" xml:id="A32557-002-a-0270">respective</w>
     <w lemma="claim" pos="n2" xml:id="A32557-002-a-0280">Claims</w>
     <w lemma="before" pos="acp" xml:id="A32557-002-a-0290">before</w>
     <w lemma="our" pos="po" xml:id="A32557-002-a-0300">Our</w>
     <w lemma="say" pos="j_vn" xml:id="A32557-002-a-0310">said</w>
     <w lemma="commissioner" pos="n2" xml:id="A32557-002-a-0320">Commissioners</w>
     <w lemma="sit" pos="vvg" xml:id="A32557-002-a-0330">sitting</w>
     <w lemma="at" pos="acp" xml:id="A32557-002-a-0340">at</w>
     <w lemma="Dublin" pos="n1-nn" rendition="#hi" xml:id="A32557-002-a-0350">Dublin</w>
     <pc xml:id="A32557-002-a-0360">,</pc>
     <w lemma="or" pos="cc" xml:id="A32557-002-a-0370">or</w>
     <w lemma="elsewhere" pos="av" xml:id="A32557-002-a-0380">elsewhere</w>
     <w lemma="in" pos="acp" xml:id="A32557-002-a-0390">in</w>
     <w lemma="our" pos="po" xml:id="A32557-002-a-0400">Our</w>
     <w lemma="say" pos="j_vn" xml:id="A32557-002-a-0410">said</w>
     <w lemma="kingdom" pos="n1" xml:id="A32557-002-a-0420">Kingdom</w>
     <w lemma="of" pos="acp" xml:id="A32557-002-a-0430">of</w>
     <w lemma="Ireland" pos="n1-nn" rendition="#hi" xml:id="A32557-002-a-0440">Ireland</w>
     <pc xml:id="A32557-002-a-0450">,</pc>
     <w lemma="at" pos="acp" xml:id="A32557-002-a-0460">at</w>
     <w lemma="or" pos="cc" xml:id="A32557-002-a-0470">or</w>
     <w lemma="before" pos="acp-av" xml:id="A32557-002-a-0480">before</w>
     <w lemma="the" pos="d" xml:id="A32557-002-a-0490">the</w>
     <w lemma="f●fteenth" pos="ord" xml:id="A32557-002-a-0500">F●fteenth</w>
     <w lemma="day" pos="n1" xml:id="A32557-002-a-0510">day</w>
     <w lemma="of" pos="acp" xml:id="A32557-002-a-0520">of</w>
     <w lemma="September" pos="n1-nn" rendition="#hi" xml:id="A32557-002-a-0530">September</w>
     <w lemma="next" pos="ord" xml:id="A32557-002-a-0540">next</w>
     <w lemma="ensue" pos="vvg" xml:id="A32557-002-a-0550">ensuing</w>
     <pc xml:id="A32557-002-a-0560">;</pc>
     <w lemma="and" pos="cc" xml:id="A32557-002-a-0570">And</w>
     <w lemma="that" pos="cs" xml:id="A32557-002-a-0580">that</w>
     <w lemma="such" pos="d" xml:id="A32557-002-a-0590">such</w>
     <w lemma="of" pos="acp" xml:id="A32557-002-a-0600">of</w>
     <w lemma="the" pos="d" xml:id="A32557-002-a-0610">the</w>
     <w lemma="say" pos="j_vn" xml:id="A32557-002-a-0620">said</w>
     <w lemma="person" pos="n2" xml:id="A32557-002-a-0630">persons</w>
     <w lemma="as" pos="acp" xml:id="A32557-002-a-0640">as</w>
     <w lemma="be" pos="vvb" xml:id="A32557-002-a-0650">are</w>
     <w lemma="out" pos="av" xml:id="A32557-002-a-0660">out</w>
     <w lemma="of" pos="acp" xml:id="A32557-002-a-0670">of</w>
     <w lemma="our" pos="po" xml:id="A32557-002-a-0680">Our</w>
     <w lemma="dominion" pos="n2" xml:id="A32557-002-a-0690">Dominions</w>
     <pc xml:id="A32557-002-a-0700">,</pc>
     <w lemma="that" pos="cs" xml:id="A32557-002-a-0710">that</w>
     <w lemma="claim" pos="vvb" xml:id="A32557-002-a-0720">Claim</w>
     <pc xml:id="A32557-002-a-0730">,</pc>
     <w lemma="or" pos="cc" xml:id="A32557-002-a-0740">or</w>
     <w lemma="may" pos="vmb" xml:id="A32557-002-a-0750">may</w>
     <w lemma="claim" pos="vvi" xml:id="A32557-002-a-0760">claim</w>
     <w lemma="as" pos="acp-av" xml:id="A32557-002-a-0770">as</w>
     <w lemma="aforesaid" pos="j" xml:id="A32557-002-a-0780">aforesaid</w>
     <pc xml:id="A32557-002-a-0790">,</pc>
     <w lemma="and" pos="cc" xml:id="A32557-002-a-0800">and</w>
     <w lemma="have" pos="vvb" xml:id="A32557-002-a-0810">have</w>
     <w lemma="not" pos="xx" xml:id="A32557-002-a-0820">not</w>
     <w lemma="already" pos="av" xml:id="A32557-002-a-0830">already</w>
     <w lemma="put" pos="vvn" xml:id="A32557-002-a-0840">put</w>
     <w lemma="in" pos="acp" xml:id="A32557-002-a-0850">in</w>
     <w lemma="their" pos="po" xml:id="A32557-002-a-0860">their</w>
     <w lemma="claim" pos="n2" xml:id="A32557-002-a-0870">Claims</w>
     <pc xml:id="A32557-002-a-0880">,</pc>
     <w lemma="shall" pos="vmb" xml:id="A32557-002-a-0890">shall</w>
     <w lemma="make" pos="vvi" xml:id="A32557-002-a-0900">make</w>
     <w lemma="or" pos="cc" xml:id="A32557-002-a-0910">or</w>
     <w lemma="enter" pos="vvi" xml:id="A32557-002-a-0920">enter</w>
     <pc xml:id="A32557-002-a-0930">,</pc>
     <w lemma="or" pos="cc" xml:id="A32557-002-a-0940">or</w>
     <w lemma="cause" pos="n1" xml:id="A32557-002-a-0950">cause</w>
     <w lemma="to" pos="to" xml:id="A32557-002-a-0960">to</w>
     <w lemma="be" pos="vvi" xml:id="A32557-002-a-0970">be</w>
     <w lemma="enter" pos="vvn" reg="entered" xml:id="A32557-002-a-0980">entred</w>
     <w lemma="and" pos="cc" xml:id="A32557-002-a-0990">and</w>
     <w lemma="put" pos="vvn" xml:id="A32557-002-a-1000">put</w>
     <w lemma="in" pos="acp" xml:id="A32557-002-a-1010">in</w>
     <w lemma="their" pos="po" xml:id="A32557-002-a-1020">their</w>
     <w lemma="claim" pos="n2" xml:id="A32557-002-a-1030">Claims</w>
     <w lemma="in" pos="acp" xml:id="A32557-002-a-1040">in</w>
     <w lemma="like" pos="j" xml:id="A32557-002-a-1050">like</w>
     <w lemma="manner" pos="n1" xml:id="A32557-002-a-1060">manner</w>
     <pc xml:id="A32557-002-a-1070">,</pc>
     <w lemma="at" pos="acp" xml:id="A32557-002-a-1080">at</w>
     <w lemma="or" pos="cc" xml:id="A32557-002-a-1090">or</w>
     <w lemma="before" pos="acp-av" xml:id="A32557-002-a-1100">before</w>
     <w lemma="the" pos="d" xml:id="A32557-002-a-1110">the</w>
     <w lemma="three" pos="crd" xml:id="A32557-002-a-1120">Three</w>
     <w lemma="and" pos="cc" xml:id="A32557-002-a-1130">and</w>
     <w lemma="twenty" pos="ord" xml:id="A32557-002-a-1140">twentieth</w>
     <w lemma="of" pos="acp" xml:id="A32557-002-a-1150">of</w>
     <w lemma="October" pos="n1-nn" rendition="#hi" xml:id="A32557-002-a-1160">October</w>
     <w lemma="next" pos="ord" xml:id="A32557-002-a-1170">next</w>
     <pc xml:id="A32557-002-a-1180">,</pc>
     <w lemma="and" pos="cc" xml:id="A32557-002-a-1190">and</w>
     <w lemma="after" pos="acp" xml:id="A32557-002-a-1200">after</w>
     <w lemma="the" pos="d" xml:id="A32557-002-a-1210">the</w>
     <w lemma="say" pos="vvd" xml:id="A32557-002-a-1220">said</w>
     <w lemma="respective" pos="j" xml:id="A32557-002-a-1230">respective</w>
     <w lemma="day" pos="n2" xml:id="A32557-002-a-1240">days</w>
     <w lemma="and" pos="cc" xml:id="A32557-002-a-1250">and</w>
     <w lemma="time" pos="n2" xml:id="A32557-002-a-1260">times</w>
     <w lemma="shall" pos="vmb" xml:id="A32557-002-a-1270">shall</w>
     <w lemma="be" pos="vvi" xml:id="A32557-002-a-1280">be</w>
     <w lemma="expire" pos="vvn" xml:id="A32557-002-a-1290">expired</w>
     <pc xml:id="A32557-002-a-1300">,</pc>
     <w lemma="no" pos="d-x" xml:id="A32557-002-a-1310">no</w>
     <w lemma="claim" pos="n2" xml:id="A32557-002-a-1320">Claims</w>
     <w lemma="shall" pos="vmb" xml:id="A32557-002-a-1330">shall</w>
     <w lemma="be" pos="vvi" xml:id="A32557-002-a-1340">be</w>
     <w lemma="receive" pos="vvn" xml:id="A32557-002-a-1350">received</w>
     <pc xml:id="A32557-002-a-1360">,</pc>
     <w lemma="but" pos="acp" xml:id="A32557-002-a-1370">but</w>
     <w lemma="the" pos="d" xml:id="A32557-002-a-1380">the</w>
     <w lemma="party" pos="n2" xml:id="A32557-002-a-1390">parties</w>
     <w lemma="neglect" pos="vvg" xml:id="A32557-002-a-1400">neglecting</w>
     <w lemma="to" pos="to" xml:id="A32557-002-a-1410">to</w>
     <w lemma="lay" pos="vvi" xml:id="A32557-002-a-1420">lay</w>
     <w lemma="hold" pos="n1" xml:id="A32557-002-a-1430">hold</w>
     <w lemma="of" pos="acp" xml:id="A32557-002-a-1440">of</w>
     <w lemma="the" pos="d" xml:id="A32557-002-a-1450">the</w>
     <w lemma="benefit" pos="n1" xml:id="A32557-002-a-1460">benefit</w>
     <w lemma="of" pos="acp" xml:id="A32557-002-a-1470">of</w>
     <w lemma="this" pos="d" xml:id="A32557-002-a-1480">this</w>
     <w lemma="our" pos="po" xml:id="A32557-002-a-1490">Our</w>
     <w lemma="gracious" pos="j" xml:id="A32557-002-a-1500">Gracious</w>
     <w lemma="intimation" pos="n1" xml:id="A32557-002-a-1510">Intimation</w>
     <pc xml:id="A32557-002-a-1520">,</pc>
     <w lemma="shall" pos="vmb" xml:id="A32557-002-a-1530">shall</w>
     <w lemma="be" pos="vvi" xml:id="A32557-002-a-1540">be</w>
     <w lemma="leave" pos="vvn" xml:id="A32557-002-a-1550">left</w>
     <w lemma="without" pos="acp" xml:id="A32557-002-a-1560">without</w>
     <w lemma="remedy" pos="n1" xml:id="A32557-002-a-1570">remedy</w>
     <pc xml:id="A32557-002-a-1580">,</pc>
     <w lemma="and" pos="cc" xml:id="A32557-002-a-1590">and</w>
     <w lemma="debar" pos="vvn" reg="debarred" xml:id="A32557-002-a-1600">debarr'd</w>
     <w lemma="for" pos="acp" xml:id="A32557-002-a-1610">for</w>
     <w lemma="ever" pos="av" xml:id="A32557-002-a-1620">ever</w>
     <w lemma="the" pos="d" xml:id="A32557-002-a-1630">the</w>
     <w lemma="benefit" pos="n1" xml:id="A32557-002-a-1640">Benefit</w>
     <pc xml:id="A32557-002-a-1650">,</pc>
     <w lemma="grace" pos="n1" xml:id="A32557-002-a-1660">Grace</w>
     <pc xml:id="A32557-002-a-1670">,</pc>
     <w lemma="favour" pos="n1" xml:id="A32557-002-a-1680">Favour</w>
     <w lemma="and" pos="cc" xml:id="A32557-002-a-1690">and</w>
     <w lemma="advantage" pos="n1" xml:id="A32557-002-a-1700">Advantage</w>
     <w lemma="of" pos="acp" xml:id="A32557-002-a-1710">of</w>
     <w lemma="our" pos="po" xml:id="A32557-002-a-1720">Our</w>
     <w lemma="say" pos="j_vn" xml:id="A32557-002-a-1730">said</w>
     <w lemma="declaration" pos="n1" xml:id="A32557-002-a-1740">Declaration</w>
     <w lemma="and" pos="cc" xml:id="A32557-002-a-1750">and</w>
     <w lemma="instruction" pos="n2" xml:id="A32557-002-a-1760">Instructions</w>
     <pc xml:id="A32557-002-a-1770">,</pc>
     <w lemma="without" pos="acp" xml:id="A32557-002-a-1780">without</w>
     <w lemma="our" pos="po" xml:id="A32557-002-a-1790">Our</w>
     <w lemma="special" pos="j" xml:id="A32557-002-a-1800">special</w>
     <w lemma="order" pos="n1" xml:id="A32557-002-a-1810">Order</w>
     <w lemma="in" pos="acp" xml:id="A32557-002-a-1820">in</w>
     <w lemma="that" pos="d" xml:id="A32557-002-a-1830">that</w>
     <w lemma="behalf" pos="n1" xml:id="A32557-002-a-1840">behalf</w>
     <pc xml:id="A32557-002-a-1850">,</pc>
     <w lemma="upon" pos="acp" xml:id="A32557-002-a-1860">upon</w>
     <w lemma="accident" pos="n2" xml:id="A32557-002-a-1870">accidents</w>
     <w lemma="or" pos="cc" xml:id="A32557-002-a-1880">or</w>
     <w lemma="emergency" pos="n2" xml:id="A32557-002-a-1890">emergencies</w>
     <pc xml:id="A32557-002-a-1900">,</pc>
     <w lemma="where" pos="crq" xml:id="A32557-002-a-1910">where</w>
     <w lemma="justice" pos="n1" reg="justice" xml:id="A32557-002-a-1920">Iustice</w>
     <w lemma="shall" pos="vmb" xml:id="A32557-002-a-1930">shall</w>
     <w lemma="require" pos="vvi" xml:id="A32557-002-a-1940">require</w>
     <w lemma="the" pos="d" xml:id="A32557-002-a-1950">the</w>
     <w lemma="same" pos="d" xml:id="A32557-002-a-1960">same</w>
     <pc unit="sentence" xml:id="A32557-002-a-1970">.</pc>
     <w lemma="and" pos="cc" xml:id="A32557-002-a-1980">And</w>
     <w lemma="that" pos="cs" xml:id="A32557-002-a-1990">that</w>
     <w lemma="none" pos="pi-x" xml:id="A32557-002-a-2000">none</w>
     <w lemma="may" pos="vmb" xml:id="A32557-002-a-2010">may</w>
     <w lemma="pretend" pos="vvi" xml:id="A32557-002-a-2020">pretend</w>
     <w lemma="ignorance" pos="n1" xml:id="A32557-002-a-2030">ignorance</w>
     <w lemma="hereof" pos="av" xml:id="A32557-002-a-2040">hereof</w>
     <pc xml:id="A32557-002-a-2050">,</pc>
     <w lemma="we" pos="pns" xml:id="A32557-002-a-2060">We</w>
     <w lemma="have" pos="vvb" xml:id="A32557-002-a-2070">have</w>
     <w lemma="cause" pos="vvn" xml:id="A32557-002-a-2080">caused</w>
     <w lemma="this" pos="d" xml:id="A32557-002-a-2090">this</w>
     <w lemma="our" pos="po" xml:id="A32557-002-a-2100">Our</w>
     <w lemma="proclamation" pos="n1" xml:id="A32557-002-a-2110">Proclamation</w>
     <w lemma="to" pos="to" xml:id="A32557-002-a-2120">to</w>
     <w lemma="be" pos="vvi" xml:id="A32557-002-a-2130">be</w>
     <w lemma="publish" pos="vvn" xml:id="A32557-002-a-2140">Published</w>
     <w lemma="in" pos="acp" xml:id="A32557-002-a-2150">in</w>
     <w lemma="our" pos="po" xml:id="A32557-002-a-2160">Our</w>
     <w lemma="kingdom" pos="n2" xml:id="A32557-002-a-2170">Kingdoms</w>
     <w lemma="of" pos="acp" xml:id="A32557-002-a-2180">of</w>
     <w lemma="England" pos="n1-nn" rendition="#hi" xml:id="A32557-002-a-2190">England</w>
     <w lemma="and" pos="cc" xml:id="A32557-002-a-2200">and</w>
     <w lemma="Ireland" pos="n1-nn" rendition="#hi" xml:id="A32557-002-a-2210">Ireland</w>
     <pc xml:id="A32557-002-a-2220">,</pc>
     <w lemma="and" pos="cc" xml:id="A32557-002-a-2230">and</w>
     <w lemma="do" pos="vvb" xml:id="A32557-002-a-2240">do</w>
     <w lemma="require" pos="vvi" xml:id="A32557-002-a-2250">require</w>
     <w lemma="our" pos="po" xml:id="A32557-002-a-2260">Our</w>
     <w lemma="say" pos="j_vn" xml:id="A32557-002-a-2270">said</w>
     <w lemma="commissioner" pos="n2" xml:id="A32557-002-a-2280">Commissioners</w>
     <w lemma="that" pos="cs" xml:id="A32557-002-a-2290">that</w>
     <w lemma="they" pos="pns" xml:id="A32557-002-a-2300">they</w>
     <w lemma="take" pos="vvb" xml:id="A32557-002-a-2310">take</w>
     <w lemma="care" pos="n1" xml:id="A32557-002-a-2320">care</w>
     <w lemma="for" pos="acp" xml:id="A32557-002-a-2330">for</w>
     <w lemma="the" pos="d" xml:id="A32557-002-a-2340">the</w>
     <w lemma="exact" pos="j" xml:id="A32557-002-a-2350">exact</w>
     <w lemma="and" pos="cc" xml:id="A32557-002-a-2360">and</w>
     <w lemma="due" pos="j" xml:id="A32557-002-a-2370">due</w>
     <w lemma="observation" pos="n1" xml:id="A32557-002-a-2380">observation</w>
     <w lemma="thereof" pos="av" xml:id="A32557-002-a-2390">thereof</w>
     <pc unit="sentence" xml:id="A32557-002-a-2400">.</pc>
    </p>
    <closer xml:id="A32557-e260">
     <dateline xml:id="A32557-e270">
      <w lemma="give" pos="vvn" xml:id="A32557-002-a-2410">Given</w>
      <w lemma="at" pos="acp" xml:id="A32557-002-a-2420">at</w>
      <w lemma="our" pos="po" xml:id="A32557-002-a-2430">Our</w>
      <w lemma="court" pos="n1" xml:id="A32557-002-a-2440">Court</w>
      <w lemma="at" pos="acp" xml:id="A32557-002-a-2450">at</w>
      <w lemma="Whitehall" pos="n1-nn" rendition="#hi" xml:id="A32557-002-a-2460">Whitehall</w>
      <pc xml:id="A32557-002-a-2470">,</pc>
      <date xml:id="A32557-e290">
       <w lemma="the" pos="d" xml:id="A32557-002-a-2480">the</w>
       <w lemma="twelve" pos="ord" xml:id="A32557-002-a-2490">Twelfth</w>
       <w lemma="day" pos="n1" xml:id="A32557-002-a-2500">day</w>
       <w lemma="of" pos="acp" xml:id="A32557-002-a-2510">of</w>
       <w lemma="july" pos="n1-nn" reg="july" rendition="#hi" xml:id="A32557-002-a-2520">Iuly</w>
       <pc xml:id="A32557-002-a-2530">,</pc>
       <w lemma="in" pos="acp" xml:id="A32557-002-a-2540">in</w>
       <w lemma="the" pos="d" xml:id="A32557-002-a-2550">the</w>
       <w lemma="thirteen" pos="ord" xml:id="A32557-002-a-2560">Thirteenth</w>
       <w lemma="year" pos="n1" xml:id="A32557-002-a-2570">year</w>
       <w lemma="of" pos="acp" xml:id="A32557-002-a-2580">of</w>
       <w lemma="our" pos="po" xml:id="A32557-002-a-2590">Our</w>
       <w lemma="reign" pos="n1" xml:id="A32557-002-a-2600">Reign</w>
       <pc xml:id="A32557-002-a-2610">,</pc>
       <w lemma="1661." pos="crd" xml:id="A32557-002-a-2620">1661.</w>
       <pc unit="sentence" xml:id="A32557-002-a-2630"/>
      </date>
     </dateline>
     <hi xml:id="A32557-e310">
      <w lemma="GOD" pos="n1-nn" xml:id="A32557-002-a-2640">GOD</w>
      <w lemma="save" pos="acp" xml:id="A32557-002-a-2650">SAVE</w>
      <w lemma="the" pos="d" xml:id="A32557-002-a-2660">THE</w>
      <w lemma="king" pos="n1" xml:id="A32557-002-a-2670">KING</w>
     </hi>
     <pc rendition="#follows-hi" unit="sentence" xml:id="A32557-002-a-2680">.</pc>
    </closer>
   </div>
  </body>
  <back xml:id="A32557-e320">
   <div type="colophon" xml:id="A32557-e330">
    <p xml:id="A32557-e340">
     <w lemma="LONDON" pos="n1-nn" rendition="#hi" xml:id="A32557-002-a-2690">LONDON</w>
     <pc xml:id="A32557-002-a-2700">,</pc>
     <w lemma="print" pos="vvn" xml:id="A32557-002-a-2710">Printed</w>
     <w lemma="by" pos="acp" xml:id="A32557-002-a-2720">by</w>
     <hi xml:id="A32557-e360">
      <w lemma="John" pos="n1-nn" reg="john" xml:id="A32557-002-a-2730">Iohn</w>
      <w lemma="bill" pos="n1" xml:id="A32557-002-a-2740">Bill</w>
     </hi>
     <w lemma="and" pos="cc" xml:id="A32557-002-a-2750">and</w>
     <hi xml:id="A32557-e370">
      <w lemma="Christopher" pos="n1-nn" xml:id="A32557-002-a-2760">Christopher</w>
      <w lemma="Barker" pos="n1-nn" xml:id="A32557-002-a-2770">Barker</w>
     </hi>
     <pc rendition="#follows-hi" xml:id="A32557-002-a-2780">,</pc>
     <w lemma="printer" pos="n2" xml:id="A32557-002-a-2790">Printers</w>
     <w lemma="to" pos="acp" xml:id="A32557-002-a-2800">to</w>
     <w lemma="the" pos="d" xml:id="A32557-002-a-2810">the</w>
     <w join="right" lemma="king" pos="n1" reg="king" xml:id="A32557-002-a-2820">KING'</w>
     <w join="left" lemma="be" pos="vvz" xml:id="A32557-002-a-2821">'s</w>
     <w lemma="most" pos="av-s_d" xml:id="A32557-002-a-2830">most</w>
     <w lemma="excellent" pos="j" xml:id="A32557-002-a-2840">Excellent</w>
     <w lemma="majesty" pos="n1" xml:id="A32557-002-a-2850">MAJESTY</w>
     <pc xml:id="A32557-002-a-2860">,</pc>
     <w lemma="1661." pos="crd" xml:id="A32557-002-a-2870">1661.</w>
     <pc unit="sentence" xml:id="A32557-002-a-2880"/>
    </p>
    <p xml:id="A32557-e380">
     <w lemma="at" pos="acp" xml:id="A32557-002-a-2890">At</w>
     <w lemma="the" pos="d" xml:id="A32557-002-a-2900">the</w>
     <w lemma="king" pos="n1g" xml:id="A32557-002-a-2910">KING'S</w>
     <w lemma="printing-house" pos="n1" xml:id="A32557-002-a-2920">Printing-House</w>
     <w lemma="in" pos="acp" xml:id="A32557-002-a-2930">in</w>
     <w lemma="blackfriar" pos="n2-nn" reg="Blackfriars" rendition="#hi" xml:id="A32557-002-a-2940">Black-Friers</w>
     <pc unit="sentence" xml:id="A32557-002-a-2950">.</pc>
    </p>
   </div>
  </back>
 </text>
</TEI>
