<?xml version="1.0" encoding="UTF-8"?>
<?xml-model href="http://schemata.earlyprint.org/schemata/tei_earlyprint.rng" type="application/xml" schematypens="http://relaxng.org/ns/structure/1.0"?>
<TEI xmlns="http://www.tei-c.org/ns/1.0" xml:id="A39246">
 <teiHeader>
  <fileDesc>
   <titleStmt>
    <title>An English-duel, or, Three to three, or, Great Britaines challenge to France, Denmark, and Holland her puissance and strength, her readinesse and willingnesse to obey her Soveraigne in his just war, and how all the counties in these three kingdomes are at an hours warning ready to defend His Sacred Majesty, together with the justnesse of his cause, and hopes of a happy conquest over his enemies / by George Eliot.</title>
    <author>Eliot, George, 17th cent.</author>
   </titleStmt>
   <editionStmt>
    <edition>This text is an enriched version of the TCP digital transcription A39246 of text R36217 in the <ref target="http;//estc.bl.uk">English Short Title Catalog</ref> (Wing E545). Textual changes  and metadata enrichments aim at making the                             text more  computationally tractable, easier to read, and suitable for network-based collaborative                              curation by amateur and professional end users from many walks of life.  The text has been tokenized and linguistically annotated with <ref target="http://morphadorner.northwestern.edu/morphadorner/">MorphAdorner</ref>. The annotation includes standard spellings that support the display of a text in                             a standardized format that preserves archaic forms ('loveth', 'seekest').                              Textual changes aim at restoring the text the author or stationer meant to publish.</edition>
    <respStmt>
     <resp>This text has not been fully proofread</resp>
     <name/>
    </respStmt>
   </editionStmt>
   <extent>Approx. 8 KB of XML-encoded text transcribed from 1 1-bit group-IV TIFF page image.</extent>
   <publicationStmt>
    <publisher>EarlyPrint Project</publisher>
    <pubPlace>Evanston,IL, Notre Dame, IN, St. Louis, MO</pubPlace>
    <date>2018</date>
    <idno type="DLPS">A39246</idno>
    <idno type="STC">Wing E545</idno>
    <idno type="STC">ESTC R36217</idno>
    <idno type="EEBO-CITATION">15619061</idno>
    <idno type="OCLC">ocm 15619061</idno>
    <idno type="VID">104188</idno>
    <availability>
     <p>
            This keyboarded and encoded edition of the work described above is co-owned by the institutions providing financial support to the Early English Books Online Text Creation Partnership. This Phase I text is available for reuse, according to the terms of
            <ref target="https://creativecommons.org/publicdomain/zero/1.0/">Creative Commons 0 1.0 Universal</ref>
            . The text can be copied, modified, distributed and performed, even for commercial purposes, all without asking permission.
          </p>
    </availability>
   </publicationStmt>
   <seriesStmt>
    <title>Early English books online.</title>
   </seriesStmt>
   <notesStmt>
    <note>(EEBO-TCP ; phase 1, no. A39246)</note>
    <note>Transcribed from: (Early English Books Online ; image set 104188)</note>
    <note>Images scanned from microfilm: (Early English books, 1641-1700 ; 1591:62)</note>
   </notesStmt>
   <sourceDesc>
    <biblFull>
     <titleStmt>
      <title>An English-duel, or, Three to three, or, Great Britaines challenge to France, Denmark, and Holland her puissance and strength, her readinesse and willingnesse to obey her Soveraigne in his just war, and how all the counties in these three kingdomes are at an hours warning ready to defend His Sacred Majesty, together with the justnesse of his cause, and hopes of a happy conquest over his enemies / by George Eliot.</title>
      <author>Eliot, George, 17th cent.</author>
     </titleStmt>
     <extent>1 broadside.</extent>
     <publicationStmt>
      <publisher>[s.n.],</publisher>
      <pubPlace>[London] printed :</pubPlace>
      <date>1666.</date>
     </publicationStmt>
     <notesStmt>
      <note>In verse.</note>
      <note>Place of publication suggested by Wing.</note>
      <note>Reproduction of original in the Society of Antiquaries Library, London.</note>
     </notesStmt>
    </biblFull>
   </sourceDesc>
  </fileDesc>
  <profileDesc>
   <langUsage>
    <language ident="eng">eng</language>
   </langUsage>
   <textClass>
    <keywords scheme="http://authorities.loc.gov/">
     <term>Anglo-Dutch War, 1664-1667 -- Poetry.</term>
    </keywords>
   </textClass>
  </profileDesc>
  <xenoData>
   <ep:epHeader xmlns:ep="http://earlyprint.org/ns/1.0">
    <ep:corpus>eebo</ep:corpus>
    <ep:title>An English-duel: or Three to three or Great Britaines challenge to France, Denmark, and Holland; her puissance and strength, her readinesse and willin</ep:title>
    <ep:author>Eliot, George</ep:author>
    <ep:publicationYear>1666</ep:publicationYear>
    <ep:creationYear/>
    <ep:curator>
     <ep:name/>
    </ep:curator>
    <ep:pageCount>1</ep:pageCount>
    <ep:wordCount>1160</ep:wordCount>
    <ep:defectiveTokenCount>2</ep:defectiveTokenCount>
    <ep:untranscribedForeignCount>0</ep:untranscribedForeignCount>
    <ep:untranscribedMathCount>0</ep:untranscribedMathCount>
    <ep:untranscribedMusicCount>0</ep:untranscribedMusicCount>
    <ep:missingChunkCount>0</ep:missingChunkCount>
    <ep:missingPagesCount>0</ep:missingPagesCount>
    <ep:defectRate>17.24</ep:defectRate>
    <ep:finalGrade>C</ep:finalGrade>
    <ep:defectRangePerGrade> The  rate of 17.24 defects per 10,000 words puts this text in the C category of texts with between 10 and 35 defects per 10,000 words.</ep:defectRangePerGrade>
   </ep:epHeader>
  </xenoData>
  <revisionDesc>
   <change><date>2006-10</date><label>TCP</label>
        Assigned for keying and markup
      </change>
   <change><date>2006-10</date><label>Aptara</label>
        Keyed and coded from ProQuest page images
      </change>
   <change><date>2006-11</date><label>Mona Logarbo</label>
        Sampled and proofread
      </change>
   <change><date>2006-11</date><label>Mona Logarbo</label>
        Text and markup reviewed and edited
      </change>
   <change><date>2007-02</date><label>pfs</label>
        Batch review (QC) and XML conversion
      </change>
  </revisionDesc>
 </teiHeader>
 <text xml:id="A39246-t">
  <body xml:id="A39246-e0">
   <div type="poem" xml:id="A39246-e10">
    <pb facs="tcp:104188:1" xml:id="A39246-001-a"/>
    <head xml:id="A39246-e20">
     <w lemma="a" pos="d" xml:id="A39246-001-a-0010">AN</w>
     <w lemma="english-duel" pos="n1" xml:id="A39246-001-a-0020">ENGLISH-DUEL</w>
     <pc xml:id="A39246-001-a-0030">:</pc>
     <w lemma="or" pos="cc" xml:id="A39246-001-a-0040">OR</w>
     <w lemma="three" pos="crd" xml:id="A39246-001-a-0050">Three</w>
     <w lemma="to" pos="acp" xml:id="A39246-001-a-0060">to</w>
     <w lemma="three" pos="crd" xml:id="A39246-001-a-0070">Three</w>
     <w lemma="or" pos="cc" xml:id="A39246-001-a-0080">OR</w>
     <w lemma="great" pos="j" xml:id="A39246-001-a-0090">GREAT</w>
     <w lemma="Britain" pos="n1g-nn" reg="BRITAIN'S" xml:id="A39246-001-a-0100">BRITAINES</w>
     <w lemma="challenge" pos="n1" xml:id="A39246-001-a-0110">Challenge</w>
     <w lemma="to" pos="acp" xml:id="A39246-001-a-0120">to</w>
     <w lemma="France" pos="n1-nn" xml:id="A39246-001-a-0130">France</w>
     <pc xml:id="A39246-001-a-0140">,</pc>
     <w lemma="Denmark" pos="n1-nn" xml:id="A39246-001-a-0150">Denmark</w>
     <pc xml:id="A39246-001-a-0160">,</pc>
     <w lemma="and" pos="cc" xml:id="A39246-001-a-0170">and</w>
     <w lemma="Holland" pos="n1-nn" xml:id="A39246-001-a-0180">Holland</w>
     <pc xml:id="A39246-001-a-0190">;</pc>
     <w lemma="her" pos="po" xml:id="A39246-001-a-0200">her</w>
     <w lemma="puissance" pos="n1" xml:id="A39246-001-a-0210">Puissance</w>
     <w lemma="and" pos="cc" xml:id="A39246-001-a-0220">and</w>
     <w lemma="strength" pos="n1" xml:id="A39246-001-a-0230">Strength</w>
     <pc xml:id="A39246-001-a-0240">,</pc>
     <w lemma="her" pos="po" xml:id="A39246-001-a-0250">her</w>
     <w lemma="readiness" pos="n1" reg="Readiness" xml:id="A39246-001-a-0260">Readinesse</w>
     <w lemma="and" pos="cc" xml:id="A39246-001-a-0270">and</w>
     <w lemma="willingness" pos="n1" reg="Willingness" xml:id="A39246-001-a-0280">Willingnesse</w>
     <w lemma="to" pos="to" xml:id="A39246-001-a-0290">to</w>
     <w lemma="obey" pos="vvi" xml:id="A39246-001-a-0300">obey</w>
     <w lemma="her" pos="po" xml:id="A39246-001-a-0310">her</w>
     <w lemma="sovereign" pos="n1_j" reg="Sovereign" xml:id="A39246-001-a-0320">Soveraigne</w>
     <w lemma="in" pos="acp" xml:id="A39246-001-a-0330">in</w>
     <w lemma="his" pos="po" xml:id="A39246-001-a-0340">his</w>
     <w lemma="just" pos="j" xml:id="A39246-001-a-0350">Just</w>
     <w lemma="war" pos="n1" xml:id="A39246-001-a-0360">War</w>
     <pc xml:id="A39246-001-a-0370">:</pc>
     <w lemma="and" pos="cc" xml:id="A39246-001-a-0380">and</w>
     <w lemma="how" pos="crq" xml:id="A39246-001-a-0390">how</w>
     <w lemma="all" pos="d" xml:id="A39246-001-a-0400">all</w>
     <w lemma="the" pos="d" xml:id="A39246-001-a-0410">the</w>
     <w lemma="county" pos="n2" xml:id="A39246-001-a-0420">Counties</w>
     <w lemma="in" pos="acp" xml:id="A39246-001-a-0430">in</w>
     <w lemma="these" pos="d" xml:id="A39246-001-a-0440">these</w>
     <w lemma="three" pos="crd" xml:id="A39246-001-a-0450">Three</w>
     <w lemma="kingdom" pos="n2" reg="Kingdoms" xml:id="A39246-001-a-0460">Kingdomes</w>
     <w lemma="be" pos="vvb" xml:id="A39246-001-a-0470">are</w>
     <w lemma="at" pos="acp" xml:id="A39246-001-a-0480">at</w>
     <w lemma="a" pos="d" xml:id="A39246-001-a-0490">an</w>
     <w lemma="hour" pos="n2" xml:id="A39246-001-a-0500">hours</w>
     <w lemma="warn" pos="vvg" xml:id="A39246-001-a-0510">Warning</w>
     <w lemma="ready" pos="j" xml:id="A39246-001-a-0520">ready</w>
     <w lemma="to" pos="to" xml:id="A39246-001-a-0530">to</w>
     <w lemma="defend" pos="vvi" xml:id="A39246-001-a-0540">defend</w>
     <w lemma="his" pos="po" xml:id="A39246-001-a-0550">his</w>
     <w lemma="sacred" pos="j" xml:id="A39246-001-a-0560">Sacred</w>
     <w lemma="majesty" pos="n1" xml:id="A39246-001-a-0570">Majesty</w>
     <pc xml:id="A39246-001-a-0580">,</pc>
     <w lemma="together" pos="av" xml:id="A39246-001-a-0590">together</w>
     <w lemma="with" pos="acp" xml:id="A39246-001-a-0600">with</w>
     <w lemma="the" pos="d" xml:id="A39246-001-a-0610">the</w>
     <w lemma="justness" pos="n1" reg="justness" xml:id="A39246-001-a-0620">justnesse</w>
     <w lemma="of" pos="acp" xml:id="A39246-001-a-0630">of</w>
     <w lemma="his" pos="po" xml:id="A39246-001-a-0640">his</w>
     <w lemma="cause" pos="n1" xml:id="A39246-001-a-0650">Cause</w>
     <pc xml:id="A39246-001-a-0660">,</pc>
     <w lemma="and" pos="cc" xml:id="A39246-001-a-0670">and</w>
     <w lemma="hope" pos="n2" xml:id="A39246-001-a-0680">hopes</w>
     <w lemma="of" pos="acp" xml:id="A39246-001-a-0690">of</w>
     <w lemma="a" pos="d" xml:id="A39246-001-a-0700">a</w>
     <w lemma="happy" pos="j" xml:id="A39246-001-a-0710">happy</w>
     <w lemma="conquest" pos="n1" xml:id="A39246-001-a-0720">Conquest</w>
     <w lemma="over" pos="acp" xml:id="A39246-001-a-0730">over</w>
     <w lemma="his" pos="po" xml:id="A39246-001-a-0740">his</w>
     <w lemma="enemy" pos="n2" xml:id="A39246-001-a-0750">Enemies</w>
     <pc unit="sentence" xml:id="A39246-001-a-0760">.</pc>
    </head>
    <byline xml:id="A39246-e30">
     <w lemma="by" pos="acp" xml:id="A39246-001-a-0770">By</w>
     <w lemma="George" pos="n1-nn" xml:id="A39246-001-a-0780">George</w>
     <w lemma="eliot" pos="n1-nn" xml:id="A39246-001-a-0790">Eliot</w>
     <pc unit="sentence" xml:id="A39246-001-a-0800">.</pc>
    </byline>
    <argument xml:id="A39246-e40">
     <l xml:id="A39246-e50">
      <w lemma="great" pos="j" xml:id="A39246-001-a-0810">Great</w>
      <w lemma="Britain" pos="n1g-nn" xml:id="A39246-001-a-0820">Britain's</w>
      <w lemma="angry" pos="j" xml:id="A39246-001-a-0830">angry</w>
      <pc xml:id="A39246-001-a-0840">,</pc>
      <w lemma="and" pos="cc" xml:id="A39246-001-a-0850">and</w>
      <w lemma="begin" pos="vvz" xml:id="A39246-001-a-0860">begins</w>
      <w lemma="to" pos="to" xml:id="A39246-001-a-0870">to</w>
      <w lemma="frown" pos="vvi" xml:id="A39246-001-a-0880">frown</w>
      <pc xml:id="A39246-001-a-0890">:</pc>
     </l>
     <l xml:id="A39246-e60">
      <w lemma="France" pos="n1-nn" xml:id="A39246-001-a-0900">France</w>
      <pc xml:id="A39246-001-a-0910">,</pc>
      <w lemma="Denmark" pos="n1-nn" xml:id="A39246-001-a-0920">Denmark</w>
      <pc xml:id="A39246-001-a-0930">,</pc>
      <w lemma="Holland" pos="n1-nn" xml:id="A39246-001-a-0940">Holland</w>
      <pc xml:id="A39246-001-a-0950">,</pc>
      <w lemma="all" pos="d" xml:id="A39246-001-a-0960">all</w>
      <w lemma="must" pos="vmb" xml:id="A39246-001-a-0970">must</w>
      <w lemma="tumble" pos="vvi" xml:id="A39246-001-a-0980">tumble</w>
      <w lemma="down" pos="acp-av" xml:id="A39246-001-a-0990">down</w>
      <pc unit="sentence" xml:id="A39246-001-a-1000">.</pc>
     </l>
    </argument>
    <l xml:id="A39246-e70">
     <w lemma="when" pos="crq" xml:id="A39246-001-a-1010">WHen</w>
     <w lemma="high" pos="j" xml:id="A39246-001-a-1020">high</w>
     <w lemma="Jehovah" pos="n1g-nn" rendition="#hi" xml:id="A39246-001-a-1030">Jehovah's</w>
     <w lemma="own" pos="d" xml:id="A39246-001-a-1040">own</w>
     <w lemma="right" pos="j" xml:id="A39246-001-a-1050">right</w>
     <w lemma="hand" pos="n1" xml:id="A39246-001-a-1060">hand</w>
     <w lemma="do" pos="vvd" xml:id="A39246-001-a-1070">did</w>
     <w lemma="bring" pos="vvi" xml:id="A39246-001-a-1080">bring</w>
    </l>
    <l xml:id="A39246-e90">
     <w lemma="great" pos="j" xml:id="A39246-001-a-1090">Great</w>
     <w lemma="Britain" pos="n1g-nn" reg="Britain's" rendition="#hi" xml:id="A39246-001-a-1100">Britaines</w>
     <w lemma="monarch" pos="n1" xml:id="A39246-001-a-1110">Monarch</w>
     <pc xml:id="A39246-001-a-1120">,</pc>
     <w lemma="and" pos="cc" xml:id="A39246-001-a-1130">and</w>
     <w lemma="her" pos="po" xml:id="A39246-001-a-1140">her</w>
     <w lemma="mighty" pos="j" xml:id="A39246-001-a-1150">mighty</w>
     <w lemma="king" pos="n1" xml:id="A39246-001-a-1160">King</w>
     <pc xml:id="A39246-001-a-1170">,</pc>
    </l>
    <l xml:id="A39246-e110">
     <w lemma="to" pos="to" xml:id="A39246-001-a-1180">To</w>
     <w lemma="his" pos="po" xml:id="A39246-001-a-1190">his</w>
     <w lemma="undoubted" pos="j" xml:id="A39246-001-a-1200">undoubted</w>
     <w lemma="right" pos="n1_j" xml:id="A39246-001-a-1210">right</w>
     <pc xml:id="A39246-001-a-1220">;</pc>
     <w lemma="and" pos="cc" xml:id="A39246-001-a-1230">and</w>
     <w lemma="heaven" pos="n1g" reg="Heaven's" xml:id="A39246-001-a-1240">Heavens</w>
     <w lemma="hand" pos="n1" xml:id="A39246-001-a-1250">hand</w>
    </l>
    <l xml:id="A39246-e120">
     <w lemma="have" pos="vvd" xml:id="A39246-001-a-1260">Had</w>
     <w lemma="quite" pos="av" xml:id="A39246-001-a-1270">quite</w>
     <w lemma="disarm" pos="vvn" reg="disarmed" xml:id="A39246-001-a-1280">disarm'd</w>
     <w lemma="the" pos="d" xml:id="A39246-001-a-1290">the</w>
     <w lemma="rebel" pos="n2" xml:id="A39246-001-a-1300">Rebels</w>
     <w lemma="of" pos="acp" xml:id="A39246-001-a-1310">of</w>
     <w lemma="this" pos="d" xml:id="A39246-001-a-1320">this</w>
     <w lemma="land" pos="n1" xml:id="A39246-001-a-1330">Land</w>
     <pc xml:id="A39246-001-a-1340">:</pc>
    </l>
    <l xml:id="A39246-e130">
     <w lemma="this" pos="d" xml:id="A39246-001-a-1350">This</w>
     <w lemma="famous" pos="j" xml:id="A39246-001-a-1360">famous</w>
     <w lemma="island" pos="n1" xml:id="A39246-001-a-1370">Island</w>
     <w lemma="then" pos="av" xml:id="A39246-001-a-1380">then</w>
     <w lemma="her" pos="po" xml:id="A39246-001-a-1390">her</w>
     <w lemma="day" pos="n2" reg="days" xml:id="A39246-001-a-1400">dayes</w>
     <w lemma="do" pos="vvd" xml:id="A39246-001-a-1410">did</w>
     <w lemma="spend" pos="vvi" xml:id="A39246-001-a-1420">spend</w>
    </l>
    <l xml:id="A39246-e140">
     <w lemma="in" pos="acp" xml:id="A39246-001-a-1430">In</w>
     <w lemma="peace" pos="n1" xml:id="A39246-001-a-1440">Peace</w>
     <w lemma="and" pos="cc" xml:id="A39246-001-a-1450">and</w>
     <w lemma="plenty" pos="n1" xml:id="A39246-001-a-1460">Plenty</w>
     <pc xml:id="A39246-001-a-1470">,</pc>
     <w lemma="and" pos="cc" xml:id="A39246-001-a-1480">and</w>
     <w lemma="all" pos="d" xml:id="A39246-001-a-1490">all</w>
     <w lemma="kingdom" pos="n2" reg="Kingdoms" xml:id="A39246-001-a-1500">Kingdomes</w>
     <w lemma="send" pos="vvb" xml:id="A39246-001-a-1510">send</w>
    </l>
    <l xml:id="A39246-e150">
     <w lemma="to" pos="acp" xml:id="A39246-001-a-1520">To</w>
     <w lemma="England" pos="n1g-nn" reg="England's" rendition="#hi" xml:id="A39246-001-a-1530">Englands</w>
     <w lemma="king" pos="n1" xml:id="A39246-001-a-1540">King</w>
     <pc xml:id="A39246-001-a-1550">,</pc>
     <w lemma="who" pos="crq" xml:id="A39246-001-a-1560">who</w>
     <w lemma="kind" pos="av_j" xml:id="A39246-001-a-1570">kindly</w>
     <w lemma="do" pos="vvd" xml:id="A39246-001-a-1580">did</w>
     <w lemma="he" pos="pno" xml:id="A39246-001-a-1590">him</w>
     <w lemma="greet" pos="vvi" xml:id="A39246-001-a-1600">greet</w>
    </l>
    <l xml:id="A39246-e170">
     <w lemma="with" pos="acp" xml:id="A39246-001-a-1610">With</w>
     <w lemma="joyful" pos="j" xml:id="A39246-001-a-1620">joyful</w>
     <w lemma="welcome" pos="n2_j" xml:id="A39246-001-a-1630">Welcomes</w>
     <pc xml:id="A39246-001-a-1640">;</pc>
     <w lemma="humble" pos="av_j" xml:id="A39246-001-a-1650">humbly</w>
     <w lemma="at" pos="acp" xml:id="A39246-001-a-1660">at</w>
     <w lemma="his" pos="po" xml:id="A39246-001-a-1670">his</w>
     <w lemma="foot" pos="n2" xml:id="A39246-001-a-1680">feet</w>
    </l>
    <l xml:id="A39246-e180">
     <w lemma="do" pos="vvd" xml:id="A39246-001-a-1690">Did</w>
     <w lemma="crave" pos="vvi" xml:id="A39246-001-a-1700">crave</w>
     <w lemma="his" pos="po" xml:id="A39246-001-a-1710">his</w>
     <w lemma="friendship" pos="n1" xml:id="A39246-001-a-1720">friendship</w>
     <pc xml:id="A39246-001-a-1730">:</pc>
     <w lemma="and" pos="cc" xml:id="A39246-001-a-1740">and</w>
     <w lemma="among" pos="acp" xml:id="A39246-001-a-1750">amongst</w>
     <w lemma="the" pos="d" xml:id="A39246-001-a-1760">the</w>
     <w lemma="rest" pos="n1" xml:id="A39246-001-a-1770">rest</w>
    </l>
    <l xml:id="A39246-e190">
     <w lemma="false-hearted" pos="j" reg="Falsehearted" xml:id="A39246-001-a-1780">False-hearted</w>
     <w lemma="France" pos="n1-nn" rendition="#hi" xml:id="A39246-001-a-1790">France</w>
     <pc xml:id="A39246-001-a-1800">,</pc>
     <ref corresp="A39246-e210-b" target="A39246-e210-b" xml:id="A39246-e210-a"/>
     <note corresp="A39246-e210-a" place="margin" xml:id="A39246-e210-b">
      <w lemma="France" pos="n1-nn" rendition="#hi" xml:id="A39246-001-a-1810">France</w>
      <w lemma="and" pos="cc" xml:id="A39246-001-a-1820">and</w>
      <w lemma="Holland" pos="n1-nn" rendition="#hi" xml:id="A39246-001-a-1830">Holland</w>
      <w lemma="deceitful" pos="j" xml:id="A39246-001-a-1840">deceitful</w>
      <w lemma="nation" pos="n2" xml:id="A39246-001-a-1850">Nations</w>
      <pc unit="sentence" xml:id="A39246-001-a-1860">.</pc>
     </note>
     <w lemma="and" pos="cc" xml:id="A39246-001-a-1870">and</w>
     <w lemma="that" pos="cs" xml:id="A39246-001-a-1880">that</w>
     <w lemma="base" pos="j" xml:id="A39246-001-a-1890">base</w>
     <w lemma="scorpion" pos="n2" xml:id="A39246-001-a-1900">Scorpions</w>
     <w lemma="nest" pos="n1" xml:id="A39246-001-a-1910">Nest</w>
    </l>
    <l xml:id="A39246-e240">
     <w lemma="deceitful" pos="j" xml:id="A39246-001-a-1920">Deceitful</w>
     <w lemma="Holland" pos="n1-nn" rendition="#hi" xml:id="A39246-001-a-1930">Holland</w>
     <pc xml:id="A39246-001-a-1940">,</pc>
     <w lemma="those" pos="d" xml:id="A39246-001-a-1950">those</w>
     <w lemma="fat" pos="j" xml:id="A39246-001-a-1960">fat</w>
     <w lemma="greasy" pos="j" reg="greasy" xml:id="A39246-001-a-1970">greasie</w>
     <w lemma="hog" pos="n2" xml:id="A39246-001-a-1980">Hogs</w>
     <pc xml:id="A39246-001-a-1990">,</pc>
    </l>
    <l xml:id="A39246-e260">
     <w lemma="do" pos="vvd" xml:id="A39246-001-a-2000">Did</w>
     <w lemma="fawn" pos="vvi" xml:id="A39246-001-a-2010">fawn</w>
     <w lemma="and" pos="cc" xml:id="A39246-001-a-2020">and</w>
     <w lemma="flatter" pos="vvi" xml:id="A39246-001-a-2030">flatter</w>
     <w lemma="like" pos="j" xml:id="A39246-001-a-2040">like</w>
     <w lemma="to" pos="acp" xml:id="A39246-001-a-2050">to</w>
     <w lemma="spaniel" pos="n1" xml:id="A39246-001-a-2060">Spaniel</w>
     <w lemma="dog" pos="n2" xml:id="A39246-001-a-2070">Dogs</w>
     <pc xml:id="A39246-001-a-2080">▪</pc>
    </l>
    <l xml:id="A39246-e270">
     <w lemma="but" pos="acp" xml:id="A39246-001-a-2090">But</w>
     <w lemma="now" pos="av" xml:id="A39246-001-a-2100">now</w>
     <w lemma="these" pos="d" xml:id="A39246-001-a-2110">these</w>
     <w lemma="greasy" pos="j" reg="greasy" xml:id="A39246-001-a-2120">greasie</w>
     <w lemma="state" pos="n2" xml:id="A39246-001-a-2130">States</w>
     <pc xml:id="A39246-001-a-2140">,</pc>
     <w lemma="without" pos="acp" xml:id="A39246-001-a-2150">without</w>
     <w lemma="a" pos="d" xml:id="A39246-001-a-2160">a</w>
     <w lemma="cause" pos="n1" xml:id="A39246-001-a-2170">Cause</w>
     <pc xml:id="A39246-001-a-2180">,</pc>
    </l>
    <l xml:id="A39246-e280">
     <w lemma="as" pos="acp" xml:id="A39246-001-a-2190">As</w>
     <w lemma="God" pos="n1-nn" xml:id="A39246-001-a-2200">God</w>
     <w lemma="an●" pos="n1" xml:id="A39246-001-a-2210">an●</w>
     <w lemma="all" pos="d" xml:id="A39246-001-a-2220">all</w>
     <w lemma="the" pos="d" xml:id="A39246-001-a-2230">the</w>
     <w lemma="christian" pos="j-nn" xml:id="A39246-001-a-2240">Christian</w>
     <w lemma="world" pos="n1" xml:id="A39246-001-a-2250">World</w>
     <w lemma="well" pos="av" xml:id="A39246-001-a-2260">well</w>
     <w lemma="know" pos="vvz" xml:id="A39246-001-a-2270">knows</w>
     <pc xml:id="A39246-001-a-2280">,</pc>
    </l>
    <l xml:id="A39246-e290">
     <w lemma="by" pos="acp" xml:id="A39246-001-a-2290">By</w>
     <w lemma="force" pos="n1" xml:id="A39246-001-a-2300">force</w>
     <w lemma="of" pos="acp" xml:id="A39246-001-a-2310">of</w>
     <w lemma="arm" pos="n2" reg="Arms" xml:id="A39246-001-a-2320">Armes</w>
     <w lemma="do" pos="vvz" xml:id="A39246-001-a-2330">doth</w>
     <w lemma="seek" pos="vvi" xml:id="A39246-001-a-2340">seek</w>
     <w lemma="to" pos="to" xml:id="A39246-001-a-2350">to</w>
     <w lemma="overcome" pos="vvi" xml:id="A39246-001-a-2360">overcome</w>
    </l>
    <l xml:id="A39246-e300">
     <w lemma="the" pos="d" xml:id="A39246-001-a-2370">The</w>
     <w lemma="great" pos="j-s" xml:id="A39246-001-a-2380">greatest</w>
     <w lemma="potentate" pos="n1" xml:id="A39246-001-a-2390">Potentate</w>
     <w lemma="in" pos="acp" xml:id="A39246-001-a-2400">in</w>
     <w lemma="Christendom" pos="n1-nn" reg="Christendom" xml:id="A39246-001-a-2410">Christendome</w>
     <pc unit="sentence" xml:id="A39246-001-a-2420">.</pc>
    </l>
    <l xml:id="A39246-e310">
     <w lemma="poor" pos="j" xml:id="A39246-001-a-2430">Poor</w>
     <w lemma="silly" pos="j" xml:id="A39246-001-a-2440">silly</w>
     <w lemma="cur" pos="n2" reg="Curs" xml:id="A39246-001-a-2450">Currs</w>
     <pc xml:id="A39246-001-a-2460">,</pc>
     <w join="right" lemma="i" pos="pns" xml:id="A39246-001-a-2470">I</w>
     <w join="left" lemma="be" pos="vvm" xml:id="A39246-001-a-2471">'m</w>
     <w lemma="sure" pos="j" xml:id="A39246-001-a-2480">sure</w>
     <w lemma="they" pos="pns" xml:id="A39246-001-a-2490">they</w>
     <w lemma="may" pos="vmb" xml:id="A39246-001-a-2500">may</w>
     <w lemma="as" pos="acp-av" xml:id="A39246-001-a-2510">as</w>
     <w lemma="soon" pos="av" xml:id="A39246-001-a-2520">soon</w>
    </l>
    <l xml:id="A39246-e320">
     <w lemma="put" pos="vvb" xml:id="A39246-001-a-2530">Put</w>
     <w lemma="out" pos="av" xml:id="A39246-001-a-2540">out</w>
     <w lemma="the" pos="d" xml:id="A39246-001-a-2550">the</w>
     <w lemma="sun" pos="n1g" reg="Sun's" xml:id="A39246-001-a-2560">Suns</w>
     <w lemma="light" pos="n1" xml:id="A39246-001-a-2570">light</w>
     <pc xml:id="A39246-001-a-2580">,</pc>
     <w lemma="or" pos="cc" xml:id="A39246-001-a-2590">or</w>
     <w lemma="pull" pos="vvb" xml:id="A39246-001-a-2600">pull</w>
     <w lemma="down" pos="acp-av" xml:id="A39246-001-a-2610">down</w>
     <w lemma="the" pos="d" xml:id="A39246-001-a-2620">the</w>
     <w lemma="moon" pos="n1" xml:id="A39246-001-a-2630">Moon</w>
     <pc xml:id="A39246-001-a-2640">:</pc>
    </l>
    <l xml:id="A39246-e330">
     <w lemma="for" pos="acp" xml:id="A39246-001-a-2650">For</w>
     <w lemma="Britain" pos="n1g-nn" reg="Britain's" rendition="#hi" xml:id="A39246-001-a-2660">Britaines</w>
     <w lemma="empire" pos="n1" xml:id="A39246-001-a-2670">Empire</w>
     <pc xml:id="A39246-001-a-2680">,</pc>
     <w lemma="i" pos="pns" xml:id="A39246-001-a-2690">I</w>
     <w lemma="dare" pos="vvb" xml:id="A39246-001-a-2700">dare</w>
     <w lemma="bold" pos="av_j" xml:id="A39246-001-a-2710">boldly</w>
     <w lemma="say" pos="vvi" xml:id="A39246-001-a-2720">say</w>
     <pc xml:id="A39246-001-a-2730">,</pc>
    </l>
    <l xml:id="A39246-e350">
     <w lemma="of" pos="acp" xml:id="A39246-001-a-2740">Of</w>
     <w lemma="stout" pos="j" xml:id="A39246-001-a-2750">stout</w>
     <w lemma="and" pos="cc" xml:id="A39246-001-a-2760">and</w>
     <w lemma="valiant" pos="j" xml:id="A39246-001-a-2770">valiant</w>
     <w lemma="man" pos="n2" xml:id="A39246-001-a-2780">men</w>
     <pc xml:id="A39246-001-a-2790">,</pc>
     <w lemma="have" pos="vvz" xml:id="A39246-001-a-2800">hath</w>
     <w lemma="at" pos="acp" xml:id="A39246-001-a-2810">at</w>
     <w lemma="this" pos="d" xml:id="A39246-001-a-2820">this</w>
     <w lemma="day" pos="n1" xml:id="A39246-001-a-2830">day</w>
    </l>
    <l xml:id="A39246-e360">
     <w lemma="above" pos="acp" xml:id="A39246-001-a-2840">Above</w>
     <w lemma="four" pos="crd" xml:id="A39246-001-a-2850">four</w>
     <w lemma="hundred" pos="crd" xml:id="A39246-001-a-2860">hundred</w>
     <w lemma="thousand" pos="crd" xml:id="A39246-001-a-2870">thousand</w>
     <pc xml:id="A39246-001-a-2880">,</pc>
     <ref corresp="A39246-e370-b" target="A39246-e370-b" xml:id="A39246-e370-a"/>
     <note corresp="A39246-e370-a" place="margin" xml:id="A39246-e370-b">
      <w lemma="Britain" pos="n1g-nn" reg="Britain's" rendition="#hi" xml:id="A39246-001-a-2890">Britaines</w>
      <w lemma="terrible" pos="j" xml:id="A39246-001-a-2900">terrible</w>
      <w lemma="puissance" pos="n1" xml:id="A39246-001-a-2910">Puissance</w>
      <pc unit="sentence" xml:id="A39246-001-a-2920">.</pc>
     </note>
     <w lemma="which" pos="crq" xml:id="A39246-001-a-2930">which</w>
     <w lemma="can" pos="vmb" xml:id="A39246-001-a-2940">can</w>
     <w lemma="make" pos="vvi" xml:id="A39246-001-a-2950">make</w>
    </l>
    <l xml:id="A39246-e390">
     <w lemma="not" pos="xx" xml:id="A39246-001-a-2960">Not</w>
     <w lemma="Europe" pos="n1-nn" rendition="#hi" xml:id="A39246-001-a-2970">Europe</w>
     <w lemma="only" pos="av_j" reg="only" xml:id="A39246-001-a-2980">onely</w>
     <pc xml:id="A39246-001-a-2990">,</pc>
     <w lemma="but" pos="acp" xml:id="A39246-001-a-3000">but</w>
     <w lemma="all" pos="d" xml:id="A39246-001-a-3010">all</w>
     <w lemma="Turkey" pos="n1-nn" reg="Turkey" rendition="#hi" xml:id="A39246-001-a-3020">Turky</w>
     <w lemma="shake" pos="vvi" xml:id="A39246-001-a-3030">shake</w>
     <pc xml:id="A39246-001-a-3040">;</pc>
    </l>
    <l xml:id="A39246-e420">
     <w lemma="they" pos="pns" xml:id="A39246-001-a-3050">They</w>
     <w lemma="all" pos="d" xml:id="A39246-001-a-3060">all</w>
     <w lemma="be" pos="vvb" xml:id="A39246-001-a-3070">are</w>
     <w lemma="willing" pos="j" xml:id="A39246-001-a-3080">willing</w>
     <w lemma="for" pos="acp" xml:id="A39246-001-a-3090">for</w>
     <w lemma="to" pos="to" xml:id="A39246-001-a-3100">to</w>
     <w lemma="spend" pos="vvi" xml:id="A39246-001-a-3110">spend</w>
     <w lemma="their" pos="po" xml:id="A39246-001-a-3120">their</w>
     <w lemma="blood" pos="n1" xml:id="A39246-001-a-3130">blood</w>
    </l>
    <l xml:id="A39246-e430">
     <w lemma="in" pos="acp" xml:id="A39246-001-a-3140">In</w>
     <w lemma="this" pos="d" xml:id="A39246-001-a-3150">this</w>
     <w lemma="just" pos="j" xml:id="A39246-001-a-3160">just</w>
     <w lemma="war" pos="n1" xml:id="A39246-001-a-3170">War</w>
     <pc xml:id="A39246-001-a-3180">,</pc>
     <w lemma="the" pos="d" xml:id="A39246-001-a-3190">the</w>
     <w lemma="cause" pos="n1" xml:id="A39246-001-a-3200">Cause</w>
     <w lemma="it" pos="pn" xml:id="A39246-001-a-3210">it</w>
     <w lemma="be" pos="vvz" xml:id="A39246-001-a-3220">is</w>
     <w lemma="so" pos="av" xml:id="A39246-001-a-3230">so</w>
     <w lemma="good" pos="j" xml:id="A39246-001-a-3240">good</w>
     <pc unit="sentence" xml:id="A39246-001-a-3250">.</pc>
    </l>
    <l xml:id="A39246-e440">
     <w lemma="all" pos="av_d" xml:id="A39246-001-a-3260">All</w>
     <w lemma="county" pos="n2" xml:id="A39246-001-a-3270">Counties</w>
     <w lemma="in" pos="acp" xml:id="A39246-001-a-3280">in</w>
     <w lemma="these" pos="d" xml:id="A39246-001-a-3290">these</w>
     <w lemma="kingdom" pos="n1g" reg="Kingdom's" xml:id="A39246-001-a-3300">Kingdomes</w>
     <w lemma="ready" pos="j" xml:id="A39246-001-a-3310">ready</w>
     <w lemma="be" pos="vvb" xml:id="A39246-001-a-3320">are</w>
    </l>
    <l xml:id="A39246-e450">
     <w lemma="to" pos="to" xml:id="A39246-001-a-3330">To</w>
     <w lemma="aid" pos="vvi" xml:id="A39246-001-a-3340">aid</w>
     <w lemma="their" pos="po" xml:id="A39246-001-a-3350">their</w>
     <w lemma="king" pos="n1" xml:id="A39246-001-a-3360">King</w>
     <w lemma="in" pos="acp" xml:id="A39246-001-a-3370">in</w>
     <w lemma="his" pos="po" xml:id="A39246-001-a-3380">his</w>
     <w lemma="defensive" pos="j" xml:id="A39246-001-a-3390">Defensive</w>
     <w lemma="war" pos="n1" reg="War" xml:id="A39246-001-a-3400">Warre</w>
     <pc unit="sentence" xml:id="A39246-001-a-3410">.</pc>
    </l>
    <l xml:id="A39246-e460">
     <w lemma="brave" pos="j" rendition="#hi" xml:id="A39246-001-a-3420">Brave</w>
     <w lemma="England" pos="n1-nn" xml:id="A39246-001-a-3430">England</w>
     <pc xml:id="A39246-001-a-3440">,</pc>
     <ref corresp="A39246-e480-b" target="A39246-e480-b" xml:id="A39246-e480-a"/>
     <note corresp="A39246-e480-a" place="margin" xml:id="A39246-e480-b">
      <w lemma="three" pos="crd" xml:id="A39246-001-a-3450">Three</w>
      <w lemma="to" pos="acp" xml:id="A39246-001-a-3460">to</w>
      <w lemma="three" pos="crd" xml:id="A39246-001-a-3470">Three</w>
      <pc unit="sentence" xml:id="A39246-001-a-3480">.</pc>
     </note>
     <w lemma="Scotland" pos="n1-nn" xml:id="A39246-001-a-3490">Scotland</w>
     <pc xml:id="A39246-001-a-3500">,</pc>
     <w lemma="Ireland" pos="n1-nn" xml:id="A39246-001-a-3510">Ireland</w>
     <pc xml:id="A39246-001-a-3520">,</pc>
     <hi xml:id="A39246-e490">
      <w lemma="be" pos="vvb" xml:id="A39246-001-a-3530">are</w>
      <w lemma="agree" pos="vvn" xml:id="A39246-001-a-3540">agreed</w>
     </hi>
    </l>
    <l xml:id="A39246-e500">
     <hi xml:id="A39246-e510">
      <w lemma="to" pos="to" xml:id="A39246-001-a-3550">To</w>
      <w lemma="make" pos="vvi" xml:id="A39246-001-a-3560">make</w>
      <w lemma="false" pos="j" xml:id="A39246-001-a-3570">false</w>
     </hi>
     <w lemma="Holland" pos="n1-nn" xml:id="A39246-001-a-3580">Holland</w>
     <pc xml:id="A39246-001-a-3590">,</pc>
     <w lemma="France" pos="n1-nn" xml:id="A39246-001-a-3600">France</w>
     <pc xml:id="A39246-001-a-3610">,</pc>
     <w lemma="and" pos="cc" rendition="#hi" xml:id="A39246-001-a-3620">and</w>
     <w lemma="Denmark" pos="n1-nn" xml:id="A39246-001-a-3630">Denmark</w>
     <w lemma="bleed" pos="vvi" rendition="#hi" xml:id="A39246-001-a-3640">bleed</w>
     <pc unit="sentence" xml:id="A39246-001-a-3650">.</pc>
    </l>
    <l xml:id="A39246-e540">
     <w lemma="when" pos="crq" xml:id="A39246-001-a-3660">When</w>
     <w lemma="James" pos="n1-nn" rendition="#hi" xml:id="A39246-001-a-3670">James</w>
     <w lemma="and" pos="cc" xml:id="A39246-001-a-3680">and</w>
     <w lemma="George" pos="n1-nn" rendition="#hi" xml:id="A39246-001-a-3690">George</w>
     <w lemma="their" pos="po" xml:id="A39246-001-a-3700">their</w>
     <w lemma="glitter" pos="j_vg" reg="glittering" xml:id="A39246-001-a-3710">glittring</w>
     <w lemma="sword" pos="n2" xml:id="A39246-001-a-3720">swords</w>
     <w lemma="do" pos="vvb" xml:id="A39246-001-a-3730">do</w>
     <w lemma="draw" pos="vvi" xml:id="A39246-001-a-3740">draw</w>
    </l>
    <l xml:id="A39246-e570">
     <w lemma="then" pos="av" xml:id="A39246-001-a-3750">Then</w>
     <w lemma="England" pos="n1g-nn" reg="England's" rendition="#hi" xml:id="A39246-001-a-3760">Englands</w>
     <w lemma="lion" pos="n1" xml:id="A39246-001-a-3770">Lion</w>
     <pc xml:id="A39246-001-a-3780">,</pc>
     <ref corresp="A39246-e590-b" target="A39246-e590-b" xml:id="A39246-e590-a"/>
     <note corresp="A39246-e590-a" place="margin" xml:id="A39246-e590-b">
      <hi xml:id="A39246-e600">
       <w lemma="duke" pos="n1" xml:id="A39246-001-a-3790">Duke</w>
       <w lemma="of" pos="acp" xml:id="A39246-001-a-3800">of</w>
      </hi>
      <w lemma="York" pos="n1-nn" reg="York" xml:id="A39246-001-a-3810">Yorke</w>
      <pc unit="sentence" xml:id="A39246-001-a-3820">.</pc>
      <hi xml:id="A39246-e610">
       <w lemma="duke" pos="n1" xml:id="A39246-001-a-3830">Duke</w>
       <w lemma="of" pos="acp" xml:id="A39246-001-a-3840">of</w>
      </hi>
      <w lemma="Albermarle" pos="n1-nn" xml:id="A39246-001-a-3850">Albermarle</w>
      <pc unit="sentence" xml:id="A39246-001-a-3860">.</pc>
     </note>
     <w lemma="with" pos="acp" xml:id="A39246-001-a-3870">with</w>
     <w lemma="his" pos="po" xml:id="A39246-001-a-3880">his</w>
     <w lemma="arm" pos="j_vn" xml:id="A39246-001-a-3890">armed</w>
     <w lemma="paw" pos="n1" xml:id="A39246-001-a-3900">paw</w>
     <pc xml:id="A39246-001-a-3910">,</pc>
    </l>
    <l xml:id="A39246-e620">
     <w lemma="will" pos="vmb" xml:id="A39246-001-a-3920">Will</w>
     <w lemma="tear" pos="vvi" xml:id="A39246-001-a-3930">tear</w>
     <w lemma="proud" pos="j" xml:id="A39246-001-a-3940">proud</w>
     <w lemma="France" pos="n1-nn" rendition="#hi" xml:id="A39246-001-a-3950">France</w>
     <w lemma="in" pos="acp" xml:id="A39246-001-a-3960">in</w>
     <w lemma="piece" pos="n2" xml:id="A39246-001-a-3970">pieces</w>
     <pc xml:id="A39246-001-a-3980">,</pc>
     <w lemma="and" pos="cc" xml:id="A39246-001-a-3990">and</w>
     <w lemma="will" pos="vmb" xml:id="A39246-001-a-4000">will</w>
     <w lemma="make" pos="vvi" xml:id="A39246-001-a-4010">make</w>
     <pc xml:id="A39246-001-a-4020">,</pc>
    </l>
    <l xml:id="A39246-e640">
     <w lemma="rebellious" pos="j" xml:id="A39246-001-a-4030">Rebellious</w>
     <w lemma="Holland" pos="n1-nn" rendition="#hi" xml:id="A39246-001-a-4040">Holland</w>
     <pc xml:id="A39246-001-a-4050">,</pc>
     <ref corresp="A39246-e660-b" target="A39246-e660-b" xml:id="A39246-e660-a"/>
     <note corresp="A39246-e660-a" place="margin" xml:id="A39246-e660-b">
      <w lemma="duke" pos="n1" xml:id="A39246-001-a-4060">Duke</w>
      <w lemma="of" pos="acp" xml:id="A39246-001-a-4070">of</w>
      <w lemma="York" pos="n1-nn" reg="York" rendition="#hi" xml:id="A39246-001-a-4080">Yorke</w>
      <pc unit="sentence" xml:id="A39246-001-a-4090">.</pc>
      <w lemma="prince" pos="n1" xml:id="A39246-001-a-4100">Prince</w>
      <w lemma="rupert" pos="n1-nn" rendition="#hi" xml:id="A39246-001-a-4110">Rupert</w>
      <pc unit="sentence" xml:id="A39246-001-a-4120">.</pc>
     </note>
     <w lemma="and" pos="cc" xml:id="A39246-001-a-4130">and</w>
     <w lemma="base" pos="j" xml:id="A39246-001-a-4140">base</w>
     <w lemma="Denmark" pos="n1-nn" rendition="#hi" xml:id="A39246-001-a-4150">Denmark</w>
     <w lemma="shake" pos="vvi" xml:id="A39246-001-a-4160">shake</w>
     <pc unit="sentence" xml:id="A39246-001-a-4170">.</pc>
    </l>
    <l xml:id="A39246-e700">
     <w join="right" lemma="there" pos="av" xml:id="A39246-001-a-4180">There</w>
     <w join="left" lemma="be" pos="vvz" xml:id="A39246-001-a-4181">'s</w>
     <w lemma="not" pos="xx" xml:id="A39246-001-a-4190">not</w>
     <w lemma="a" pos="d" xml:id="A39246-001-a-4200">a</w>
     <w lemma="king" pos="n1" xml:id="A39246-001-a-4210">King</w>
     <w lemma="in" pos="acp" xml:id="A39246-001-a-4220">in</w>
     <w lemma="Christendom" pos="n1-nn" reg="Christendom" rendition="#hi" xml:id="A39246-001-a-4230">Christendome</w>
     <w lemma="can" pos="vmb" xml:id="A39246-001-a-4240">can</w>
     <w lemma="say" pos="vvi" xml:id="A39246-001-a-4250">say</w>
     <pc xml:id="A39246-001-a-4260">,</pc>
     <ref corresp="A39246-e720-b" target="A39246-e720-b" xml:id="A39246-e720-a"/>
     <note corresp="A39246-e720-a" place="margin" xml:id="A39246-e720-b">
      <hi xml:id="A39246-e730">
       <w lemma="duke" pos="n1" xml:id="A39246-001-a-4270">Duke</w>
       <w lemma="of" pos="acp" xml:id="A39246-001-a-4280">of</w>
      </hi>
      <w lemma="Albermarle" pos="n1-nn" xml:id="A39246-001-a-4290">Albermarle</w>
      <pc unit="sentence" xml:id="A39246-001-a-4300">.</pc>
     </note>
    </l>
    <l xml:id="A39246-e740">
     <w lemma="in" pos="acp" xml:id="A39246-001-a-4310">In</w>
     <w lemma="his" pos="po" xml:id="A39246-001-a-4320">his</w>
     <w lemma="dominion" pos="n2" xml:id="A39246-001-a-4330">Dominions</w>
     <w lemma="he" pos="pns" xml:id="A39246-001-a-4340">he</w>
     <w lemma="have" pos="vvz" xml:id="A39246-001-a-4350">hath</w>
     <w lemma="at" pos="acp" xml:id="A39246-001-a-4360">at</w>
     <w lemma="this" pos="d" xml:id="A39246-001-a-4370">this</w>
     <w lemma="day" pos="n1" xml:id="A39246-001-a-4380">day</w>
    </l>
    <l xml:id="A39246-e750">
     <w lemma="such" pos="d" xml:id="A39246-001-a-4390">Such</w>
     <w lemma="brave" pos="j" xml:id="A39246-001-a-4400">brave</w>
     <w lemma="commander" pos="n2" xml:id="A39246-001-a-4410">Commanders</w>
     <pc xml:id="A39246-001-a-4420">,</pc>
     <ref corresp="A39246-e760-b" target="A39246-e760-b" xml:id="A39246-e760-a"/>
     <note corresp="A39246-e760-a" place="margin" xml:id="A39246-e760-b">
      <w lemma="duke" pos="n1" xml:id="A39246-001-a-4430">Duke</w>
      <w lemma="of" pos="acp" xml:id="A39246-001-a-4440">of</w>
      <w lemma="ormond" pos="n1-nn" rendition="#hi" xml:id="A39246-001-a-4450">Ormond</w>
      <pc unit="sentence" xml:id="A39246-001-a-4460">.</pc>
     </note>
     <w lemma="as" pos="acp" xml:id="A39246-001-a-4470">as</w>
     <w lemma="have" pos="vvz" xml:id="A39246-001-a-4480">hath</w>
     <w lemma="Britain" pos="n1g-nn" reg="Britain's" rendition="#hi" xml:id="A39246-001-a-4490">Britaines</w>
     <w lemma="king" pos="n1" xml:id="A39246-001-a-4500">King</w>
     <pc xml:id="A39246-001-a-4510">,</pc>
    </l>
    <l xml:id="A39246-e790">
     <w lemma="who" pos="crq-rg" xml:id="A39246-001-a-4520">Whose</w>
     <w lemma="name" pos="n2" xml:id="A39246-001-a-4530">Names</w>
     <w lemma="already" pos="av" xml:id="A39246-001-a-4540">already</w>
     <w lemma="through" pos="acp" xml:id="A39246-001-a-4550">through</w>
     <w lemma="earth" pos="n1g" reg="Earth's" xml:id="A39246-001-a-4560">Earths</w>
     <w lemma="globe" pos="n1" xml:id="A39246-001-a-4570">Globe</w>
     <w lemma="do" pos="vvz" xml:id="A39246-001-a-4580">doth</w>
     <w lemma="ring" pos="n1" xml:id="A39246-001-a-4590">ring</w>
     <pc unit="sentence" xml:id="A39246-001-a-4600">.</pc>
    </l>
    <l xml:id="A39246-e800">
     <w lemma="nor" pos="cc-x" xml:id="A39246-001-a-4610">Nor</w>
     <w lemma="be" pos="vvz" xml:id="A39246-001-a-4620">is</w>
     <w lemma="there" pos="av" xml:id="A39246-001-a-4630">there</w>
     <w lemma="any" pos="d" xml:id="A39246-001-a-4640">any</w>
     <w lemma="king" pos="n1" xml:id="A39246-001-a-4650">King</w>
     <w lemma="that" pos="cs" xml:id="A39246-001-a-4660">that</w>
     <w lemma="ever" pos="av" xml:id="A39246-001-a-4670">ever</w>
     <w lemma="have" pos="vvd" xml:id="A39246-001-a-4680">had</w>
     <ref corresp="A39246-e810-b" target="A39246-e810-b" xml:id="A39246-e810-a"/>
     <note corresp="A39246-e810-a" place="margin" xml:id="A39246-e810-b">
      <hi xml:id="A39246-e820">
       <w lemma="earl" pos="n1" reg="Earl" xml:id="A39246-001-a-4690">Earle</w>
       <w lemma="of" pos="acp" xml:id="A39246-001-a-4700">of</w>
      </hi>
      <w lemma="Manchester" pos="n1-nn" xml:id="A39246-001-a-4710">Manchester</w>
      <pc unit="sentence" xml:id="A39246-001-a-4720">.</pc>
     </note>
    </l>
    <l xml:id="A39246-e830">
     <w lemma="more" pos="av-c_d" xml:id="A39246-001-a-4730">More</w>
     <w lemma="just" pos="j" xml:id="A39246-001-a-4740">just</w>
     <w lemma="a" pos="d" xml:id="A39246-001-a-4750">a</w>
     <w lemma="cause" pos="n1" xml:id="A39246-001-a-4760">Cause</w>
     <pc xml:id="A39246-001-a-4770">,</pc>
     <ref corresp="A39246-e840-b" target="A39246-e840-b" xml:id="A39246-e840-a"/>
     <note corresp="A39246-e840-a" place="margin" xml:id="A39246-e840-b">
      <w lemma="marquis" pos="n1" reg="marquis" xml:id="A39246-001-a-4780">Marquesse</w>
      <w lemma="Newcastle" pos="n1-nn" rendition="#hi" xml:id="A39246-001-a-4790">Newcastle</w>
      <pc unit="sentence" xml:id="A39246-001-a-4800">.</pc>
     </note>
     <w lemma="nor" pos="cc-x" xml:id="A39246-001-a-4810">nor</w>
     <w lemma="ever" pos="av" xml:id="A39246-001-a-4820">ever</w>
     <w lemma="foe" pos="n1" xml:id="A39246-001-a-4830">Foe</w>
     <w lemma="more" pos="av-c_d" xml:id="A39246-001-a-4840">more</w>
     <w lemma="bad" pos="j" xml:id="A39246-001-a-4850">bad</w>
     <pc unit="sentence" xml:id="A39246-001-a-4860">.</pc>
    </l>
    <l xml:id="A39246-e860">
     <w lemma="poor" pos="j" xml:id="A39246-001-a-4870">Poor</w>
     <w lemma="hungry" pos="j" xml:id="A39246-001-a-4880">hungry</w>
     <w lemma="Holland" pos="n1g-nn" reg="Holland's" rendition="#hi" xml:id="A39246-001-a-4890">Hollands</w>
     <w lemma="belly" pos="n1" xml:id="A39246-001-a-4900">belly</w>
     <w lemma="he" pos="pns" xml:id="A39246-001-a-4910">he</w>
     <w lemma="do" pos="vvd" xml:id="A39246-001-a-4920">did</w>
     <w lemma="fill" pos="vvi" xml:id="A39246-001-a-4930">fill</w>
     <pc xml:id="A39246-001-a-4940">,</pc>
     <ref corresp="A39246-e880-b" target="A39246-e880-b" xml:id="A39246-e880-a"/>
     <note corresp="A39246-e880-a" place="margin" xml:id="A39246-e880-b">
      <w lemma="marquis" pos="n1" reg="marquis" xml:id="A39246-001-a-4950">Marquesse</w>
      <w lemma="dorcet" pos="vvn" rendition="#hi" xml:id="A39246-001-a-4960">Dorcet</w>
      <pc unit="sentence" xml:id="A39246-001-a-4970">.</pc>
     </note>
    </l>
    <l xml:id="A39246-e900">
     <w lemma="and" pos="cc" xml:id="A39246-001-a-4980">And</w>
     <w lemma="do" pos="vvd" xml:id="A39246-001-a-4990">did</w>
     <w lemma="allow" pos="vvi" xml:id="A39246-001-a-5000">allow</w>
     <w lemma="they" pos="pno" xml:id="A39246-001-a-5010">them</w>
     <w lemma="at" pos="acp" xml:id="A39246-001-a-5020">at</w>
     <w lemma="their" pos="po" xml:id="A39246-001-a-5030">their</w>
     <w lemma="own" pos="d" xml:id="A39246-001-a-5040">own</w>
     <w lemma="free" pos="j" xml:id="A39246-001-a-5050">free</w>
     <w lemma="will" pos="n1" xml:id="A39246-001-a-5060">will</w>
    </l>
    <l xml:id="A39246-e910">
     <w lemma="to" pos="acp" xml:id="A39246-001-a-5070">To</w>
     <w lemma="trade" pos="n1" xml:id="A39246-001-a-5080">trade</w>
     <w lemma="in" pos="acp" xml:id="A39246-001-a-5090">in</w>
     <w lemma="England" pos="n1-nn" rendition="#hi" xml:id="A39246-001-a-5100">England</w>
     <pc xml:id="A39246-001-a-5110">,</pc>
     <ref corresp="A39246-e930-b" target="A39246-e930-b" xml:id="A39246-e930-a"/>
     <note corresp="A39246-e930-a" place="margin" xml:id="A39246-e930-b">
      <w lemma="lord" pos="n1" rendition="#hi" xml:id="A39246-001-a-5120">Lord</w>
      <w lemma="fairfax" pos="n1-nn" xml:id="A39246-001-a-5130">Fairfax</w>
      <pc unit="sentence" xml:id="A39246-001-a-5140">.</pc>
     </note>
     <w lemma="on" pos="acp" xml:id="A39246-001-a-5150">on</w>
     <w lemma="her" pos="po" xml:id="A39246-001-a-5160">her</w>
     <w lemma="sea" pos="n2" xml:id="A39246-001-a-5170">Seas</w>
     <w lemma="to" pos="acp" xml:id="A39246-001-a-5180">to</w>
     <w lemma="fish" pos="n1" xml:id="A39246-001-a-5190">fish</w>
     <pc unit="sentence" xml:id="A39246-001-a-5200">.</pc>
    </l>
    <l xml:id="A39246-e950">
     <w lemma="they" pos="pns" xml:id="A39246-001-a-5210">They</w>
     <w lemma="have" pos="vvd" xml:id="A39246-001-a-5220">had</w>
     <w lemma="their" pos="po" xml:id="A39246-001-a-5230">their</w>
     <w lemma="pleasure" pos="n1" xml:id="A39246-001-a-5240">pleasure</w>
     <pc xml:id="A39246-001-a-5250">,</pc>
     <ref corresp="A39246-e960-b" target="A39246-e960-b" xml:id="A39246-e960-a"/>
     <note corresp="A39246-e960-a" place="margin" xml:id="A39246-e960-b">
      <w lemma="lord" pos="n1" rendition="#hi" xml:id="A39246-001-a-5260">Lord</w>
      <w lemma="Bellas" pos="n1-nn" xml:id="A39246-001-a-5270">Bellas</w>
      <pc unit="sentence" xml:id="A39246-001-a-5280">.</pc>
     </note>
     <w lemma="and" pos="cc" xml:id="A39246-001-a-5290">and</w>
     <w lemma="what" pos="crq" xml:id="A39246-001-a-5300">what</w>
     <w lemma="heart" pos="n1" xml:id="A39246-001-a-5310">heart</w>
     <w lemma="can" pos="vmd" xml:id="A39246-001-a-5320">could</w>
     <w lemma="wish" pos="vvi" xml:id="A39246-001-a-5330">wish</w>
     <pc unit="sentence" xml:id="A39246-001-a-5340">.</pc>
    </l>
    <l xml:id="A39246-e980">
     <w lemma="from" pos="acp" xml:id="A39246-001-a-5350">From</w>
     <w lemma="England" pos="n1-nn" rendition="#hi" xml:id="A39246-001-a-5360">England</w>
     <w lemma="yearly" pos="j" xml:id="A39246-001-a-5370">yearly</w>
     <w lemma="of" pos="acp" xml:id="A39246-001-a-5380">of</w>
     <w lemma="all" pos="d" xml:id="A39246-001-a-5390">all</w>
     <w lemma="sort" pos="n2" xml:id="A39246-001-a-5400">sorts</w>
     <w lemma="of" pos="acp" xml:id="A39246-001-a-5410">of</w>
     <w lemma="grain" pos="n1" xml:id="A39246-001-a-5420">grain</w>
     <pc xml:id="A39246-001-a-5430">,</pc>
     <ref corresp="A39246-e1000-b" target="A39246-e1000-b" xml:id="A39246-e1000-a"/>
     <note corresp="A39246-e1000-a" place="margin" xml:id="A39246-e1000-b">
      <w lemma="the" pos="d" xml:id="A39246-001-a-5440">The</w>
      <w lemma="king" pos="n1g" reg="King's" xml:id="A39246-001-a-5450">Kings</w>
      <w lemma="love" pos="n1" xml:id="A39246-001-a-5460">love</w>
      <w lemma="to" pos="acp" xml:id="A39246-001-a-5470">to</w>
      <w lemma="Holland" pos="n1-nn" rendition="#hi" xml:id="A39246-001-a-5480">Holland</w>
      <pc unit="sentence" xml:id="A39246-001-a-5490">.</pc>
     </note>
    </l>
    <l xml:id="A39246-e1020">
     <w lemma="go" pos="vvd" xml:id="A39246-001-a-5500">Went</w>
     <w lemma="many" pos="d" xml:id="A39246-001-a-5510">many</w>
     <w lemma="thousand" pos="crd" xml:id="A39246-001-a-5520">thousand</w>
     <w lemma="quarter" pos="n2" xml:id="A39246-001-a-5530">Quarters</w>
     <pc xml:id="A39246-001-a-5540">,</pc>
     <w lemma="to" pos="to" xml:id="A39246-001-a-5550">to</w>
     <w lemma="maintain" pos="vvi" xml:id="A39246-001-a-5560">maintain</w>
    </l>
    <l xml:id="A39246-e1030">
     <w lemma="her" pos="po" xml:id="A39246-001-a-5570">Her</w>
     <w lemma="hungry" pos="j" xml:id="A39246-001-a-5580">hungry</w>
     <w lemma="child" pos="n2" xml:id="A39246-001-a-5590">children</w>
     <pc xml:id="A39246-001-a-5600">,</pc>
     <w lemma="or" pos="cc" xml:id="A39246-001-a-5610">or</w>
     <w lemma="else" pos="av" xml:id="A39246-001-a-5620">else</w>
     <w lemma="they" pos="pns" xml:id="A39246-001-a-5630">they</w>
     <w lemma="will" pos="vmd" xml:id="A39246-001-a-5640">would</w>
     <w lemma="die" pos="vvi" xml:id="A39246-001-a-5650">die</w>
     <pc xml:id="A39246-001-a-5660">;</pc>
    </l>
    <l xml:id="A39246-e1040">
     <w lemma="and" pos="cc" xml:id="A39246-001-a-5670">And</w>
     <w lemma="for" pos="acp" xml:id="A39246-001-a-5680">for</w>
     <w lemma="his" pos="po" xml:id="A39246-001-a-5690">his</w>
     <w lemma="goodness" pos="n1" xml:id="A39246-001-a-5700">goodness</w>
     <w lemma="he" pos="pno" xml:id="A39246-001-a-5710">him</w>
     <w lemma="they" pos="pns" xml:id="A39246-001-a-5720">they</w>
     <w lemma="now" pos="av" xml:id="A39246-001-a-5730">now</w>
     <w lemma="defy" pos="vvb" reg="defy" xml:id="A39246-001-a-5740">defie</w>
     <pc unit="sentence" xml:id="A39246-001-a-5750">.</pc>
     <ref corresp="A39246-e1050-b" target="A39246-e1050-b" xml:id="A39246-e1050-a"/>
     <note corresp="A39246-e1050-a" place="margin" xml:id="A39246-e1050-b">
      <w lemma="Holland" pos="n1g-nn" reg="Holland's" rendition="#hi" xml:id="A39246-001-a-5760">Hollands</w>
      <w lemma="ingratitude" pos="n1" xml:id="A39246-001-a-5770">Ingratitude</w>
      <pc unit="sentence" xml:id="A39246-001-a-5780">.</pc>
     </note>
    </l>
    <l xml:id="A39246-e1070">
     <w lemma="but" pos="acp" xml:id="A39246-001-a-5790">But</w>
     <w join="right" lemma="it" pos="pn" xml:id="A39246-001-a-5800">'t</w>
     <w join="left" lemma="be" pos="vvz" xml:id="A39246-001-a-5801">is</w>
     <w lemma="a" pos="d" xml:id="A39246-001-a-5810">a</w>
     <w lemma="baseness" pos="n1" reg="baseness" xml:id="A39246-001-a-5820">basenesse</w>
     <w lemma="with" pos="acp" xml:id="A39246-001-a-5830">with</w>
     <w lemma="a" pos="d" xml:id="A39246-001-a-5840">a</w>
     <w lemma="detestation" pos="n1" xml:id="A39246-001-a-5850">detestation</w>
     <pc xml:id="A39246-001-a-5860">,</pc>
    </l>
    <l xml:id="A39246-e1080">
     <w lemma="that" pos="cs" xml:id="A39246-001-a-5870">That</w>
     <w lemma="France" pos="n1-nn" rendition="#hi" xml:id="A39246-001-a-5880">France</w>
     <w lemma="shall" pos="vmd" xml:id="A39246-001-a-5890">should</w>
     <w lemma="such" pos="d" xml:id="A39246-001-a-5900">such</w>
     <w lemma="a" pos="d" xml:id="A39246-001-a-5910">a</w>
     <w lemma="hare-brained" pos="j" reg="hare-brained" xml:id="A39246-001-a-5920">hair-brain'd</w>
     <w lemma="declaration" pos="n1" xml:id="A39246-001-a-5930">Declaration</w>
    </l>
    <l xml:id="A39246-e1100">
     <w lemma="set" pos="vvb" xml:id="A39246-001-a-5940">Set</w>
     <w lemma="forth" pos="av" xml:id="A39246-001-a-5950">forth</w>
     <pc xml:id="A39246-001-a-5960">,</pc>
     <ref corresp="A39246-e1110-b" target="A39246-e1110-b" xml:id="A39246-e1110-a"/>
     <note corresp="A39246-e1110-a" place="margin" xml:id="A39246-e1110-b">
      <w lemma="the" pos="d" xml:id="A39246-001-a-5970">The</w>
      <w lemma="baseness" pos="n1" reg="baseness" xml:id="A39246-001-a-5980">basenesse</w>
      <w lemma="of" pos="acp" xml:id="A39246-001-a-5990">of</w>
      <w lemma="France" pos="n1-nn" rendition="#hi" xml:id="A39246-001-a-6000">France</w>
      <pc unit="sentence" xml:id="A39246-001-a-6010">.</pc>
     </note>
     <w lemma="and" pos="cc" xml:id="A39246-001-a-6020">and</w>
     <w lemma="without" pos="acp" xml:id="A39246-001-a-6030">without</w>
     <w lemma="cause" pos="n1" xml:id="A39246-001-a-6040">cause</w>
     <w lemma="give" pos="vvi" xml:id="A39246-001-a-6050">give</w>
     <w lemma="such" pos="d" xml:id="A39246-001-a-6060">such</w>
     <w lemma="affront" pos="n1" xml:id="A39246-001-a-6070">affront</w>
     <pc xml:id="A39246-001-a-6080">,</pc>
    </l>
    <l xml:id="A39246-e1130">
     <w lemma="as" pos="acp" xml:id="A39246-001-a-6090">As</w>
     <w lemma="not" pos="xx" xml:id="A39246-001-a-6100">not</w>
     <w lemma="a" pos="d" xml:id="A39246-001-a-6110">a</w>
     <w lemma="king" pos="n1" xml:id="A39246-001-a-6120">King</w>
     <w lemma="in" pos="acp" xml:id="A39246-001-a-6130">in</w>
     <w lemma="Europe" pos="n1-nn" rendition="#hi" xml:id="A39246-001-a-6140">Europe</w>
     <w lemma="will" pos="vmd" xml:id="A39246-001-a-6150">would</w>
     <w lemma="have" pos="vvi" xml:id="A39246-001-a-6160">have</w>
     <w join="right" lemma="do" pos="vvn" reg="done" xml:id="A39246-001-a-6170">don</w>
     <w join="left" lemma="it" pos="pn" xml:id="A39246-001-a-6171">'t</w>
     <pc unit="sentence" xml:id="A39246-001-a-6180">.</pc>
    </l>
    <l xml:id="A39246-e1150">
     <w lemma="a" pos="d" xml:id="A39246-001-a-6190">A</w>
     <w lemma="crown" pos="n1" xml:id="A39246-001-a-6200">Crown</w>
     <w lemma="of" pos="acp" xml:id="A39246-001-a-6210">of</w>
     <w lemma="gold" pos="n1" xml:id="A39246-001-a-6220">Gold</w>
     <w lemma="will" pos="vmb" xml:id="A39246-001-a-6230">will</w>
     <w lemma="not" pos="xx" xml:id="A39246-001-a-6240">not</w>
     <w lemma="become" pos="vvi" xml:id="A39246-001-a-6250">become</w>
     <w lemma="that" pos="d" xml:id="A39246-001-a-6260">that</w>
     <w lemma="pate" pos="n1" xml:id="A39246-001-a-6270">pate</w>
     <pc xml:id="A39246-001-a-6280">,</pc>
     <ref corresp="A39246-e1160-b" target="A39246-e1160-b" xml:id="A39246-e1160-a"/>
     <note corresp="A39246-e1160-a" place="margin" xml:id="A39246-e1160-b">
      <w lemma="the" pos="d" xml:id="A39246-001-a-6290">The</w>
      <w lemma="king" pos="n1" xml:id="A39246-001-a-6300">King</w>
      <w lemma="of" pos="acp" xml:id="A39246-001-a-6310">of</w>
      <w lemma="France" pos="n1-nn" rendition="#hi" xml:id="A39246-001-a-6320">France</w>
      <w lemma="none" pos="pi-x" xml:id="A39246-001-a-6330">none</w>
      <w lemma="of" pos="acp" xml:id="A39246-001-a-6340">of</w>
      <w lemma="the" pos="d" xml:id="A39246-001-a-6350">the</w>
      <w lemma="wise" pos="j-s" xml:id="A39246-001-a-6360">wisest</w>
      <pc unit="sentence" xml:id="A39246-001-a-6370">.</pc>
     </note>
    </l>
    <l xml:id="A39246-e1180">
     <w lemma="that" pos="cs" xml:id="A39246-001-a-6380">That</w>
     <w lemma="side" pos="n2" xml:id="A39246-001-a-6390">sides</w>
     <w lemma="with" pos="acp" xml:id="A39246-001-a-6400">with</w>
     <w lemma="rebel" pos="n2" xml:id="A39246-001-a-6410">Rebels</w>
     <pc xml:id="A39246-001-a-6420">,</pc>
     <w lemma="and" pos="cc" xml:id="A39246-001-a-6430">and</w>
     <w lemma="a" pos="d" xml:id="A39246-001-a-6440">a</w>
     <w lemma="paltry" pos="j" xml:id="A39246-001-a-6450">paltry</w>
     <w lemma="state" pos="n1" xml:id="A39246-001-a-6460">State</w>
     <pc xml:id="A39246-001-a-6470">,</pc>
    </l>
    <l xml:id="A39246-e1190">
     <w lemma="and" pos="cc" xml:id="A39246-001-a-6480">And</w>
     <w lemma="war" pos="n2" xml:id="A39246-001-a-6490">wars</w>
     <w lemma="with" pos="acp" xml:id="A39246-001-a-6500">with</w>
     <w lemma="king" pos="n2" xml:id="A39246-001-a-6510">Kings</w>
     <pc xml:id="A39246-001-a-6520">:</pc>
     <w lemma="no" pos="uh-x" xml:id="A39246-001-a-6530">No</w>
     <pc xml:id="A39246-001-a-6540">,</pc>
     <w lemma="such" pos="d" xml:id="A39246-001-a-6550">such</w>
     <w lemma="a" pos="d" xml:id="A39246-001-a-6560">a</w>
     <w lemma="cock-brained" pos="j" reg="Cock-brained" xml:id="A39246-001-a-6570">Cock-brain'd</w>
     <w lemma="head" pos="n1" xml:id="A39246-001-a-6580">head</w>
    </l>
    <l xml:id="A39246-e1200">
     <w lemma="must" pos="vmb" xml:id="A39246-001-a-6590">Must</w>
     <w lemma="wear" pos="vvi" xml:id="A39246-001-a-6600">wear</w>
     <w lemma="a" pos="d" xml:id="A39246-001-a-6610">a</w>
     <w lemma="fools-cap" pos="n1" xml:id="A39246-001-a-6620">Fools-Cap</w>
     <pc xml:id="A39246-001-a-6630">,</pc>
     <w lemma="or" pos="cc" xml:id="A39246-001-a-6640">or</w>
     <w lemma="a" pos="d" xml:id="A39246-001-a-6650">a</w>
     <w lemma="crown" pos="n1" xml:id="A39246-001-a-6660">Crown</w>
     <w lemma="of" pos="acp" xml:id="A39246-001-a-6670">of</w>
     <w lemma="lead" pos="n1" xml:id="A39246-001-a-6680">Lead</w>
     <pc unit="sentence" xml:id="A39246-001-a-6690">.</pc>
    </l>
    <l xml:id="A39246-e1210">
     <w lemma="it" pos="pn" xml:id="A39246-001-a-6700">It</w>
     <w lemma="be" pos="vvz" xml:id="A39246-001-a-6710">is</w>
     <w lemma="not" pos="xx" xml:id="A39246-001-a-6720">not</w>
     <w lemma="Denmark" pos="n1-nn" rendition="#hi" xml:id="A39246-001-a-6730">Denmark</w>
     <w lemma="that" pos="cs" xml:id="A39246-001-a-6740">that</w>
     <w lemma="can" pos="vmb" xml:id="A39246-001-a-6750">can</w>
     <w lemma="you" pos="pn" xml:id="A39246-001-a-6760">you</w>
     <w lemma="assist" pos="vvi" xml:id="A39246-001-a-6770">assist</w>
     <pc xml:id="A39246-001-a-6780">,</pc>
    </l>
    <l xml:id="A39246-e1230">
     <w lemma="when" pos="crq" xml:id="A39246-001-a-6790">When</w>
     <w lemma="Britain" pos="n1g-nn" reg="Britain's" rendition="#hi" xml:id="A39246-001-a-6800">Britaines</w>
     <w lemma="angry" pos="j" xml:id="A39246-001-a-6810">angry</w>
     <pc xml:id="A39246-001-a-6820">,</pc>
     <w lemma="and" pos="cc" xml:id="A39246-001-a-6830">and</w>
     <w lemma="do" pos="vvz" xml:id="A39246-001-a-6840">doth</w>
     <w lemma="heave" pos="vvi" xml:id="A39246-001-a-6850">heave</w>
     <w lemma="her" pos="po" xml:id="A39246-001-a-6860">her</w>
     <w lemma="fist" pos="n1" xml:id="A39246-001-a-6870">Fist</w>
     <pc xml:id="A39246-001-a-6880">:</pc>
    </l>
    <l xml:id="A39246-e1250">
     <w lemma="for" pos="acp" xml:id="A39246-001-a-6890">For</w>
     <w lemma="she" pos="pns" xml:id="A39246-001-a-6900">she</w>
     <w lemma="have" pos="vvz" xml:id="A39246-001-a-6910">hath</w>
     <w lemma="power" pos="n1" xml:id="A39246-001-a-6920">power</w>
     <w lemma="for" pos="acp" xml:id="A39246-001-a-6930">for</w>
     <w lemma="to" pos="to" xml:id="A39246-001-a-6940">to</w>
     <w lemma="overcome" pos="vvi" xml:id="A39246-001-a-6950">overcome</w>
    </l>
    <l xml:id="A39246-e1260">
     <w lemma="France" pos="n1-nn" xml:id="A39246-001-a-6960">France</w>
     <pc xml:id="A39246-001-a-6970">,</pc>
     <w lemma="Denmark" pos="n1-nn" xml:id="A39246-001-a-6980">Denmark</w>
     <pc xml:id="A39246-001-a-6990">,</pc>
     <w lemma="Holland" pos="n1-nn" xml:id="A39246-001-a-7000">Holland</w>
     <pc xml:id="A39246-001-a-7010">,</pc>
     <hi xml:id="A39246-e1270">
      <w lemma="and" pos="cc" xml:id="A39246-001-a-7020">and</w>
      <w lemma="all" pos="d" xml:id="A39246-001-a-7030">all</w>
     </hi>
     <w lemma="Christendom" pos="n1-nn" reg="Christendom" xml:id="A39246-001-a-7040">Christendome</w>
     <pc unit="sentence" xml:id="A39246-001-a-7050">.</pc>
    </l>
    <l xml:id="A39246-e1280">
     <w lemma="when" pos="crq" xml:id="A39246-001-a-7060">When</w>
     <w lemma="hell" pos="n1" xml:id="A39246-001-a-7070">Hell</w>
     <w lemma="and" pos="cc" xml:id="A39246-001-a-7080">and</w>
     <w lemma="earth" pos="n1" xml:id="A39246-001-a-7090">Earth</w>
     <pc xml:id="A39246-001-a-7100">,</pc>
     <w lemma="and" pos="cc" xml:id="A39246-001-a-7110">and</w>
     <w lemma="all" pos="d" xml:id="A39246-001-a-7120">all</w>
     <w lemma="the" pos="d" xml:id="A39246-001-a-7130">the</w>
     <w lemma="world" pos="n1" xml:id="A39246-001-a-7140">World</w>
     <w lemma="do" pos="vvd" xml:id="A39246-001-a-7150">did</w>
     <w lemma="fight" pos="vvi" xml:id="A39246-001-a-7160">fight</w>
    </l>
    <l xml:id="A39246-e1290">
     <w lemma="against" pos="acp" xml:id="A39246-001-a-7170">'Gainst</w>
     <w lemma="queen" pos="n1" xml:id="A39246-001-a-7190">Queen</w>
     <w lemma="Elizabeth" pos="n1-nn" rendition="#hi" xml:id="A39246-001-a-7200">Elizabeth</w>
     <w lemma="in" pos="acp" xml:id="A39246-001-a-7210">in</w>
     <w lemma="eighty" pos="crd" xml:id="A39246-001-a-7220">Eighty</w>
     <w lemma="eight" pos="crd" xml:id="A39246-001-a-7230">Eight</w>
     <pc xml:id="A39246-001-a-7240">,</pc>
    </l>
    <l xml:id="A39246-e1310">
     <w lemma="because" pos="acp" xml:id="A39246-001-a-7250">Because</w>
     <w lemma="god" pos="n2" xml:id="A39246-001-a-7260">Gods</w>
     <w lemma="sacred" pos="j" xml:id="A39246-001-a-7270">Sacred</w>
     <w lemma="truth" pos="n1" xml:id="A39246-001-a-7280">Truth</w>
     <w lemma="she" pos="pns" xml:id="A39246-001-a-7290">she</w>
     <w lemma="do" pos="vvd" xml:id="A39246-001-a-7300">did</w>
     <w lemma="maintain" pos="vvi" xml:id="A39246-001-a-7310">maintain</w>
     <pc xml:id="A39246-001-a-7320">;</pc>
     <ref corresp="A39246-e1320-b" target="A39246-e1320-b" xml:id="A39246-e1320-a"/>
     <note corresp="A39246-e1320-a" place="margin" xml:id="A39246-e1320-b">
      <w lemma="the" pos="d" xml:id="A39246-001-a-7330">The</w>
      <w lemma="victory" pos="n1" xml:id="A39246-001-a-7340">Victory</w>
      <w lemma="over" pos="acp" xml:id="A39246-001-a-7350">over</w>
      <w lemma="the" pos="d" xml:id="A39246-001-a-7360">the</w>
      <w lemma="spanish" pos="j-nn" rendition="#hi" xml:id="A39246-001-a-7370">Spanish</w>
      <w lemma="invincible" pos="j" xml:id="A39246-001-a-7380">Invincible</w>
      <w lemma="Armado" pos="n1-nn" rendition="#hi" xml:id="A39246-001-a-7390">Armado</w>
      <pc xml:id="A39246-001-a-7400">,</pc>
      <w lemma="in" pos="acp" xml:id="A39246-001-a-7410">in</w>
      <w lemma="eighty" pos="crd" xml:id="A39246-001-a-7420">Eighty</w>
      <w lemma="eight" pos="crd" xml:id="A39246-001-a-7430">eight</w>
      <pc unit="sentence" xml:id="A39246-001-a-7440">.</pc>
     </note>
    </l>
    <l xml:id="A39246-e1350">
     <w lemma="those" pos="d" xml:id="A39246-001-a-7450">Those</w>
     <w lemma="son" pos="n2" xml:id="A39246-001-a-7460">Sons</w>
     <w lemma="of" pos="acp" xml:id="A39246-001-a-7470">of</w>
     <w lemma="belial" pos="n1-nn" rendition="#hi" xml:id="A39246-001-a-7480">Belial</w>
     <w lemma="which" pos="crq" xml:id="A39246-001-a-7490">which</w>
     <w lemma="do" pos="vvd" xml:id="A39246-001-a-7500">did</w>
     <w lemma="come" pos="vvn" xml:id="A39246-001-a-7510">come</w>
     <w lemma="from" pos="acp" xml:id="A39246-001-a-7520">from</w>
     <w lemma="Spain" pos="n1-nn" rendition="#hi" xml:id="A39246-001-a-7530">Spain</w>
     <pc xml:id="A39246-001-a-7540">,</pc>
    </l>
    <l xml:id="A39246-e1380">
     <w lemma="from" pos="acp" xml:id="A39246-001-a-7550">From</w>
     <w lemma="Rome" pos="n1-nn" rendition="#hi" xml:id="A39246-001-a-7560">Rome</w>
     <pc xml:id="A39246-001-a-7570">,</pc>
     <w lemma="and" pos="cc" xml:id="A39246-001-a-7580">and</w>
     <w lemma="France" pos="n1-nn" rendition="#hi" xml:id="A39246-001-a-7590">France</w>
     <pc xml:id="A39246-001-a-7600">,</pc>
     <w lemma="and" pos="cc" xml:id="A39246-001-a-7610">and</w>
     <w lemma="many" pos="d" xml:id="A39246-001-a-7620">many</w>
     <w lemma="nation" pos="n2" xml:id="A39246-001-a-7630">Nations</w>
     <w lemma="more" pos="av-c_d" xml:id="A39246-001-a-7640">more</w>
     <pc xml:id="A39246-001-a-7650">,</pc>
    </l>
    <l xml:id="A39246-e1410">
     <w lemma="all" pos="d" xml:id="A39246-001-a-7660">All</w>
     <w lemma="slave" pos="n2" xml:id="A39246-001-a-7670">Slaves</w>
     <w lemma="and" pos="cc" xml:id="A39246-001-a-7680">and</w>
     <w lemma="vassal" pos="n2" xml:id="A39246-001-a-7690">Vassals</w>
     <w lemma="to" pos="acp" xml:id="A39246-001-a-7700">to</w>
     <w lemma="that" pos="d" xml:id="A39246-001-a-7710">that</w>
     <w lemma="scarlet" pos="j" xml:id="A39246-001-a-7720">Scarlet</w>
     <w lemma="whore" pos="n1" xml:id="A39246-001-a-7730">Whore</w>
    </l>
    <l xml:id="A39246-e1420">
     <w lemma="be" pos="vvd" xml:id="A39246-001-a-7740">Were</w>
     <w lemma="by" pos="acp" xml:id="A39246-001-a-7750">by</w>
     <w lemma="the" pos="d" xml:id="A39246-001-a-7760">the</w>
     <w lemma="valour" pos="n1" xml:id="A39246-001-a-7770">valour</w>
     <w lemma="of" pos="acp" xml:id="A39246-001-a-7780">of</w>
     <w lemma="her" pos="po" xml:id="A39246-001-a-7790">her</w>
     <w lemma="subject" pos="n2" xml:id="A39246-001-a-7800">Subjects</w>
     <w lemma="drown" pos="vvn" reg="drowned" xml:id="A39246-001-a-7810">drownd</w>
     <pc xml:id="A39246-001-a-7820">,</pc>
     <ref corresp="A39246-e1430-b" target="A39246-e1430-b" xml:id="A39246-e1430-a"/>
     <note corresp="A39246-e1430-a" place="margin" xml:id="A39246-e1430-b">
      <w lemma="great" pos="j" xml:id="A39246-001-a-7830">Great</w>
      <w lemma="Britains●" pos="n1-nn" xml:id="A39246-001-a-7840">Britains●</w>
      <w lemma="valour" pos="n1" rendition="#hi" xml:id="A39246-001-a-7850">Valour</w>
      <pc unit="sentence" xml:id="A39246-001-a-7860">.</pc>
     </note>
    </l>
    <l xml:id="A39246-e1450">
     <w lemma="nor" pos="cc-x" xml:id="A39246-001-a-7870">Nor</w>
     <w lemma="can" pos="vmd" xml:id="A39246-001-a-7880">could</w>
     <w lemma="they" pos="pns" xml:id="A39246-001-a-7890">they</w>
     <w lemma="set" pos="vvi" xml:id="A39246-001-a-7900">set</w>
     <w lemma="a" pos="d" xml:id="A39246-001-a-7910">a</w>
     <w lemma="foot" pos="n1" xml:id="A39246-001-a-7920">foot</w>
     <w lemma="on" pos="acp" xml:id="A39246-001-a-7930">on</w>
     <w lemma="english" pos="j-nn" rendition="#hi" xml:id="A39246-001-a-7940">English</w>
     <w lemma="ground" pos="n1" xml:id="A39246-001-a-7950">ground</w>
     <pc unit="sentence" xml:id="A39246-001-a-7960">.</pc>
    </l>
    <l xml:id="A39246-e1470">
     <w lemma="great" pos="j" rendition="#hi" xml:id="A39246-001-a-7970">Great</w>
     <w lemma="Britain" pos="n1g-nn" rendition="hi-before-apostr" xml:id="A39246-001-a-7980">Britain's</w>
     <w lemma="now" pos="av" xml:id="A39246-001-a-8000">now</w>
     <w lemma="as" pos="acp" xml:id="A39246-001-a-8010">as</w>
     <w lemma="willing" pos="j" xml:id="A39246-001-a-8020">willing</w>
     <w lemma="for" pos="acp" xml:id="A39246-001-a-8030">for</w>
     <w lemma="to" pos="to" xml:id="A39246-001-a-8040">to</w>
     <w lemma="fight" pos="vvi" xml:id="A39246-001-a-8050">fight</w>
     <pc xml:id="A39246-001-a-8060">,</pc>
    </l>
    <l xml:id="A39246-e1490">
     <w lemma="as" pos="acp" xml:id="A39246-001-a-8070">As</w>
     <w lemma="ever" pos="av" xml:id="A39246-001-a-8080">ever</w>
     <w lemma="England" pos="n1-nn" rendition="#hi" xml:id="A39246-001-a-8090">England</w>
     <w lemma="be" pos="vvd" xml:id="A39246-001-a-8100">was</w>
     <w lemma="in" pos="acp" xml:id="A39246-001-a-8110">in</w>
     <w lemma="eighty" pos="crd" xml:id="A39246-001-a-8120">Eighty</w>
     <w lemma="eight" pos="crd" xml:id="A39246-001-a-8130">Eight</w>
     <pc xml:id="A39246-001-a-8140">:</pc>
    </l>
    <l xml:id="A39246-e1510">
     <w lemma="for" pos="acp" xml:id="A39246-001-a-8150">For</w>
     <w lemma="never" pos="av-x" xml:id="A39246-001-a-8160">never</w>
     <w lemma="king" pos="n1" xml:id="A39246-001-a-8170">King</w>
     <w lemma="in" pos="acp" xml:id="A39246-001-a-8180">in</w>
     <w lemma="England" pos="n1-nn" rendition="#hi" xml:id="A39246-001-a-8190">England</w>
     <w lemma="ere" pos="acp-av" xml:id="A39246-001-a-8200">ere</w>
     <w lemma="do" pos="vvd" xml:id="A39246-001-a-8210">did</w>
     <w lemma="reign" pos="vvi" reg="reign" xml:id="A39246-001-a-8220">raign</w>
     <pc xml:id="A39246-001-a-8230">,</pc>
     <ref corresp="A39246-e1530-b" target="A39246-e1530-b" xml:id="A39246-e1530-a"/>
     <note corresp="A39246-e1530-a" place="margin" xml:id="A39246-e1530-b">
      <w lemma="the" pos="d" xml:id="A39246-001-a-8240">The</w>
      <w lemma="subject" pos="n2" xml:id="A39246-001-a-8250">Subjects</w>
      <w lemma="love" pos="vvb" xml:id="A39246-001-a-8260">love</w>
      <w lemma="to" pos="acp" xml:id="A39246-001-a-8270">to</w>
      <w lemma="his" pos="po" xml:id="A39246-001-a-8280">his</w>
      <w lemma="majesty" pos="n1" xml:id="A39246-001-a-8290">Majesty</w>
      <pc unit="sentence" xml:id="A39246-001-a-8300">.</pc>
     </note>
    </l>
    <l xml:id="A39246-e1540">
     <w lemma="that" pos="cs" xml:id="A39246-001-a-8310">That</w>
     <w lemma="do" pos="vvd" xml:id="A39246-001-a-8320">did</w>
     <w lemma="the" pos="d" xml:id="A39246-001-a-8330">the</w>
     <w lemma="affection" pos="n2" xml:id="A39246-001-a-8340">affections</w>
     <w lemma="of" pos="acp" xml:id="A39246-001-a-8350">of</w>
     <w lemma="his" pos="po" xml:id="A39246-001-a-8360">his</w>
     <w lemma="subject" pos="n2" xml:id="A39246-001-a-8370">Subjects</w>
     <w lemma="gain" pos="vvi" xml:id="A39246-001-a-8380">gain</w>
     <pc xml:id="A39246-001-a-8390">;</pc>
    </l>
    <l xml:id="A39246-e1550">
     <w lemma="or" pos="cc" xml:id="A39246-001-a-8400">Or</w>
     <w lemma="ever" pos="av" xml:id="A39246-001-a-8410">ever</w>
     <w lemma="do" pos="vvd" xml:id="A39246-001-a-8420">did</w>
     <w lemma="more" pos="av-c_d" xml:id="A39246-001-a-8430">more</w>
     <w lemma="good" pos="j" xml:id="A39246-001-a-8440">good</w>
     <pc xml:id="A39246-001-a-8450">,</pc>
     <w lemma="than" pos="cs" xml:id="A39246-001-a-8460">than</w>
     <w lemma="England" pos="n1g-nn" reg="England's" rendition="#hi" xml:id="A39246-001-a-8470">Englands</w>
     <w lemma="king" pos="n1" xml:id="A39246-001-a-8480">King</w>
    </l>
    <l xml:id="A39246-e1570">
     <w lemma="that" pos="cs" xml:id="A39246-001-a-8490">That</w>
     <w lemma="now" pos="av" xml:id="A39246-001-a-8500">now</w>
     <w lemma="do" pos="vvz" xml:id="A39246-001-a-8510">doth</w>
     <w lemma="reign" pos="vvi" reg="reign" xml:id="A39246-001-a-8520">raign</w>
     <pc unit="sentence" xml:id="A39246-001-a-8530">.</pc>
     <w lemma="since" pos="acp" xml:id="A39246-001-a-8540">Since</w>
     <w lemma="heaven" pos="n1g" reg="Heaven's" xml:id="A39246-001-a-8550">Heavens</w>
     <w lemma="hand" pos="n1" xml:id="A39246-001-a-8560">hand</w>
     <w lemma="do" pos="vvd" xml:id="A39246-001-a-8570">did</w>
     <w lemma="bring" pos="vvi" xml:id="A39246-001-a-8580">bring</w>
    </l>
    <l xml:id="A39246-e1580">
     <w lemma="he" pos="pno" xml:id="A39246-001-a-8590">Him</w>
     <w lemma="to" pos="acp" xml:id="A39246-001-a-8600">to</w>
     <w lemma="his" pos="po" xml:id="A39246-001-a-8610">his</w>
     <w lemma="sacred" pos="j" xml:id="A39246-001-a-8620">Sacred</w>
     <w lemma="throne" pos="n1" xml:id="A39246-001-a-8630">Throne</w>
     <pc xml:id="A39246-001-a-8640">,</pc>
     <w lemma="in" pos="acp" xml:id="A39246-001-a-8650">in</w>
     <w lemma="this" pos="d" xml:id="A39246-001-a-8660">this</w>
     <w lemma="short" pos="j" xml:id="A39246-001-a-8670">short</w>
     <w lemma="while" pos="cs" xml:id="A39246-001-a-8680">while</w>
    </l>
    <l xml:id="A39246-e1590">
     <w lemma="he" pos="pns" xml:id="A39246-001-a-8690">He</w>
     <w lemma="have" pos="vvz" xml:id="A39246-001-a-8700">hath</w>
     <w lemma="restore" pos="vvn" reg="restored" xml:id="A39246-001-a-8710">restor'd</w>
     <w lemma="new" pos="j" xml:id="A39246-001-a-8720">new</w>
     <w lemma="life" pos="n1" xml:id="A39246-001-a-8730">life</w>
     <w lemma="to" pos="acp" xml:id="A39246-001-a-8740">to</w>
     <w lemma="this" pos="d" xml:id="A39246-001-a-8750">this</w>
     <w lemma="great" pos="j" xml:id="A39246-001-a-8760">great</w>
     <w lemma="isle" pos="n1" xml:id="A39246-001-a-8770">Isle</w>
     <pc xml:id="A39246-001-a-8780">:</pc>
    </l>
    <l xml:id="A39246-e1600">
     <w lemma="for" pos="acp" xml:id="A39246-001-a-8790">For</w>
     <w lemma="many" pos="d" xml:id="A39246-001-a-8800">many</w>
     <w lemma="year" pos="n2" xml:id="A39246-001-a-8810">years</w>
     <w lemma="in" pos="acp" xml:id="A39246-001-a-8820">in</w>
     <w lemma="thraldom" pos="n1" reg="thraldom" xml:id="A39246-001-a-8830">thraldome</w>
     <w lemma="she" pos="pns" xml:id="A39246-001-a-8840">she</w>
     <w lemma="do" pos="vvd" xml:id="A39246-001-a-8850">did</w>
     <w lemma="lie" pos="vvi" xml:id="A39246-001-a-8860">lie</w>
     <pc xml:id="A39246-001-a-8870">,</pc>
    </l>
    <l xml:id="A39246-e1610">
     <w lemma="and" pos="cc" xml:id="A39246-001-a-8880">And</w>
     <w lemma="groan" pos="vvd" xml:id="A39246-001-a-8890">groaned</w>
     <w lemma="deep" pos="av_j" xml:id="A39246-001-a-8900">deeply</w>
     <w lemma="under" pos="acp" xml:id="A39246-001-a-8910">under</w>
     <w lemma="anarchy" pos="n1" xml:id="A39246-001-a-8920">Anarchy</w>
     <pc xml:id="A39246-001-a-8930">;</pc>
    </l>
    <l xml:id="A39246-e1620">
     <w lemma="till" pos="acp" xml:id="A39246-001-a-8940">Till</w>
     <w lemma="God" pos="n1-nn" xml:id="A39246-001-a-8950">God</w>
     <w lemma="be" pos="vvd" xml:id="A39246-001-a-8960">was</w>
     <w lemma="please" pos="vvn" reg="pleased" xml:id="A39246-001-a-8970">pleas'd</w>
     <w lemma="to" pos="to" xml:id="A39246-001-a-8980">to</w>
     <w lemma="work" pos="vvi" xml:id="A39246-001-a-8990">work</w>
     <w lemma="a" pos="d" xml:id="A39246-001-a-9000">a</w>
     <w lemma="work" pos="n1" xml:id="A39246-001-a-9010">work</w>
     <w lemma="of" pos="acp" xml:id="A39246-001-a-9020">of</w>
     <w lemma="wonder" pos="n1" xml:id="A39246-001-a-9030">wonder</w>
     <pc xml:id="A39246-001-a-9040">,</pc>
     <ref corresp="A39246-e1630-b" target="A39246-e1630-b" xml:id="A39246-e1630-a"/>
     <note corresp="A39246-e1630-a" place="margin" xml:id="A39246-e1630-b">
      <w lemma="restore" pos="vvn" reg="Restored" xml:id="A39246-001-a-9050">Restor'd</w>
      <w lemma="he" pos="pno" xml:id="A39246-001-a-9060">him</w>
      <w lemma="to" pos="acp" xml:id="A39246-001-a-9070">to</w>
      <w lemma="his" pos="po" xml:id="A39246-001-a-9080">his</w>
      <w lemma="crown" pos="n1" xml:id="A39246-001-a-9090">Crown</w>
      <w lemma="and" pos="cc" xml:id="A39246-001-a-9100">and</w>
      <w lemma="dignity" pos="n1" xml:id="A39246-001-a-9110">Dignity</w>
      <pc unit="sentence" xml:id="A39246-001-a-9120">.</pc>
     </note>
    </l>
    <l xml:id="A39246-e1640">
     <w lemma="then" pos="av" xml:id="A39246-001-a-9130">Then</w>
     <w lemma="he" pos="pns" xml:id="A39246-001-a-9140">he</w>
     <w lemma="do" pos="vvd" xml:id="A39246-001-a-9150">did</w>
     <w lemma="hew" pos="vvi" xml:id="A39246-001-a-9160">hew</w>
     <w lemma="those" pos="d" xml:id="A39246-001-a-9170">those</w>
     <w lemma="band" pos="n2" xml:id="A39246-001-a-9180">bands</w>
     <w lemma="and" pos="cc" xml:id="A39246-001-a-9190">and</w>
     <w lemma="cord" pos="n2" xml:id="A39246-001-a-9200">cords</w>
     <w lemma="asunder" pos="av" xml:id="A39246-001-a-9210">asunder</w>
     <pc xml:id="A39246-001-a-9220">,</pc>
    </l>
    <l xml:id="A39246-e1650">
     <w lemma="restore" pos="vvn" reg="Restored" xml:id="A39246-001-a-9230">Restor'd</w>
     <w lemma="religion" pos="n1" xml:id="A39246-001-a-9240">Religion</w>
     <w lemma="to" pos="acp" xml:id="A39246-001-a-9250">to</w>
     <w lemma="his" pos="po" xml:id="A39246-001-a-9260">his</w>
     <w lemma="subject" pos="n1g" reg="Subject's" xml:id="A39246-001-a-9270">Subjects</w>
     <w lemma="joy" pos="n1" xml:id="A39246-001-a-9280">Joy</w>
     <pc xml:id="A39246-001-a-9290">,</pc>
    </l>
    <l xml:id="A39246-e1660">
     <w lemma="and" pos="cc" xml:id="A39246-001-a-9300">And</w>
     <w lemma="like" pos="acp" xml:id="A39246-001-a-9310">like</w>
     <w lemma="josiah" pos="n1-nn" rendition="#hi" xml:id="A39246-001-a-9320">Josiah</w>
     <pc xml:id="A39246-001-a-9330">,</pc>
     <w lemma="he" pos="pns" xml:id="A39246-001-a-9340">he</w>
     <w lemma="do" pos="vvd" xml:id="A39246-001-a-9350">did</w>
     <w lemma="quite" pos="av" xml:id="A39246-001-a-9360">quite</w>
     <w lemma="destroy" pos="vvi" xml:id="A39246-001-a-9370">destroy</w>
    </l>
    <l xml:id="A39246-e1680">
     <w lemma="false" pos="j" xml:id="A39246-001-a-9380">False</w>
     <w lemma="way" pos="n2" reg="ways" xml:id="A39246-001-a-9390">wayes</w>
     <w lemma="of" pos="acp" xml:id="A39246-001-a-9400">of</w>
     <w lemma="worship" pos="n1" xml:id="A39246-001-a-9410">Worship</w>
     <pc xml:id="A39246-001-a-9420">,</pc>
     <ref corresp="A39246-e1690-b" target="A39246-e1690-b" xml:id="A39246-e1690-a"/>
     <note corresp="A39246-e1690-a" place="margin" xml:id="A39246-e1690-b">
      <w lemma="assoon" pos="av" xml:id="A39246-001-a-9430">Assoon</w>
      <w lemma="as" pos="acp" xml:id="A39246-001-a-9440">as</w>
      <w lemma="God" pos="n1-nn" xml:id="A39246-001-a-9450">God</w>
      <w lemma="restore" pos="vvd" reg="restored" xml:id="A39246-001-a-9460">restor'd</w>
      <w lemma="he" pos="pno" xml:id="A39246-001-a-9470">him</w>
      <pc xml:id="A39246-001-a-9480">,</pc>
      <w lemma="he" pos="pns" xml:id="A39246-001-a-9490">he</w>
      <w lemma="restore" pos="vvd" reg="restored" xml:id="A39246-001-a-9500">restor'd</w>
      <w lemma="God" pos="n1g-nn" reg="God's" xml:id="A39246-001-a-9510">Gods</w>
      <w lemma="truth" pos="n1" xml:id="A39246-001-a-9520">Truth</w>
      <pc xml:id="A39246-001-a-9530">;</pc>
      <w lemma="a" pos="d" xml:id="A39246-001-a-9540">an</w>
      <w lemma="argument" pos="n1" xml:id="A39246-001-a-9550">Argument</w>
      <w lemma="of" pos="acp" xml:id="A39246-001-a-9560">of</w>
      <w lemma="thankfulness" pos="n1" reg="Thankfulness" xml:id="A39246-001-a-9570">Thankfulnesse</w>
      <pc unit="sentence" xml:id="A39246-001-a-9580">.</pc>
     </note>
     <w lemma="clean" pos="av_j" xml:id="A39246-001-a-9590">clean</w>
     <w lemma="throughout" pos="acp" xml:id="A39246-001-a-9600">throughout</w>
     <w lemma="the" pos="d" xml:id="A39246-001-a-9610">the</w>
     <w lemma="land" pos="n1" xml:id="A39246-001-a-9620">Land</w>
     <pc xml:id="A39246-001-a-9630">,</pc>
    </l>
    <l xml:id="A39246-e1700">
     <w lemma="and" pos="cc" xml:id="A39246-001-a-9640">And</w>
     <w lemma="at" pos="acp" xml:id="A39246-001-a-9650">at</w>
     <w lemma="this" pos="d" xml:id="A39246-001-a-9660">this</w>
     <w lemma="day" pos="n1" xml:id="A39246-001-a-9670">day</w>
     <w lemma="defend" pos="vvz" xml:id="A39246-001-a-9680">defends</w>
     <w lemma="with" pos="acp" xml:id="A39246-001-a-9690">with</w>
     <w lemma="his" pos="po" xml:id="A39246-001-a-9700">his</w>
     <w lemma="own" pos="d" xml:id="A39246-001-a-9710">own</w>
     <w lemma="hand" pos="n1" xml:id="A39246-001-a-9720">hand</w>
    </l>
    <l xml:id="A39246-e1710">
     <w lemma="God" pos="n1g-nn" reg="God's" xml:id="A39246-001-a-9730">Gods</w>
     <w lemma="sacred" pos="j" xml:id="A39246-001-a-9740">Sacred</w>
     <w lemma="truth" pos="n1" xml:id="A39246-001-a-9750">Truth</w>
     <pc xml:id="A39246-001-a-9760">;</pc>
     <w lemma="his" pos="po" xml:id="A39246-001-a-9770">His</w>
     <w lemma="subject" pos="n2" xml:id="A39246-001-a-9780">Subjects</w>
     <w lemma="he" pos="pns" xml:id="A39246-001-a-9790">he</w>
     <w lemma="do" pos="vvz" xml:id="A39246-001-a-9800">doth</w>
     <w lemma="nourish" pos="vvi" xml:id="A39246-001-a-9810">nourish</w>
     <pc xml:id="A39246-001-a-9820">:</pc>
    </l>
    <l xml:id="A39246-e1720">
     <w lemma="both" pos="d" xml:id="A39246-001-a-9830">Both</w>
     <w lemma="church" pos="n1" xml:id="A39246-001-a-9840">Church</w>
     <w lemma="and" pos="cc" xml:id="A39246-001-a-9850">and</w>
     <w lemma="state" pos="n1" xml:id="A39246-001-a-9860">State</w>
     <w lemma="abundant" pos="av_j" xml:id="A39246-001-a-9870">abundantly</w>
     <w lemma="do" pos="vvz" xml:id="A39246-001-a-9880">doth</w>
     <w lemma="flourish" pos="vvi" xml:id="A39246-001-a-9890">flourish</w>
     <pc unit="sentence" xml:id="A39246-001-a-9900">.</pc>
    </l>
    <l xml:id="A39246-e1730">
     <w lemma="a" pos="d" xml:id="A39246-001-a-9910">A</w>
     <w lemma="word" pos="n1" xml:id="A39246-001-a-9920">word</w>
     <w lemma="or" pos="cc" xml:id="A39246-001-a-9930">or</w>
     <w lemma="two" pos="crd" xml:id="A39246-001-a-9940">two</w>
     <w lemma="i" pos="pns" xml:id="A39246-001-a-9950">I</w>
     <w lemma="have" pos="vvb" xml:id="A39246-001-a-9960">have</w>
     <w lemma="to" pos="to" xml:id="A39246-001-a-9970">to</w>
     <w lemma="speak" pos="vvi" xml:id="A39246-001-a-9980">speak</w>
     <pc xml:id="A39246-001-a-9990">,</pc>
     <w lemma="and" pos="cc" xml:id="A39246-001-a-10000">and</w>
     <w lemma="then" pos="av" xml:id="A39246-001-a-10010">then</w>
    </l>
    <l xml:id="A39246-e1740">
     <w lemma="i" pos="pns" xml:id="A39246-001-a-10020">I</w>
     <w lemma="shall" pos="vmb" xml:id="A39246-001-a-10030">shall</w>
     <w lemma="conclude" pos="vvi" xml:id="A39246-001-a-10040">conclude</w>
     <pc xml:id="A39246-001-a-10050">,</pc>
     <w lemma="and" pos="cc" xml:id="A39246-001-a-10060">and</w>
     <w lemma="so" pos="av" xml:id="A39246-001-a-10070">so</w>
     <w lemma="take" pos="vvb" xml:id="A39246-001-a-10080">take</w>
     <w lemma="off" pos="acp-av" xml:id="A39246-001-a-10090">off</w>
     <w lemma="my" pos="po" xml:id="A39246-001-a-10100">my</w>
     <w lemma="pen." pos="ab" xml:id="A39246-001-a-10110">Pen.</w>
    </l>
    <l xml:id="A39246-e1750">
     <w lemma="ere" pos="acp" reg="E'er" xml:id="A39246-001-a-10120">Ere</w>
     <w lemma="many" pos="d" xml:id="A39246-001-a-10130">many</w>
     <w lemma="year" pos="n2" xml:id="A39246-001-a-10140">years</w>
     <pc xml:id="A39246-001-a-10150">,</pc>
     <ref corresp="A39246-e1760-b" target="A39246-e1760-b" xml:id="A39246-e1760-a"/>
     <note corresp="A39246-e1760-a" place="margin" xml:id="A39246-e1760-b">
      <w lemma="the" pos="d" xml:id="A39246-001-a-10160">The</w>
      <w lemma="king" pos="n1" xml:id="A39246-001-a-10170">King</w>
      <w lemma="a" pos="d" xml:id="A39246-001-a-10180">an</w>
      <w lemma="instrument" pos="n1" xml:id="A39246-001-a-10190">Instrument</w>
      <w lemma="of" pos="acp" xml:id="A39246-001-a-10200">of</w>
      <w lemma="much" pos="d" xml:id="A39246-001-a-10210">much</w>
      <w lemma="good" pos="j" xml:id="A39246-001-a-10220">good</w>
      <pc unit="sentence" xml:id="A39246-001-a-10230">.</pc>
     </note>
     <w lemma="all" pos="d" xml:id="A39246-001-a-10240">all</w>
     <w lemma="Christendom" pos="n1-nn" reg="Christendom" rendition="#hi" xml:id="A39246-001-a-10250">Christendome</w>
     <w lemma="shall" pos="vmb" xml:id="A39246-001-a-10260">shall</w>
     <w lemma="see" pos="vvi" xml:id="A39246-001-a-10270">see</w>
    </l>
    <l xml:id="A39246-e1780">
     <hi xml:id="A39246-e1790">
      <w lemma="great" pos="j" xml:id="A39246-001-a-10280">Great</w>
      <w lemma="Britain" pos="n1g-nn" reg="Britain's" xml:id="A39246-001-a-10290">Britaines</w>
     </hi>
     <w lemma="king" pos="n1" xml:id="A39246-001-a-10300">King</w>
     <w lemma="God" pos="n1g-nn" reg="God's" xml:id="A39246-001-a-10310">Gods</w>
     <w lemma="instrument" pos="n1" xml:id="A39246-001-a-10320">Instrument</w>
     <w lemma="to" pos="to" xml:id="A39246-001-a-10330">to</w>
     <w lemma="be" pos="vvi" xml:id="A39246-001-a-10340">be</w>
     <pc xml:id="A39246-001-a-10350">;</pc>
    </l>
    <l xml:id="A39246-e1800">
     <w lemma="Christ" pos="n1g-nn" reg="Christ's" xml:id="A39246-001-a-10360">Christs</w>
     <w lemma="sacred" pos="j" xml:id="A39246-001-a-10370">Sacred</w>
     <w lemma="gospel" pos="n1" xml:id="A39246-001-a-10380">Gospel</w>
     <w lemma="truth" pos="n1" xml:id="A39246-001-a-10390">Truth</w>
     <w lemma="he" pos="pns" xml:id="A39246-001-a-10400">he</w>
     <w lemma="will" pos="vmb" xml:id="A39246-001-a-10410">will</w>
     <w lemma="advance" pos="vvi" xml:id="A39246-001-a-10420">advance</w>
     <pc xml:id="A39246-001-a-10430">,</pc>
    </l>
    <l xml:id="A39246-e1810">
     <w lemma="throughout" pos="acp" xml:id="A39246-001-a-10440">Throughout</w>
     <w lemma="all" pos="d" xml:id="A39246-001-a-10450">all</w>
     <w lemma="holland" pos="n1" rendition="#hi" xml:id="A39246-001-a-10460">Holland</w>
     <pc xml:id="A39246-001-a-10470">,</pc>
     <w lemma="and" pos="cc" xml:id="A39246-001-a-10480">and</w>
     <w lemma="wide-skirted" pos="j" xml:id="A39246-001-a-10490">wide-skirted</w>
     <w lemma="France" pos="n1-nn" rendition="#hi" xml:id="A39246-001-a-10500">France</w>
     <pc unit="sentence" xml:id="A39246-001-a-10510">.</pc>
    </l>
    <l xml:id="A39246-e1840">
     <w lemma="and" pos="cc" xml:id="A39246-001-a-10520">And</w>
     <w lemma="with" pos="acp" xml:id="A39246-001-a-10530">with</w>
     <w lemma="his" pos="po" xml:id="A39246-001-a-10540">his</w>
     <w lemma="own" pos="d" xml:id="A39246-001-a-10550">own</w>
     <w lemma="right" pos="j" xml:id="A39246-001-a-10560">right</w>
     <w lemma="hand" pos="n1" xml:id="A39246-001-a-10570">hand</w>
     <w lemma="will" pos="vmb" xml:id="A39246-001-a-10580">will</w>
     <w lemma="tumble" pos="vvi" xml:id="A39246-001-a-10590">tumble</w>
     <w lemma="down" pos="acp-av" xml:id="A39246-001-a-10600">down</w>
    </l>
    <l xml:id="A39246-e1850">
     <w lemma="base" pos="j" xml:id="A39246-001-a-10610">Base</w>
     <w lemma="Antichrist" pos="n1-nn" rendition="#hi" xml:id="A39246-001-a-10620">Antichrist</w>
     <pc xml:id="A39246-001-a-10630">,</pc>
     <w lemma="and" pos="cc" xml:id="A39246-001-a-10640">and</w>
     <w lemma="take" pos="vvb" xml:id="A39246-001-a-10650">take</w>
     <w lemma="from" pos="acp" xml:id="A39246-001-a-10660">from</w>
     <w lemma="he" pos="pno" xml:id="A39246-001-a-10670">him</w>
     <w lemma="his" pos="po" xml:id="A39246-001-a-10680">his</w>
     <w lemma="crown" pos="n1" xml:id="A39246-001-a-10690">Crown</w>
     <pc unit="sentence" xml:id="A39246-001-a-10700">.</pc>
    </l>
    <l xml:id="A39246-e1870">
     <w lemma="false" pos="j" xml:id="A39246-001-a-10710">False</w>
     <w lemma="sect" pos="n2" xml:id="A39246-001-a-10720">Sects</w>
     <w lemma="and" pos="cc" xml:id="A39246-001-a-10730">and</w>
     <w lemma="schism" pos="n2" reg="Schisms" xml:id="A39246-001-a-10740">Schismes</w>
     <pc xml:id="A39246-001-a-10750">,</pc>
     <w lemma="with" pos="acp" xml:id="A39246-001-a-10760">with</w>
     <w lemma="all" pos="d" xml:id="A39246-001-a-10770">all</w>
     <w lemma="vain" pos="j" xml:id="A39246-001-a-10780">vain</w>
     <w lemma="opinion" pos="n2" xml:id="A39246-001-a-10790">opinions</w>
     <pc xml:id="A39246-001-a-10800">,</pc>
    </l>
    <l xml:id="A39246-e1880">
     <w lemma="shall" pos="vmb" xml:id="A39246-001-a-10810">Shall</w>
     <w lemma="not" pos="xx" xml:id="A39246-001-a-10820">not</w>
     <w lemma="take" pos="vvi" xml:id="A39246-001-a-10830">take</w>
     <w lemma="root" pos="n1" xml:id="A39246-001-a-10840">root</w>
     <w lemma="or" pos="cc" xml:id="A39246-001-a-10850">or</w>
     <w lemma="bide" pos="vvi" xml:id="A39246-001-a-10860">bide</w>
     <w lemma="in" pos="acp" xml:id="A39246-001-a-10870">in</w>
     <w lemma="his" pos="po" xml:id="A39246-001-a-10880">his</w>
     <w lemma="dominion" pos="n2" xml:id="A39246-001-a-10890">Dominions</w>
     <pc unit="sentence" xml:id="A39246-001-a-10900">.</pc>
    </l>
    <l xml:id="A39246-e1890">
     <w lemma="and" pos="cc" xml:id="A39246-001-a-10910">And</w>
     <w lemma="now" pos="av" xml:id="A39246-001-a-10920">now</w>
     <pc xml:id="A39246-001-a-10930">,</pc>
     <w lemma="o" pos="uh" xml:id="A39246-001-a-10940">O</w>
     <w lemma="Britain" pos="n1-nn" rendition="#hi" xml:id="A39246-001-a-10950">Britain</w>
     <pc xml:id="A39246-001-a-10960">,</pc>
     <w lemma="give" pos="vvb" xml:id="A39246-001-a-10970">give</w>
     <w lemma="i" pos="pno" xml:id="A39246-001-a-10980">me</w>
     <w lemma="leave" pos="vvi" xml:id="A39246-001-a-10990">leave</w>
     <w lemma="to" pos="to" xml:id="A39246-001-a-11000">to</w>
     <w lemma="say" pos="vvi" xml:id="A39246-001-a-11010">say</w>
     <pc xml:id="A39246-001-a-11020">,</pc>
    </l>
    <l xml:id="A39246-e1910">
     <w lemma="thou" pos="pns" xml:id="A39246-001-a-11030">Thou</w>
     <w lemma="be" pos="vv2" xml:id="A39246-001-a-11040">art</w>
     <w lemma="oblige" pos="vvn" reg="obliged" xml:id="A39246-001-a-11050">oblig'd</w>
     <w lemma="this" pos="d" xml:id="A39246-001-a-11060">this</w>
     <w lemma="good" pos="j" xml:id="A39246-001-a-11070">good</w>
     <w lemma="king" pos="n1" xml:id="A39246-001-a-11080">King</w>
     <w lemma="to" pos="to" xml:id="A39246-001-a-11090">to</w>
     <w lemma="obey" pos="vvi" xml:id="A39246-001-a-11100">obey</w>
     <pc xml:id="A39246-001-a-11110">;</pc>
    </l>
    <l xml:id="A39246-e1920">
     <w lemma="thy" pos="po" xml:id="A39246-001-a-11120">Thy</w>
     <w lemma="hand" pos="n1" xml:id="A39246-001-a-11130">hand</w>
     <w lemma="and" pos="cc" xml:id="A39246-001-a-11140">and</w>
     <w lemma="heart" pos="n1" xml:id="A39246-001-a-11150">heart</w>
     <w lemma="unto" pos="acp" xml:id="A39246-001-a-11160">unto</w>
     <w lemma="he" pos="pno" xml:id="A39246-001-a-11170">him</w>
     <w lemma="free" pos="av_j" xml:id="A39246-001-a-11180">freely</w>
     <w lemma="give" pos="vvi" xml:id="A39246-001-a-11190">give</w>
     <pc xml:id="A39246-001-a-11200">,</pc>
    </l>
    <l xml:id="A39246-e1930">
     <w lemma="and" pos="cc" xml:id="A39246-001-a-11210">And</w>
     <w lemma="in" pos="acp" xml:id="A39246-001-a-11220">in</w>
     <w lemma="subjection" pos="n1" xml:id="A39246-001-a-11230">Subjection</w>
     <w lemma="see" pos="vvb" xml:id="A39246-001-a-11240">see</w>
     <w lemma="thou" pos="pns" xml:id="A39246-001-a-11250">thou</w>
     <w lemma="ever" pos="av" xml:id="A39246-001-a-11260">ever</w>
     <w lemma="live" pos="vvi" xml:id="A39246-001-a-11270">live</w>
     <pc unit="sentence" xml:id="A39246-001-a-11280">.</pc>
    </l>
    <l xml:id="A39246-e1940">
     <w lemma="stand" pos="vvb" xml:id="A39246-001-a-11290">Stand</w>
     <w lemma="fast" pos="av_j" xml:id="A39246-001-a-11300">fast</w>
     <w lemma="and" pos="cc" xml:id="A39246-001-a-11310">and</w>
     <w lemma="shrink" pos="vvi" xml:id="A39246-001-a-11320">shrink</w>
     <w lemma="not" pos="xx" xml:id="A39246-001-a-11330">not</w>
     <pc xml:id="A39246-001-a-11340">,</pc>
     <w lemma="and" pos="cc" xml:id="A39246-001-a-11350">and</w>
     <w lemma="thou" pos="pns" xml:id="A39246-001-a-11360">thou</w>
     <w lemma="then" pos="av" xml:id="A39246-001-a-11370">then</w>
     <w lemma="shall" pos="vm2" xml:id="A39246-001-a-11380">shalt</w>
     <w lemma="see" pos="vvi" xml:id="A39246-001-a-11390">see</w>
     <pc xml:id="A39246-001-a-11400">,</pc>
    </l>
    <l xml:id="A39246-e1950">
     <w join="right" lemma="he" pos="pns" xml:id="A39246-001-a-11410">He</w>
     <w join="left" lemma="will" pos="vmb" reg="'ll" xml:id="A39246-001-a-11411">'l</w>
     <w lemma="be" pos="vvi" xml:id="A39246-001-a-11420">be</w>
     <w lemma="a" pos="d" xml:id="A39246-001-a-11430">a</w>
     <w lemma="nurse" pos="n1_vg" xml:id="A39246-001-a-11440">Nursing</w>
     <w lemma="father" pos="n1" xml:id="A39246-001-a-11450">Father</w>
     <w lemma="unto" pos="acp" xml:id="A39246-001-a-11460">unto</w>
     <w lemma="thou" pos="pno" xml:id="A39246-001-a-11470">thee</w>
     <pc unit="sentence" xml:id="A39246-001-a-11480">.</pc>
    </l>
   </div>
   <trailer xml:id="A39246-e1960">
    <w lemma="finis" pos="f-la" xml:id="A39246-001-a-11490">FINIS</w>
    <pc unit="sentence" xml:id="A39246-001-a-11500">.</pc>
   </trailer>
  </body>
  <back xml:id="A39246-e1970">
   <div type="colophon" xml:id="A39246-e1980">
    <p xml:id="A39246-e1990">
     <w lemma="print" pos="j_vn" xml:id="A39246-001-a-11510">Printed</w>
     <w lemma="in" pos="acp" xml:id="A39246-001-a-11520">in</w>
     <w lemma="the" pos="d" xml:id="A39246-001-a-11530">the</w>
     <w lemma="year" pos="n1" xml:id="A39246-001-a-11540">Year</w>
     <w lemma="1666." pos="crd" xml:id="A39246-001-a-11550">1666.</w>
     <pc unit="sentence" xml:id="A39246-001-a-11560"/>
    </p>
   </div>
  </back>
 </text>
</TEI>
