<?xml version="1.0" encoding="UTF-8"?>
<?xml-model href="http://schemata.earlyprint.org/schemata/tei_earlyprint.rng" type="application/xml" schematypens="http://relaxng.org/ns/structure/1.0"?>
<TEI xmlns="http://www.tei-c.org/ns/1.0" xml:id="A40254">
 <teiHeader>
  <fileDesc>
   <titleStmt>
    <title>Some queries to all the teachers and professors of Christianity to answer</title>
    <author>Fox, George, 1624-1691.</author>
   </titleStmt>
   <editionStmt>
    <edition>This text is an enriched version of the TCP digital transcription A40254 of text R29432 in the <ref target="http;//estc.bl.uk">English Short Title Catalog</ref> (Wing F1908A). Textual changes  and metadata enrichments aim at making the                             text more  computationally tractable, easier to read, and suitable for network-based collaborative                              curation by amateur and professional end users from many walks of life.  The text has been tokenized and linguistically annotated with <ref target="http://morphadorner.northwestern.edu/morphadorner/">MorphAdorner</ref>. The annotation includes standard spellings that support the display of a text in                             a standardized format that preserves archaic forms ('loveth', 'seekest').                              Textual changes aim at restoring the text the author or stationer meant to publish.</edition>
    <respStmt>
     <resp>This text has not been fully proofread</resp>
     <name/>
    </respStmt>
   </editionStmt>
   <extent>Approx. 3 KB of XML-encoded text transcribed from 1 1-bit group-IV TIFF page image.</extent>
   <publicationStmt>
    <publisher>EarlyPrint Project</publisher>
    <pubPlace>Evanston,IL, Notre Dame, IN, St. Louis, MO</pubPlace>
    <date>2018</date>
    <idno type="DLPS">A40254</idno>
    <idno type="STC">Wing F1908A</idno>
    <idno type="STC">ESTC R29432</idno>
    <idno type="EEBO-CITATION">11132614</idno>
    <idno type="OCLC">ocm 11132614</idno>
    <idno type="VID">46373</idno>
    <availability>
     <p>
            This keyboarded and encoded edition of the work described above is co-owned by the institutions providing financial support to the Early English Books Online Text Creation Partnership. This Phase I text is available for reuse, according to the terms of
            <ref target="https://creativecommons.org/publicdomain/zero/1.0/">Creative Commons 0 1.0 Universal</ref>
            . The text can be copied, modified, distributed and performed, even for commercial purposes, all without asking permission.
          </p>
    </availability>
   </publicationStmt>
   <seriesStmt>
    <title>Early English books online.</title>
   </seriesStmt>
   <notesStmt>
    <note>(EEBO-TCP ; phase 1, no. A40254)</note>
    <note>Transcribed from: (Early English Books Online ; image set 46373)</note>
    <note>Images scanned from microfilm: (Early English books, 1641-1700 ; 1423:28)</note>
   </notesStmt>
   <sourceDesc>
    <biblFull>
     <titleStmt>
      <title>Some queries to all the teachers and professors of Christianity to answer</title>
      <author>Fox, George, 1624-1691.</author>
     </titleStmt>
     <extent>1 broadside.</extent>
     <publicationStmt>
      <publisher>s.n.,</publisher>
      <pubPlace>[London? :</pubPlace>
      <date>1666]</date>
     </publicationStmt>
     <notesStmt>
      <note>Signed: G.F.</note>
      <note>Imprint suggested by Wing.</note>
      <note>Reproduction of original in the British Library.</note>
     </notesStmt>
    </biblFull>
   </sourceDesc>
  </fileDesc>
  <profileDesc>
   <langUsage>
    <language ident="eng">eng</language>
   </langUsage>
   <textClass>
    <keywords scheme="http://authorities.loc.gov/">
     <term>Society of Friends -- England.</term>
     <term>Conduct of life -- Early works to 1800.</term>
     <term>Christian life -- Quaker authors.</term>
    </keywords>
   </textClass>
  </profileDesc>
  <xenoData>
   <ep:epHeader xmlns:ep="http://earlyprint.org/ns/1.0">
    <ep:corpus>eebo</ep:corpus>
    <ep:title>Some queries to all the teachers and professors of Christianity to answer.</ep:title>
    <ep:author>Fox, George</ep:author>
    <ep:publicationYear>1666</ep:publicationYear>
    <ep:creationYear/>
    <ep:curator>
     <ep:name/>
    </ep:curator>
    <ep:pageCount>1</ep:pageCount>
    <ep:wordCount>498</ep:wordCount>
    <ep:defectiveTokenCount>0</ep:defectiveTokenCount>
    <ep:untranscribedForeignCount>0</ep:untranscribedForeignCount>
    <ep:untranscribedMathCount>0</ep:untranscribedMathCount>
    <ep:untranscribedMusicCount>0</ep:untranscribedMusicCount>
    <ep:missingChunkCount>0</ep:missingChunkCount>
    <ep:missingPagesCount>0</ep:missingPagesCount>
    <ep:defectRate>0</ep:defectRate>
    <ep:finalGrade>A</ep:finalGrade>
    <ep:defectRangePerGrade>This text  has no known defects that were recorded as gap elements at the time of transcription. </ep:defectRangePerGrade>
   </ep:epHeader>
  </xenoData>
  <revisionDesc>
   <change><date>2007-12</date><label>TCP</label>
        Assigned for keying and markup
      </change>
   <change><date>2008-01</date><label>SPi Global</label>
        Keyed and coded from ProQuest page images
      </change>
   <change><date>2008-02</date><label>Mona Logarbo</label>
        Sampled and proofread
      </change>
   <change><date>2008-02</date><label>Mona Logarbo</label>
        Text and markup reviewed and edited
      </change>
   <change><date>2008-09</date><label>pfs</label>
        Batch review (QC) and XML conversion
      </change>
  </revisionDesc>
 </teiHeader>
 <text xml:id="A40254-t">
  <body xml:id="A40254-e0">
   <div type="text" xml:id="A40254-e10">
    <pb facs="tcp:46373:1" rendition="simple:additions" xml:id="A40254-001-a"/>
    <head xml:id="A40254-e20">
     <w lemma="some" pos="d" xml:id="A40254-001-a-0010">SOME</w>
     <w lemma="query" pos="n2" xml:id="A40254-001-a-0020">QUERIES</w>
     <w lemma="to" pos="acp" xml:id="A40254-001-a-0030">To</w>
     <w lemma="all" pos="d" xml:id="A40254-001-a-0040">all</w>
     <w lemma="the" pos="d" xml:id="A40254-001-a-0050">the</w>
     <w lemma="teacher" pos="n2" xml:id="A40254-001-a-0060">Teachers</w>
     <w lemma="and" pos="cc" xml:id="A40254-001-a-0070">and</w>
     <w lemma="professor" pos="n2" xml:id="A40254-001-a-0080">Professors</w>
     <w lemma="of" pos="acp" xml:id="A40254-001-a-0090">of</w>
     <w lemma="Christianity" pos="n1-nn" xml:id="A40254-001-a-0100">Christianity</w>
     <w lemma="to" pos="acp" xml:id="A40254-001-a-0110">TO</w>
     <w lemma="answer" pos="n1" xml:id="A40254-001-a-0120">ANSWER</w>
     <pc unit="sentence" xml:id="A40254-001-a-0130">.</pc>
    </head>
    <p xml:id="A40254-e30">
     <label xml:id="A40254-e40">
      <w lemma="query" pos="n1" xml:id="A40254-001-a-0140">QUERY</w>
      <w lemma="i." pos="ab" xml:id="A40254-001-a-0150">I.</w>
      <pc unit="sentence" xml:id="A40254-001-a-0160"/>
     </label>
     <w lemma="where" pos="crq-q" xml:id="A40254-001-a-0170">WHere</w>
     <w lemma="do" pos="vvd" xml:id="A40254-001-a-0180">did</w>
     <w lemma="ever" pos="av" xml:id="A40254-001-a-0190">ever</w>
     <w lemma="the" pos="d" xml:id="A40254-001-a-0200">the</w>
     <w lemma="christian" pos="n2-nn_j" rendition="#hi" xml:id="A40254-001-a-0210">Christians</w>
     <w lemma="in" pos="acp" xml:id="A40254-001-a-0220">in</w>
     <w lemma="the" pos="d" xml:id="A40254-001-a-0230">the</w>
     <w lemma="primitive" pos="j" xml:id="A40254-001-a-0240">primitive</w>
     <w lemma="time" pos="n2" xml:id="A40254-001-a-0250">times</w>
     <w lemma="set" pos="vvn" xml:id="A40254-001-a-0260">set</w>
     <w lemma="up" pos="acp-av" xml:id="A40254-001-a-0270">up</w>
     <w lemma="dancing-school" pos="n2" xml:id="A40254-001-a-0280">Dancing-Schools</w>
     <w lemma="and" pos="cc" xml:id="A40254-001-a-0290">and</w>
     <w lemma="fencing-school" pos="n2" xml:id="A40254-001-a-0300">Fencing-Schools</w>
     <pc xml:id="A40254-001-a-0310">,</pc>
     <w lemma="and" pos="cc" xml:id="A40254-001-a-0320">and</w>
     <w lemma="send" pos="vvi" xml:id="A40254-001-a-0330">send</w>
     <w lemma="their" pos="po" xml:id="A40254-001-a-0340">their</w>
     <w lemma="youth" pos="n1" xml:id="A40254-001-a-0350">Youth</w>
     <w lemma="to" pos="to" xml:id="A40254-001-a-0360">to</w>
     <w lemma="learn" pos="vvi" xml:id="A40254-001-a-0370">learn</w>
     <w lemma="to" pos="acp" xml:id="A40254-001-a-0380">to</w>
     <w lemma="dance" pos="n1" xml:id="A40254-001-a-0390">Dance</w>
     <w lemma="and" pos="cc" xml:id="A40254-001-a-0400">and</w>
     <w lemma="fence" pos="n1-nn" xml:id="A40254-001-a-0410">Fence</w>
     <pc xml:id="A40254-001-a-0420">,</pc>
     <w lemma="as" pos="acp" xml:id="A40254-001-a-0430">as</w>
     <w lemma="those" pos="d" xml:id="A40254-001-a-0440">those</w>
     <w lemma="call" pos="j_vn" xml:id="A40254-001-a-0450">called</w>
     <w lemma="christian" pos="n2-nn_j" rendition="#hi" xml:id="A40254-001-a-0460">Christians</w>
     <w lemma="have" pos="vvb" xml:id="A40254-001-a-0470">have</w>
     <w lemma="do" pos="vvn" xml:id="A40254-001-a-0480">done</w>
     <w lemma="since" pos="acp" xml:id="A40254-001-a-0490">since</w>
     <w lemma="the" pos="d" xml:id="A40254-001-a-0500">the</w>
     <w lemma="primitive" pos="j" xml:id="A40254-001-a-0510">primitive</w>
     <w lemma="time" pos="n2" xml:id="A40254-001-a-0520">Times</w>
     <pc xml:id="A40254-001-a-0530">;</pc>
     <w lemma="let" pos="vvb" xml:id="A40254-001-a-0540">let</w>
     <w lemma="we" pos="pno" xml:id="A40254-001-a-0550">us</w>
     <w lemma="see" pos="vvi" xml:id="A40254-001-a-0560">see</w>
     <w lemma="where" pos="crq" xml:id="A40254-001-a-0570">where</w>
     <w lemma="such" pos="d" xml:id="A40254-001-a-0580">such</w>
     <w lemma="thing" pos="n2" xml:id="A40254-001-a-0590">things</w>
     <w lemma="be" pos="vvd" xml:id="A40254-001-a-0600">were</w>
     <w lemma="practise" pos="vvn" xml:id="A40254-001-a-0610">practised</w>
     <w lemma="in" pos="acp" xml:id="A40254-001-a-0620">in</w>
     <w lemma="the" pos="d" xml:id="A40254-001-a-0630">the</w>
     <w lemma="scripture" pos="n2" xml:id="A40254-001-a-0640">Scriptures</w>
     <w lemma="by" pos="acp" xml:id="A40254-001-a-0650">by</w>
     <w lemma="the" pos="d" xml:id="A40254-001-a-0660">the</w>
     <w lemma="true" pos="j" xml:id="A40254-001-a-0670">True</w>
     <w lemma="christian" pos="n2-nn_j" rendition="#hi" xml:id="A40254-001-a-0680">Christians</w>
     <pc unit="sentence" xml:id="A40254-001-a-0690">?</pc>
    </p>
    <p xml:id="A40254-e80">
     <label xml:id="A40254-e90">
      <w lemma="query" pos="n1" xml:id="A40254-001-a-0700">QUERY</w>
      <w lemma="ii" pos="crd" xml:id="A40254-001-a-0710">II.</w>
      <pc unit="sentence" xml:id="A40254-001-a-0720"/>
     </label>
     <w lemma="where" pos="crq-q" xml:id="A40254-001-a-0730">Where</w>
     <w lemma="be" pos="vvd" xml:id="A40254-001-a-0740">was</w>
     <w lemma="any" pos="d" xml:id="A40254-001-a-0750">any</w>
     <w lemma="instrument" pos="n2" xml:id="A40254-001-a-0760">Instruments</w>
     <w lemma="of" pos="acp" xml:id="A40254-001-a-0770">of</w>
     <w lemma="music" pos="n1" reg="Music" xml:id="A40254-001-a-0780">Musick</w>
     <w lemma="allow" pos="vvn" xml:id="A40254-001-a-0790">allowed</w>
     <w lemma="of" pos="acp" xml:id="A40254-001-a-0800">of</w>
     <w lemma="God" pos="n1-nn" xml:id="A40254-001-a-0810">God</w>
     <w lemma="to" pos="to" xml:id="A40254-001-a-0820">to</w>
     <w lemma="be" pos="vvi" xml:id="A40254-001-a-0830">be</w>
     <w lemma="invent" pos="vvn" xml:id="A40254-001-a-0840">invented</w>
     <w lemma="and" pos="cc" xml:id="A40254-001-a-0850">and</w>
     <w lemma="use" pos="vvn" xml:id="A40254-001-a-0860">used</w>
     <w lemma="by" pos="acp" xml:id="A40254-001-a-0870">by</w>
     <w lemma="the" pos="d" xml:id="A40254-001-a-0880">the</w>
     <w lemma="jew" pos="n2-nn" rendition="#hi" xml:id="A40254-001-a-0890">Jews</w>
     <w lemma="to" pos="acp" xml:id="A40254-001-a-0900">to</w>
     <w lemma="themselves" pos="px" xml:id="A40254-001-a-0910">themselves</w>
     <pc xml:id="A40254-001-a-0920">,</pc>
     <w lemma="but" pos="acp" xml:id="A40254-001-a-0930">but</w>
     <w lemma="unto" pos="acp" xml:id="A40254-001-a-0940">unto</w>
     <w lemma="the" pos="d" xml:id="A40254-001-a-0950">the</w>
     <w lemma="lord" pos="n1" xml:id="A40254-001-a-0960">Lord</w>
     <pc unit="sentence" xml:id="A40254-001-a-0970">?</pc>
     <w lemma="indeed" pos="av" xml:id="A40254-001-a-0980">Indeed</w>
     <w lemma="David" pos="n1-nn" rendition="#hi" xml:id="A40254-001-a-0990">David</w>
     <w lemma="use" pos="vvd" xml:id="A40254-001-a-1000">used</w>
     <w lemma="they" pos="pno" xml:id="A40254-001-a-1010">them</w>
     <w lemma="as" pos="acp-av" xml:id="A40254-001-a-1020">as</w>
     <w lemma="unto" pos="acp" xml:id="A40254-001-a-1030">unto</w>
     <w lemma="the" pos="d" xml:id="A40254-001-a-1040">the</w>
     <w lemma="lord" pos="n1" xml:id="A40254-001-a-1050">Lord</w>
     <pc xml:id="A40254-001-a-1060">,</pc>
     <w lemma="and" pos="cc" xml:id="A40254-001-a-1070">and</w>
     <w lemma="dance" pos="vvn" xml:id="A40254-001-a-1080">Danced</w>
     <w lemma="before" pos="acp" xml:id="A40254-001-a-1090">before</w>
     <w lemma="the" pos="d" xml:id="A40254-001-a-1100">the</w>
     <w lemma="ark" pos="n1" xml:id="A40254-001-a-1110">Ark</w>
     <w lemma="of" pos="acp" xml:id="A40254-001-a-1120">of</w>
     <w lemma="the" pos="d" xml:id="A40254-001-a-1130">the</w>
     <w lemma="lord" pos="n1" xml:id="A40254-001-a-1140">Lord</w>
     <pc unit="sentence" xml:id="A40254-001-a-1150">?</pc>
     <w lemma="but" pos="acp" xml:id="A40254-001-a-1160">But</w>
     <w join="right" lemma="what" pos="crq-q" xml:id="A40254-001-a-1170">what</w>
     <w join="left" lemma="be" pos="vvz" xml:id="A40254-001-a-1171">'s</w>
     <w lemma="the" pos="d" xml:id="A40254-001-a-1180">the</w>
     <w lemma="use" pos="n1" xml:id="A40254-001-a-1190">Use</w>
     <w lemma="and" pos="cc" xml:id="A40254-001-a-1200">and</w>
     <w lemma="end" pos="vvb" xml:id="A40254-001-a-1210">End</w>
     <w lemma="of" pos="acp" xml:id="A40254-001-a-1220">of</w>
     <w lemma="all" pos="d" xml:id="A40254-001-a-1230">all</w>
     <w lemma="the" pos="d" xml:id="A40254-001-a-1240">the</w>
     <w lemma="music" pos="n1" reg="Music" xml:id="A40254-001-a-1250">Musick</w>
     <w lemma="and" pos="cc" xml:id="A40254-001-a-1260">and</w>
     <w lemma="dance" pos="j_vg" xml:id="A40254-001-a-1270">Dancing</w>
     <w lemma="in" pos="acp" xml:id="A40254-001-a-1280">in</w>
     <w lemma="Christendom" pos="n1-nn" rendition="#hi" xml:id="A40254-001-a-1290">Christendom</w>
     <pc unit="sentence" xml:id="A40254-001-a-1300">?</pc>
     <w lemma="be" pos="vvd" xml:id="A40254-001-a-1310">Was</w>
     <w lemma="not" pos="xx" xml:id="A40254-001-a-1320">not</w>
     <w lemma="the" pos="d" xml:id="A40254-001-a-1330">the</w>
     <w lemma="melody" pos="n1" xml:id="A40254-001-a-1340">Melody</w>
     <w lemma="the" pos="d" xml:id="A40254-001-a-1350">the</w>
     <w lemma="true" pos="j" xml:id="A40254-001-a-1360">true</w>
     <w lemma="christian" pos="n2-nn_j" rendition="#hi" xml:id="A40254-001-a-1370">Christians</w>
     <w lemma="make" pos="vvd" xml:id="A40254-001-a-1380">made</w>
     <w lemma="in" pos="acp" xml:id="A40254-001-a-1390">in</w>
     <w lemma="their" pos="po" xml:id="A40254-001-a-1400">their</w>
     <w lemma="heart" pos="n2" xml:id="A40254-001-a-1410">Hearts</w>
     <w lemma="to" pos="acp" xml:id="A40254-001-a-1420">to</w>
     <w lemma="the" pos="d" xml:id="A40254-001-a-1430">the</w>
     <w lemma="lord" pos="n1" xml:id="A40254-001-a-1440">Lord</w>
     <pc unit="sentence" xml:id="A40254-001-a-1450">?</pc>
    </p>
    <p xml:id="A40254-e140">
     <label xml:id="A40254-e150">
      <w lemma="query" pos="n1" xml:id="A40254-001-a-1460">QUERY</w>
      <w lemma="iii" pos="crd" xml:id="A40254-001-a-1470">III.</w>
      <pc unit="sentence" xml:id="A40254-001-a-1480"/>
     </label>
     <w lemma="where" pos="crq-q" xml:id="A40254-001-a-1490">Where</w>
     <w lemma="do" pos="vvd" xml:id="A40254-001-a-1500">did</w>
     <w lemma="the" pos="d" xml:id="A40254-001-a-1510">the</w>
     <w lemma="primitive" pos="j" xml:id="A40254-001-a-1520">primitive</w>
     <w lemma="christian" pos="n2-nn_j" rendition="#hi" xml:id="A40254-001-a-1530">Christians</w>
     <w lemma="invent" pos="vvb" xml:id="A40254-001-a-1540">invent</w>
     <w lemma="play" pos="n2" reg="Plays" xml:id="A40254-001-a-1550">Playes</w>
     <w lemma="and" pos="cc" xml:id="A40254-001-a-1560">and</w>
     <w lemma="show" pos="vvz" reg="Shows" xml:id="A40254-001-a-1570">Shews</w>
     <pc xml:id="A40254-001-a-1580">,</pc>
     <w lemma="as" pos="acp" xml:id="A40254-001-a-1590">as</w>
     <w lemma="those" pos="d" xml:id="A40254-001-a-1600">those</w>
     <w lemma="call" pos="j_vn" xml:id="A40254-001-a-1610">called</w>
     <w lemma="christian" pos="n2-nn_j" rendition="#hi" xml:id="A40254-001-a-1620">Christians</w>
     <w lemma="have" pos="vvb" xml:id="A40254-001-a-1630">have</w>
     <w lemma="do" pos="vvn" xml:id="A40254-001-a-1640">done</w>
     <w lemma="since" pos="acp" xml:id="A40254-001-a-1650">since</w>
     <w lemma="the" pos="d" xml:id="A40254-001-a-1660">the</w>
     <w lemma="apostle" pos="n2" xml:id="A40254-001-a-1670">Apostles</w>
     <w lemma="day" pos="n2" reg="days" xml:id="A40254-001-a-1680">dayes</w>
     <pc unit="sentence" xml:id="A40254-001-a-1690">?</pc>
    </p>
    <p xml:id="A40254-e180">
     <label xml:id="A40254-e190">
      <w lemma="query" pos="n1" xml:id="A40254-001-a-1700">QUERY</w>
      <w lemma="iu." pos="ab" reg="IU." xml:id="A40254-001-a-1710">IV.</w>
      <pc unit="sentence" xml:id="A40254-001-a-1720"/>
     </label>
     <w lemma="whether" pos="cs" xml:id="A40254-001-a-1730">Whether</w>
     <w lemma="any" pos="d" xml:id="A40254-001-a-1740">any</w>
     <w lemma="of" pos="acp" xml:id="A40254-001-a-1750">of</w>
     <w lemma="the" pos="d" xml:id="A40254-001-a-1760">the</w>
     <w lemma="jew" pos="n2-nn" rendition="#hi" xml:id="A40254-001-a-1770">Jews</w>
     <w lemma="under" pos="acp" xml:id="A40254-001-a-1780">under</w>
     <w lemma="the" pos="d" xml:id="A40254-001-a-1790">the</w>
     <w lemma="old" pos="j" xml:id="A40254-001-a-1800">Old</w>
     <w lemma="testament" pos="n1" xml:id="A40254-001-a-1810">Testament</w>
     <w lemma="ever" pos="av" xml:id="A40254-001-a-1820">ever</w>
     <w lemma="invent" pos="vvn" xml:id="A40254-001-a-1830">invented</w>
     <w lemma="play" pos="n2" reg="Plays" xml:id="A40254-001-a-1840">Playes</w>
     <w lemma="and" pos="cc" xml:id="A40254-001-a-1850">and</w>
     <w lemma="show" pos="vvz" reg="Shows" xml:id="A40254-001-a-1860">Shews</w>
     <w lemma="to" pos="to" xml:id="A40254-001-a-1870">to</w>
     <w lemma="get" pos="vvi" xml:id="A40254-001-a-1880">get</w>
     <w lemma="money" pos="n1" xml:id="A40254-001-a-1890">Money</w>
     <w lemma="by" pos="acp" xml:id="A40254-001-a-1900">by</w>
     <w lemma="they" pos="pno" xml:id="A40254-001-a-1910">them</w>
     <pc xml:id="A40254-001-a-1920">,</pc>
     <w lemma="as" pos="acp" xml:id="A40254-001-a-1930">as</w>
     <w lemma="those" pos="d" xml:id="A40254-001-a-1940">those</w>
     <w lemma="call" pos="j_vn" xml:id="A40254-001-a-1950">called</w>
     <w lemma="christian" pos="n2-nn_j" rendition="#hi" xml:id="A40254-001-a-1960">Christians</w>
     <w lemma="do" pos="vvb" xml:id="A40254-001-a-1970">do</w>
     <w lemma="now" pos="av" xml:id="A40254-001-a-1980">now</w>
     <pc unit="sentence" xml:id="A40254-001-a-1990">?</pc>
     <w lemma="we" pos="pns" xml:id="A40254-001-a-2000">We</w>
     <w lemma="desire" pos="vvb" xml:id="A40254-001-a-2010">desire</w>
     <w lemma="you" pos="pn" xml:id="A40254-001-a-2020">you</w>
     <w lemma="will" pos="vmb" xml:id="A40254-001-a-2030">will</w>
     <w lemma="produce" pos="vvi" xml:id="A40254-001-a-2040">produce</w>
     <w lemma="your" pos="po" xml:id="A40254-001-a-2050">your</w>
     <w lemma="rule" pos="n1" xml:id="A40254-001-a-2060">Rule</w>
     <w lemma="and" pos="cc" xml:id="A40254-001-a-2070">and</w>
     <w lemma="example" pos="n1" xml:id="A40254-001-a-2080">Example</w>
     <w lemma="out" pos="av" xml:id="A40254-001-a-2090">out</w>
     <w lemma="of" pos="acp" xml:id="A40254-001-a-2100">of</w>
     <w lemma="the" pos="d" xml:id="A40254-001-a-2110">the</w>
     <w lemma="old" pos="j" xml:id="A40254-001-a-2120">Old</w>
     <w lemma="or" pos="cc" xml:id="A40254-001-a-2130">or</w>
     <w lemma="new" pos="j" xml:id="A40254-001-a-2140">New</w>
     <w lemma="testament" pos="n1" xml:id="A40254-001-a-2150">Testament</w>
     <pc xml:id="A40254-001-a-2160">,</pc>
     <w lemma="among" pos="acp" xml:id="A40254-001-a-2170">among</w>
     <w lemma="jew" pos="n2-nn" rendition="#hi" xml:id="A40254-001-a-2180">Jews</w>
     <w lemma="or" pos="cc" xml:id="A40254-001-a-2190">or</w>
     <w lemma="christian" pos="n2-nn_j" rendition="#hi" xml:id="A40254-001-a-2200">Christians</w>
     <pc xml:id="A40254-001-a-2210">,</pc>
     <w lemma="for" pos="acp" xml:id="A40254-001-a-2220">for</w>
     <w lemma="these" pos="d" xml:id="A40254-001-a-2230">these</w>
     <w lemma="thing" pos="n2" xml:id="A40254-001-a-2240">things</w>
     <pc unit="sentence" xml:id="A40254-001-a-2250">?</pc>
    </p>
    <p xml:id="A40254-e240">
     <label xml:id="A40254-e250">
      <w lemma="query" pos="n1" xml:id="A40254-001-a-2260">QUERY</w>
      <w lemma="v." pos="ab" xml:id="A40254-001-a-2270">V.</w>
      <pc unit="sentence" xml:id="A40254-001-a-2280"/>
     </label>
     <w lemma="where" pos="crq-q" xml:id="A40254-001-a-2290">Where</w>
     <w lemma="do" pos="vvd" xml:id="A40254-001-a-2300">did</w>
     <w lemma="the" pos="d" xml:id="A40254-001-a-2310">the</w>
     <w lemma="jew" pos="n2-nn" rendition="#hi" xml:id="A40254-001-a-2320">Jews</w>
     <w lemma="or" pos="cc" xml:id="A40254-001-a-2330">or</w>
     <w lemma="christian" pos="n2-nn_j" rendition="#hi" xml:id="A40254-001-a-2340">Christians</w>
     <w lemma="in" pos="acp" xml:id="A40254-001-a-2350">in</w>
     <w lemma="the" pos="d" xml:id="A40254-001-a-2360">the</w>
     <w lemma="apostle" pos="n2" xml:id="A40254-001-a-2370">Apostles</w>
     <w lemma="day" pos="n2" reg="days" xml:id="A40254-001-a-2380">dayes</w>
     <w lemma="set" pos="vvn" xml:id="A40254-001-a-2390">set</w>
     <w lemma="up" pos="acp-av" xml:id="A40254-001-a-2400">up</w>
     <w lemma="or" pos="cc" xml:id="A40254-001-a-2410">or</w>
     <w lemma="use" pos="vvi" xml:id="A40254-001-a-2420">use</w>
     <w lemma="bear-baiting" pos="n2" xml:id="A40254-001-a-2430">Bear-Baitings</w>
     <pc xml:id="A40254-001-a-2440">,</pc>
     <w lemma="bull-baiting" pos="n2" xml:id="A40254-001-a-2450">Bull-Baitings</w>
     <pc xml:id="A40254-001-a-2460">,</pc>
     <w lemma="cock-fighting" pos="n2_vg" reg="Cock-fighting" xml:id="A40254-001-a-2470">Cock-Fightings</w>
     <pc xml:id="A40254-001-a-2480">,</pc>
     <w lemma="ninepin" pos="n2" reg="Ninepins" xml:id="A40254-001-a-2490">Nine-pins</w>
     <w lemma="and" pos="cc" xml:id="A40254-001-a-2500">and</w>
     <w lemma="bowl" pos="n2" xml:id="A40254-001-a-2510">Bowls</w>
     <pc xml:id="A40254-001-a-2520">,</pc>
     <w lemma="and" pos="cc" xml:id="A40254-001-a-2530">and</w>
     <w lemma="card" pos="n2" xml:id="A40254-001-a-2540">Cards</w>
     <w lemma="and" pos="cc" xml:id="A40254-001-a-2550">and</w>
     <w lemma="dice" pos="n2" xml:id="A40254-001-a-2560">Dice</w>
     <pc xml:id="A40254-001-a-2570">,</pc>
     <w lemma="and" pos="cc" xml:id="A40254-001-a-2580">and</w>
     <w lemma="such" pos="d" xml:id="A40254-001-a-2590">such</w>
     <w lemma="like" pos="j" xml:id="A40254-001-a-2600">like</w>
     <w lemma="sport" pos="n2" xml:id="A40254-001-a-2610">Sports</w>
     <w lemma="and" pos="cc" xml:id="A40254-001-a-2620">and</w>
     <w lemma="game" pos="n2" xml:id="A40254-001-a-2630">Games</w>
     <pc xml:id="A40254-001-a-2640">,</pc>
     <w lemma="as" pos="acp" xml:id="A40254-001-a-2650">as</w>
     <w lemma="those" pos="d" xml:id="A40254-001-a-2660">those</w>
     <w lemma="call" pos="j_vn" xml:id="A40254-001-a-2670">called</w>
     <w lemma="christian" pos="n2-nn_j" rendition="#hi" xml:id="A40254-001-a-2680">Christians</w>
     <w lemma="do" pos="vvb" xml:id="A40254-001-a-2690">do</w>
     <w lemma="now" pos="av" xml:id="A40254-001-a-2700">now</w>
     <pc xml:id="A40254-001-a-2710">,</pc>
     <w lemma="to" pos="to" xml:id="A40254-001-a-2720">to</w>
     <w lemma="make" pos="vvi" xml:id="A40254-001-a-2730">make</w>
     <w lemma="themselves" pos="px" xml:id="A40254-001-a-2740">themselves</w>
     <w lemma="merry" pos="j" xml:id="A40254-001-a-2750">Merry</w>
     <w lemma="withal" pos="av" xml:id="A40254-001-a-2760">withal</w>
     <pc xml:id="A40254-001-a-2770">,</pc>
     <w lemma="and" pos="cc" xml:id="A40254-001-a-2780">and</w>
     <w lemma="to" pos="to" xml:id="A40254-001-a-2790">to</w>
     <w lemma="spend" pos="vvi" xml:id="A40254-001-a-2800">spend</w>
     <w lemma="their" pos="po" xml:id="A40254-001-a-2810">their</w>
     <w lemma="precious" pos="j" reg="Precious" xml:id="A40254-001-a-2820">Pretious</w>
     <w lemma="time" pos="n1" xml:id="A40254-001-a-2830">Time</w>
     <w lemma="away" pos="av" xml:id="A40254-001-a-2840">away</w>
     <pc xml:id="A40254-001-a-2850">,</pc>
     <w lemma="and" pos="cc" xml:id="A40254-001-a-2860">and</w>
     <w lemma="call" pos="vvb" xml:id="A40254-001-a-2870">call</w>
     <w lemma="it" pos="pn" xml:id="A40254-001-a-2880">it</w>
     <w lemma="pastime" pos="n1" rendition="#hi" xml:id="A40254-001-a-2890">Pastime</w>
     <pc xml:id="A40254-001-a-2900">,</pc>
     <w lemma="and" pos="cc" xml:id="A40254-001-a-2910">and</w>
     <w lemma="rejoice" pos="vvb" reg="Rejoice" xml:id="A40254-001-a-2920">Rejoyce</w>
     <pc xml:id="A40254-001-a-2930">,</pc>
     <w lemma="and" pos="cc" xml:id="A40254-001-a-2940">and</w>
     <w lemma="stir" pos="vvb" xml:id="A40254-001-a-2950">stir</w>
     <w lemma="up" pos="acp-av" xml:id="A40254-001-a-2960">up</w>
     <w lemma="wantonness" pos="n1" xml:id="A40254-001-a-2970">Wantonness</w>
     <w lemma="in" pos="acp" xml:id="A40254-001-a-2980">in</w>
     <w lemma="people" pos="n1" xml:id="A40254-001-a-2990">People</w>
     <pc unit="sentence" xml:id="A40254-001-a-3000">?</pc>
     <w lemma="show" pos="vvb" reg="Show" xml:id="A40254-001-a-3010">Shew</w>
     <w lemma="scripture" pos="n1" xml:id="A40254-001-a-3020">Scripture</w>
     <w lemma="for" pos="acp" xml:id="A40254-001-a-3030">for</w>
     <w lemma="these" pos="d" xml:id="A40254-001-a-3040">these</w>
     <w lemma="thing" pos="n2" xml:id="A40254-001-a-3050">things</w>
     <pc xml:id="A40254-001-a-3060">,</pc>
     <w lemma="see" pos="vvg" xml:id="A40254-001-a-3070">seeing</w>
     <w lemma="you" pos="pn" xml:id="A40254-001-a-3080">you</w>
     <w lemma="profess" pos="vvb" xml:id="A40254-001-a-3090">profess</w>
     <w lemma="it" pos="pn" xml:id="A40254-001-a-3100">it</w>
     <w lemma="your" pos="po" xml:id="A40254-001-a-3110">your</w>
     <w lemma="rule" pos="n1" xml:id="A40254-001-a-3120">Rule</w>
     <pc unit="sentence" xml:id="A40254-001-a-3130">?</pc>
     <w lemma="be" pos="vvb" xml:id="A40254-001-a-3140">Are</w>
     <w lemma="not" pos="xx" xml:id="A40254-001-a-3150">not</w>
     <w lemma="those" pos="d" xml:id="A40254-001-a-3160">those</w>
     <w lemma="that" pos="cs" xml:id="A40254-001-a-3170">that</w>
     <w lemma="live" pos="vvb" xml:id="A40254-001-a-3180">live</w>
     <w lemma="wanton" pos="av_j" xml:id="A40254-001-a-3190">Wantonly</w>
     <w lemma="upon" pos="acp" xml:id="A40254-001-a-3200">upon</w>
     <w lemma="earth" pos="n1" xml:id="A40254-001-a-3210">Earth</w>
     <pc xml:id="A40254-001-a-3220">,</pc>
     <w lemma="and" pos="cc" xml:id="A40254-001-a-3230">and</w>
     <w lemma="in" pos="acp" xml:id="A40254-001-a-3240">in</w>
     <w lemma="pleasure" pos="n1" xml:id="A40254-001-a-3250">Pleasure</w>
     <pc xml:id="A40254-001-a-3260">,</pc>
     <w lemma="dead" pos="j" xml:id="A40254-001-a-3270">dead</w>
     <w lemma="while" pos="n1" xml:id="A40254-001-a-3280">while</w>
     <w lemma="they" pos="pns" xml:id="A40254-001-a-3290">they</w>
     <w lemma="live" pos="vvi" xml:id="A40254-001-a-3300">live</w>
     <pc unit="sentence" xml:id="A40254-001-a-3310">?</pc>
     <w lemma="be" pos="vvb" xml:id="A40254-001-a-3320">Are</w>
     <w lemma="not" pos="xx" xml:id="A40254-001-a-3330">not</w>
     <w lemma="those" pos="d" xml:id="A40254-001-a-3340">those</w>
     <w lemma="that" pos="cs" xml:id="A40254-001-a-3350">that</w>
     <w lemma="rejoice" pos="vvb" reg="Rejoice" xml:id="A40254-001-a-3360">Rejoyce</w>
     <w lemma="to" pos="to" xml:id="A40254-001-a-3370">to</w>
     <w lemma="rejoice" pos="vvb" reg="Rejoice" xml:id="A40254-001-a-3380">Rejoyce</w>
     <w lemma="in" pos="acp" xml:id="A40254-001-a-3390">in</w>
     <w lemma="the" pos="d" xml:id="A40254-001-a-3400">the</w>
     <w lemma="lord" pos="n1" xml:id="A40254-001-a-3410">Lord</w>
     <pc unit="sentence" xml:id="A40254-001-a-3420">?</pc>
    </p>
    <p xml:id="A40254-e300">
     <label xml:id="A40254-e310">
      <w lemma="query" pos="n1" xml:id="A40254-001-a-3430">QUERY</w>
      <w lemma="vi." pos="ab" xml:id="A40254-001-a-3440">VI.</w>
      <pc unit="sentence" xml:id="A40254-001-a-3450"/>
     </label>
     <w lemma="where" pos="crq-q" xml:id="A40254-001-a-3460">Where</w>
     <w lemma="do" pos="vvd" xml:id="A40254-001-a-3470">did</w>
     <w lemma="the" pos="d" xml:id="A40254-001-a-3480">the</w>
     <w lemma="christian" pos="n2-nn_j" rendition="#hi" xml:id="A40254-001-a-3490">Christians</w>
     <w lemma="in" pos="acp" xml:id="A40254-001-a-3500">in</w>
     <w lemma="the" pos="d" xml:id="A40254-001-a-3510">the</w>
     <w lemma="apostle" pos="n2" xml:id="A40254-001-a-3520">Apostles</w>
     <w lemma="day" pos="n2" reg="days" xml:id="A40254-001-a-3530">dayes</w>
     <w lemma="make" pos="vvi" xml:id="A40254-001-a-3540">make</w>
     <w lemma="and" pos="cc" xml:id="A40254-001-a-3550">and</w>
     <w lemma="use" pos="vvi" xml:id="A40254-001-a-3560">use</w>
     <w lemma="match" pos="n2" xml:id="A40254-001-a-3570">Matches</w>
     <w lemma="at" pos="acp" xml:id="A40254-001-a-3580">at</w>
     <w lemma="football" pos="n1" reg="Football" xml:id="A40254-001-a-3590">Foot-Ball</w>
     <pc xml:id="A40254-001-a-3600">,</pc>
     <w lemma="and" pos="cc" xml:id="A40254-001-a-3610">and</w>
     <w lemma="wrestle" pos="j_vg" xml:id="A40254-001-a-3620">Wrestling</w>
     <pc xml:id="A40254-001-a-3630">,</pc>
     <w lemma="and" pos="cc" xml:id="A40254-001-a-3640">and</w>
     <w lemma="appoint" pos="vvb" xml:id="A40254-001-a-3650">appoint</w>
     <w lemma="horserace" pos="n2" reg="Horseraces" xml:id="A40254-001-a-3660">Horse-Races</w>
     <pc xml:id="A40254-001-a-3670">,</pc>
     <w lemma="and" pos="cc" xml:id="A40254-001-a-3680">and</w>
     <w lemma="hunt" pos="vvg" xml:id="A40254-001-a-3690">Hunting</w>
     <w lemma="for" pos="acp" xml:id="A40254-001-a-3700">for</w>
     <w lemma="pleasure" pos="n1" xml:id="A40254-001-a-3710">Pleasure</w>
     <pc xml:id="A40254-001-a-3720">,</pc>
     <w lemma="and" pos="cc" xml:id="A40254-001-a-3730">and</w>
     <w lemma="such" pos="d" xml:id="A40254-001-a-3740">such</w>
     <w lemma="like" pos="j" xml:id="A40254-001-a-3750">like</w>
     <pc xml:id="A40254-001-a-3760">,</pc>
     <w lemma="and" pos="cc" xml:id="A40254-001-a-3770">and</w>
     <w lemma="so" pos="av" xml:id="A40254-001-a-3780">so</w>
     <w lemma="glory" pos="n1" xml:id="A40254-001-a-3790">glory</w>
     <w lemma="in" pos="acp" xml:id="A40254-001-a-3800">in</w>
     <w lemma="their" pos="po" xml:id="A40254-001-a-3810">their</w>
     <w lemma="own" pos="d" xml:id="A40254-001-a-3820">own</w>
     <w lemma="strength" pos="n1" xml:id="A40254-001-a-3830">Strength</w>
     <pc xml:id="A40254-001-a-3840">,</pc>
     <w lemma="and" pos="cc" xml:id="A40254-001-a-3850">and</w>
     <w lemma="abuse" pos="vvi" xml:id="A40254-001-a-3860">abuse</w>
     <w lemma="the" pos="d" xml:id="A40254-001-a-3870">the</w>
     <w lemma="creature" pos="n2" xml:id="A40254-001-a-3880">Creatures</w>
     <pc unit="sentence" xml:id="A40254-001-a-3890">?</pc>
     <w lemma="be" pos="vvb" xml:id="A40254-001-a-3900">Are</w>
     <w lemma="not" pos="xx" xml:id="A40254-001-a-3910">not</w>
     <w lemma="these" pos="d" xml:id="A40254-001-a-3920">these</w>
     <w lemma="thing" pos="n2" xml:id="A40254-001-a-3930">things</w>
     <w lemma="contrary" pos="j" xml:id="A40254-001-a-3940">contrary</w>
     <w lemma="to" pos="acp" xml:id="A40254-001-a-3950">to</w>
     <w lemma="the" pos="d" xml:id="A40254-001-a-3960">the</w>
     <w lemma="practice" pos="n1" xml:id="A40254-001-a-3970">Practice</w>
     <w lemma="of" pos="acp" xml:id="A40254-001-a-3980">of</w>
     <w lemma="the" pos="d" xml:id="A40254-001-a-3990">the</w>
     <w lemma="holy" pos="j" xml:id="A40254-001-a-4000">Holy</w>
     <w lemma="man" pos="n2" xml:id="A40254-001-a-4010">Men</w>
     <pc xml:id="A40254-001-a-4020">,</pc>
     <w lemma="who" pos="crq" xml:id="A40254-001-a-4030">who</w>
     <w lemma="rejoice" pos="vvd" reg="rejoiced" xml:id="A40254-001-a-4040">rejoyced</w>
     <w lemma="and" pos="cc" xml:id="A40254-001-a-4050">and</w>
     <w lemma="glory" pos="vvn" xml:id="A40254-001-a-4060">gloried</w>
     <w lemma="in" pos="acp" xml:id="A40254-001-a-4070">in</w>
     <w lemma="the" pos="d" xml:id="A40254-001-a-4080">the</w>
     <w lemma="lord" pos="n1" xml:id="A40254-001-a-4090">Lord</w>
     <pc unit="sentence" xml:id="A40254-001-a-4100">?</pc>
     <w lemma="show" pos="vvb" reg="Show" xml:id="A40254-001-a-4110">Shew</w>
     <w lemma="we" pos="pno" xml:id="A40254-001-a-4120">us</w>
     <w lemma="your" pos="po" xml:id="A40254-001-a-4130">your</w>
     <w lemma="rule" pos="n1" xml:id="A40254-001-a-4140">Rule</w>
     <w lemma="in" pos="acp" xml:id="A40254-001-a-4150">in</w>
     <w lemma="the" pos="d" xml:id="A40254-001-a-4160">the</w>
     <w lemma="holy" pos="j" xml:id="A40254-001-a-4170">Holy</w>
     <w lemma="scripture" pos="n2" xml:id="A40254-001-a-4180">Scriptures</w>
     <w lemma="for" pos="acp" xml:id="A40254-001-a-4190">for</w>
     <w lemma="these" pos="d" xml:id="A40254-001-a-4200">these</w>
     <w lemma="thing" pos="n2" xml:id="A40254-001-a-4210">things</w>
     <pc unit="sentence" xml:id="A40254-001-a-4220">?</pc>
    </p>
    <p xml:id="A40254-e330">
     <label xml:id="A40254-e340">
      <w lemma="query" pos="n1" xml:id="A40254-001-a-4230">QUERY</w>
      <w lemma="vii" pos="crd" xml:id="A40254-001-a-4240">VII</w>
      <pc unit="sentence" xml:id="A40254-001-a-4250">.</pc>
     </label>
     <w lemma="whether" pos="cs" xml:id="A40254-001-a-4260">Whether</w>
     <w lemma="all" pos="d" xml:id="A40254-001-a-4270">all</w>
     <w lemma="these" pos="d" xml:id="A40254-001-a-4280">these</w>
     <w lemma="play" pos="n2" reg="Plays" xml:id="A40254-001-a-4290">Playes</w>
     <pc xml:id="A40254-001-a-4300">,</pc>
     <w lemma="game" pos="n2" xml:id="A40254-001-a-4310">Games</w>
     <pc xml:id="A40254-001-a-4320">,</pc>
     <w lemma="show" pos="n2" reg="Shows" xml:id="A40254-001-a-4330">Shews</w>
     <pc xml:id="A40254-001-a-4340">,</pc>
     <w lemma="sport" pos="n2" xml:id="A40254-001-a-4350">Sports</w>
     <pc xml:id="A40254-001-a-4360">,</pc>
     <w lemma="and" pos="cc" xml:id="A40254-001-a-4370">and</w>
     <w lemma="other" pos="d" xml:id="A40254-001-a-4380">other</w>
     <w lemma="vain" pos="j" xml:id="A40254-001-a-4390">vain</w>
     <w lemma="exercise" pos="n2" xml:id="A40254-001-a-4400">Exercises</w>
     <pc xml:id="A40254-001-a-4410">,</pc>
     <w lemma="countenance" pos="vvn" xml:id="A40254-001-a-4420">countenanced</w>
     <w lemma="in" pos="acp" xml:id="A40254-001-a-4430">in</w>
     <w lemma="Christendom" pos="n1-nn" rendition="#hi" xml:id="A40254-001-a-4440">Christendom</w>
     <pc xml:id="A40254-001-a-4450">,</pc>
     <w lemma="do" pos="vvb" xml:id="A40254-001-a-4460">do</w>
     <w lemma="not" pos="xx" xml:id="A40254-001-a-4470">not</w>
     <w lemma="spoil" pos="vvi" xml:id="A40254-001-a-4480">Spoil</w>
     <w lemma="and" pos="cc" xml:id="A40254-001-a-4490">and</w>
     <w lemma="corrupt" pos="j" xml:id="A40254-001-a-4500">Corrupt</w>
     <w lemma="youth" pos="n1" xml:id="A40254-001-a-4510">Youth</w>
     <w lemma="and" pos="cc" xml:id="A40254-001-a-4520">and</w>
     <w lemma="man" pos="n2" xml:id="A40254-001-a-4530">Men</w>
     <pc xml:id="A40254-001-a-4540">,</pc>
     <w lemma="and" pos="cc" xml:id="A40254-001-a-4550">and</w>
     <w lemma="ruin" pos="vvi" xml:id="A40254-001-a-4560">Ruin</w>
     <w lemma="they" pos="pno" xml:id="A40254-001-a-4570">them</w>
     <w lemma="in" pos="acp" xml:id="A40254-001-a-4580">in</w>
     <w lemma="person" pos="n1" xml:id="A40254-001-a-4590">Person</w>
     <w lemma="and" pos="cc" xml:id="A40254-001-a-4600">and</w>
     <w lemma="estate" pos="n1" xml:id="A40254-001-a-4610">Estate</w>
     <pc unit="sentence" xml:id="A40254-001-a-4620">?</pc>
    </p>
    <p xml:id="A40254-e360">
     <w lemma="and" pos="cc" xml:id="A40254-001-a-4630">And</w>
     <w lemma="do" pos="vvz" xml:id="A40254-001-a-4640">doth</w>
     <w lemma="not" pos="xx" xml:id="A40254-001-a-4650">not</w>
     <w lemma="amos" pos="n1-nn" rendition="#hi" xml:id="A40254-001-a-4660">Amos</w>
     <w lemma="say" pos="vvi" xml:id="A40254-001-a-4670">say</w>
     <pc xml:id="A40254-001-a-4680">,</pc>
     <hi xml:id="A40254-e380">
      <w lemma="woe" pos="n1" reg="Woe" xml:id="A40254-001-a-4690">Wo</w>
      <w lemma="to" pos="acp" xml:id="A40254-001-a-4700">to</w>
      <w lemma="such" pos="d" xml:id="A40254-001-a-4710">such</w>
      <w lemma="that" pos="cs" xml:id="A40254-001-a-4720">that</w>
      <w lemma="chant" pos="vvb" xml:id="A40254-001-a-4730">chant</w>
      <w lemma="to" pos="acp" xml:id="A40254-001-a-4740">to</w>
      <w lemma="the" pos="d" xml:id="A40254-001-a-4750">the</w>
      <w lemma="sound" pos="n1" xml:id="A40254-001-a-4760">Sound</w>
      <w lemma="of" pos="acp" xml:id="A40254-001-a-4770">of</w>
      <w lemma="the" pos="d" xml:id="A40254-001-a-4780">the</w>
      <w lemma="vial" pos="n1" xml:id="A40254-001-a-4790">Vial</w>
      <pc xml:id="A40254-001-a-4800">,</pc>
      <w lemma="and" pos="cc" xml:id="A40254-001-a-4810">and</w>
      <w lemma="invent" pos="vvi" xml:id="A40254-001-a-4820">invent</w>
      <w lemma="to" pos="acp" xml:id="A40254-001-a-4830">to</w>
      <w lemma="themselves" pos="px" xml:id="A40254-001-a-4840">themselves</w>
      <w lemma="instrument" pos="n2" xml:id="A40254-001-a-4850">Instruments</w>
      <w lemma="of" pos="acp" xml:id="A40254-001-a-4860">of</w>
      <w lemma="music" pos="n1" reg="Music" xml:id="A40254-001-a-4870">Musick</w>
      <pc xml:id="A40254-001-a-4880">,</pc>
      <w lemma="like" pos="acp" xml:id="A40254-001-a-4890">like</w>
     </hi>
     <w lemma="David" pos="n1-nn" xml:id="A40254-001-a-4900">David</w>
     <pc unit="sentence" xml:id="A40254-001-a-4910">?</pc>
     <bibl xml:id="A40254-e390">
      <w lemma="amos" pos="n1-nn" rendition="#hi" xml:id="A40254-001-a-4920">Amos</w>
      <w lemma="6." pos="crd" xml:id="A40254-001-a-4930">6.</w>
      <pc unit="sentence" xml:id="A40254-001-a-4940"/>
     </bibl>
    </p>
    <closer xml:id="A40254-e410">
     <signed xml:id="A40254-e420">
      <w lemma="g." pos="ab" xml:id="A40254-001-a-4950">G.</w>
      <w lemma="f" pos="sy" xml:id="A40254-001-a-4960">F</w>
      <pc xml:id="A40254-001-a-4970">▪</pc>
     </signed>
    </closer>
   </div>
  </body>
 </text>
</TEI>
