<?xml version="1.0" encoding="UTF-8"?>
<?xml-model href="http://schemata.earlyprint.org/schemata/tei_earlyprint.rng" type="application/xml" schematypens="http://relaxng.org/ns/structure/1.0"?>
<TEI xmlns="http://www.tei-c.org/ns/1.0" xml:id="A42537">
 <teiHeader>
  <fileDesc>
   <titleStmt>
    <title>To Mr. Robert Whitehall at the wels at Astrop</title>
    <author>Gayton, Edmund, 1608-1666.</author>
   </titleStmt>
   <editionStmt>
    <edition>This text is an enriched version of the TCP digital transcription A42537 of text R43192 in the <ref target="http;//estc.bl.uk">English Short Title Catalog</ref> (Wing G417). Textual changes  and metadata enrichments aim at making the                             text more  computationally tractable, easier to read, and suitable for network-based collaborative                              curation by amateur and professional end users from many walks of life.  The text has been tokenized and linguistically annotated with <ref target="http://morphadorner.northwestern.edu/morphadorner/">MorphAdorner</ref>. The annotation includes standard spellings that support the display of a text in                             a standardized format that preserves archaic forms ('loveth', 'seekest').                              Textual changes aim at restoring the text the author or stationer meant to publish.</edition>
    <respStmt>
     <resp>This text has not been fully proofread</resp>
     <name/>
    </respStmt>
   </editionStmt>
   <extent>Approx. 2 KB of XML-encoded text transcribed from 2 1-bit group-IV TIFF page images.</extent>
   <publicationStmt>
    <publisher>EarlyPrint Project</publisher>
    <pubPlace>Evanston,IL, Notre Dame, IN, St. Louis, MO</pubPlace>
    <date>2018</date>
    <idno type="DLPS">A42537</idno>
    <idno type="STC">Wing G417</idno>
    <idno type="STC">ESTC R43192</idno>
    <idno type="EEBO-CITATION">26979829</idno>
    <idno type="OCLC">ocm 26979829</idno>
    <idno type="VID">109896</idno>
    <availability>
     <p>
            This keyboarded and encoded edition of the work described above is co-owned by the institutions providing financial support to the Early English Books Online Text Creation Partnership. This Phase I text is available for reuse, according to the terms of
            <ref target="https://creativecommons.org/publicdomain/zero/1.0/">Creative Commons 0 1.0 Universal</ref>
            . The text can be copied, modified, distributed and performed, even for commercial purposes, all without asking permission.
          </p>
    </availability>
   </publicationStmt>
   <seriesStmt>
    <title>Early English books online.</title>
   </seriesStmt>
   <notesStmt>
    <note>(EEBO-TCP ; phase 1, no. A42537)</note>
    <note>Transcribed from: (Early English Books Online ; image set 109896)</note>
    <note>Images scanned from microfilm: (Early English books, 1641-1700 ; 1717:24)</note>
   </notesStmt>
   <sourceDesc>
    <biblFull>
     <titleStmt>
      <title>To Mr. Robert Whitehall at the wels at Astrop</title>
      <author>Gayton, Edmund, 1608-1666.</author>
     </titleStmt>
     <extent>1 sheet ([2] p.).</extent>
     <publicationStmt>
      <publisher>s.n.,</publisher>
      <pubPlace>[Oxford? :</pubPlace>
      <date>1666]</date>
     </publicationStmt>
     <notesStmt>
      <note>In verse.</note>
      <note>Attributed to Gayton by Wing. Author's initials signed at end, followed by ms. note, "Edm. Geyton, esq. Bedle of Physicke, ae. 1666, in the time of Long Vacation."</note>
      <note>Place and date of publication suggested by Wing.</note>
      <note>Reproduction of original in Bodleian Library.</note>
     </notesStmt>
    </biblFull>
   </sourceDesc>
  </fileDesc>
  <profileDesc>
   <langUsage>
    <language ident="eng">eng</language>
   </langUsage>
   <textClass>
    <keywords scheme="http://authorities.loc.gov/">
     <term>Health resorts -- Humor.</term>
    </keywords>
   </textClass>
  </profileDesc>
  <xenoData>
   <ep:epHeader xmlns:ep="http://earlyprint.org/ns/1.0">
    <ep:corpus>eebo</ep:corpus>
    <ep:title>To Mr. Robert Whitehall at the wels at Astrop</ep:title>
    <ep:author>Gayton, Edmund</ep:author>
    <ep:publicationYear>1666</ep:publicationYear>
    <ep:creationYear/>
    <ep:curator>
     <ep:name/>
    </ep:curator>
    <ep:pageCount>2</ep:pageCount>
    <ep:wordCount>334</ep:wordCount>
    <ep:defectiveTokenCount>5</ep:defectiveTokenCount>
    <ep:untranscribedForeignCount>0</ep:untranscribedForeignCount>
    <ep:untranscribedMathCount>0</ep:untranscribedMathCount>
    <ep:untranscribedMusicCount>0</ep:untranscribedMusicCount>
    <ep:missingChunkCount>0</ep:missingChunkCount>
    <ep:missingPagesCount>0</ep:missingPagesCount>
    <ep:defectRate>149.7</ep:defectRate>
    <ep:finalGrade>F</ep:finalGrade>
    <ep:defectRangePerGrade> The  rate of 149.7 defects per 10,000 words puts this text in the F category of texts with  100 or more defects per 10,000 words.</ep:defectRangePerGrade>
   </ep:epHeader>
  </xenoData>
  <revisionDesc>
   <change><date>2003-03</date><label>TCP</label>
        Assigned for keying and markup
      </change>
   <change><date>2003-04</date><label>SPi Global</label>
        Keyed and coded from ProQuest page images
      </change>
   <change><date>2003-05</date><label>Mona Logarbo</label>
        Sampled and proofread
      </change>
   <change><date>2003-05</date><label>Mona Logarbo</label>
        Text and markup reviewed and edited
      </change>
   <change><date>2003-06</date><label>pfs</label>
        Batch review (QC) and XML conversion
      </change>
  </revisionDesc>
 </teiHeader>
 <text xml:id="A42537-t">
  <body xml:id="A42537-e0">
   <div type="poem" xml:id="A42537-e10">
    <pb facs="tcp:109896:1" rendition="simple:additions" xml:id="A42537-001-a"/>
    <head xml:id="A42537-e20">
     <w lemma="to" pos="acp" xml:id="A42537-001-a-0010">To</w>
     <w lemma="Mr" pos="ab" rendition="#sup-right,1" xml:id="A42537-001-a-0020">Mr</w>
     <w lemma="ROBERT" pos="n1-nn" xml:id="A42537-001-a-0030">ROBERT</w>
     <w lemma="Whitehall" pos="n1-nn" reg="WHITEHALL" xml:id="A42537-001-a-0040">VVHITEHALL</w>
     <w lemma="at" pos="acp" xml:id="A42537-001-a-0050">at</w>
     <w lemma="the" pos="d" xml:id="A42537-001-a-0060">the</w>
     <w lemma="well" pos="n2" reg="Wells" xml:id="A42537-001-a-0070">VVels</w>
     <w lemma="at" pos="acp" xml:id="A42537-001-a-0080">at</w>
     <w lemma="Astrop" pos="n1-nn" rendition="#hi" xml:id="A42537-001-a-0090">Astrop</w>
     <pc unit="sentence" xml:id="A42537-001-a-0100">.</pc>
    </head>
    <l xml:id="A42537-e50">
     <w lemma="prorogue" pos="vvn" rendition="#decorinit" xml:id="A42537-001-a-0110">PRorogued</w>
     <w lemma="term" pos="n1" reg="term" xml:id="A42537-001-a-0120">terme</w>
     <w lemma="prolong" pos="vvz" xml:id="A42537-001-a-0130">prolongs</w>
     <w lemma="our" pos="po" xml:id="A42537-001-a-0140">our</w>
     <w lemma="meeting" pos="n1" xml:id="A42537-001-a-0150">meeting</w>
     <pc xml:id="A42537-001-a-0160">,</pc>
    </l>
    <l xml:id="A42537-e60">
     <w lemma="accept" pos="vvb" xml:id="A42537-001-a-0170">Accept</w>
     <w lemma="then" pos="av" xml:id="A42537-001-a-0180">then</w>
     <w lemma="Robin" pos="n1-nn" rendition="#hi" xml:id="A42537-001-a-0190">Robin</w>
     <w lemma="this" pos="d" xml:id="A42537-001-a-0200">this</w>
     <w lemma="for" pos="acp" xml:id="A42537-001-a-0210">for</w>
     <w lemma="greeting" pos="n1" xml:id="A42537-001-a-0220">greeting</w>
     <pc xml:id="A42537-001-a-0230">,</pc>
    </l>
    <l xml:id="A42537-e80">
     <w lemma="as" pos="acp" xml:id="A42537-001-a-0240">As</w>
     <w lemma="much" pos="d" xml:id="A42537-001-a-0250">much</w>
     <w lemma="as" pos="acp" xml:id="A42537-001-a-0260">as</w>
     <w lemma="if" pos="cs" xml:id="A42537-001-a-0270">if</w>
     <w lemma="in" pos="acp" xml:id="A42537-001-a-0280">in</w>
     <w lemma="belgic" pos="j-nn" reg="Belgic" rendition="#hi" xml:id="A42537-001-a-0290">Belgick</w>
     <w lemma="roomer" pos="n1" xml:id="A42537-001-a-0300">Roomer</w>
     <pc xml:id="A42537-001-a-0310">,</pc>
    </l>
    <l xml:id="A42537-e100">
     <w lemma="we" pos="pns" xml:id="A42537-001-a-0320">We</w>
     <w lemma="drink" pos="vvd" reg="drank" xml:id="A42537-001-a-0330">dranke</w>
     <w lemma="all" pos="d" xml:id="A42537-001-a-0340">all</w>
     <w lemma="Astrop" pos="n1-nn" rendition="#hi" xml:id="A42537-001-a-0350">Astrop</w>
     <w lemma="this" pos="d" xml:id="A42537-001-a-0360">this</w>
     <w lemma="hot" pos="j" xml:id="A42537-001-a-0370">hot</w>
     <w lemma="summer" pos="n1" xml:id="A42537-001-a-0380">Summer</w>
     <pc xml:id="A42537-001-a-0390">,</pc>
    </l>
    <l xml:id="A42537-e120">
     <w lemma="we" pos="pns" xml:id="A42537-001-a-0400">W'</w>
     <w lemma="have" pos="vvb" xml:id="A42537-001-a-0410">have</w>
     <w lemma="cure" pos="vvn" reg="cured" xml:id="A42537-001-a-0420">cur'd</w>
     <w lemma="the" pos="d" xml:id="A42537-001-a-0430">the</w>
     <w lemma="scurvy" pos="j" xml:id="A42537-001-a-0440">Scurvy</w>
     <pc xml:id="A42537-001-a-0450">,</pc>
     <w lemma="yes" pos="uh" xml:id="A42537-001-a-0460">yes</w>
     <w lemma="and" pos="cc" xml:id="A42537-001-a-0470">and</w>
     <w lemma="a-toe" pos="n1" xml:id="A42537-001-a-0480">a-Toe</w>
     <pc xml:id="A42537-001-a-0490">,</pc>
    </l>
    <l xml:id="A42537-e130">
     <w lemma="by" pos="acp" xml:id="A42537-001-a-0500">By</w>
     <w lemma="send" pos="vvg" xml:id="A42537-001-a-0510">sending</w>
     <w lemma="ano-water" pos="n2" rendition="hi-3" xml:id="A42537-001-a-0520">Ano-waters</w>
     <seg xml:id="A42537-e150" xml:lang="unk">
      <w lemma="〈◊〉" pos="zz" xml:id="A42537-001-a-0530">〈◊〉</w>
      <w lemma="〈◊〉" pos="zz" xml:id="A42537-001-a-0540">〈◊〉</w>
      <w lemma="〈◊〉" pos="zz" xml:id="A42537-001-a-0550">〈◊〉</w>
      <w lemma="〈◊〉" pos="zz" xml:id="A42537-001-a-0560">〈◊〉</w>
      <w lemma="〈◊〉" pos="zz" xml:id="A42537-001-a-0570">〈◊〉</w>
     </seg>
     <pc xml:id="A42537-001-a-0580">,</pc>
    </l>
    <l xml:id="A42537-e160">
     <w lemma="i" pos="pns" xml:id="A42537-001-a-0590">I</w>
     <w lemma="have" pos="vvb" xml:id="A42537-001-a-0600">have</w>
     <w lemma="seven" pos="crd" xml:id="A42537-001-a-0610">seven</w>
     <w lemma="doctor" pos="n2" xml:id="A42537-001-a-0620">Doctors</w>
     <pc xml:id="A42537-001-a-0630">,</pc>
     <w lemma="not" pos="xx" xml:id="A42537-001-a-0640">not</w>
     <w lemma="in" pos="acp" xml:id="A42537-001-a-0650">in</w>
     <w lemma="rocket" pos="n2" xml:id="A42537-001-a-0660">Rockets</w>
    </l>
    <l xml:id="A42537-e170">
     <w lemma="that" pos="cs" xml:id="A42537-001-a-0670">That</w>
     <w lemma="ply" pos="vvb" xml:id="A42537-001-a-0680">ply</w>
     <w lemma="the" pos="d" xml:id="A42537-001-a-0690">the</w>
     <w lemma="water" pos="n2" xml:id="A42537-001-a-0700">Waters</w>
     <pc xml:id="A42537-001-a-0710">,</pc>
     <w lemma="but" pos="acp" xml:id="A42537-001-a-0720">but</w>
     <w lemma="in" pos="acp" xml:id="A42537-001-a-0730">in</w>
     <w lemma="pocket" pos="n2" xml:id="A42537-001-a-0740">pockets</w>
     <pc xml:id="A42537-001-a-0750">,</pc>
    </l>
    <l xml:id="A42537-e180">
     <w lemma="but" pos="acp" xml:id="A42537-001-a-0760">But</w>
     <w lemma="that" pos="cs" xml:id="A42537-001-a-0770">that</w>
     <w lemma="so" pos="av" xml:id="A42537-001-a-0780">so</w>
     <w lemma="many" pos="d" xml:id="A42537-001-a-0790">many</w>
     <w lemma="dunne" pos="vvz" xml:id="A42537-001-a-0800">Dunnes</w>
     <w lemma="and" pos="cc" xml:id="A42537-001-a-0810">and</w>
     <w lemma="leech" pos="n2" xml:id="A42537-001-a-0820">Leeches</w>
    </l>
    <l xml:id="A42537-e190">
     <w lemma="have" pos="vvb" xml:id="A42537-001-a-0830">Have</w>
     <w lemma="drain" pos="vvn" xml:id="A42537-001-a-0840">drained</w>
     <w lemma="quite" pos="av" xml:id="A42537-001-a-0850">quite</w>
     <w lemma="my" pos="po" xml:id="A42537-001-a-0860">my</w>
     <w lemma="physic" pos="n1" reg="Physic" xml:id="A42537-001-a-0870">Physick</w>
     <w lemma="breech" pos="n2" xml:id="A42537-001-a-0880">breeches</w>
     <pc xml:id="A42537-001-a-0890">,</pc>
    </l>
    <l xml:id="A42537-e200">
     <foreign xml:id="A42537-e210" xml:lang="lat">
      <w lemma="ab" pos="f-la" xml:id="A42537-001-a-0900">Ab</w>
      <w lemma="ipso" pos="f-la" xml:id="A42537-001-a-0910">ipso</w>
      <w lemma="fonte" pos="f-la" xml:id="A42537-001-a-0920">fonte</w>
     </foreign>
     <pc rendition="#follows-hi" xml:id="A42537-001-a-0930">,</pc>
     <w lemma="not" pos="xx" xml:id="A42537-001-a-0940">not</w>
     <pc xml:id="A42537-001-a-0950">,</pc>
     <w join="right" lemma="that" pos="d" xml:id="A42537-001-a-0960">that</w>
     <w join="left" lemma="be" pos="vvz" xml:id="A42537-001-a-0961">'s</w>
     <w lemma="cool" pos="j-c" xml:id="A42537-001-a-0970">cooler</w>
     <pc xml:id="A42537-001-a-0980">,</pc>
    </l>
    <l xml:id="A42537-e220">
     <w lemma="but" pos="acp" xml:id="A42537-001-a-0990">But</w>
     <w lemma="in" pos="acp" xml:id="A42537-001-a-1000">in</w>
     <w lemma="bottle" pos="n2" xml:id="A42537-001-a-1010">Bottles</w>
     <w lemma="trio-bolar" pos="j" xml:id="A42537-001-a-1020">Trio-bolar</w>
    </l>
    <l xml:id="A42537-e230">
     <w lemma="we" pos="pns" xml:id="A42537-001-a-1030">We</w>
     <w lemma="daily" pos="j" reg="daily" xml:id="A42537-001-a-1040">dayly</w>
     <w lemma="tope" pos="uh" xml:id="A42537-001-a-1050">tope</w>
     <pc xml:id="A42537-001-a-1060">,</pc>
     <w lemma="rare" pos="j" xml:id="A42537-001-a-1070">rare</w>
     <w lemma="cure" pos="n1" xml:id="A42537-001-a-1080">cure</w>
     <w lemma="splenetic" pos="j" reg="Splenetic" xml:id="A42537-001-a-1090">Sple-netick</w>
     <pc xml:id="A42537-001-a-1100">,</pc>
    </l>
    <l xml:id="A42537-e240">
     <w lemma="by" pos="acp" xml:id="A42537-001-a-1110">By</w>
     <w lemma="diaphor" pos="n1" rendition="#hi" xml:id="A42537-001-a-1120">Diaphor</w>
     <w lemma="and" pos="cc" xml:id="A42537-001-a-1130">and</w>
     <w lemma="dieuretick" pos="j" reg="Dieuretick" rendition="#hi" xml:id="A42537-001-a-1140">Dieu-retick</w>
     <pc unit="sentence" xml:id="A42537-001-a-1150">.</pc>
    </l>
    <l xml:id="A42537-e270">
     <w lemma="under" pos="acp" reg="Under" xml:id="A42537-001-a-1160">Vnder</w>
     <w lemma="my" pos="po" xml:id="A42537-001-a-1170">my</w>
     <w lemma="room" pos="n1" reg="Room" xml:id="A42537-001-a-1180">Roome</w>
     <pc xml:id="A42537-001-a-1190">,</pc>
     <w join="right" lemma="that" pos="d" xml:id="A42537-001-a-1200">that</w>
     <w join="left" lemma="be" pos="vvz" xml:id="A42537-001-a-1201">'s</w>
     <w lemma="high" pos="j" xml:id="A42537-001-a-1210">high</w>
     <w join="right" lemma="you" pos="pn" xml:id="A42537-001-a-1220">you</w>
     <w join="left" lemma="will" pos="vmb" reg="'ll" xml:id="A42537-001-a-1221">'l</w>
     <w lemma="say" pos="vvi" xml:id="A42537-001-a-1230">say</w>
     <pc xml:id="A42537-001-a-1240">,</pc>
    </l>
    <l xml:id="A42537-e280">
     <w lemma="be" pos="vvb" xml:id="A42537-001-a-1250">Are</w>
     <w lemma="man" pos="n2" xml:id="A42537-001-a-1260">men</w>
     <w lemma="of" pos="acp" xml:id="A42537-001-a-1270">of</w>
     <foreign xml:id="A42537-e290" xml:lang="lat">
      <w lemma="via" pos="f-la" xml:id="A42537-001-a-1280">Via</w>
      <w lemma="lactea" pos="f-la" xml:id="A42537-001-a-1290">lactea</w>
     </foreign>
     <pc rendition="#follows-hi" xml:id="A42537-001-a-1300">,</pc>
    </l>
    <l xml:id="A42537-e300">
     <w lemma="which" pos="crq" xml:id="A42537-001-a-1310">Which</w>
     <w lemma="every" pos="d" xml:id="A42537-001-a-1320">every</w>
     <w lemma="morning" pos="n1" xml:id="A42537-001-a-1330">morning</w>
     <w lemma="come" pos="vvn" xml:id="A42537-001-a-1340">come</w>
     <w lemma="to" pos="acp" xml:id="A42537-001-a-1350">to</w>
     <w lemma="clear-um" pos="j" xml:id="A42537-001-a-1360">clear-um</w>
    </l>
    <l xml:id="A42537-e310">
     <w lemma="with" pos="acp" xml:id="A42537-001-a-1370">With</w>
     <w lemma="whey" pos="n1" xml:id="A42537-001-a-1380">whey</w>
     <pc xml:id="A42537-001-a-1390">,</pc>
     <w lemma="which" pos="crq" xml:id="A42537-001-a-1400">which</w>
     <w lemma="some" pos="d" xml:id="A42537-001-a-1410">some</w>
     <w lemma="call" pos="n1" xml:id="A42537-001-a-1420">call</w>
     <foreign xml:id="A42537-e320" xml:lang="lat">
      <w lemma="lactis" pos="f-la" xml:id="A42537-001-a-1430">Lactis</w>
      <w lemma="serum" pos="f-la" xml:id="A42537-001-a-1440">serum</w>
     </foreign>
     <pc rendition="#follows-hi" unit="sentence" xml:id="A42537-001-a-1450">.</pc>
    </l>
    <l xml:id="A42537-e330">
     <w lemma="i" pos="pns" xml:id="A42537-001-a-1460">I</w>
     <w lemma="be" pos="vvm" xml:id="A42537-001-a-1470">am</w>
     <w lemma="a" pos="d" xml:id="A42537-001-a-1480">a</w>
     <w lemma="water-ratt" pos="n1" xml:id="A42537-001-a-1490">water-Ratt</w>
     <pc xml:id="A42537-001-a-1500">,</pc>
     <w lemma="my" pos="po" xml:id="A42537-001-a-1510">my</w>
     <w lemma="skill" pos="n1" xml:id="A42537-001-a-1520">skill</w>
     <w lemma="be" pos="vvz" xml:id="A42537-001-a-1530">is</w>
    </l>
    <l xml:id="A42537-e340">
     <w lemma="to" pos="to" xml:id="A42537-001-a-1540">To</w>
     <w lemma="follow" pos="vvi" xml:id="A42537-001-a-1550">follow</w>
     <w lemma="thou" pos="pno" xml:id="A42537-001-a-1560">thee</w>
     <w lemma="and" pos="cc" xml:id="A42537-001-a-1570">and</w>
     <w lemma="doctor" pos="n1" xml:id="A42537-001-a-1580">Doctor</w>
     <w lemma="willis" pos="n1-nn" reg="Willis" rendition="#hi" xml:id="A42537-001-a-1590">VVillis</w>
     <pc xml:id="A42537-001-a-1600">:</pc>
    </l>
    <l xml:id="A42537-e360">
     <w lemma="for" pos="acp" xml:id="A42537-001-a-1610">For</w>
     <w lemma="if" pos="cs" xml:id="A42537-001-a-1620">if</w>
     <w lemma="these" pos="d" xml:id="A42537-001-a-1630">these</w>
     <w lemma="prove" pos="vvb" xml:id="A42537-001-a-1640">prove</w>
     <w lemma="not" pos="xx" xml:id="A42537-001-a-1650">not</w>
     <w lemma="good" pos="j" xml:id="A42537-001-a-1660">good</w>
     <w lemma="as" pos="acp" xml:id="A42537-001-a-1670">as</w>
     <w lemma="spa" pos="n1" reg="Spa" rendition="#hi" xml:id="A42537-001-a-1680">Spaw</w>
     <pc xml:id="A42537-001-a-1690">,</pc>
    </l>
    <l xml:id="A42537-e380">
     <w lemma="or" pos="cc" xml:id="A42537-001-a-1700">Or</w>
     <w lemma="Tunbridge" pos="n1-nn" rendition="#hi" xml:id="A42537-001-a-1710">Tunbridge</w>
     <pc xml:id="A42537-001-a-1720">,</pc>
     <w lemma="than" pos="cs" reg="than" xml:id="A42537-001-a-1730">then</w>
     <w lemma="i" pos="pns" xml:id="A42537-001-a-1740">I</w>
     <w lemma="must" pos="vmb" xml:id="A42537-001-a-1750">must</w>
     <w lemma="have" pos="vvi" xml:id="A42537-001-a-1760">have</w>
     <w lemma="law" pos="n1" xml:id="A42537-001-a-1770">Law</w>
     <pc xml:id="A42537-001-a-1780">,</pc>
    </l>
    <l xml:id="A42537-e400">
     <w lemma="when" pos="crq" xml:id="A42537-001-a-1790">When</w>
     <w lemma="our" pos="po" xml:id="A42537-001-a-1800">our</w>
     <w lemma="vicechancellor" pos="n1" reg="Vicechancellor" rendition="#hi" xml:id="A42537-001-a-1810">Vice-Chancellour</w>
     <w lemma="we" pos="pns" xml:id="A42537-001-a-1820">we</w>
     <w lemma="speedy" pos="av_j" xml:id="A42537-001-a-1830">speedily</w>
     <w lemma="greet" pos="vvb" xml:id="A42537-001-a-1840">greet</w>
     <pc xml:id="A42537-001-a-1850">,</pc>
    </l>
    <l xml:id="A42537-e420">
     <w lemma="for" pos="acp" xml:id="A42537-001-a-1860">For</w>
     <w lemma="these" pos="d" xml:id="A42537-001-a-1870">these</w>
     <w lemma="i" pos="pns" xml:id="A42537-001-a-1880">I</w>
     <w lemma="write" pos="vvb" xml:id="A42537-001-a-1890">write</w>
     <w lemma="be" pos="vvb" xml:id="A42537-001-a-1900">are</w>
     <w lemma="my" pos="po" xml:id="A42537-001-a-1910">my</w>
     <w lemma="best" pos="j-s" xml:id="A42537-001-a-1920">best</w>
     <w lemma="foot" pos="n2" xml:id="A42537-001-a-1930">feet</w>
     <pc xml:id="A42537-001-a-1940">:</pc>
    </l>
    <l xml:id="A42537-e430">
     <w lemma="and" pos="cc" xml:id="A42537-001-a-1950">And</w>
     <w lemma="so" pos="av" xml:id="A42537-001-a-1960">so</w>
     <w lemma="have" pos="vvb" xml:id="A42537-001-a-1970">have</w>
     <w lemma="at" pos="acp" xml:id="A42537-001-a-1980">at</w>
     <w lemma="thou" pos="pno" xml:id="A42537-001-a-1990">thee</w>
     <pc xml:id="A42537-001-a-2000">,</pc>
     <w lemma="i" pos="pns" xml:id="A42537-001-a-2010">I</w>
     <w lemma="be" pos="vvm" xml:id="A42537-001-a-2020">am</w>
     <w lemma="bouse" pos="j_vg" reg="bousing" xml:id="A42537-001-a-2030">bouzing</w>
    </l>
    <l xml:id="A42537-e440">
     <w lemma="in" pos="acp" xml:id="A42537-001-a-2040">In</w>
     <w lemma="bottle" pos="n2" xml:id="A42537-001-a-2050">bottles</w>
     <w lemma="six" pos="crd" xml:id="A42537-001-a-2060">six</w>
     <w join="right" lemma="that" pos="d" xml:id="A42537-001-a-2070">that</w>
     <w join="left" lemma="be" pos="vvz" xml:id="A42537-001-a-2071">'s</w>
     <w lemma="half" pos="j" xml:id="A42537-001-a-2080">half</w>
     <w lemma="a" pos="d" xml:id="A42537-001-a-2090">a</w>
     <w lemma="dozen" pos="crd" xml:id="A42537-001-a-2100">dozen</w>
     <pc xml:id="A42537-001-a-2110">,</pc>
    </l>
    <l xml:id="A42537-e450">
     <w lemma="which" pos="crq" xml:id="A42537-001-a-2120">Which</w>
     <w lemma="make" pos="vvz" xml:id="A42537-001-a-2130">makes</w>
     <w lemma="we" pos="pno" xml:id="A42537-001-a-2140">us</w>
     <w lemma="frisk" pos="vvi" xml:id="A42537-001-a-2150">frisk</w>
     <w lemma="like" pos="acp" xml:id="A42537-001-a-2160">like</w>
     <w lemma="any" pos="d" xml:id="A42537-001-a-2170">any</w>
     <w lemma="satyr" pos="n2" xml:id="A42537-001-a-2180">Satyrs</w>
     <pc xml:id="A42537-001-a-2190">,</pc>
    </l>
    <l xml:id="A42537-e460">
     <w lemma="but" pos="acp" xml:id="A42537-001-a-2200">But</w>
     <w lemma="not" pos="xx" xml:id="A42537-001-a-2210">not</w>
     <w lemma="with" pos="acp" xml:id="A42537-001-a-2220">with</w>
     <w lemma="wood" pos="n1" xml:id="A42537-001-a-2230">wood</w>
     <w lemma="nymph" pos="n2" xml:id="A42537-001-a-2240">Nymphs</w>
     <pc xml:id="A42537-001-a-2250">,</pc>
     <w lemma="no" pos="d-x" xml:id="A42537-001-a-2260">no</w>
     <w lemma="such" pos="d" xml:id="A42537-001-a-2270">such</w>
     <w lemma="matter" pos="n2" xml:id="A42537-001-a-2280">matters</w>
     <pc xml:id="A42537-001-a-2290">;</pc>
    </l>
    <pb facs="tcp:109896:2" rendition="simple:additions" xml:id="A42537-002-a"/>
    <l xml:id="A42537-e470">
     <w lemma="keep" pos="vvb" xml:id="A42537-002-a-0010">Keep</w>
     <w lemma="with" pos="acp" xml:id="A42537-002-a-0020">with</w>
     <w lemma="thy" pos="po" xml:id="A42537-002-a-0030">thy</w>
     <w lemma="gallant" pos="n2_j" xml:id="A42537-002-a-0040">Gallants</w>
     <w lemma="and" pos="cc" xml:id="A42537-002-a-0050">and</w>
     <w lemma="their" pos="po" xml:id="A42537-002-a-0060">their</w>
     <w lemma="paddye" pos="n2" xml:id="A42537-002-a-0070">Paddyes</w>
     <pc xml:id="A42537-002-a-0080">,</pc>
    </l>
    <l xml:id="A42537-e480">
     <w lemma="for" pos="acp" xml:id="A42537-002-a-0090">For</w>
     <w lemma="we" pos="pns" xml:id="A42537-002-a-0100">we</w>
     <w lemma="want" pos="vvb" xml:id="A42537-002-a-0110">want</w>
     <w lemma="nothing" pos="pi-x" xml:id="A42537-002-a-0120">nothing</w>
     <pc xml:id="A42537-002-a-0130">,</pc>
     <w lemma="not" pos="xx" xml:id="A42537-002-a-0140">not</w>
     <w lemma="your" pos="po" xml:id="A42537-002-a-0150">your</w>
     <w lemma="lady" pos="n2" reg="Ladies" xml:id="A42537-002-a-0160">Ladyes</w>
     <pc xml:id="A42537-002-a-0170">:</pc>
    </l>
    <l xml:id="A42537-e490">
     <w lemma="and" pos="cc" xml:id="A42537-002-a-0180">And</w>
     <w lemma="now" pos="av" xml:id="A42537-002-a-0190">now</w>
     <w lemma="as" pos="acp" xml:id="A42537-002-a-0200">as</w>
     <w lemma="any" pos="d" xml:id="A42537-002-a-0210">any</w>
     <w lemma="thing" pos="n1" xml:id="A42537-002-a-0220">thing</w>
     <w lemma="of" pos="acp" xml:id="A42537-002-a-0230">of</w>
     <w lemma="fame" pos="n1" xml:id="A42537-002-a-0240">Fame</w>
     <pc xml:id="A42537-002-a-0250">,</pc>
    </l>
    <l xml:id="A42537-e500">
     <w lemma="so" pos="av" xml:id="A42537-002-a-0260">So</w>
     <w lemma="Astrop" pos="n1-nn" rendition="#hi" xml:id="A42537-002-a-0270">Astrop</w>
     <w lemma="water" pos="vvz" xml:id="A42537-002-a-0280">waters</w>
     <w lemma="change" pos="vvi" xml:id="A42537-002-a-0290">change</w>
     <w lemma="their" pos="po" xml:id="A42537-002-a-0300">their</w>
     <w lemma="name" pos="n1" xml:id="A42537-002-a-0310">name</w>
     <pc xml:id="A42537-002-a-0320">;</pc>
    </l>
    <l xml:id="A42537-e520">
     <w lemma="their" pos="po" xml:id="A42537-002-a-0330">Their</w>
     <w lemma="cure" pos="n2" xml:id="A42537-002-a-0340">Cures</w>
     <w lemma="into" pos="acp" xml:id="A42537-002-a-0350">into</w>
     <w lemma="their" pos="po" xml:id="A42537-002-a-0360">their</w>
     <w lemma="title" pos="n2" xml:id="A42537-002-a-0370">Titles</w>
     <w lemma="go" pos="vvi" xml:id="A42537-002-a-0380">go</w>
     <pc xml:id="A42537-002-a-0390">,</pc>
    </l>
    <l xml:id="A42537-e530">
     <w lemma="as" pos="acp" xml:id="A42537-002-a-0400">As</w>
     <w lemma="rivulet" pos="n2" xml:id="A42537-002-a-0410">Rivulets</w>
     <w lemma="to" pos="acp" xml:id="A42537-002-a-0420">to</w>
     <w lemma="the" pos="d" xml:id="A42537-002-a-0430">the</w>
     <w lemma="sea" pos="n2" xml:id="A42537-002-a-0440">seas</w>
     <w lemma="flow" pos="vvb" xml:id="A42537-002-a-0450">flow</w>
     <pc xml:id="A42537-002-a-0460">;</pc>
    </l>
    <l xml:id="A42537-e540">
     <w lemma="wherefore" pos="crq" xml:id="A42537-002-a-0470">Wherefore</w>
     <w lemma="whatsoever" pos="crq" reg="whatsoever" xml:id="A42537-002-a-0480">whatso'ere</w>
     <w lemma="your" pos="po" xml:id="A42537-002-a-0490">your</w>
     <w lemma="dose" pos="vvg" xml:id="A42537-002-a-0500">dosing</w>
     <w lemma="cup" pos="n1" reg="cup" xml:id="A42537-002-a-0510">cupp</w>
    </l>
    <l xml:id="A42537-e550">
     <w lemma="seem" pos="vvz" reg="Seems" xml:id="A42537-002-a-0520">Seemes</w>
     <w lemma="to" pos="to" xml:id="A42537-002-a-0530">to</w>
     <w lemma="pour" pos="vvi" reg="pour" xml:id="A42537-002-a-0540">powre</w>
     <w lemma="out" pos="av" xml:id="A42537-002-a-0550">out</w>
     <w lemma="at" pos="acp" xml:id="A42537-002-a-0560">at</w>
     <w lemma="asterop" pos="ab" rendition="#hi" xml:id="A42537-002-a-0570">Asterop.</w>
    </l>
    <l xml:id="A42537-e570">
     <w lemma="it" pos="pn" xml:id="A42537-002-a-0580">It</w>
     <w lemma="end" pos="vvz" xml:id="A42537-002-a-0590">ends</w>
     <w lemma="in" pos="acp" xml:id="A42537-002-a-0600">in</w>
     <w lemma="sovereign" pos="j" xml:id="A42537-002-a-0610">sovereign</w>
     <pc xml:id="A42537-002-a-0620">;</pc>
     <w lemma="under" pos="acp" xml:id="A42537-002-a-0630">under</w>
     <w lemma="seal" pos="n1" reg="seal" xml:id="A42537-002-a-0640">seale</w>
    </l>
    <l xml:id="A42537-e580">
     <w lemma="declare" pos="vvd" reg="Declared" xml:id="A42537-002-a-0650">Declar'd</w>
     <w lemma="the" pos="d" xml:id="A42537-002-a-0660">the</w>
     <w lemma="Pan-obstruction-Heale" pos="n1-nn" rendition="#hi" xml:id="A42537-002-a-0670">Pan-obstruction-Heale</w>
    </l>
    <l xml:id="A42537-e600">
     <w lemma="like" pos="j" xml:id="A42537-002-a-0680">Like</w>
     <w lemma="to" pos="acp" xml:id="A42537-002-a-0690">to</w>
     <w lemma="a" pos="d" xml:id="A42537-002-a-0700">a</w>
     <w lemma="prince" pos="n1" xml:id="A42537-002-a-0710">Prince</w>
     <w lemma="in" pos="acp" xml:id="A42537-002-a-0720">in</w>
     <w lemma="triumph" pos="n1" xml:id="A42537-002-a-0730">triumph</w>
     <w lemma="see" pos="vvn" xml:id="A42537-002-a-0740">seen</w>
     <pc xml:id="A42537-002-a-0750">,</pc>
    </l>
    <l xml:id="A42537-e610">
     <w lemma="over" pos="acp" reg="O'er" xml:id="A42537-002-a-0760">Or'e</w>
     <hi xml:id="A42537-e620">
      <w lemma="scurvy" pos="j" xml:id="A42537-002-a-0770">Scurvy</w>
      <pc xml:id="A42537-002-a-0780">,</pc>
      <w lemma="stone" pos="n1" xml:id="A42537-002-a-0790">Stone</w>
      <pc xml:id="A42537-002-a-0800">,</pc>
      <w lemma="Astmas" pos="n1-nn" xml:id="A42537-002-a-0810">Astmas</w>
     </hi>
     <pc rendition="#follows-hi" xml:id="A42537-002-a-0820">,</pc>
     <w lemma="and" pos="cc" xml:id="A42537-002-a-0830">and</w>
     <w lemma="spleen" pos="n1" rendition="#hi" xml:id="A42537-002-a-0840">Spleen</w>
     <pc xml:id="A42537-002-a-0850">:</pc>
    </l>
    <l xml:id="A42537-e640">
     <w lemma="therefore" pos="av" xml:id="A42537-002-a-0860">Therefore</w>
     <w lemma="let" pos="vvb" xml:id="A42537-002-a-0870">let</w>
     <w lemma="none" pos="pi-x" xml:id="A42537-002-a-0880">none</w>
     <w lemma="my" pos="po" xml:id="A42537-002-a-0890">my</w>
     <w lemma="friend" pos="n2" xml:id="A42537-002-a-0900">friends</w>
     <w lemma="defeat" pos="vvi" reg="defeat" xml:id="A42537-002-a-0910">defeate</w>
     <w lemma="you" pos="pn" xml:id="A42537-002-a-0920">you</w>
    </l>
    <l xml:id="A42537-e650">
     <w lemma="potate" pos="zz" xml:id="A42537-002-a-0930">Potate</w>
     <w lemma="strenuè" pos="f-fr" xml:id="A42537-002-a-0940">strenuè</w>
     <pc xml:id="A42537-002-a-0950">,</pc>
     <w lemma="&amp;" pos="cc" xml:id="A42537-002-a-0960">&amp;</w>
     <w lemma="valete" pos="f-la" xml:id="A42537-002-a-0970">Valete</w>
     <pc unit="sentence" xml:id="A42537-002-a-0980">.</pc>
    </l>
    <closer xml:id="A42537-e660">
     <signed xml:id="A42537-e670">
      <w lemma="e." pos="ab" xml:id="A42537-002-a-0990">E.</w>
      <w lemma="g." pos="ab" xml:id="A42537-002-a-1000">G.</w>
      <pc unit="sentence" xml:id="A42537-002-a-1010"/>
     </signed>
    </closer>
   </div>
  </body>
 </text>
</TEI>
