<?xml version="1.0" encoding="UTF-8"?>
<?xml-model href="http://schemata.earlyprint.org/schemata/tei_earlyprint.rng" type="application/xml" schematypens="http://relaxng.org/ns/structure/1.0"?>
<TEI xmlns="http://www.tei-c.org/ns/1.0" xml:id="A46046">
 <teiHeader>
  <fileDesc>
   <titleStmt>
    <title>Ordered upon the question (nemine contradicente) that this House do agree to the report of their committee, containing their several objections against the bill, intituled, An Act of Free and General Pardon, Indempnity and Oblivion ... by the knights, citizens, and burgesses assembled in Parliament.</title>
    <author>Ireland. Parliament.</author>
   </titleStmt>
   <editionStmt>
    <edition>This text is an enriched version of the TCP digital transcription A46046 of text R36840 in the <ref target="http;//estc.bl.uk">English Short Title Catalog</ref> (Wing I426AA). Textual changes  and metadata enrichments aim at making the                             text more  computationally tractable, easier to read, and suitable for network-based collaborative                              curation by amateur and professional end users from many walks of life.  The text has been tokenized and linguistically annotated with <ref target="http://morphadorner.northwestern.edu/morphadorner/">MorphAdorner</ref>. The annotation includes standard spellings that support the display of a text in                             a standardized format that preserves archaic forms ('loveth', 'seekest').                              Textual changes aim at restoring the text the author or stationer meant to publish.</edition>
    <respStmt>
     <resp>This text has not been fully proofread</resp>
     <name/>
    </respStmt>
   </editionStmt>
   <extent>Approx. 3 KB of XML-encoded text transcribed from 1 1-bit group-IV TIFF page image.</extent>
   <publicationStmt>
    <publisher>EarlyPrint Project</publisher>
    <pubPlace>Evanston,IL, Notre Dame, IN, St. Louis, MO</pubPlace>
    <date>2018</date>
    <idno type="DLPS">A46046</idno>
    <idno type="STC">Wing I426AA</idno>
    <idno type="STC">ESTC R36840</idno>
    <idno type="EEBO-CITATION">16141296</idno>
    <idno type="OCLC">ocm 16141296</idno>
    <idno type="VID">104824</idno>
    <availability>
     <p>
            This keyboarded and encoded edition of the work described above is co-owned by the institutions providing financial support to the Early English Books Online Text Creation Partnership. This Phase I text is available for reuse, according to the terms of
            <ref target="https://creativecommons.org/publicdomain/zero/1.0/">Creative Commons 0 1.0 Universal</ref>
            . The text can be copied, modified, distributed and performed, even for commercial purposes, all without asking permission.
          </p>
    </availability>
   </publicationStmt>
   <seriesStmt>
    <title>Early English books online.</title>
   </seriesStmt>
   <notesStmt>
    <note>(EEBO-TCP ; phase 1, no. A46046)</note>
    <note>Transcribed from: (Early English Books Online ; image set 104824)</note>
    <note>Images scanned from microfilm: (Early English books, 1641-1700 ; 1594:35)</note>
   </notesStmt>
   <sourceDesc>
    <biblFull>
     <titleStmt>
      <title>Ordered upon the question (nemine contradicente) that this House do agree to the report of their committee, containing their several objections against the bill, intituled, An Act of Free and General Pardon, Indempnity and Oblivion ... by the knights, citizens, and burgesses assembled in Parliament.</title>
      <author>Ireland. Parliament.</author>
     </titleStmt>
     <extent>1 broadside.</extent>
     <publicationStmt>
      <publisher>Printed by John Crook ... and are to be sold by Samuel Dancer ...,</publisher>
      <pubPlace>Dublin :</pubPlace>
      <date>1666.</date>
     </publicationStmt>
     <notesStmt>
      <note>Title from first 4 lines of text.</note>
      <note>Statement of responsibility transposed from head of title.</note>
      <note>"August the 3d 1666."</note>
      <note>Reproduction of original in the Society of Antiquaries Library, London.</note>
     </notesStmt>
    </biblFull>
   </sourceDesc>
  </fileDesc>
  <profileDesc>
   <langUsage>
    <language ident="eng">eng</language>
   </langUsage>
   <textClass>
    <keywords scheme="http://authorities.loc.gov/">
     <term>Ireland -- History -- 1649-1775.</term>
     <term>Ireland -- Politics and government -- 17th century.</term>
    </keywords>
   </textClass>
  </profileDesc>
  <xenoData>
   <ep:epHeader xmlns:ep="http://earlyprint.org/ns/1.0">
    <ep:corpus>eebo</ep:corpus>
    <ep:title>Ordered upon the question (nemine contradicente) that this House do agree to the report of their committee, containing their several objections agains</ep:title>
    <ep:author>Ireland. Parliament</ep:author>
    <ep:publicationYear>1666</ep:publicationYear>
    <ep:creationYear/>
    <ep:curator>
     <ep:name/>
    </ep:curator>
    <ep:pageCount>1</ep:pageCount>
    <ep:wordCount>431</ep:wordCount>
    <ep:defectiveTokenCount>0</ep:defectiveTokenCount>
    <ep:untranscribedForeignCount>0</ep:untranscribedForeignCount>
    <ep:untranscribedMathCount>0</ep:untranscribedMathCount>
    <ep:untranscribedMusicCount>0</ep:untranscribedMusicCount>
    <ep:missingChunkCount>0</ep:missingChunkCount>
    <ep:missingPagesCount>0</ep:missingPagesCount>
    <ep:defectRate>0</ep:defectRate>
    <ep:finalGrade>A</ep:finalGrade>
    <ep:defectRangePerGrade>This text  has no known defects that were recorded as gap elements at the time of transcription. </ep:defectRangePerGrade>
   </ep:epHeader>
  </xenoData>
  <revisionDesc>
   <change><date>2007-11</date><label>TCP</label>
        Assigned for keying and markup
      </change>
   <change><date>2008-01</date><label>SPi Global</label>
        Keyed and coded from ProQuest page images
      </change>
   <change><date>2008-02</date><label>Mona Logarbo</label>
        Sampled and proofread
      </change>
   <change><date>2008-02</date><label>Mona Logarbo</label>
        Text and markup reviewed and edited
      </change>
   <change><date>2008-09</date><label>pfs</label>
        Batch review (QC) and XML conversion
      </change>
  </revisionDesc>
 </teiHeader>
 <text xml:id="A46046-t">
  <body xml:id="A46046-e0">
   <div type="text" xml:id="A46046-e10">
    <pb facs="tcp:104824:1" xml:id="A46046-001-a"/>
    <head xml:id="A46046-e20">
     <figure xml:id="A46046-e30">
      <p xml:id="A46046-e40">
       <w lemma="CR" pos="n1-nn" xml:id="A46046-001-a-0010">CR</w>
      </p>
      <p xml:id="A46046-e50">
       <w lemma="diev" pos="f-fr" xml:id="A46046-001-a-0020">DIEV</w>
       <w lemma="et" pos="f-fr" xml:id="A46046-001-a-0030">ET</w>
       <w lemma="mon" pos="f-fr" xml:id="A46046-001-a-0040">MON</w>
       <w lemma="droit" pos="n1-nn" xml:id="A46046-001-a-0050">DROIT</w>
      </p>
      <p xml:id="A46046-e60">
       <w lemma="honi" pos="f-fr" xml:id="A46046-001-a-0060">HONI</w>
       <w lemma="soit" pos="f-fr" xml:id="A46046-001-a-0070">SOIT</w>
       <w lemma="qvi" pos="f-fr" xml:id="A46046-001-a-0080">QVI</w>
       <w lemma="mal" pos="f-fr" xml:id="A46046-001-a-0090">MAL</w>
       <w lemma="y" pos="f-fr" xml:id="A46046-001-a-0100">Y</w>
       <w lemma="pense" pos="f-fr" xml:id="A46046-001-a-0110">PENSE</w>
      </p>
      <figDesc xml:id="A46046-e70">royal blazon or coat of arms</figDesc>
     </figure>
    </head>
    <head xml:id="A46046-e80">
     <w lemma="by" pos="acp" xml:id="A46046-001-a-0120">BY</w>
     <w lemma="the" pos="d" xml:id="A46046-001-a-0130">THE</w>
     <w lemma="knight" pos="n2" xml:id="A46046-001-a-0140">Knights</w>
     <pc xml:id="A46046-001-a-0150">,</pc>
     <w lemma="citizen" pos="n2" xml:id="A46046-001-a-0160">Citizens</w>
     <w lemma="and" pos="cc" xml:id="A46046-001-a-0170">and</w>
     <w lemma="burgess" pos="n2" xml:id="A46046-001-a-0180">Burgesses</w>
     <w lemma="assemble" pos="vvn" xml:id="A46046-001-a-0190">ASSEMBLED</w>
     <w lemma="in" pos="acp" xml:id="A46046-001-a-0200">IN</w>
     <w lemma="parliament" pos="n1" xml:id="A46046-001-a-0210">PARLIAMENT</w>
     <pc unit="sentence" xml:id="A46046-001-a-0220">.</pc>
    </head>
    <opener xml:id="A46046-e90">
     <dateline xml:id="A46046-e100">
      <date xml:id="A46046-e110">
       <w lemma="August" pos="n1-nn" rendition="#hi" xml:id="A46046-001-a-0230">August</w>
       <w lemma="the" pos="d" xml:id="A46046-001-a-0240">the</w>
       <w lemma="3" pos="crd" xml:id="A46046-001-a-0250">3</w>
       <w lemma="d" pos="sy" rendition="#hi" xml:id="A46046-001-a-0260">d</w>
       <w lemma="1666." pos="crd" xml:id="A46046-001-a-0270">1666.</w>
       <pc unit="sentence" xml:id="A46046-001-a-0280"/>
      </date>
     </dateline>
    </opener>
    <p xml:id="A46046-e140">
     <w lemma="order" pos="vvn" xml:id="A46046-001-a-0290">ORdered</w>
     <w lemma="upon" pos="acp" xml:id="A46046-001-a-0300">upon</w>
     <w lemma="question" pos="n1" xml:id="A46046-001-a-0310">Question</w>
     <pc join="right" xml:id="A46046-001-a-0320">(</pc>
     <foreign xml:id="A46046-e150" xml:lang="lat">
      <w lemma="nemine" pos="f-la" xml:id="A46046-001-a-0330">Nemine</w>
      <w lemma="contradicente" pos="f-la" xml:id="A46046-001-a-0340">contradicente</w>
     </foreign>
     <pc xml:id="A46046-001-a-0350">)</pc>
     <w lemma="that" pos="cs" xml:id="A46046-001-a-0360">That</w>
     <w lemma="this" pos="d" xml:id="A46046-001-a-0370">this</w>
     <w lemma="house" pos="n1" xml:id="A46046-001-a-0380">House</w>
     <w lemma="do" pos="vvb" xml:id="A46046-001-a-0390">do</w>
     <w lemma="agree" pos="vvi" xml:id="A46046-001-a-0400">agree</w>
     <w lemma="to" pos="acp" xml:id="A46046-001-a-0410">to</w>
     <w lemma="the" pos="d" xml:id="A46046-001-a-0420">the</w>
     <w lemma="report" pos="n1" xml:id="A46046-001-a-0430">Report</w>
     <w lemma="of" pos="acp" xml:id="A46046-001-a-0440">of</w>
     <w lemma="their" pos="po" xml:id="A46046-001-a-0450">their</w>
     <w lemma="committee" pos="n1" xml:id="A46046-001-a-0460">Committee</w>
     <pc xml:id="A46046-001-a-0470">,</pc>
     <w lemma="contain" pos="vvg" xml:id="A46046-001-a-0480">containing</w>
     <w lemma="their" pos="po" xml:id="A46046-001-a-0490">their</w>
     <w lemma="several" pos="j" xml:id="A46046-001-a-0500">several</w>
     <w lemma="objection" pos="n2" xml:id="A46046-001-a-0510">Objections</w>
     <w lemma="against" pos="acp" xml:id="A46046-001-a-0520">against</w>
     <w lemma="the" pos="d" xml:id="A46046-001-a-0530">the</w>
     <w lemma="bill" pos="n1" xml:id="A46046-001-a-0540">Bill</w>
     <pc xml:id="A46046-001-a-0550">,</pc>
     <w lemma="entitle" pos="vvn" reg="entitled" xml:id="A46046-001-a-0560">intituled</w>
     <pc xml:id="A46046-001-a-0570">,</pc>
     <hi xml:id="A46046-e160">
      <w lemma="a" pos="d" xml:id="A46046-001-a-0580">An</w>
      <w lemma="act" pos="n1" xml:id="A46046-001-a-0590">Act</w>
      <w lemma="of" pos="acp" xml:id="A46046-001-a-0600">of</w>
      <w lemma="free" pos="j" xml:id="A46046-001-a-0610">Free</w>
      <w lemma="and" pos="cc" xml:id="A46046-001-a-0620">and</w>
      <w lemma="general" pos="j" xml:id="A46046-001-a-0630">General</w>
      <w lemma="pardon" pos="n1" xml:id="A46046-001-a-0640">Pardon</w>
      <pc xml:id="A46046-001-a-0650">,</pc>
      <w lemma="indemnity" pos="n1" reg="Indemnity" xml:id="A46046-001-a-0660">Indempnity</w>
      <w lemma="and" pos="cc" xml:id="A46046-001-a-0670">and</w>
      <w lemma="oblivion" pos="n1" xml:id="A46046-001-a-0680">Oblivion</w>
     </hi>
     <pc xml:id="A46046-001-a-0690">;</pc>
     <w lemma="and" pos="cc" xml:id="A46046-001-a-0700">and</w>
     <w lemma="that" pos="cs" xml:id="A46046-001-a-0710">that</w>
     <w lemma="the" pos="d" xml:id="A46046-001-a-0720">the</w>
     <w lemma="same" pos="d" xml:id="A46046-001-a-0730">same</w>
     <w lemma="be" pos="vvb" xml:id="A46046-001-a-0740">be</w>
     <w lemma="present" pos="vvn" xml:id="A46046-001-a-0750">presented</w>
     <w lemma="by" pos="acp" xml:id="A46046-001-a-0760">by</w>
     <hi xml:id="A46046-e170">
      <w lemma="Richard" pos="n1-nn" xml:id="A46046-001-a-0770">Richard</w>
      <w lemma="reynells" pos="n1g-nn" reg="Reynells'" xml:id="A46046-001-a-0780">Reynells</w>
     </hi>
     <w lemma="esq" pos="n1" rendition="#abbr" xml:id="A46046-001-a-0790">Esq</w>
     <w lemma="accompany" pos="vvn" xml:id="A46046-001-a-0800">accompanied</w>
     <w lemma="with" pos="acp" xml:id="A46046-001-a-0810">with</w>
     <w lemma="the" pos="d" xml:id="A46046-001-a-0820">the</w>
     <w lemma="rest" pos="n1" xml:id="A46046-001-a-0830">rest</w>
     <w lemma="of" pos="acp" xml:id="A46046-001-a-0840">of</w>
     <w lemma="the" pos="d" xml:id="A46046-001-a-0850">the</w>
     <w lemma="person" pos="n2" xml:id="A46046-001-a-0860">persons</w>
     <w lemma="undername" pos="vvn" xml:id="A46046-001-a-0870">undernamed</w>
     <pc xml:id="A46046-001-a-0880">,</pc>
     <w lemma="or" pos="cc" xml:id="A46046-001-a-0890">or</w>
     <w lemma="any" pos="d" xml:id="A46046-001-a-0900">any</w>
     <w lemma="five" pos="crd" xml:id="A46046-001-a-0910">five</w>
     <w lemma="or" pos="cc" xml:id="A46046-001-a-0920">or</w>
     <w lemma="more" pos="av-c_d" xml:id="A46046-001-a-0930">more</w>
     <w lemma="of" pos="acp" xml:id="A46046-001-a-0940">of</w>
     <w lemma="they" pos="pno" xml:id="A46046-001-a-0950">them</w>
     <pc xml:id="A46046-001-a-0960">,</pc>
     <w lemma="to" pos="acp" xml:id="A46046-001-a-0970">to</w>
     <w lemma="his" pos="po" xml:id="A46046-001-a-0980">his</w>
     <w lemma="grace" pos="n1" xml:id="A46046-001-a-0990">Grace</w>
     <w lemma="the" pos="d" xml:id="A46046-001-a-1000">the</w>
     <w lemma="lord" pos="n1" xml:id="A46046-001-a-1010">Lord</w>
     <w lemma="lieutenant" pos="n1" xml:id="A46046-001-a-1020">Lieutenant</w>
     <pc xml:id="A46046-001-a-1030">,</pc>
     <w lemma="with" pos="acp" xml:id="A46046-001-a-1040">with</w>
     <w lemma="the" pos="d" xml:id="A46046-001-a-1050">the</w>
     <w lemma="humble" pos="j" xml:id="A46046-001-a-1060">humble</w>
     <w lemma="desire" pos="n2" xml:id="A46046-001-a-1070">desires</w>
     <w lemma="of" pos="acp" xml:id="A46046-001-a-1080">of</w>
     <w lemma="this" pos="d" xml:id="A46046-001-a-1090">this</w>
     <w lemma="house" pos="n1" xml:id="A46046-001-a-1100">House</w>
     <pc xml:id="A46046-001-a-1110">,</pc>
     <w lemma="that" pos="cs" xml:id="A46046-001-a-1120">That</w>
     <w lemma="his" pos="po" xml:id="A46046-001-a-1130">his</w>
     <w lemma="grace" pos="n1" xml:id="A46046-001-a-1140">Grace</w>
     <w lemma="will" pos="vmb" xml:id="A46046-001-a-1150">will</w>
     <w lemma="be" pos="vvi" xml:id="A46046-001-a-1160">be</w>
     <w lemma="please" pos="vvn" xml:id="A46046-001-a-1170">pleased</w>
     <w lemma="to" pos="to" xml:id="A46046-001-a-1180">to</w>
     <w lemma="cause" pos="vvi" xml:id="A46046-001-a-1190">cause</w>
     <w lemma="the" pos="d" xml:id="A46046-001-a-1200">the</w>
     <w lemma="say" pos="j_vn" xml:id="A46046-001-a-1210">said</w>
     <w lemma="bill" pos="n1" xml:id="A46046-001-a-1220">Bill</w>
     <w lemma="to" pos="to" xml:id="A46046-001-a-1230">to</w>
     <w lemma="be" pos="vvi" xml:id="A46046-001-a-1240">be</w>
     <w lemma="alter" pos="vvn" xml:id="A46046-001-a-1250">altered</w>
     <w lemma="and" pos="cc" xml:id="A46046-001-a-1260">and</w>
     <w lemma="amend" pos="vvn" xml:id="A46046-001-a-1270">amended</w>
     <pc xml:id="A46046-001-a-1280">,</pc>
     <w lemma="in" pos="acp" xml:id="A46046-001-a-1290">in</w>
     <w lemma="the" pos="d" xml:id="A46046-001-a-1300">the</w>
     <w lemma="several" pos="j" xml:id="A46046-001-a-1310">several</w>
     <w lemma="particular" pos="n2_j" xml:id="A46046-001-a-1320">particulars</w>
     <w lemma="mention" pos="vvn" xml:id="A46046-001-a-1330">mentioned</w>
     <w lemma="in" pos="acp" xml:id="A46046-001-a-1340">in</w>
     <w lemma="the" pos="d" xml:id="A46046-001-a-1350">the</w>
     <w lemma="say" pos="j_vn" xml:id="A46046-001-a-1360">said</w>
     <w lemma="report" pos="n1" xml:id="A46046-001-a-1370">Report</w>
     <pc xml:id="A46046-001-a-1380">,</pc>
     <w lemma="and" pos="cc" xml:id="A46046-001-a-1390">and</w>
     <w lemma="then" pos="av" xml:id="A46046-001-a-1400">then</w>
     <w lemma="to" pos="to" xml:id="A46046-001-a-1410">to</w>
     <w lemma="be" pos="vvi" xml:id="A46046-001-a-1420">be</w>
     <w lemma="transmit" pos="vvn" xml:id="A46046-001-a-1430">transmitted</w>
     <w lemma="into" pos="acp" xml:id="A46046-001-a-1440">into</w>
     <w lemma="England" pos="n1-nn" rendition="#hi" xml:id="A46046-001-a-1450">England</w>
     <pc xml:id="A46046-001-a-1460">,</pc>
     <w lemma="according" pos="j" xml:id="A46046-001-a-1470">according</w>
     <w lemma="to" pos="acp" xml:id="A46046-001-a-1480">to</w>
     <w lemma="Poynings" pos="n1-nn" rendition="#hi" xml:id="A46046-001-a-1490">Poynings</w>
     <w lemma="law" pos="n1" xml:id="A46046-001-a-1500">Law</w>
     <pc xml:id="A46046-001-a-1510">,</pc>
     <w lemma="and" pos="cc" xml:id="A46046-001-a-1520">and</w>
     <w lemma="the" pos="d" xml:id="A46046-001-a-1530">the</w>
     <w lemma="say" pos="j_vn" xml:id="A46046-001-a-1540">said</w>
     <w lemma="mr." pos="ab" xml:id="A46046-001-a-1550">Mr.</w>
     <w lemma="Reynells" pos="n1-nn" rendition="#hi" xml:id="A46046-001-a-1560">Reynells</w>
     <w lemma="be" pos="vvz" xml:id="A46046-001-a-1570">is</w>
     <w lemma="likewise" pos="av" xml:id="A46046-001-a-1580">likewise</w>
     <w lemma="to" pos="to" xml:id="A46046-001-a-1590">to</w>
     <w lemma="acquaint" pos="vvi" xml:id="A46046-001-a-1600">acquaint</w>
     <w lemma="his" pos="po" xml:id="A46046-001-a-1610">his</w>
     <w lemma="grace" pos="n1" xml:id="A46046-001-a-1620">Grace</w>
     <w lemma="with" pos="acp" xml:id="A46046-001-a-1630">with</w>
     <w lemma="such" pos="d" xml:id="A46046-001-a-1640">such</w>
     <w lemma="other" pos="d" xml:id="A46046-001-a-1650">other</w>
     <w lemma="reason" pos="n2" xml:id="A46046-001-a-1660">Reasons</w>
     <pc xml:id="A46046-001-a-1670">,</pc>
     <w lemma="as" pos="acp" xml:id="A46046-001-a-1680">as</w>
     <w lemma="further" pos="av_j" xml:id="A46046-001-a-1690">further</w>
     <w lemma="induce" pos="vvn" xml:id="A46046-001-a-1700">induced</w>
     <w lemma="this" pos="d" xml:id="A46046-001-a-1710">this</w>
     <w lemma="house" pos="n1" xml:id="A46046-001-a-1720">House</w>
     <w lemma="to" pos="to" xml:id="A46046-001-a-1730">to</w>
     <w lemma="agree" pos="vvi" xml:id="A46046-001-a-1740">agree</w>
     <w lemma="to" pos="acp" xml:id="A46046-001-a-1750">to</w>
     <w lemma="the" pos="d" xml:id="A46046-001-a-1760">the</w>
     <w lemma="say" pos="j_vn" xml:id="A46046-001-a-1770">said</w>
     <w lemma="objection" pos="n2" xml:id="A46046-001-a-1780">Objections</w>
     <pc xml:id="A46046-001-a-1790">:</pc>
     <w lemma="and" pos="cc" xml:id="A46046-001-a-1800">And</w>
     <w lemma="inasmuch" pos="av" xml:id="A46046-001-a-1810">inasmuch</w>
     <w lemma="as" pos="acp" xml:id="A46046-001-a-1820">as</w>
     <w lemma="the" pos="d" xml:id="A46046-001-a-1830">the</w>
     <w lemma="say" pos="j_vn" xml:id="A46046-001-a-1840">said</w>
     <w lemma="bill" pos="n1" xml:id="A46046-001-a-1850">Bill</w>
     <w lemma="can" pos="vmb-x" xml:id="A46046-001-a-1860">cannot</w>
     <pc xml:id="A46046-001-a-1870">,</pc>
     <w lemma="for" pos="acp" xml:id="A46046-001-a-1880">for</w>
     <w lemma="the" pos="d" xml:id="A46046-001-a-1890">the</w>
     <w lemma="ground" pos="n2" xml:id="A46046-001-a-1900">grounds</w>
     <w lemma="and" pos="cc" xml:id="A46046-001-a-1910">and</w>
     <w lemma="reason" pos="n2" xml:id="A46046-001-a-1920">reasons</w>
     <w lemma="express" pos="vvn" xml:id="A46046-001-a-1930">expressed</w>
     <w lemma="in" pos="acp" xml:id="A46046-001-a-1940">in</w>
     <w lemma="the" pos="d" xml:id="A46046-001-a-1950">the</w>
     <w lemma="say" pos="j_vn" xml:id="A46046-001-a-1960">said</w>
     <w lemma="report" pos="n1" xml:id="A46046-001-a-1970">Report</w>
     <pc xml:id="A46046-001-a-1980">,</pc>
     <w lemma="pass" pos="vvb" xml:id="A46046-001-a-1990">pass</w>
     <w lemma="this" pos="d" xml:id="A46046-001-a-2000">this</w>
     <w lemma="present" pos="j" xml:id="A46046-001-a-2010">present</w>
     <w lemma="session" pos="n1" xml:id="A46046-001-a-2020">Session</w>
     <pc xml:id="A46046-001-a-2030">;</pc>
     <w lemma="and" pos="cc" xml:id="A46046-001-a-2040">and</w>
     <w lemma="for" pos="acp" xml:id="A46046-001-a-2050">for</w>
     <w lemma="that" pos="d" xml:id="A46046-001-a-2060">that</w>
     <w lemma="the" pos="d" xml:id="A46046-001-a-2070">the</w>
     <w lemma="house" pos="n1" xml:id="A46046-001-a-2080">House</w>
     <w lemma="conceive" pos="vvb" xml:id="A46046-001-a-2090">conceive</w>
     <w lemma="it" pos="pn" xml:id="A46046-001-a-2100">it</w>
     <w lemma="necessary" pos="j" xml:id="A46046-001-a-2110">necessary</w>
     <pc xml:id="A46046-001-a-2120">,</pc>
     <w lemma="something" pos="pi" xml:id="A46046-001-a-2130">something</w>
     <w lemma="shall" pos="vmd" xml:id="A46046-001-a-2140">should</w>
     <w lemma="be" pos="vvi" xml:id="A46046-001-a-2150">be</w>
     <w lemma="publish" pos="vvn" xml:id="A46046-001-a-2160">published</w>
     <w lemma="for" pos="acp" xml:id="A46046-001-a-2170">for</w>
     <w lemma="the" pos="d" xml:id="A46046-001-a-2180">the</w>
     <w lemma="satisfaction" pos="n1" xml:id="A46046-001-a-2190">satisfaction</w>
     <w lemma="of" pos="acp" xml:id="A46046-001-a-2200">of</w>
     <w lemma="such" pos="d" xml:id="A46046-001-a-2210">such</w>
     <w lemma="person" pos="n2" xml:id="A46046-001-a-2220">persons</w>
     <pc xml:id="A46046-001-a-2230">,</pc>
     <w lemma="who" pos="crq" xml:id="A46046-001-a-2240">who</w>
     <w lemma="be" pos="vvb" xml:id="A46046-001-a-2250">are</w>
     <w lemma="not" pos="xx" xml:id="A46046-001-a-2260">not</w>
     <w lemma="yet" pos="av" xml:id="A46046-001-a-2270">yet</w>
     <w lemma="indemnify" pos="vvn" reg="indemnified" xml:id="A46046-001-a-2280">indempnified</w>
     <pc xml:id="A46046-001-a-2290">,</pc>
     <w lemma="but" pos="acp" xml:id="A46046-001-a-2300">but</w>
     <w lemma="will" pos="vmd" xml:id="A46046-001-a-2310">would</w>
     <w lemma="have" pos="vvi" xml:id="A46046-001-a-2320">have</w>
     <w lemma="be" pos="vvn" xml:id="A46046-001-a-2330">been</w>
     <pc xml:id="A46046-001-a-2340">,</pc>
     <w lemma="in" pos="acp" xml:id="A46046-001-a-2350">in</w>
     <w lemma="case" pos="n1" xml:id="A46046-001-a-2360">case</w>
     <w lemma="the" pos="d" xml:id="A46046-001-a-2370">the</w>
     <w lemma="say" pos="j_vn" xml:id="A46046-001-a-2380">said</w>
     <w lemma="bill" pos="n1" xml:id="A46046-001-a-2390">Bill</w>
     <w lemma="have" pos="vvd" xml:id="A46046-001-a-2400">had</w>
     <w lemma="pass" pos="vvn" xml:id="A46046-001-a-2410">passed</w>
     <w lemma="into" pos="acp" xml:id="A46046-001-a-2420">into</w>
     <w lemma="a" pos="d" xml:id="A46046-001-a-2430">a</w>
     <w lemma="law" pos="n1" xml:id="A46046-001-a-2440">Law</w>
     <pc xml:id="A46046-001-a-2450">,</pc>
     <w lemma="it" pos="pn" xml:id="A46046-001-a-2460">it</w>
     <w lemma="be" pos="vvz" xml:id="A46046-001-a-2470">is</w>
     <w lemma="further" pos="av-c_j" xml:id="A46046-001-a-2480">further</w>
     <w lemma="order" pos="vvn" xml:id="A46046-001-a-2490">Ordered</w>
     <pc xml:id="A46046-001-a-2500">,</pc>
     <w lemma="that" pos="cs" xml:id="A46046-001-a-2510">That</w>
     <w lemma="the" pos="d" xml:id="A46046-001-a-2520">the</w>
     <w lemma="say" pos="j_vn" xml:id="A46046-001-a-2530">said</w>
     <w lemma="committee" pos="n1" xml:id="A46046-001-a-2540">Committee</w>
     <w lemma="do" pos="vvb" xml:id="A46046-001-a-2550">do</w>
     <w lemma="likewise" pos="av" xml:id="A46046-001-a-2560">likewise</w>
     <w lemma="humble" pos="av_j" xml:id="A46046-001-a-2570">humbly</w>
     <w lemma="desire" pos="vvi" xml:id="A46046-001-a-2580">desire</w>
     <w lemma="his" pos="po" xml:id="A46046-001-a-2590">his</w>
     <w lemma="grace" pos="n1" xml:id="A46046-001-a-2600">Grace</w>
     <pc xml:id="A46046-001-a-2610">,</pc>
     <w lemma="that" pos="cs" xml:id="A46046-001-a-2620">That</w>
     <w lemma="by" pos="acp" xml:id="A46046-001-a-2630">by</w>
     <w lemma="a" pos="d" xml:id="A46046-001-a-2640">an</w>
     <w lemma="act" pos="n1" xml:id="A46046-001-a-2650">Act</w>
     <w lemma="of" pos="acp" xml:id="A46046-001-a-2660">of</w>
     <w lemma="state" pos="n1" xml:id="A46046-001-a-2670">State</w>
     <pc xml:id="A46046-001-a-2680">,</pc>
     <w lemma="or" pos="cc" xml:id="A46046-001-a-2690">or</w>
     <w lemma="otherwise" pos="av" xml:id="A46046-001-a-2700">otherwise</w>
     <pc xml:id="A46046-001-a-2710">,</pc>
     <w lemma="as" pos="acp" xml:id="A46046-001-a-2720">as</w>
     <w lemma="his" pos="po" xml:id="A46046-001-a-2730">his</w>
     <w lemma="grace" pos="n1" xml:id="A46046-001-a-2740">Grace</w>
     <w lemma="shall" pos="vmb" xml:id="A46046-001-a-2750">shall</w>
     <w lemma="think" pos="vvi" xml:id="A46046-001-a-2760">think</w>
     <w lemma="fit" pos="j" xml:id="A46046-001-a-2770">fit</w>
     <pc xml:id="A46046-001-a-2780">,</pc>
     <w lemma="it" pos="pn" xml:id="A46046-001-a-2790">it</w>
     <w lemma="may" pos="vmb" xml:id="A46046-001-a-2800">may</w>
     <w lemma="be" pos="vvi" xml:id="A46046-001-a-2810">be</w>
     <w lemma="declare" pos="vvn" xml:id="A46046-001-a-2820">declared</w>
     <pc xml:id="A46046-001-a-2830">,</pc>
     <w lemma="that" pos="cs" xml:id="A46046-001-a-2840">that</w>
     <w lemma="no" pos="d-x" xml:id="A46046-001-a-2850">no</w>
     <w lemma="proceed" pos="n2_vg" xml:id="A46046-001-a-2860">proceedings</w>
     <w lemma="shall" pos="vmb" xml:id="A46046-001-a-2870">shall</w>
     <w lemma="be" pos="vvi" xml:id="A46046-001-a-2880">be</w>
     <w lemma="have" pos="vvn" xml:id="A46046-001-a-2890">had</w>
     <w lemma="or" pos="cc" xml:id="A46046-001-a-2900">or</w>
     <w lemma="make" pos="vvn" xml:id="A46046-001-a-2910">made</w>
     <w lemma="against" pos="acp" xml:id="A46046-001-a-2920">against</w>
     <w lemma="any" pos="d" xml:id="A46046-001-a-2930">any</w>
     <w lemma="person" pos="n1" xml:id="A46046-001-a-2940">person</w>
     <w lemma="or" pos="cc" xml:id="A46046-001-a-2950">or</w>
     <w lemma="person" pos="n2" xml:id="A46046-001-a-2960">persons</w>
     <w lemma="for" pos="acp" xml:id="A46046-001-a-2970">for</w>
     <w lemma="any" pos="d" xml:id="A46046-001-a-2980">any</w>
     <w lemma="crime" pos="n2" xml:id="A46046-001-a-2990">Crimes</w>
     <w lemma="or" pos="cc" xml:id="A46046-001-a-3000">or</w>
     <w lemma="offence" pos="n2" xml:id="A46046-001-a-3010">Offences</w>
     <pc xml:id="A46046-001-a-3020">,</pc>
     <w lemma="which" pos="crq" xml:id="A46046-001-a-3030">which</w>
     <w lemma="by" pos="acp" xml:id="A46046-001-a-3040">by</w>
     <w lemma="the" pos="d" xml:id="A46046-001-a-3050">the</w>
     <w lemma="say" pos="j_vn" xml:id="A46046-001-a-3060">said</w>
     <w lemma="bill" pos="n1" xml:id="A46046-001-a-3070">Bill</w>
     <w lemma="they" pos="pns" xml:id="A46046-001-a-3080">they</w>
     <w lemma="be" pos="vvd" xml:id="A46046-001-a-3090">were</w>
     <w lemma="to" pos="to" xml:id="A46046-001-a-3100">to</w>
     <w lemma="have" pos="vvi" xml:id="A46046-001-a-3110">have</w>
     <w lemma="be" pos="vvn" xml:id="A46046-001-a-3120">been</w>
     <w lemma="pardon" pos="vvn" xml:id="A46046-001-a-3130">pardoned</w>
     <w lemma="or" pos="cc" xml:id="A46046-001-a-3140">or</w>
     <w lemma="indemnify" pos="vvn" reg="indemnified" xml:id="A46046-001-a-3150">indempnified</w>
     <w lemma="for" pos="acp" xml:id="A46046-001-a-3160">for</w>
     <pc xml:id="A46046-001-a-3170">:</pc>
     <w lemma="the" pos="d" xml:id="A46046-001-a-3180">The</w>
     <w lemma="say" pos="j_vn" xml:id="A46046-001-a-3190">said</w>
     <w lemma="committee" pos="n1" xml:id="A46046-001-a-3200">Committee</w>
     <w lemma="be" pos="vvb" xml:id="A46046-001-a-3210">are</w>
     <w lemma="to" pos="to" xml:id="A46046-001-a-3220">to</w>
     <w lemma="attend" pos="vvi" xml:id="A46046-001-a-3230">attend</w>
     <w lemma="his" pos="po" xml:id="A46046-001-a-3240">his</w>
     <w lemma="grace" pos="n1" xml:id="A46046-001-a-3250">Grace</w>
     <w lemma="in" pos="acp" xml:id="A46046-001-a-3260">in</w>
     <w lemma="this" pos="d" xml:id="A46046-001-a-3270">this</w>
     <w lemma="business" pos="n1" xml:id="A46046-001-a-3280">business</w>
     <w lemma="tomorrow" pos="av" xml:id="A46046-001-a-3290">tomorrow</w>
     <w lemma="morning" pos="n1" xml:id="A46046-001-a-3300">morning</w>
     <w lemma="at" pos="acp" xml:id="A46046-001-a-3310">at</w>
     <w lemma="eight" pos="crd" xml:id="A46046-001-a-3320">eight</w>
     <w lemma="of" pos="acp" xml:id="A46046-001-a-3330">of</w>
     <w lemma="the" pos="d" xml:id="A46046-001-a-3340">the</w>
     <w lemma="clock" pos="n1" xml:id="A46046-001-a-3350">clock</w>
     <pc unit="sentence" xml:id="A46046-001-a-3360">.</pc>
    </p>
    <closer xml:id="A46046-e220">
     <signed xml:id="A46046-e230">
      <list xml:id="A46046-e240">
       <item xml:id="A46046-e250">
        <hi xml:id="A46046-e260">
         <w lemma="master" pos="n1" xml:id="A46046-001-a-3370">Master</w>
         <w lemma="of" pos="acp" xml:id="A46046-001-a-3380">of</w>
         <w lemma="the" pos="d" xml:id="A46046-001-a-3390">the</w>
         <w lemma="roll" pos="n2" xml:id="A46046-001-a-3400">Rolls</w>
        </hi>
        <pc rendition="#follows-hi" unit="sentence" xml:id="A46046-001-a-3410">.</pc>
       </item>
       <item xml:id="A46046-e270">
        <w lemma="sir" pos="n1" xml:id="A46046-001-a-3420">Sir</w>
        <hi xml:id="A46046-e280">
         <w lemma="hen." pos="ab" xml:id="A46046-001-a-3430">Hen.</w>
         <w lemma="Tichborn" pos="n1-nn" xml:id="A46046-001-a-3440">Tichborn</w>
        </hi>
        <pc rendition="#follows-hi" unit="sentence" xml:id="A46046-001-a-3450">.</pc>
       </item>
       <item xml:id="A46046-e290">
        <w lemma="lord" pos="n1" xml:id="A46046-001-a-3460">Lord</w>
        <w lemma="annesley" pos="n1-nn" rendition="#hi" xml:id="A46046-001-a-3470">Annesley</w>
        <pc unit="sentence" xml:id="A46046-001-a-3480">.</pc>
       </item>
       <item xml:id="A46046-e310">
        <w lemma="capt." pos="ab" xml:id="A46046-001-a-3490">Capt.</w>
        <w lemma="Nchol" pos="n1-nn" reg="Nchol" rendition="#hi" xml:id="A46046-001-a-3500">Nicholl</w>
        <pc unit="sentence" xml:id="A46046-001-a-3510">.</pc>
       </item>
       <item xml:id="A46046-e330">
        <w lemma="sir" pos="n1" xml:id="A46046-001-a-3520">Sir</w>
        <hi xml:id="A46046-e340">
         <w lemma="Hugh" pos="n1-nn" xml:id="A46046-001-a-3530">Hugh</w>
         <w lemma="Middleton" pos="n1-nn" xml:id="A46046-001-a-3540">Middleton</w>
        </hi>
        <pc rendition="#follows-hi" unit="sentence" xml:id="A46046-001-a-3550">.</pc>
       </item>
       <item xml:id="A46046-e350">
        <w lemma="col." pos="ab" xml:id="A46046-001-a-3560">Col.</w>
        <w lemma="dillon" pos="n1-nn" rendition="#hi" xml:id="A46046-001-a-3570">Dillon</w>
        <pc unit="sentence" xml:id="A46046-001-a-3580">.</pc>
       </item>
       <item xml:id="A46046-e370">
        <w lemma="mr." pos="ab" xml:id="A46046-001-a-3590">Mr.</w>
        <w lemma="Meredith" pos="n1-nn" rendition="#hi" xml:id="A46046-001-a-3600">Meredith</w>
       </item>
       <item xml:id="A46046-e390">
        <w lemma="capt." pos="ab" xml:id="A46046-001-a-3610">Capt.</w>
        <w lemma="Evans" pos="n1-nn" rendition="#hi" xml:id="A46046-001-a-3620">Evans</w>
        <pc unit="sentence" xml:id="A46046-001-a-3630">.</pc>
       </item>
       <item xml:id="A46046-e410">
        <w lemma="sir" pos="n1" xml:id="A46046-001-a-3640">Sir</w>
        <hi xml:id="A46046-e420">
         <w lemma="geo." pos="ab" xml:id="A46046-001-a-3650">Geo.</w>
         <w lemma="Lane" pos="n1" xml:id="A46046-001-a-3660">Lane</w>
         <pc unit="sentence" xml:id="A46046-001-a-3661">.</pc>
        </hi>
        <pc rendition="#follows-hi" unit="sentence" xml:id="A46046-001-a-3670"/>
       </item>
       <item xml:id="A46046-e430">
        <w lemma="mr." pos="ab" xml:id="A46046-001-a-3680">Mr.</w>
        <w lemma="weaver" pos="n1" rendition="#hi" xml:id="A46046-001-a-3690">Weaver</w>
        <pc unit="sentence" xml:id="A46046-001-a-3700">.</pc>
       </item>
       <item xml:id="A46046-e450">
        <w lemma="dr." pos="ab" xml:id="A46046-001-a-3710">Dr.</w>
        <w lemma="Margetson" pos="n1-nn" rendition="#hi" xml:id="A46046-001-a-3720">Margetson</w>
        <pc unit="sentence" xml:id="A46046-001-a-3730">.</pc>
       </item>
       <item xml:id="A46046-e470">
        <w lemma="sir" pos="n1" xml:id="A46046-001-a-3740">Sir</w>
        <hi xml:id="A46046-e480">
         <w lemma="Peter" pos="n1-nn" xml:id="A46046-001-a-3750">Peter</w>
         <w lemma="Pett" pos="n1-nn" xml:id="A46046-001-a-3760">Pett</w>
        </hi>
        <pc rendition="#follows-hi" unit="sentence" xml:id="A46046-001-a-3770">.</pc>
       </item>
       <item xml:id="A46046-e490">
        <w lemma="sir" pos="n1" xml:id="A46046-001-a-3780">Sir</w>
        <hi xml:id="A46046-e500">
         <w lemma="George" pos="n1-nn" xml:id="A46046-001-a-3790">George</w>
         <w lemma="st." pos="ab" xml:id="A46046-001-a-3800">St.</w>
         <w lemma="George" pos="n1-nn" xml:id="A46046-001-a-3810">George</w>
        </hi>
        <pc rendition="#follows-hi" unit="sentence" xml:id="A46046-001-a-3820">.</pc>
       </item>
       <item xml:id="A46046-e510">
        <w lemma="sir" pos="n1" xml:id="A46046-001-a-3830">Sir</w>
        <hi xml:id="A46046-e520">
         <w lemma="William" pos="n1-nn" xml:id="A46046-001-a-3840">William</w>
         <w lemma="petty" pos="n1-nn" xml:id="A46046-001-a-3850">Petty</w>
        </hi>
        <pc rendition="#follows-hi" unit="sentence" xml:id="A46046-001-a-3860">.</pc>
       </item>
       <item xml:id="A46046-e530">
        <w lemma="mr." pos="ab" xml:id="A46046-001-a-3870">Mr.</w>
        <w lemma="Bridges" pos="n1-nn" rendition="#hi" xml:id="A46046-001-a-3880">Bridges</w>
        <pc unit="sentence" xml:id="A46046-001-a-3890">.</pc>
       </item>
       <item xml:id="A46046-e550">
        <w lemma="sir" pos="n1" xml:id="A46046-001-a-3900">Sir</w>
        <hi xml:id="A46046-e560">
         <w lemma="dan." pos="ab" xml:id="A46046-001-a-3910">Dan.</w>
         <w lemma="treswell" pos="n1-nn" xml:id="A46046-001-a-3920">Treswell</w>
        </hi>
        <pc rendition="#follows-hi" unit="sentence" xml:id="A46046-001-a-3930">.</pc>
       </item>
       <item xml:id="A46046-e570">
        <w lemma="capt." pos="ab" xml:id="A46046-001-a-3940">Capt.</w>
        <w lemma="colvil" pos="n1-nn" reg="colvil" rendition="#hi" xml:id="A46046-001-a-3950">Colvill</w>
        <pc unit="sentence" xml:id="A46046-001-a-3960">.</pc>
       </item>
       <item xml:id="A46046-e590">
        <w lemma="phil." pos="ab" xml:id="A46046-001-a-3970">Phil.</w>
        <w lemma="Ferneley" pos="n1-nn" xml:id="A46046-001-a-3980">Ferneley</w>
        <pc xml:id="A46046-001-a-3990">,</pc>
        <w lemma="cler." pos="ab" xml:id="A46046-001-a-4000">Cler.</w>
        <w lemma="Parl." pos="n1-nn" xml:id="A46046-001-a-4010">Parl.</w>
        <pc unit="sentence" xml:id="A46046-001-a-4020"/>
       </item>
      </list>
     </signed>
    </closer>
   </div>
  </body>
  <back xml:id="A46046-e600">
   <div type="colophon" xml:id="A46046-e610">
    <p xml:id="A46046-e620">
     <w lemma="Dublin" pos="n1-nn" rendition="#hi" xml:id="A46046-001-a-4030">Dublin</w>
     <pc xml:id="A46046-001-a-4040">,</pc>
     <w lemma="print" pos="vvn" xml:id="A46046-001-a-4050">Printed</w>
     <w lemma="by" pos="acp" xml:id="A46046-001-a-4060">by</w>
     <hi xml:id="A46046-e640">
      <w lemma="John" pos="n1-nn" xml:id="A46046-001-a-4070">John</w>
      <w lemma="Crook" pos="n1-nn" xml:id="A46046-001-a-4080">Crook</w>
     </hi>
     <pc rendition="#follows-hi" xml:id="A46046-001-a-4090">,</pc>
     <w lemma="printer" pos="n1" xml:id="A46046-001-a-4100">Printer</w>
     <w lemma="to" pos="acp" xml:id="A46046-001-a-4110">to</w>
     <w lemma="the" pos="d" xml:id="A46046-001-a-4120">the</w>
     <w lemma="king" pos="n2" xml:id="A46046-001-a-4130">Kings</w>
     <w lemma="most" pos="av-s_d" xml:id="A46046-001-a-4140">Most</w>
     <w lemma="excellent" pos="j" xml:id="A46046-001-a-4150">Excellent</w>
     <w lemma="majesty" pos="n1" reg="Majesty" xml:id="A46046-001-a-4160">Majestie</w>
     <pc xml:id="A46046-001-a-4170">,</pc>
     <w lemma="and" pos="cc" xml:id="A46046-001-a-4180">and</w>
     <w lemma="be" pos="vvb" xml:id="A46046-001-a-4190">are</w>
     <w lemma="to" pos="to" xml:id="A46046-001-a-4200">to</w>
     <w lemma="be" pos="vvi" xml:id="A46046-001-a-4210">be</w>
     <w lemma="sell" pos="vvn" xml:id="A46046-001-a-4220">sold</w>
     <w lemma="by" pos="acp" xml:id="A46046-001-a-4230">by</w>
     <hi xml:id="A46046-e650">
      <w lemma="Samuel" pos="n1-nn" xml:id="A46046-001-a-4240">Samuel</w>
      <w lemma="dancer" pos="n1" xml:id="A46046-001-a-4250">Dancer</w>
     </hi>
     <w lemma="in" pos="acp" xml:id="A46046-001-a-4260">in</w>
     <w lemma="Castlestreet" pos="n1-nn" rendition="#hi" xml:id="A46046-001-a-4270">Castlestreet</w>
     <pc unit="sentence" xml:id="A46046-001-a-4280">.</pc>
     <w lemma="1666." pos="crd" xml:id="A46046-001-a-4290">1666.</w>
     <pc unit="sentence" xml:id="A46046-001-a-4300"/>
    </p>
   </div>
  </back>
 </text>
</TEI>
