<?xml version="1.0" encoding="UTF-8"?>
<?xml-model href="http://schemata.earlyprint.org/schemata/tei_earlyprint.rng" type="application/xml" schematypens="http://relaxng.org/ns/structure/1.0"?>
<TEI xmlns="http://www.tei-c.org/ns/1.0" xml:id="A46030">
 <teiHeader>
  <fileDesc>
   <titleStmt>
    <title>By the Lord Lieutenant General and General Governour of Ireland for special reasons conducing to His Majesties service, we do hereby require and command all officers of His Majesties army ...</title>
    <author>Ireland. Lord Lieutenant (1661-1668 : Ormonde).</author>
   </titleStmt>
   <editionStmt>
    <edition>This text is an enriched version of the TCP digital transcription A46030 of text R213903 in the <ref target="http;//estc.bl.uk">English Short Title Catalog</ref> (Wing I403). Textual changes  and metadata enrichments aim at making the                             text more  computationally tractable, easier to read, and suitable for network-based collaborative                              curation by amateur and professional end users from many walks of life.  The text has been tokenized and linguistically annotated with <ref target="http://morphadorner.northwestern.edu/morphadorner/">MorphAdorner</ref>. The annotation includes standard spellings that support the display of a text in                             a standardized format that preserves archaic forms ('loveth', 'seekest').                              Textual changes aim at restoring the text the author or stationer meant to publish.</edition>
    <respStmt>
     <resp>This text has not been fully proofread</resp>
     <name/>
    </respStmt>
   </editionStmt>
   <extent>Approx. 1 KB of XML-encoded text transcribed from 1 1-bit group-IV TIFF page image.</extent>
   <publicationStmt>
    <publisher>EarlyPrint Project</publisher>
    <pubPlace>Evanston,IL, Notre Dame, IN, St. Louis, MO</pubPlace>
    <date>2018</date>
    <idno type="DLPS">A46030</idno>
    <idno type="STC">Wing I403</idno>
    <idno type="STC">ESTC R213903</idno>
    <idno type="EEBO-CITATION">27132238</idno>
    <idno type="OCLC">ocm 27132238</idno>
    <idno type="VID">109989</idno>
    <availability>
     <p>
            This keyboarded and encoded edition of the work described above is co-owned by the institutions providing financial support to the Early English Books Online Text Creation Partnership. This Phase I text is available for reuse, according to the terms of
            <ref target="https://creativecommons.org/publicdomain/zero/1.0/">Creative Commons 0 1.0 Universal</ref>
            . The text can be copied, modified, distributed and performed, even for commercial purposes, all without asking permission.
          </p>
    </availability>
   </publicationStmt>
   <seriesStmt>
    <title>Early English books online.</title>
   </seriesStmt>
   <notesStmt>
    <note>(EEBO-TCP ; phase 1, no. A46030)</note>
    <note>Transcribed from: (Early English Books Online ; image set 109989)</note>
    <note>Images scanned from microfilm: (Early English books, 1641-1700 ; 1721:25)</note>
   </notesStmt>
   <sourceDesc>
    <biblFull>
     <titleStmt>
      <title>By the Lord Lieutenant General and General Governour of Ireland for special reasons conducing to His Majesties service, we do hereby require and command all officers of His Majesties army ...</title>
      <author>Ireland. Lord Lieutenant (1661-1668 : Ormonde).</author>
      <author>Ormonde, James Butler, Duke of, 1610-1688.</author>
     </titleStmt>
     <extent>1 sheet ([1] p.).</extent>
     <publicationStmt>
      <publisher>Printed by John Crook ... and are to be sold by Samuel Dancer ...,</publisher>
      <pubPlace>Dublin :</pubPlace>
      <date>1666.</date>
     </publicationStmt>
     <notesStmt>
      <note>Other title information from first lines of text.</note>
      <note>"Given at His Majesties castle of Dublin, the fifth day of January, 1666. G. Lane."</note>
      <note>Reproduction of original in Bodleian Library.</note>
     </notesStmt>
    </biblFull>
   </sourceDesc>
  </fileDesc>
  <profileDesc>
   <langUsage>
    <language ident="eng">eng</language>
   </langUsage>
   <textClass>
    <keywords scheme="http://authorities.loc.gov/">
     <term>Ireland -- History -- 1660-1688.</term>
     <term>Ireland -- Politics and government -- 17th century.</term>
    </keywords>
   </textClass>
  </profileDesc>
  <xenoData>
   <ep:epHeader xmlns:ep="http://earlyprint.org/ns/1.0">
    <ep:corpus>eebo</ep:corpus>
    <ep:title>By the Lord Lieutenant General, and General Governour of Ireland. Ormonde, for special reasons conducing to His Majesties service, we do hereby requir</ep:title>
    <ep:author>Ireland. Lord Lieutenant </ep:author>
    <ep:publicationYear>1667</ep:publicationYear>
    <ep:creationYear/>
    <ep:curator>
     <ep:name/>
    </ep:curator>
    <ep:pageCount>1</ep:pageCount>
    <ep:wordCount>154</ep:wordCount>
    <ep:defectiveTokenCount>0</ep:defectiveTokenCount>
    <ep:untranscribedForeignCount>0</ep:untranscribedForeignCount>
    <ep:untranscribedMathCount>0</ep:untranscribedMathCount>
    <ep:untranscribedMusicCount>0</ep:untranscribedMusicCount>
    <ep:missingChunkCount>0</ep:missingChunkCount>
    <ep:missingPagesCount>0</ep:missingPagesCount>
    <ep:defectRate>0</ep:defectRate>
    <ep:finalGrade>A</ep:finalGrade>
    <ep:defectRangePerGrade>This text  has no known defects that were recorded as gap elements at the time of transcription. </ep:defectRangePerGrade>
   </ep:epHeader>
  </xenoData>
  <revisionDesc>
   <change><date>2007-11</date><label>TCP</label>
        Assigned for keying and markup
      </change>
   <change><date>2008-01</date><label>SPi Global</label>
        Keyed and coded from ProQuest page images
      </change>
   <change><date>2008-02</date><label>Pip Willcox</label>
        Sampled and proofread
      </change>
   <change><date>2008-02</date><label>Pip Willcox</label>
        Text and markup reviewed and edited
      </change>
   <change><date>2008-09</date><label>pfs</label>
        Batch review (QC) and XML conversion
      </change>
  </revisionDesc>
 </teiHeader>
 <text xml:id="A46030-t">
  <body xml:id="A46030-e0">
   <div type="order" xml:id="A46030-e10">
    <pb facs="tcp:109989:1" rendition="simple:additions" xml:id="A46030-001-a"/>
    <head xml:id="A46030-e20">
     <figure xml:id="A46030-e30">
      <figDesc xml:id="A46030-e40">royal English blazon or coat of arms</figDesc>
     </figure>
     <w lemma="by" pos="acp" xml:id="A46030-001-a-0010">BY</w>
     <w lemma="the" pos="d" xml:id="A46030-001-a-0020">THE</w>
     <w lemma="lord" pos="n1" xml:id="A46030-001-a-0030">Lord</w>
     <w lemma="lieutenant" pos="n1" xml:id="A46030-001-a-0040">Lieutenant</w>
     <w lemma="general" pos="n1" xml:id="A46030-001-a-0050">General</w>
     <pc xml:id="A46030-001-a-0060">,</pc>
     <w lemma="and" pos="cc" xml:id="A46030-001-a-0070">AND</w>
     <w lemma="general" pos="j" xml:id="A46030-001-a-0080">GENERAL</w>
     <w lemma="governor" pos="n1" reg="GOVERNOR" xml:id="A46030-001-a-0090">GOVERNOUR</w>
     <w lemma="of" pos="acp" xml:id="A46030-001-a-0100">of</w>
     <hi xml:id="A46030-e50">
      <w lemma="IRELAND" pos="n1-nn" xml:id="A46030-001-a-0110">IRELAND</w>
      <pc unit="sentence" xml:id="A46030-001-a-0120">.</pc>
     </hi>
    </head>
    <opener xml:id="A46030-e60">
     <signed xml:id="A46030-e70">
      <w lemma="ormonde" pos="n1-nn" xml:id="A46030-001-a-0130">ORMONDE</w>
      <pc xml:id="A46030-001-a-0140">,</pc>
     </signed>
    </opener>
    <p xml:id="A46030-e80">
     <w lemma="for" pos="acp" rendition="#decorinit" xml:id="A46030-001-a-0150">FOR</w>
     <w lemma="special" pos="j" xml:id="A46030-001-a-0160">special</w>
     <w lemma="reason" pos="n2" xml:id="A46030-001-a-0170">Reasons</w>
     <w lemma="conduce" pos="vvg" xml:id="A46030-001-a-0180">conducing</w>
     <w lemma="to" pos="acp" xml:id="A46030-001-a-0190">to</w>
     <w lemma="his" pos="po" xml:id="A46030-001-a-0200">His</w>
     <w lemma="majesty" pos="n1g" reg="Majesty's" xml:id="A46030-001-a-0210">Majesties</w>
     <w lemma="service" pos="n1" xml:id="A46030-001-a-0220">Service</w>
     <pc xml:id="A46030-001-a-0230">,</pc>
     <w lemma="we" pos="pns" xml:id="A46030-001-a-0240">We</w>
     <w lemma="do" pos="vvb" xml:id="A46030-001-a-0250">do</w>
     <w lemma="hereby" pos="av" xml:id="A46030-001-a-0260">hereby</w>
     <w lemma="require" pos="vvi" xml:id="A46030-001-a-0270">Require</w>
     <w lemma="and" pos="cc" xml:id="A46030-001-a-0280">and</w>
     <w lemma="command" pos="vvi" xml:id="A46030-001-a-0290">Command</w>
     <w lemma="all" pos="d" xml:id="A46030-001-a-0300">all</w>
     <w lemma="officer" pos="n2" xml:id="A46030-001-a-0310">Officers</w>
     <w lemma="of" pos="acp" xml:id="A46030-001-a-0320">of</w>
     <w lemma="his" pos="po" xml:id="A46030-001-a-0330">His</w>
     <w lemma="majesty" pos="n1g" reg="Majesty's" xml:id="A46030-001-a-0340">Majesties</w>
     <w lemma="army" pos="n1" xml:id="A46030-001-a-0350">Army</w>
     <pc xml:id="A46030-001-a-0360">,</pc>
     <w lemma="now" pos="av" xml:id="A46030-001-a-0370">now</w>
     <w lemma="in" pos="acp" xml:id="A46030-001-a-0380">in</w>
     <w lemma="this" pos="d" xml:id="A46030-001-a-0390">this</w>
     <w lemma="city" pos="n1" xml:id="A46030-001-a-0400">City</w>
     <pc xml:id="A46030-001-a-0410">,</pc>
     <w lemma="or" pos="cc" xml:id="A46030-001-a-0420">or</w>
     <w lemma="any" pos="d" xml:id="A46030-001-a-0430">any</w>
     <w lemma="other" pos="d" xml:id="A46030-001-a-0440">other</w>
     <w lemma="part" pos="n1" xml:id="A46030-001-a-0450">part</w>
     <w lemma="of" pos="acp" xml:id="A46030-001-a-0460">of</w>
     <w lemma="this" pos="d" xml:id="A46030-001-a-0470">this</w>
     <w lemma="kingdom" pos="n1" xml:id="A46030-001-a-0480">Kingdom</w>
     <pc xml:id="A46030-001-a-0490">,</pc>
     <w lemma="absent" pos="j" xml:id="A46030-001-a-0500">absent</w>
     <w lemma="from" pos="acp" xml:id="A46030-001-a-0510">from</w>
     <w lemma="their" pos="po" xml:id="A46030-001-a-0520">their</w>
     <w lemma="command" pos="n2" xml:id="A46030-001-a-0530">Commands</w>
     <w lemma="and" pos="cc" xml:id="A46030-001-a-0540">and</w>
     <w lemma="charge" pos="n2" xml:id="A46030-001-a-0550">Charges</w>
     <pc xml:id="A46030-001-a-0560">,</pc>
     <w lemma="immediate" pos="av_j" xml:id="A46030-001-a-0570">immediately</w>
     <w lemma="upon" pos="acp" xml:id="A46030-001-a-0580">upon</w>
     <w lemma="publication" pos="n1" xml:id="A46030-001-a-0590">Publication</w>
     <w lemma="hereof" pos="av" xml:id="A46030-001-a-0600">hereof</w>
     <pc xml:id="A46030-001-a-0610">,</pc>
     <w lemma="to" pos="to" xml:id="A46030-001-a-0620">to</w>
     <w lemma="repair" pos="vvi" xml:id="A46030-001-a-0630">repair</w>
     <w lemma="to" pos="acp" xml:id="A46030-001-a-0640">to</w>
     <w lemma="their" pos="po" xml:id="A46030-001-a-0650">their</w>
     <w lemma="several" pos="j" xml:id="A46030-001-a-0660">several</w>
     <w lemma="and" pos="cc" xml:id="A46030-001-a-0670">and</w>
     <w lemma="respective" pos="j" xml:id="A46030-001-a-0680">respective</w>
     <w lemma="garrison" pos="n2" xml:id="A46030-001-a-0690">Garrisons</w>
     <w lemma="or" pos="cc" xml:id="A46030-001-a-0700">or</w>
     <w lemma="quarter" pos="n2" xml:id="A46030-001-a-0710">Quarters</w>
     <pc xml:id="A46030-001-a-0720">,</pc>
     <w lemma="and" pos="cc" xml:id="A46030-001-a-0730">and</w>
     <w lemma="there" pos="av" xml:id="A46030-001-a-0740">there</w>
     <w lemma="to" pos="to" xml:id="A46030-001-a-0750">to</w>
     <w lemma="attend" pos="vvi" xml:id="A46030-001-a-0760">attend</w>
     <w lemma="their" pos="po" xml:id="A46030-001-a-0770">their</w>
     <w lemma="duty" pos="n2" xml:id="A46030-001-a-0780">duties</w>
     <pc xml:id="A46030-001-a-0790">,</pc>
     <w lemma="and" pos="cc" xml:id="A46030-001-a-0800">and</w>
     <w lemma="not" pos="xx" xml:id="A46030-001-a-0810">not</w>
     <w lemma="to" pos="to" xml:id="A46030-001-a-0820">to</w>
     <w lemma="absent" pos="vvi" xml:id="A46030-001-a-0830">absent</w>
     <w lemma="themselves" pos="px" xml:id="A46030-001-a-0840">themselves</w>
     <w lemma="from" pos="acp" xml:id="A46030-001-a-0850">from</w>
     <w lemma="the" pos="d" xml:id="A46030-001-a-0860">the</w>
     <w lemma="same" pos="d" xml:id="A46030-001-a-0870">same</w>
     <pc xml:id="A46030-001-a-0880">,</pc>
     <w lemma="without" pos="acp" xml:id="A46030-001-a-0890">without</w>
     <w lemma="special" pos="j" xml:id="A46030-001-a-0900">special</w>
     <w lemma="licence" pos="n1" xml:id="A46030-001-a-0910">Licence</w>
     <w lemma="from" pos="acp" xml:id="A46030-001-a-0920">from</w>
     <w lemma="we" pos="pno" xml:id="A46030-001-a-0930">Us</w>
     <pc xml:id="A46030-001-a-0940">,</pc>
     <w lemma="notwithstanding" pos="acp" xml:id="A46030-001-a-0950">notwithstanding</w>
     <w lemma="any" pos="d" xml:id="A46030-001-a-0960">any</w>
     <w lemma="licence" pos="n1" xml:id="A46030-001-a-0970">Licence</w>
     <w lemma="heretofore" pos="av" xml:id="A46030-001-a-0980">heretofore</w>
     <w lemma="give" pos="vvn" xml:id="A46030-001-a-0990">given</w>
     <w lemma="by" pos="acp" xml:id="A46030-001-a-1000">by</w>
     <w lemma="Us." pos="n1-nn" xml:id="A46030-001-a-1010">Us.</w>
     <pc unit="sentence" xml:id="A46030-001-a-1020"/>
    </p>
    <closer xml:id="A46030-e90">
     <dateline xml:id="A46030-e100">
      <hi xml:id="A46030-e110">
       <w lemma="give" pos="vvn" xml:id="A46030-001-a-1030">Given</w>
       <w lemma="at" pos="acp" xml:id="A46030-001-a-1040">at</w>
       <w lemma="his" pos="po" xml:id="A46030-001-a-1050">His</w>
       <w lemma="majesty" pos="n1g" reg="Majesty's" xml:id="A46030-001-a-1060">Majesties</w>
       <w lemma="castle" pos="n1" xml:id="A46030-001-a-1070">Castle</w>
       <w lemma="of" pos="acp" xml:id="A46030-001-a-1080">of</w>
      </hi>
      <w lemma="Dublin" pos="n1-nn" xml:id="A46030-001-a-1090">Dublin</w>
      <pc xml:id="A46030-001-a-1100">,</pc>
      <date xml:id="A46030-e120">
       <hi xml:id="A46030-e130">
        <w lemma="the" pos="d" xml:id="A46030-001-a-1110">the</w>
        <w lemma="five" pos="ord" xml:id="A46030-001-a-1120">fifth</w>
        <w lemma="day" pos="n1" xml:id="A46030-001-a-1130">day</w>
        <w lemma="of" pos="acp" xml:id="A46030-001-a-1140">of</w>
       </hi>
       <w lemma="January" pos="n1-nn" xml:id="A46030-001-a-1150">January</w>
       <pc xml:id="A46030-001-a-1160">,</pc>
       <w lemma="1666." pos="crd" xml:id="A46030-001-a-1170">1666.</w>
       <pc unit="sentence" xml:id="A46030-001-a-1180"/>
      </date>
     </dateline>
     <signed xml:id="A46030-e140">
      <w lemma="g." pos="ab" xml:id="A46030-001-a-1190">G.</w>
      <w lemma="lane" pos="n1" xml:id="A46030-001-a-1200">LANE</w>
      <pc unit="sentence" xml:id="A46030-001-a-1210">.</pc>
     </signed>
    </closer>
    <closer xml:id="A46030-e150">
     <w lemma="GOD" pos="n1-nn" xml:id="A46030-001-a-1220">GOD</w>
     <w lemma="save" pos="acp" xml:id="A46030-001-a-1230">SAVE</w>
     <w lemma="the" pos="d" xml:id="A46030-001-a-1240">THE</w>
     <w lemma="king" pos="n1" xml:id="A46030-001-a-1250">KING</w>
     <pc unit="sentence" xml:id="A46030-001-a-1260">.</pc>
    </closer>
   </div>
  </body>
  <back xml:id="A46030-e160">
   <div type="colophon" xml:id="A46030-e170">
    <p xml:id="A46030-e180">
     <hi xml:id="A46030-e190">
      <w lemma="Dublin" pos="n1-nn" reg="DUBLIN" xml:id="A46030-001-a-1270">DVBLIN</w>
      <pc xml:id="A46030-001-a-1280">:</pc>
     </hi>
     <w lemma="print" pos="vvn" xml:id="A46030-001-a-1290">Printed</w>
     <w lemma="by" pos="acp" xml:id="A46030-001-a-1300">by</w>
     <hi xml:id="A46030-e200">
      <w lemma="John" pos="n1-nn" xml:id="A46030-001-a-1310">John</w>
      <w lemma="Crook" pos="n1-nn" xml:id="A46030-001-a-1320">Crook</w>
      <pc xml:id="A46030-001-a-1330">,</pc>
     </hi>
     <w lemma="printer" pos="n1" xml:id="A46030-001-a-1340">Printer</w>
     <w lemma="to" pos="acp" xml:id="A46030-001-a-1350">to</w>
     <w lemma="the" pos="d" xml:id="A46030-001-a-1360">the</w>
     <w lemma="king" pos="n2" xml:id="A46030-001-a-1370">Kings</w>
     <w lemma="most" pos="av-s_d" xml:id="A46030-001-a-1380">most</w>
     <w lemma="excellent" pos="j" xml:id="A46030-001-a-1390">Excellent</w>
     <w lemma="majesty" pos="n1" xml:id="A46030-001-a-1400">Majesty</w>
     <pc xml:id="A46030-001-a-1410">,</pc>
     <w lemma="and" pos="cc" xml:id="A46030-001-a-1420">and</w>
     <w lemma="be" pos="vvb" xml:id="A46030-001-a-1430">are</w>
     <w lemma="to" pos="to" xml:id="A46030-001-a-1440">to</w>
     <w lemma="be" pos="vvi" xml:id="A46030-001-a-1450">be</w>
     <w lemma="sell" pos="vvn" xml:id="A46030-001-a-1460">sold</w>
     <w lemma="by" pos="acp" xml:id="A46030-001-a-1470">by</w>
     <hi xml:id="A46030-e210">
      <w lemma="Samuel" pos="n1-nn" xml:id="A46030-001-a-1480">Samuel</w>
      <w lemma="dancer" pos="n1" xml:id="A46030-001-a-1490">Dancer</w>
     </hi>
     <w lemma="in" pos="acp" xml:id="A46030-001-a-1500">in</w>
     <hi xml:id="A46030-e220">
      <w lemma="castle-street" pos="n1" xml:id="A46030-001-a-1510">Castle-street</w>
      <pc xml:id="A46030-001-a-1520">,</pc>
     </hi>
     <w lemma="1666." pos="crd" xml:id="A46030-001-a-1530">1666.</w>
     <pc unit="sentence" xml:id="A46030-001-a-1540"/>
    </p>
   </div>
  </back>
 </text>
</TEI>
