<?xml version="1.0" encoding="UTF-8"?>
<?xml-model href="http://schemata.earlyprint.org/schemata/tei_earlyprint.rng" type="application/xml" schematypens="http://relaxng.org/ns/structure/1.0"?>
<TEI xmlns="http://www.tei-c.org/ns/1.0" xml:id="A46137">
 <teiHeader>
  <fileDesc>
   <titleStmt>
    <title>Whereas Dualtagh alias Dudy Costelo, Edmund Nagle commonly called Cornet Nangle, Christopher Hill, Thomas Plunket, Cahel alias Charles MacCawell and Neil o Neil and their complices have in the counties of Meath, Tyrone, Monagham, Fermangah, Longford, Leitrim, Cavan and other places appeared in armes against His Majesties authority ... by the Lord Lieutenant and Council, Ormonde.</title>
    <author>Ireland. Lord Lieutenant (1641-1649 : Ormonde)</author>
   </titleStmt>
   <editionStmt>
    <edition>This text is an enriched version of the TCP digital transcription A46137 of text R399 in the <ref target="http;//estc.bl.uk">English Short Title Catalog</ref> (Wing I775). Textual changes  and metadata enrichments aim at making the                             text more  computationally tractable, easier to read, and suitable for network-based collaborative                              curation by amateur and professional end users from many walks of life.  The text has been tokenized and linguistically annotated with <ref target="http://morphadorner.northwestern.edu/morphadorner/">MorphAdorner</ref>. The annotation includes standard spellings that support the display of a text in                             a standardized format that preserves archaic forms ('loveth', 'seekest').                              Textual changes aim at restoring the text the author or stationer meant to publish.</edition>
    <respStmt>
     <resp>This text has not been fully proofread</resp>
     <name/>
    </respStmt>
   </editionStmt>
   <extent>Approx. 6 KB of XML-encoded text transcribed from 1 1-bit group-IV TIFF page image.</extent>
   <publicationStmt>
    <publisher>EarlyPrint Project</publisher>
    <pubPlace>Evanston,IL, Notre Dame, IN, St. Louis, MO</pubPlace>
    <date>2018</date>
    <idno type="DLPS">A46137</idno>
    <idno type="STC">Wing I775</idno>
    <idno type="STC">ESTC R399</idno>
    <idno type="EEBO-CITATION">13650916</idno>
    <idno type="OCLC">ocm 13650916</idno>
    <idno type="VID">100983</idno>
    <availability>
     <p>
            This keyboarded and encoded edition of the work described above is co-owned by the institutions providing financial support to the Early English Books Online Text Creation Partnership. This Phase I text is available for reuse, according to the terms of
            <ref target="https://creativecommons.org/publicdomain/zero/1.0/">Creative Commons 0 1.0 Universal</ref>
            . The text can be copied, modified, distributed and performed, even for commercial purposes, all without asking permission.
          </p>
    </availability>
   </publicationStmt>
   <seriesStmt>
    <title>Early English books online.</title>
   </seriesStmt>
   <notesStmt>
    <note>(EEBO-TCP ; phase 1, no. A46137)</note>
    <note>Transcribed from: (Early English Books Online ; image set 100983)</note>
    <note>Images scanned from microfilm: (Early English books, 1641-1700 ; 791:48)</note>
   </notesStmt>
   <sourceDesc>
    <biblFull>
     <titleStmt>
      <title>Whereas Dualtagh alias Dudy Costelo, Edmund Nagle commonly called Cornet Nangle, Christopher Hill, Thomas Plunket, Cahel alias Charles MacCawell and Neil o Neil and their complices have in the counties of Meath, Tyrone, Monagham, Fermangah, Longford, Leitrim, Cavan and other places appeared in armes against His Majesties authority ... by the Lord Lieutenant and Council, Ormonde.</title>
      <author>Ireland. Lord Lieutenant (1641-1649 : Ormonde)</author>
      <author>Ormonde, James Butler, Duke of, 1610-1688.</author>
     </titleStmt>
     <extent>1 sheet (2 p.)</extent>
     <publicationStmt>
      <publisher>Printed by John Crook ...,</publisher>
      <pubPlace>Dublin :</pubPlace>
      <date>1666.</date>
     </publicationStmt>
     <notesStmt>
      <note>"Given at the Council Chamber in Dublin, the eighth day of June, 1666."</note>
      <note>Reproduction of original in Bodleian Library.</note>
     </notesStmt>
    </biblFull>
   </sourceDesc>
  </fileDesc>
  <profileDesc>
   <langUsage>
    <language ident="eng">eng</language>
   </langUsage>
   <textClass>
    <keywords scheme="http://authorities.loc.gov/">
     <term>Ireland -- History -- 1660-1688 -- Sources.</term>
     <term>Broadsdes -- Ireland -- Dublin (Dublin) -- 17th century</term>
    </keywords>
   </textClass>
  </profileDesc>
  <xenoData>
   <ep:epHeader xmlns:ep="http://earlyprint.org/ns/1.0">
    <ep:corpus>eebo</ep:corpus>
    <ep:title>By the Lord Lieutenant and Council. Ormonde. Whereas Dualtagh alias Dudy Costelo, Edmund Nagle commonly called Cornet Nangle, Christopher Hill, Thomas</ep:title>
    <ep:author>Ireland. Lord Lieutenant </ep:author>
    <ep:publicationYear>1666</ep:publicationYear>
    <ep:creationYear/>
    <ep:curator>
     <ep:name/>
    </ep:curator>
    <ep:pageCount>2</ep:pageCount>
    <ep:wordCount>1022</ep:wordCount>
    <ep:defectiveTokenCount>9</ep:defectiveTokenCount>
    <ep:untranscribedForeignCount>0</ep:untranscribedForeignCount>
    <ep:untranscribedMathCount>0</ep:untranscribedMathCount>
    <ep:untranscribedMusicCount>0</ep:untranscribedMusicCount>
    <ep:missingChunkCount>0</ep:missingChunkCount>
    <ep:missingPagesCount>0</ep:missingPagesCount>
    <ep:defectRate>88.06</ep:defectRate>
    <ep:finalGrade>D</ep:finalGrade>
    <ep:defectRangePerGrade> The  rate of 88.06 defects per 10,000 words puts this text in the D category of texts with between 35 and 100 defects per 10,000 words.</ep:defectRangePerGrade>
   </ep:epHeader>
  </xenoData>
  <revisionDesc>
   <change><date>2007-11</date><label>TCP</label>
        Assigned for keying and markup
      </change>
   <change><date>2008-01</date><label>SPi Global</label>
        Keyed and coded from ProQuest page images
      </change>
   <change><date>2008-03</date><label>Mona Logarbo</label>
        Sampled and proofread
      </change>
   <change><date>2008-03</date><label>Mona Logarbo</label>
        Text and markup reviewed and edited
      </change>
   <change><date>2008-09</date><label>pfs</label>
        Batch review (QC) and XML conversion
      </change>
  </revisionDesc>
 </teiHeader>
 <text xml:id="A46137-t">
  <body xml:id="A46137-e0">
   <div type="letter" xml:id="A46137-e10">
    <pb facs="tcp:100983:1" rendition="simple:additions" xml:id="A46137-001-a"/>
    <head xml:id="A46137-e20">
     <figure xml:id="A46137-e30">
      <p xml:id="A46137-e40">
       <w lemma="CR" pos="n1-nn" xml:id="A46137-001-a-0010">CR</w>
      </p>
      <p xml:id="A46137-e50">
       <w lemma="diev" pos="f-fr" xml:id="A46137-001-a-0020">DIEV</w>
       <w lemma="et" pos="f-fr" xml:id="A46137-001-a-0030">ET</w>
       <w lemma="mon" pos="f-fr" xml:id="A46137-001-a-0040">MON</w>
       <w lemma="droit" pos="n1-nn" xml:id="A46137-001-a-0050">DROIT</w>
      </p>
      <p xml:id="A46137-e60">
       <w lemma="honi" pos="f-fr" xml:id="A46137-001-a-0060">HONI</w>
       <w lemma="soit" pos="f-fr" xml:id="A46137-001-a-0070">SOIT</w>
       <w lemma="qvi" pos="f-fr" xml:id="A46137-001-a-0080">QVI</w>
       <w lemma="mal" pos="f-fr" xml:id="A46137-001-a-0090">MAL</w>
       <w lemma="y" pos="f-fr" xml:id="A46137-001-a-0100">Y</w>
       <w lemma="pense" pos="f-fr" xml:id="A46137-001-a-0110">PENSE</w>
      </p>
      <figDesc xml:id="A46137-e70">royal blazon or coat of arms</figDesc>
     </figure>
    </head>
    <head xml:id="A46137-e80">
     <w lemma="by" pos="acp" xml:id="A46137-001-a-0120">BY</w>
     <w lemma="the" pos="d" xml:id="A46137-001-a-0130">THE</w>
     <w lemma="lord" pos="n1" xml:id="A46137-001-a-0140">Lord</w>
     <w lemma="lieutenant" pos="n1" xml:id="A46137-001-a-0150">Lieutenant</w>
     <w lemma="and" pos="cc" xml:id="A46137-001-a-0160">and</w>
     <w lemma="council" pos="n1" xml:id="A46137-001-a-0170">Council</w>
     <pc unit="sentence" xml:id="A46137-001-a-0180">.</pc>
    </head>
    <opener xml:id="A46137-e90">
     <signed xml:id="A46137-e100">
      <w lemma="ormonde" pos="n1-nn" xml:id="A46137-001-a-0190">ORMONDE</w>
      <pc unit="sentence" xml:id="A46137-001-a-0200">.</pc>
     </signed>
    </opener>
    <p xml:id="A46137-e110">
     <w lemma="whereas" pos="cs" rendition="#decorinit" xml:id="A46137-001-a-0210">WHEREAS</w>
     <hi xml:id="A46137-e120">
      <w lemma="Dualtagh" pos="n1-nn" xml:id="A46137-001-a-0220">Dualtagh</w>
      <w lemma="alias" pos="av" xml:id="A46137-001-a-0230">alias</w>
      <w lemma="Dudley" pos="n1-nn" reg="Dudley" xml:id="A46137-001-a-0240">Dudly</w>
      <w lemma="Costelo" pos="n1-nn" xml:id="A46137-001-a-0250">Costelo</w>
      <pc xml:id="A46137-001-a-0260">,</pc>
      <w lemma="Edmund" pos="n1-nn" xml:id="A46137-001-a-0270">Edmund</w>
      <w lemma="Nangle" pos="n1-nn" xml:id="A46137-001-a-0280">Nangle</w>
     </hi>
     <w lemma="common" pos="av_j" xml:id="A46137-001-a-0290">commonly</w>
     <w lemma="call" pos="vvn" xml:id="A46137-001-a-0300">called</w>
     <w lemma="cornet" pos="n1" xml:id="A46137-001-a-0310">Cornet</w>
     <hi xml:id="A46137-e130">
      <w lemma="Nangle" pos="n1-nn" xml:id="A46137-001-a-0320">Nangle</w>
      <pc xml:id="A46137-001-a-0330">,</pc>
      <w lemma="Christopher" pos="n1-nn" xml:id="A46137-001-a-0340">Christopher</w>
      <w lemma="hill" pos="n1" xml:id="A46137-001-a-0350">Hill</w>
      <pc xml:id="A46137-001-a-0360">,</pc>
      <w lemma="Thomas" pos="n1-nn" xml:id="A46137-001-a-0370">Thomas</w>
      <w lemma="plunket" pos="n1-nn" xml:id="A46137-001-a-0380">Plunket</w>
      <pc xml:id="A46137-001-a-0390">,</pc>
      <w lemma="cahel" pos="n1-nn" xml:id="A46137-001-a-0400">Cahel</w>
      <w lemma="alias" pos="av" xml:id="A46137-001-a-0410">alias</w>
      <w lemma="Charles" pos="n1-nn" xml:id="A46137-001-a-0420">Charles</w>
      <w lemma="Mac" pos="n1-nn" xml:id="A46137-001-a-0430">Mac</w>
      <w lemma="Cawell" pos="n1-nn" xml:id="A46137-001-a-0440">Cawell</w>
      <w lemma="and" pos="cc" xml:id="A46137-001-a-0450">and</w>
      <w lemma="neil" pos="n1-nn" xml:id="A46137-001-a-0460">Neil</w>
      <w lemma="o" pos="uh" reg="o" xml:id="A46137-001-a-0470">ô</w>
      <w lemma="neil" pos="n1-nn" xml:id="A46137-001-a-0480">Neil</w>
     </hi>
     <w lemma="and" pos="cc" xml:id="A46137-001-a-0490">and</w>
     <w lemma="their" pos="po" xml:id="A46137-001-a-0500">their</w>
     <w lemma="complice" pos="n2" xml:id="A46137-001-a-0510">Complices</w>
     <w lemma="have" pos="vvb" xml:id="A46137-001-a-0520">have</w>
     <w lemma="in" pos="acp" xml:id="A46137-001-a-0530">in</w>
     <w lemma="the" pos="d" xml:id="A46137-001-a-0540">the</w>
     <w lemma="county" pos="n2" xml:id="A46137-001-a-0550">Counties</w>
     <w lemma="of" pos="acp" xml:id="A46137-001-a-0560">of</w>
     <hi xml:id="A46137-e140">
      <w lemma="meath" pos="n1-nn" xml:id="A46137-001-a-0570">Meath</w>
      <pc xml:id="A46137-001-a-0580">,</pc>
      <w lemma="Tyrone" pos="n1-nn" xml:id="A46137-001-a-0590">Tyrone</w>
      <pc xml:id="A46137-001-a-0600">,</pc>
      <w lemma="monaghan" pos="n1-nn" xml:id="A46137-001-a-0610">Monaghan</w>
      <pc xml:id="A46137-001-a-0620">,</pc>
      <w lemma="fermanagh" pos="n1-nn" xml:id="A46137-001-a-0630">Fermanagh</w>
      <pc xml:id="A46137-001-a-0640">,</pc>
      <w lemma="longford" pos="n1-nn" xml:id="A46137-001-a-0650">Longford</w>
      <pc xml:id="A46137-001-a-0660">,</pc>
      <w lemma="leitrim" pos="n1-nn" xml:id="A46137-001-a-0670">Leitrim</w>
      <pc xml:id="A46137-001-a-0680">,</pc>
      <w lemma="Cavan" pos="n1-nn" xml:id="A46137-001-a-0690">Cavan</w>
     </hi>
     <w lemma="and" pos="cc" xml:id="A46137-001-a-0700">and</w>
     <w lemma="other" pos="d" xml:id="A46137-001-a-0710">other</w>
     <w lemma="place" pos="n2" xml:id="A46137-001-a-0720">places</w>
     <w lemma="appear" pos="vvd" xml:id="A46137-001-a-0730">appeared</w>
     <w lemma="in" pos="acp" xml:id="A46137-001-a-0740">in</w>
     <w lemma="arm" pos="n2" reg="Arms" xml:id="A46137-001-a-0750">Armes</w>
     <w lemma="against" pos="acp" xml:id="A46137-001-a-0760">against</w>
     <w lemma="his" pos="po" xml:id="A46137-001-a-0770">His</w>
     <w lemma="majesty" pos="n1g" reg="Majesty's" xml:id="A46137-001-a-0780">Majesties</w>
     <w lemma="authority" pos="n1" xml:id="A46137-001-a-0790">Authority</w>
     <w lemma="and" pos="cc" xml:id="A46137-001-a-0800">and</w>
     <w lemma="several" pos="j" xml:id="A46137-001-a-0810">several</w>
     <w lemma="of" pos="acp" xml:id="A46137-001-a-0820">of</w>
     <w lemma="they" pos="pno" xml:id="A46137-001-a-0830">them</w>
     <w lemma="have" pos="vvb" xml:id="A46137-001-a-0840">have</w>
     <w lemma="commit" pos="vvn" xml:id="A46137-001-a-0850">committed</w>
     <w lemma="sundry" pos="j" xml:id="A46137-001-a-0860">sundry</w>
     <w lemma="murder" pos="n2" reg="Murders" xml:id="A46137-001-a-0870">Murthers</w>
     <pc xml:id="A46137-001-a-0880">,</pc>
     <w lemma="burglary" pos="n2" xml:id="A46137-001-a-0890">Burglaries</w>
     <pc xml:id="A46137-001-a-0900">,</pc>
     <w lemma="robbery" pos="n2" xml:id="A46137-001-a-0910">Robberies</w>
     <w lemma="and" pos="cc" xml:id="A46137-001-a-0920">and</w>
     <w lemma="stealth" pos="n2" reg="Stealths" xml:id="A46137-001-a-0930">Stealthes</w>
     <pc xml:id="A46137-001-a-0940">,</pc>
     <w lemma="beside" pos="acp" xml:id="A46137-001-a-0950">besides</w>
     <w lemma="divers" pos="j" xml:id="A46137-001-a-0960">divers</w>
     <w lemma="other" pos="d" xml:id="A46137-001-a-0970">other</w>
     <w lemma="outrage" pos="n2" xml:id="A46137-001-a-0980">outrages</w>
     <w lemma="to" pos="acp" xml:id="A46137-001-a-0990">to</w>
     <w lemma="the" pos="d" xml:id="A46137-001-a-1000">the</w>
     <w lemma="terror" pos="n1" xml:id="A46137-001-a-1010">terror</w>
     <w lemma="and" pos="cc" xml:id="A46137-001-a-1020">and</w>
     <w lemma="annoyance" pos="n1" xml:id="A46137-001-a-1030">annoyance</w>
     <w lemma="of" pos="acp" xml:id="A46137-001-a-1040">of</w>
     <w lemma="his" pos="po" xml:id="A46137-001-a-1050">his</w>
     <w lemma="majesty" pos="n1g" reg="Majesty's" xml:id="A46137-001-a-1060">Majesties</w>
     <w lemma="loyal" pos="j" xml:id="A46137-001-a-1070">Loyal</w>
     <w lemma="and" pos="cc" xml:id="A46137-001-a-1080">and</w>
     <w lemma="good" pos="j" xml:id="A46137-001-a-1090">good</w>
     <w lemma="subject" pos="n2" xml:id="A46137-001-a-1100">Subjects</w>
     <pc xml:id="A46137-001-a-1110">,</pc>
     <w lemma="and" pos="cc" xml:id="A46137-001-a-1120">and</w>
     <w lemma="to" pos="acp" xml:id="A46137-001-a-1130">to</w>
     <w lemma="the" pos="d" xml:id="A46137-001-a-1140">the</w>
     <w lemma="disturbance" pos="n1" xml:id="A46137-001-a-1150">disturbance</w>
     <w lemma="of" pos="acp" xml:id="A46137-001-a-1160">of</w>
     <w lemma="the" pos="d" xml:id="A46137-001-a-1170">the</w>
     <w lemma="peace" pos="n1" xml:id="A46137-001-a-1180">Peace</w>
     <w lemma="of" pos="acp" xml:id="A46137-001-a-1190">of</w>
     <w lemma="the" pos="d" xml:id="A46137-001-a-1200">the</w>
     <w lemma="kingdom" pos="n1" xml:id="A46137-001-a-1210">Kingdom</w>
     <pc xml:id="A46137-001-a-1220">,</pc>
     <w lemma="upon" pos="acp" xml:id="A46137-001-a-1230">upon</w>
     <w lemma="which" pos="crq" xml:id="A46137-001-a-1240">which</w>
     <w lemma="misdemeanour" pos="n2" reg="misdemeanours" xml:id="A46137-001-a-1250">misdemeanors</w>
     <w lemma="and" pos="cc" xml:id="A46137-001-a-1260">and</w>
     <w lemma="crime" pos="n2" xml:id="A46137-001-a-1270">Crimes</w>
     <w lemma="be" pos="vvg" xml:id="A46137-001-a-1280">being</w>
     <w lemma="pursue" pos="vvn" xml:id="A46137-001-a-1290">pursued</w>
     <w lemma="by" pos="acp" xml:id="A46137-001-a-1300">by</w>
     <w lemma="some" pos="d" xml:id="A46137-001-a-1310">some</w>
     <w lemma="of" pos="acp" xml:id="A46137-001-a-1320">of</w>
     <w lemma="his" pos="po" xml:id="A46137-001-a-1330">His</w>
     <w lemma="majesty" pos="n1g" reg="Majesty's" xml:id="A46137-001-a-1340">Majesties</w>
     <w lemma="good" pos="j" xml:id="A46137-001-a-1350">good</w>
     <w lemma="subject" pos="n2" xml:id="A46137-001-a-1360">Subjects</w>
     <pc xml:id="A46137-001-a-1370">,</pc>
     <w lemma="assist" pos="vvn" xml:id="A46137-001-a-1380">assisted</w>
     <w lemma="by" pos="acp" xml:id="A46137-001-a-1390">by</w>
     <w lemma="some" pos="d" xml:id="A46137-001-a-1400">some</w>
     <w lemma="of" pos="acp" xml:id="A46137-001-a-1410">of</w>
     <w lemma="his" pos="po" xml:id="A46137-001-a-1420">His</w>
     <w lemma="majesty" pos="n1g" reg="Majesty's" xml:id="A46137-001-a-1430">Majesties</w>
     <w lemma="army" pos="n1" xml:id="A46137-001-a-1440">Army</w>
     <pc xml:id="A46137-001-a-1450">,</pc>
     <w lemma="they" pos="pns" xml:id="A46137-001-a-1460">they</w>
     <w lemma="the" pos="d" xml:id="A46137-001-a-1470">the</w>
     <w lemma="say" pos="vvd" xml:id="A46137-001-a-1480">said</w>
     <hi xml:id="A46137-e150">
      <w lemma="Dualtagh" pos="n1-nn" xml:id="A46137-001-a-1490">Dualtagh</w>
      <w lemma="alias" pos="av" xml:id="A46137-001-a-1500">alias</w>
      <w lemma="Dudley" pos="n1-nn" reg="Dudley" xml:id="A46137-001-a-1510">Dudly</w>
      <w lemma="Costelo" pos="n1-nn" xml:id="A46137-001-a-1520">Costelo</w>
      <pc xml:id="A46137-001-a-1530">,</pc>
      <w lemma="Edmund" pos="n1-nn" xml:id="A46137-001-a-1540">Edmund</w>
      <w lemma="Nangle" pos="n1-nn" xml:id="A46137-001-a-1550">Nangle</w>
      <pc xml:id="A46137-001-a-1560">,</pc>
      <w lemma="Christopher" pos="n1-nn" xml:id="A46137-001-a-1570">Christopher</w>
      <w lemma="hill" pos="n1" xml:id="A46137-001-a-1580">Hill</w>
      <pc xml:id="A46137-001-a-1590">,</pc>
      <w lemma="Thomas" pos="n1-nn" xml:id="A46137-001-a-1600">Thomas</w>
      <w lemma="plunket" pos="n1-nn" xml:id="A46137-001-a-1610">Plunket</w>
      <pc xml:id="A46137-001-a-1620">,</pc>
      <w lemma="cahel" pos="n1-nn" xml:id="A46137-001-a-1630">Cahel</w>
      <w lemma="alias" pos="av" xml:id="A46137-001-a-1640">alias</w>
      <w lemma="Charles" pos="n1-nn" xml:id="A46137-001-a-1650">Charles</w>
      <w lemma="Mac" pos="n1-nn" xml:id="A46137-001-a-1660">Mac</w>
      <w lemma="Cawel" pos="n1-nn" xml:id="A46137-001-a-1670">Cawel</w>
      <w lemma="and" pos="cc" xml:id="A46137-001-a-1680">and</w>
      <w lemma="neil" pos="n1-nn" xml:id="A46137-001-a-1690">Neil</w>
      <w lemma="o" pos="uh" reg="o" xml:id="A46137-001-a-1700">ô</w>
      <w lemma="neil" pos="n1-nn" xml:id="A46137-001-a-1710">Neil</w>
      <pc xml:id="A46137-001-a-1720">,</pc>
     </hi>
     <w lemma="and" pos="cc" xml:id="A46137-001-a-1730">and</w>
     <w lemma="their" pos="po" xml:id="A46137-001-a-1740">their</w>
     <w lemma="complice" pos="n2" xml:id="A46137-001-a-1750">complices</w>
     <w lemma="be" pos="vvb" xml:id="A46137-001-a-1760">are</w>
     <w lemma="flee" pos="vvn" xml:id="A46137-001-a-1770">fled</w>
     <w lemma="to" pos="acp" xml:id="A46137-001-a-1780">to</w>
     <w lemma="the" pos="d" xml:id="A46137-001-a-1790">the</w>
     <w lemma="wood" pos="n2" xml:id="A46137-001-a-1800">Woods</w>
     <w lemma="and" pos="cc" xml:id="A46137-001-a-1810">and</w>
     <w lemma="mountain" pos="n2" xml:id="A46137-001-a-1820">Mountains</w>
     <w lemma="where" pos="crq" xml:id="A46137-001-a-1830">where</w>
     <w lemma="they" pos="pns" xml:id="A46137-001-a-1840">they</w>
     <w lemma="stand" pos="vvb" xml:id="A46137-001-a-1850">stand</w>
     <w lemma="upon" pos="acp" xml:id="A46137-001-a-1860">upon</w>
     <w lemma="their" pos="po" xml:id="A46137-001-a-1870">their</w>
     <w lemma="keep" pos="n1_vg" xml:id="A46137-001-a-1880">keeping</w>
     <w lemma="so" pos="av" xml:id="A46137-001-a-1890">so</w>
     <w lemma="as" pos="acp" xml:id="A46137-001-a-1900">as</w>
     <w lemma="they" pos="pns" xml:id="A46137-001-a-1910">they</w>
     <w lemma="be" pos="vvb" xml:id="A46137-001-a-1920">are</w>
     <w lemma="not" pos="xx" xml:id="A46137-001-a-1930">not</w>
     <w lemma="ansuerable" pos="j" xml:id="A46137-001-a-1940">ansuerable</w>
     <w lemma="to" pos="acp" xml:id="A46137-001-a-1950">to</w>
     <w lemma="law" pos="n1" xml:id="A46137-001-a-1960">law</w>
     <pc xml:id="A46137-001-a-1970">,</pc>
     <w lemma="but" pos="acp" xml:id="A46137-001-a-1980">but</w>
     <w lemma="wilful" pos="j" reg="wilful" xml:id="A46137-001-a-1990">wilfull</w>
     <w lemma="contemner" pos="n2" xml:id="A46137-001-a-2000">contemners</w>
     <w lemma="of" pos="acp" xml:id="A46137-001-a-2010">of</w>
     <w lemma="the" pos="d" xml:id="A46137-001-a-2020">the</w>
     <w lemma="same" pos="d" xml:id="A46137-001-a-2030">same</w>
     <pc xml:id="A46137-001-a-2040">;</pc>
     <w lemma="and" pos="cc" xml:id="A46137-001-a-2050">And</w>
     <w lemma="forasmuch" pos="av" xml:id="A46137-001-a-2060">forasmuch</w>
     <w lemma="as" pos="acp" xml:id="A46137-001-a-2070">as</w>
     <w lemma="the" pos="d" xml:id="A46137-001-a-2080">the</w>
     <w lemma="actor" pos="n2" xml:id="A46137-001-a-2090">actors</w>
     <w lemma="of" pos="acp" xml:id="A46137-001-a-2100">of</w>
     <w lemma="those" pos="d" xml:id="A46137-001-a-2110">those</w>
     <w lemma="disorder" pos="n2" xml:id="A46137-001-a-2120">disorders</w>
     <w lemma="and" pos="cc" xml:id="A46137-001-a-2130">and</w>
     <w lemma="offence" pos="n2" reg="offences" xml:id="A46137-001-a-2140">offenses</w>
     <w lemma="can" pos="vmb-x" xml:id="A46137-001-a-2150">cannot</w>
     <w lemma="as" pos="acp" xml:id="A46137-001-a-2160">as</w>
     <w lemma="yet" pos="av" xml:id="A46137-001-a-2170">yet</w>
     <w lemma="be" pos="vvi" xml:id="A46137-001-a-2180">be</w>
     <w lemma="apprehend" pos="vvn" xml:id="A46137-001-a-2190">apprehended</w>
     <pc xml:id="A46137-001-a-2200">,</pc>
     <w lemma="whereby" pos="crq" xml:id="A46137-001-a-2210">whereby</w>
     <w lemma="they" pos="pns" xml:id="A46137-001-a-2220">they</w>
     <w lemma="may" pos="vmb" xml:id="A46137-001-a-2230">may</w>
     <w lemma="be" pos="vvi" xml:id="A46137-001-a-2240">be</w>
     <w lemma="punish" pos="vvn" xml:id="A46137-001-a-2250">punished</w>
     <w lemma="by" pos="acp" xml:id="A46137-001-a-2260">by</w>
     <w lemma="the" pos="d" xml:id="A46137-001-a-2270">the</w>
     <w lemma="ordinary" pos="j" reg="ordinary" xml:id="A46137-001-a-2280">ordinarie</w>
     <w lemma="course" pos="n1" xml:id="A46137-001-a-2290">course</w>
     <w lemma="of" pos="acp" xml:id="A46137-001-a-2300">of</w>
     <w lemma="law" pos="n1" xml:id="A46137-001-a-2310">law</w>
     <pc xml:id="A46137-001-a-2320">,</pc>
     <w lemma="whence" pos="crq" xml:id="A46137-001-a-2330">whence</w>
     <w lemma="we" pos="pns" xml:id="A46137-001-a-2340">we</w>
     <w lemma="may" pos="vmd" xml:id="A46137-001-a-2350">might</w>
     <w lemma="just" pos="av_j" xml:id="A46137-001-a-2360">justly</w>
     <w lemma="be" pos="vvi" xml:id="A46137-001-a-2370">be</w>
     <w lemma="move" pos="vvn" xml:id="A46137-001-a-2380">moved</w>
     <pc xml:id="A46137-001-a-2390">,</pc>
     <w lemma="according" pos="j" xml:id="A46137-001-a-2400">according</w>
     <w lemma="to" pos="acp" xml:id="A46137-001-a-2410">to</w>
     <w lemma="the" pos="d" xml:id="A46137-001-a-2420">the</w>
     <w lemma="former" pos="j" xml:id="A46137-001-a-2430">former</w>
     <w lemma="usage" pos="n1" xml:id="A46137-001-a-2440">usage</w>
     <w lemma="and" pos="cc" xml:id="A46137-001-a-2450">and</w>
     <w lemma="custom" pos="n1" reg="custom" xml:id="A46137-001-a-2460">custome</w>
     <w lemma="in" pos="acp" xml:id="A46137-001-a-2470">in</w>
     <w lemma="this" pos="d" xml:id="A46137-001-a-2480">this</w>
     <w lemma="kingdom" pos="n1" reg="Kingdom" xml:id="A46137-001-a-2490">Kingdome</w>
     <w lemma="in" pos="acp" xml:id="A46137-001-a-2500">in</w>
     <w lemma="case" pos="n2" xml:id="A46137-001-a-2510">cases</w>
     <w lemma="of" pos="acp" xml:id="A46137-001-a-2520">of</w>
     <w lemma="like" pos="j" xml:id="A46137-001-a-2530">like</w>
     <w lemma="nature" pos="n1" xml:id="A46137-001-a-2540">nature</w>
     <pc xml:id="A46137-001-a-2550">,</pc>
     <w lemma="to" pos="to" xml:id="A46137-001-a-2560">to</w>
     <w lemma="cause" pos="vvi" xml:id="A46137-001-a-2570">cause</w>
     <w lemma="they" pos="pno" xml:id="A46137-001-a-2580">them</w>
     <w lemma="to" pos="to" xml:id="A46137-001-a-2590">to</w>
     <w lemma="be" pos="vvi" xml:id="A46137-001-a-2600">be</w>
     <w lemma="forthwith" pos="av" xml:id="A46137-001-a-2610">forthwith</w>
     <w lemma="proclaim" pos="vvn" xml:id="A46137-001-a-2620">proclaimed</w>
     <w lemma="rebel" pos="n2" reg="Rebels" xml:id="A46137-001-a-2630">Rebells</w>
     <w lemma="and" pos="cc" xml:id="A46137-001-a-2640">and</w>
     <w lemma="traitor" pos="n2" reg="Traitors" xml:id="A46137-001-a-2650">Traytors</w>
     <pc xml:id="A46137-001-a-2660">,</pc>
     <w lemma="yet" pos="av" xml:id="A46137-001-a-2670">yet</w>
     <w lemma="in" pos="acp" xml:id="A46137-001-a-2680">in</w>
     <w lemma="mercy" pos="n1" xml:id="A46137-001-a-2690">mercy</w>
     <w lemma="to" pos="acp" xml:id="A46137-001-a-2700">to</w>
     <w lemma="they" pos="pno" xml:id="A46137-001-a-2710">them</w>
     <w lemma="we" pos="pns" xml:id="A46137-001-a-2720">we</w>
     <w lemma="think" pos="vvb" xml:id="A46137-001-a-2730">think</w>
     <w lemma="fit" pos="j" xml:id="A46137-001-a-2740">fit</w>
     <w lemma="hereby" pos="av" xml:id="A46137-001-a-2750">hereby</w>
     <w lemma="to" pos="acp" xml:id="A46137-001-a-2760">to</w>
     <w lemma="charge" pos="n1" xml:id="A46137-001-a-2770">charge</w>
     <w lemma="and" pos="cc" xml:id="A46137-001-a-2780">and</w>
     <w lemma="command" pos="vvi" xml:id="A46137-001-a-2790">command</w>
     <w lemma="they" pos="pno" xml:id="A46137-001-a-2800">them</w>
     <w lemma="upon" pos="acp" xml:id="A46137-001-a-2810">upon</w>
     <w lemma="their" pos="po" xml:id="A46137-001-a-2820">their</w>
     <w lemma="duty" pos="n1" reg="duty" xml:id="A46137-001-a-2830">dutie</w>
     <w lemma="of" pos="acp" xml:id="A46137-001-a-2840">of</w>
     <w lemma="alleigeance" pos="n1" xml:id="A46137-001-a-2850">alleigeance</w>
     <w lemma="to" pos="acp" xml:id="A46137-001-a-2860">to</w>
     <w lemma="his" pos="po" xml:id="A46137-001-a-2870">his</w>
     <w lemma="majesty" pos="n1" reg="Majesty" xml:id="A46137-001-a-2880">Majestie</w>
     <w lemma="that" pos="cs" xml:id="A46137-001-a-2890">that</w>
     <w lemma="they" pos="pns" xml:id="A46137-001-a-2900">they</w>
     <w lemma="lie" pos="vvd" xml:id="A46137-001-a-2910">lay</w>
     <w lemma="down" pos="acp-av" xml:id="A46137-001-a-2920">down</w>
     <w lemma="arm" pos="n2" reg="Arms" xml:id="A46137-001-a-2930">Armes</w>
     <pc xml:id="A46137-001-a-2940">,</pc>
     <w lemma="and" pos="cc" xml:id="A46137-001-a-2950">and</w>
     <w lemma="before" pos="acp" xml:id="A46137-001-a-2960">before</w>
     <w lemma="the" pos="d" xml:id="A46137-001-a-2970">the</w>
     <w lemma="Seaventeenth" pos="n1-nn" xml:id="A46137-001-a-2980">Seaventeenth</w>
     <w lemma="day" pos="n1" xml:id="A46137-001-a-2990">day</w>
     <w lemma="of" pos="acp" xml:id="A46137-001-a-3000">of</w>
     <hi xml:id="A46137-e160">
      <w lemma="July" pos="n1-nn" xml:id="A46137-001-a-3010">July</w>
     </hi>
     <w lemma="next" pos="ord" xml:id="A46137-001-a-3020">next</w>
     <w lemma="render" pos="vvb" xml:id="A46137-001-a-3030">render</w>
     <w lemma="their" pos="po" xml:id="A46137-001-a-3040">their</w>
     <w lemma="person" pos="n2" xml:id="A46137-001-a-3050">Persons</w>
     <w lemma="to" pos="acp" xml:id="A46137-001-a-3060">to</w>
     <w lemma="any" pos="d" xml:id="A46137-001-a-3070">any</w>
     <w lemma="of" pos="acp" xml:id="A46137-001-a-3080">of</w>
     <w lemma="his" pos="po" xml:id="A46137-001-a-3090">his</w>
     <w lemma="majesty" pos="n1g" reg="Majesty's" xml:id="A46137-001-a-3100">Majesties</w>
     <w lemma="justice" pos="n2" reg="justices" xml:id="A46137-001-a-3110">Iustices</w>
     <w lemma="of" pos="acp" xml:id="A46137-001-a-3120">of</w>
     <w lemma="peace" pos="n1" xml:id="A46137-001-a-3130">Peace</w>
     <pc xml:id="A46137-001-a-3140">,</pc>
     <w lemma="and" pos="cc" xml:id="A46137-001-a-3150">and</w>
     <w lemma="submit" pos="vvi" xml:id="A46137-001-a-3160">submit</w>
     <w lemma="themselves" pos="px" xml:id="A46137-001-a-3170">themselves</w>
     <w lemma="to" pos="acp" xml:id="A46137-001-a-3180">to</w>
     <w lemma="his" pos="po" xml:id="A46137-001-a-3190">his</w>
     <w lemma="majesty" pos="n1g" reg="Majesty's" xml:id="A46137-001-a-3200">Majesties</w>
     <w lemma="justice" pos="n1" reg="justice" xml:id="A46137-001-a-3210">Iustice</w>
     <w lemma="to" pos="to" xml:id="A46137-001-a-3220">to</w>
     <w lemma="be" pos="vvi" xml:id="A46137-001-a-3230">be</w>
     <w lemma="try" pos="vvn" reg="tried" xml:id="A46137-001-a-3240">tryed</w>
     <w lemma="for" pos="acp" xml:id="A46137-001-a-3250">for</w>
     <w lemma="their" pos="po" xml:id="A46137-001-a-3260">their</w>
     <w lemma="offence" pos="n2" reg="offences" xml:id="A46137-001-a-3270">offenses</w>
     <w lemma="according" pos="j" xml:id="A46137-001-a-3280">according</w>
     <w lemma="to" pos="acp" xml:id="A46137-001-a-3290">to</w>
     <w lemma="the" pos="d" xml:id="A46137-001-a-3300">the</w>
     <w lemma="law" pos="n2" reg="laws" xml:id="A46137-001-a-3310">lawes</w>
     <w lemma="of" pos="acp" xml:id="A46137-001-a-3320">of</w>
     <w lemma="the" pos="d" xml:id="A46137-001-a-3330">the</w>
     <w lemma="land" pos="n1" xml:id="A46137-001-a-3340">Land</w>
     <pc xml:id="A46137-001-a-3350">▪</pc>
     <w lemma="wherein" pos="crq" xml:id="A46137-001-a-3360">wherein</w>
     <w lemma="if" pos="cs" xml:id="A46137-001-a-3370">if</w>
     <w lemma="they" pos="pns" xml:id="A46137-001-a-3380">they</w>
     <w lemma="or" pos="cc" xml:id="A46137-001-a-3390">or</w>
     <w lemma="any" pos="d" xml:id="A46137-001-a-3400">any</w>
     <w lemma="of" pos="acp" xml:id="A46137-001-a-3410">of</w>
     <w lemma="they" pos="pno" xml:id="A46137-001-a-3420">them</w>
     <w lemma="shall" pos="vmb" xml:id="A46137-001-a-3430">shall</w>
     <w lemma="fail" pos="vvi" reg="fail" xml:id="A46137-001-a-3440">faile</w>
     <pc xml:id="A46137-001-a-3450">,</pc>
     <w lemma="we" pos="pns" xml:id="A46137-001-a-3460">we</w>
     <w lemma="do" pos="vvb" xml:id="A46137-001-a-3470">do</w>
     <w lemma="hereby" pos="av" xml:id="A46137-001-a-3480">hereby</w>
     <w lemma="publish" pos="vvi" xml:id="A46137-001-a-3490">publish</w>
     <w lemma="and" pos="cc" xml:id="A46137-001-a-3500">and</w>
     <w lemma="declare" pos="vvi" xml:id="A46137-001-a-3510">declare</w>
     <w lemma="that" pos="cs" xml:id="A46137-001-a-3520">that</w>
     <w lemma="he" pos="pns" xml:id="A46137-001-a-3530">he</w>
     <w lemma="or" pos="cc" xml:id="A46137-001-a-3540">or</w>
     <w lemma="they" pos="pns" xml:id="A46137-001-a-3550">they</w>
     <w lemma="so" pos="av" xml:id="A46137-001-a-3560">so</w>
     <w lemma="fail" pos="vvg" xml:id="A46137-001-a-3570">failing</w>
     <pc xml:id="A46137-001-a-3580">,</pc>
     <w lemma="and" pos="cc" xml:id="A46137-001-a-3590">and</w>
     <w lemma="such" pos="d" xml:id="A46137-001-a-3600">such</w>
     <w lemma="as" pos="acp" xml:id="A46137-001-a-3610">as</w>
     <w lemma="shall" pos="vmb" xml:id="A46137-001-a-3620">shall</w>
     <w lemma="accompany" pos="vvi" xml:id="A46137-001-a-3630">accompany</w>
     <w lemma="or" pos="cc" xml:id="A46137-001-a-3640">or</w>
     <w lemma="adhere" pos="vvi" xml:id="A46137-001-a-3650">adhere</w>
     <w lemma="to" pos="acp" xml:id="A46137-001-a-3660">to</w>
     <w lemma="they" pos="pno" xml:id="A46137-001-a-3670">them</w>
     <w lemma="after" pos="acp" xml:id="A46137-001-a-3680">after</w>
     <w lemma="the" pos="d" xml:id="A46137-001-a-3690">the</w>
     <w lemma="publication" pos="n1" xml:id="A46137-001-a-3700">publication</w>
     <w lemma="of" pos="acp" xml:id="A46137-001-a-3710">of</w>
     <w lemma="this" pos="d" xml:id="A46137-001-a-3720">this</w>
     <w lemma="proclamation" pos="n1" xml:id="A46137-001-a-3730">Proclamation</w>
     <pc xml:id="A46137-001-a-3740">,</pc>
     <w lemma="and" pos="cc" xml:id="A46137-001-a-3750">and</w>
     <w lemma="every" pos="d" xml:id="A46137-001-a-3760">every</w>
     <w lemma="of" pos="acp" xml:id="A46137-001-a-3770">of</w>
     <w lemma="they" pos="pno" xml:id="A46137-001-a-3780">them</w>
     <w lemma="be" pos="vvb" xml:id="A46137-001-a-3790">are</w>
     <w lemma="from" pos="acp" xml:id="A46137-001-a-3800">from</w>
     <w lemma="and" pos="cc" xml:id="A46137-001-a-3810">and</w>
     <w lemma="immediate" pos="av_j" xml:id="A46137-001-a-3820">immediately</w>
     <w lemma="after" pos="acp" xml:id="A46137-001-a-3830">after</w>
     <w lemma="the" pos="d" xml:id="A46137-001-a-3840">the</w>
     <w lemma="say" pos="j_vn" xml:id="A46137-001-a-3850">said</w>
     <w lemma="Seaventeenth" pos="n1-nn" xml:id="A46137-001-a-3860">Seaventeenth</w>
     <w lemma="day" pos="n1" xml:id="A46137-001-a-3870">day</w>
     <w lemma="of" pos="acp" xml:id="A46137-001-a-3880">of</w>
     <hi xml:id="A46137-e170">
      <w lemma="July" pos="n1-nn" xml:id="A46137-001-a-3890">July</w>
     </hi>
     <w lemma="next" pos="ord" xml:id="A46137-001-a-3900">next</w>
     <w lemma="to" pos="to" xml:id="A46137-001-a-3910">to</w>
     <w lemma="be" pos="vvi" xml:id="A46137-001-a-3920">be</w>
     <w lemma="call" pos="vvn" xml:id="A46137-001-a-3930">called</w>
     <pc xml:id="A46137-001-a-3940">,</pc>
     <w lemma="repute" pos="vvn" xml:id="A46137-001-a-3950">reputed</w>
     <pc xml:id="A46137-001-a-3960">,</pc>
     <w lemma="and" pos="cc" xml:id="A46137-001-a-3970">and</w>
     <w lemma="take" pos="vvn" xml:id="A46137-001-a-3980">taken</w>
     <w lemma="for" pos="acp" xml:id="A46137-001-a-3990">for</w>
     <w lemma="notorious" pos="j" xml:id="A46137-001-a-4000">notorious</w>
     <w lemma="rebel" pos="n2" reg="Rebels" xml:id="A46137-001-a-4010">Rebells</w>
     <w lemma="and" pos="cc" xml:id="A46137-001-a-4020">and</w>
     <w lemma="tray●●●s" pos="n2" xml:id="A46137-001-a-4030">Tray●●●s</w>
     <w lemma="against" pos="acp" xml:id="A46137-001-a-4040">against</w>
     <w lemma="his" pos="po" xml:id="A46137-001-a-4050">his</w>
     <w lemma="majesty" pos="n1" reg="Majesty" xml:id="A46137-001-a-4060">Majestie</w>
     <pc xml:id="A46137-001-a-4070">,</pc>
     <w lemma="and" pos="cc" xml:id="A46137-001-a-4080">and</w>
     <w lemma="according" pos="av_j" xml:id="A46137-001-a-4090">accordingly</w>
     <w lemma="to" pos="to" xml:id="A46137-001-a-4100">to</w>
     <w lemma="be" pos="vvi" xml:id="A46137-001-a-4110">be</w>
     <w lemma="prose●●ted" pos="vvn" xml:id="A46137-001-a-4120">prose●●ted</w>
     <w lemma="by" pos="acp" xml:id="A46137-001-a-4130">by</w>
     <w lemma="all" pos="d" xml:id="A46137-001-a-4140">all</w>
     <w lemma="his" pos="po" xml:id="A46137-001-a-4150">his</w>
     <w lemma="majesty" pos="n2" xml:id="A46137-001-a-4160">Majesties</w>
     <w lemma="love" pos="vvg" xml:id="A46137-001-a-4170">loving</w>
     <w lemma="and" pos="cc" xml:id="A46137-001-a-4180">and</w>
     <w lemma="good" pos="j" xml:id="A46137-001-a-4190">good</w>
     <w lemma="●bjects" pos="n2" xml:id="A46137-001-a-4200">●bjects</w>
     <w lemma="in" pos="acp" xml:id="A46137-001-a-4210">in</w>
     <w lemma="all" pos="d" xml:id="A46137-001-a-4220">all</w>
     <w lemma="hostile" pos="j" xml:id="A46137-001-a-4230">hostile</w>
     <w lemma="manner" pos="n1" xml:id="A46137-001-a-4240">manner</w>
     <pc unit="sentence" xml:id="A46137-001-a-4250">.</pc>
     <w lemma="declare" pos="vvg" xml:id="A46137-001-a-4260">Declaring</w>
     <w lemma="further" pos="av_j" xml:id="A46137-001-a-4270">further</w>
     <w lemma="that" pos="cs" xml:id="A46137-001-a-4280">that</w>
     <w lemma="whatsoever" pos="crq" xml:id="A46137-001-a-4290">whatsoever</w>
     <w lemma="person" pos="n1" xml:id="A46137-001-a-4300">Person</w>
     <w lemma="or" pos="cc" xml:id="A46137-001-a-4310">or</w>
     <w lemma="person" pos="n2" xml:id="A46137-001-a-4320">Persons</w>
     <w lemma="shall" pos="vmb" xml:id="A46137-001-a-4330">shall</w>
     <pb facs="tcp:100983:1" xml:id="A46137-001-b"/>
     <w lemma="comfort" pos="vvi" xml:id="A46137-001-b-0010">comfort</w>
     <pc xml:id="A46137-001-b-0020">,</pc>
     <w lemma="relieve" pos="vvi" reg="relieve" xml:id="A46137-001-b-0030">releive</w>
     <w lemma="or" pos="cc" xml:id="A46137-001-b-0040">or</w>
     <w lemma="abett" pos="vvi" xml:id="A46137-001-b-0050">abett</w>
     <w lemma="they" pos="pno" xml:id="A46137-001-b-0060">them</w>
     <pc xml:id="A46137-001-b-0070">,</pc>
     <w lemma="or" pos="cc" xml:id="A46137-001-b-0080">or</w>
     <w lemma="any" pos="d" xml:id="A46137-001-b-0090">any</w>
     <w lemma="of" pos="acp" xml:id="A46137-001-b-0100">of</w>
     <w lemma="they" pos="pno" xml:id="A46137-001-b-0110">them</w>
     <pc xml:id="A46137-001-b-0120">,</pc>
     <w lemma="or" pos="cc" xml:id="A46137-001-b-0130">or</w>
     <w lemma="any" pos="d" xml:id="A46137-001-b-0140">any</w>
     <w lemma="of" pos="acp" xml:id="A46137-001-b-0150">of</w>
     <w lemma="their" pos="po" xml:id="A46137-001-b-0160">their</w>
     <w lemma="confederate" pos="n2_j" reg="Confederates" xml:id="A46137-001-b-0170">Confederats</w>
     <w lemma="or" pos="cc" xml:id="A46137-001-b-0180">or</w>
     <w lemma="adherent" pos="n2" xml:id="A46137-001-b-0190">adherents</w>
     <pc xml:id="A46137-001-b-0200">,</pc>
     <w lemma="they" pos="pns" xml:id="A46137-001-b-0210">they</w>
     <w lemma="be" pos="vvb" xml:id="A46137-001-b-0220">are</w>
     <w lemma="and" pos="cc" xml:id="A46137-001-b-0230">and</w>
     <w lemma="shall" pos="vmb" xml:id="A46137-001-b-0240">shall</w>
     <w lemma="be" pos="vvi" xml:id="A46137-001-b-0250">be</w>
     <w lemma="repute" pos="vvn" xml:id="A46137-001-b-0260">reputed</w>
     <pc xml:id="A46137-001-b-0270">,</pc>
     <w lemma="deem" pos="vvn" xml:id="A46137-001-b-0280">deemed</w>
     <w lemma="and" pos="cc" xml:id="A46137-001-b-0290">and</w>
     <w lemma="adjudge" pos="vvn" reg="adjudged" xml:id="A46137-001-b-0300">adiudged</w>
     <w lemma="traitor" pos="n2" reg="Traitors" xml:id="A46137-001-b-0310">Traytors</w>
     <w lemma="in" pos="acp" xml:id="A46137-001-b-0320">in</w>
     <w lemma="like" pos="j" xml:id="A46137-001-b-0330">like</w>
     <w lemma="degree" pos="n1" xml:id="A46137-001-b-0340">degree</w>
     <w lemma="with" pos="acp" xml:id="A46137-001-b-0350">with</w>
     <w lemma="the" pos="d" xml:id="A46137-001-b-0360">the</w>
     <w lemma="forename" pos="j_vn" xml:id="A46137-001-b-0370">forenamed</w>
     <w lemma="traitor" pos="n2" reg="Traitors" xml:id="A46137-001-b-0380">Traytors</w>
     <w lemma="and" pos="cc" xml:id="A46137-001-b-0390">and</w>
     <w lemma="rebel" pos="n2" reg="Rebels" xml:id="A46137-001-b-0400">Rebells</w>
     <w lemma="themselves" pos="px" xml:id="A46137-001-b-0410">themselves</w>
     <pc xml:id="A46137-001-b-0420">;</pc>
     <w lemma="and" pos="cc" xml:id="A46137-001-b-0430">And</w>
     <w lemma="we" pos="pns" xml:id="A46137-001-b-0440">we</w>
     <w lemma="do" pos="vvb" xml:id="A46137-001-b-0450">do</w>
     <w lemma="in" pos="acp" xml:id="A46137-001-b-0460">in</w>
     <w lemma="his" pos="po" xml:id="A46137-001-b-0470">his</w>
     <w lemma="majesty" pos="n1g" reg="Majesty's" xml:id="A46137-001-b-0480">Majesties</w>
     <w lemma="name" pos="n1" xml:id="A46137-001-b-0490">name</w>
     <w lemma="straigh" pos="av_j" xml:id="A46137-001-b-0500">straighly</w>
     <w lemma="charge" pos="n1" xml:id="A46137-001-b-0510">charge</w>
     <w lemma="and" pos="cc" xml:id="A46137-001-b-0520">and</w>
     <w lemma="command" pos="vvi" xml:id="A46137-001-b-0530">command</w>
     <w lemma="all" pos="d" xml:id="A46137-001-b-0540">all</w>
     <w lemma="his" pos="po" xml:id="A46137-001-b-0550">his</w>
     <w lemma="majesty" pos="n1g" reg="Majesty's" xml:id="A46137-001-b-0560">Majesties</w>
     <w lemma="loyal" pos="j" xml:id="A46137-001-b-0570">loyal</w>
     <w lemma="subject" pos="n2" xml:id="A46137-001-b-0580">Subjects</w>
     <w lemma="upon" pos="acp" xml:id="A46137-001-b-0590">upon</w>
     <w lemma="their" pos="po" xml:id="A46137-001-b-0600">their</w>
     <w lemma="duty" pos="n1" xml:id="A46137-001-b-0610">duty</w>
     <w lemma="of" pos="acp" xml:id="A46137-001-b-0620">of</w>
     <w lemma="allegiance" pos="n1" xml:id="A46137-001-b-0630">allegiance</w>
     <w lemma="to" pos="acp" xml:id="A46137-001-b-0640">to</w>
     <w lemma="his" pos="po" xml:id="A46137-001-b-0650">his</w>
     <w lemma="majesty" pos="n1" reg="Majesty" xml:id="A46137-001-b-0660">Majestie</w>
     <w lemma="not" pos="xx" xml:id="A46137-001-b-0670">not</w>
     <w lemma="only" pos="av_j" reg="only" xml:id="A46137-001-b-0680">onely</w>
     <w lemma="to" pos="to" xml:id="A46137-001-b-0690">to</w>
     <w lemma="forbear" pos="vvi" reg="forbear" xml:id="A46137-001-b-0700">forbeare</w>
     <w lemma="to" pos="to" xml:id="A46137-001-b-0710">to</w>
     <w lemma="receive" pos="vvi" xml:id="A46137-001-b-0720">receive</w>
     <w lemma="or" pos="cc" xml:id="A46137-001-b-0730">or</w>
     <w lemma="relieve" pos="vvi" reg="relieve" xml:id="A46137-001-b-0740">releive</w>
     <w lemma="they" pos="pno" xml:id="A46137-001-b-0750">them</w>
     <w lemma="the" pos="d" xml:id="A46137-001-b-0760">the</w>
     <w lemma="say" pos="vvd" xml:id="A46137-001-b-0770">said</w>
     <hi xml:id="A46137-e180">
      <w lemma="Dualtagh" pos="n1-nn" xml:id="A46137-001-b-0780">Dualtagh</w>
      <w lemma="alias" pos="av" xml:id="A46137-001-b-0790">alias</w>
      <w lemma="Dud●y" pos="n1-nn" xml:id="A46137-001-b-0800">Dud●y</w>
      <w lemma="Costelo" pos="n1-nn" xml:id="A46137-001-b-0810">Costelo</w>
      <pc xml:id="A46137-001-b-0820">,</pc>
      <w lemma="Edmund" pos="n1-nn" xml:id="A46137-001-b-0830">Edmund</w>
      <w lemma="Nangle" pos="n1-nn" xml:id="A46137-001-b-0840">Nangle</w>
      <pc xml:id="A46137-001-b-0850">,</pc>
      <w lemma="Christopher" pos="n1-nn" xml:id="A46137-001-b-0860">Christopher</w>
      <w lemma="hill" pos="n1" xml:id="A46137-001-b-0870">Hill</w>
      <pc xml:id="A46137-001-b-0880">,</pc>
      <w lemma="Thomas" pos="n1-nn" xml:id="A46137-001-b-0890">Thomas</w>
      <w lemma="plunket" pos="n1-nn" xml:id="A46137-001-b-0900">Plunket</w>
      <pc xml:id="A46137-001-b-0910">,</pc>
      <w lemma="cahel" pos="n1-nn" xml:id="A46137-001-b-0920">Cahel</w>
      <w lemma="alias" pos="av" xml:id="A46137-001-b-0930">alias</w>
      <w lemma="Charles" pos="n1-nn" xml:id="A46137-001-b-0940">Charles</w>
      <w lemma="Mac" pos="n1-nn" xml:id="A46137-001-b-0950">Mac</w>
      <w lemma="Cawell" pos="n1-nn" xml:id="A46137-001-b-0960">Cawell</w>
      <w lemma="and" pos="cc" xml:id="A46137-001-b-0970">and</w>
      <w lemma="neil" pos="n1-nn" xml:id="A46137-001-b-0980">Neil</w>
      <w lemma="o" pos="uh" reg="o" xml:id="A46137-001-b-0990">ô</w>
      <w lemma="neil" pos="n1-nn" xml:id="A46137-001-b-1000">Neil</w>
     </hi>
     <w lemma="or" pos="cc" xml:id="A46137-001-b-1010">or</w>
     <w lemma="any" pos="d" xml:id="A46137-001-b-1020">any</w>
     <w lemma="of" pos="acp" xml:id="A46137-001-b-1030">of</w>
     <w lemma="they" pos="pno" xml:id="A46137-001-b-1040">them</w>
     <pc xml:id="A46137-001-b-1050">,</pc>
     <w lemma="or" pos="cc" xml:id="A46137-001-b-1060">or</w>
     <w lemma="any" pos="d" xml:id="A46137-001-b-1070">any</w>
     <w lemma="of" pos="acp" xml:id="A46137-001-b-1080">of</w>
     <w lemma="their" pos="po" xml:id="A46137-001-b-1090">their</w>
     <w lemma="confederate" pos="n2_j" xml:id="A46137-001-b-1100">Confederates</w>
     <w lemma="or" pos="cc" xml:id="A46137-001-b-1110">or</w>
     <w lemma="adherent" pos="n2" xml:id="A46137-001-b-1120">adherents</w>
     <pc xml:id="A46137-001-b-1130">,</pc>
     <w lemma="but" pos="acp" xml:id="A46137-001-b-1140">but</w>
     <w lemma="also" pos="av" xml:id="A46137-001-b-1150">also</w>
     <w lemma="to" pos="to" xml:id="A46137-001-b-1160">to</w>
     <w lemma="make" pos="vvi" xml:id="A46137-001-b-1170">make</w>
     <w lemma="diligent" pos="j" xml:id="A46137-001-b-1180">diligent</w>
     <w lemma="search" pos="n1" xml:id="A46137-001-b-1190">search</w>
     <w lemma="and" pos="cc" xml:id="A46137-001-b-1200">and</w>
     <w lemma="enquiry" pos="n1" reg="enquiry" xml:id="A46137-001-b-1210">enquirie</w>
     <w lemma="in" pos="acp" xml:id="A46137-001-b-1220">in</w>
     <w lemma="what" pos="crq" xml:id="A46137-001-b-1230">what</w>
     <w lemma="place" pos="n1" xml:id="A46137-001-b-1240">place</w>
     <w lemma="or" pos="cc" xml:id="A46137-001-b-1250">or</w>
     <w lemma="place" pos="n2" xml:id="A46137-001-b-1260">places</w>
     <w lemma="the" pos="d" xml:id="A46137-001-b-1270">the</w>
     <w lemma="say" pos="vvd" xml:id="A46137-001-b-1280">said</w>
     <hi xml:id="A46137-e190">
      <w lemma="Dualtagh" pos="n1-nn" xml:id="A46137-001-b-1290">Dualtagh</w>
      <w lemma="a●ias" pos="av" xml:id="A46137-001-b-1300">a●ias</w>
      <w lemma="Dudley" pos="n1-nn" reg="Dudley" xml:id="A46137-001-b-1310">Dudly</w>
      <w lemma="Costelo" pos="n1-nn" xml:id="A46137-001-b-1320">Costelo</w>
      <pc xml:id="A46137-001-b-1330">,</pc>
      <w lemma="Edmund" pos="n1-nn" xml:id="A46137-001-b-1340">Edmund</w>
      <w lemma="Nang●e" pos="n1-nn" xml:id="A46137-001-b-1350">Nang●e</w>
      <pc xml:id="A46137-001-b-1360">,</pc>
      <w lemma="Christopher" pos="n1-nn" xml:id="A46137-001-b-1370">Christopher</w>
      <w lemma="hill" pos="n1" xml:id="A46137-001-b-1380">Hill</w>
      <pc xml:id="A46137-001-b-1390">,</pc>
      <w lemma="Thomas" pos="n1-nn" xml:id="A46137-001-b-1400">Thomas</w>
      <w lemma="plunket" pos="n1-nn" xml:id="A46137-001-b-1410">Plunket</w>
      <pc xml:id="A46137-001-b-1420">,</pc>
      <w lemma="Cahell" pos="n1-nn" xml:id="A46137-001-b-1430">Cahell</w>
      <w lemma="alias" pos="av" xml:id="A46137-001-b-1440">alias</w>
      <w lemma="Charles" pos="n1-nn" xml:id="A46137-001-b-1450">Charles</w>
      <w lemma="Mac" pos="n1-nn" xml:id="A46137-001-b-1460">Mac</w>
      <w lemma="Cawell" pos="n1-nn" xml:id="A46137-001-b-1470">Cawell</w>
      <w lemma="and" pos="cc" xml:id="A46137-001-b-1480">and</w>
      <w lemma="neil" pos="n1-nn" xml:id="A46137-001-b-1490">Neil</w>
      <w lemma="o" pos="uh" reg="o" xml:id="A46137-001-b-1500">ô</w>
      <w lemma="neil" pos="n1-nn" xml:id="A46137-001-b-1510">Neil</w>
      <pc xml:id="A46137-001-b-1520">,</pc>
     </hi>
     <w lemma="or" pos="cc" xml:id="A46137-001-b-1530">or</w>
     <w lemma="their" pos="po" xml:id="A46137-001-b-1540">their</w>
     <w lemma="say" pos="j_vn" xml:id="A46137-001-b-1550">said</w>
     <w lemma="confederates" pos="n1-nn" xml:id="A46137-001-b-1560">Confederates</w>
     <w lemma="shall" pos="vmb" xml:id="A46137-001-b-1570">shall</w>
     <w lemma="from" pos="acp" xml:id="A46137-001-b-1580">from</w>
     <w lemma="time" pos="n1" xml:id="A46137-001-b-1590">time</w>
     <w lemma="to" pos="acp" xml:id="A46137-001-b-1600">to</w>
     <w lemma="time" pos="n1" xml:id="A46137-001-b-1610">time</w>
     <w lemma="lurk" pos="vvi" xml:id="A46137-001-b-1620">lurk</w>
     <w lemma="or" pos="cc" xml:id="A46137-001-b-1630">or</w>
     <w lemma="be" pos="vvi" xml:id="A46137-001-b-1640">be</w>
     <w lemma="relieve" pos="vvn" reg="relieved" xml:id="A46137-001-b-1650">releived</w>
     <pc xml:id="A46137-001-b-1660">,</pc>
     <w lemma="and" pos="cc" xml:id="A46137-001-b-1670">and</w>
     <w lemma="by" pos="acp" xml:id="A46137-001-b-1680">by</w>
     <w lemma="all" pos="d" xml:id="A46137-001-b-1690">all</w>
     <w lemma="mean" pos="vvz" xml:id="A46137-001-b-1700">means</w>
     <w lemma="possible" pos="j" xml:id="A46137-001-b-1710">possible</w>
     <w lemma="to" pos="to" xml:id="A46137-001-b-1720">to</w>
     <w lemma="prosecute" pos="vvi" xml:id="A46137-001-b-1730">prosecute</w>
     <w lemma="apprehend" pos="vvi" xml:id="A46137-001-b-1740">apprehend</w>
     <w lemma="and" pos="cc" xml:id="A46137-001-b-1750">and</w>
     <w lemma="take" pos="vvi" xml:id="A46137-001-b-1760">take</w>
     <w lemma="the" pos="d" xml:id="A46137-001-b-1770">the</w>
     <w lemma="body" pos="n2" xml:id="A46137-001-b-1780">Bodies</w>
     <w lemma="of" pos="acp" xml:id="A46137-001-b-1790">of</w>
     <w lemma="they" pos="pno" xml:id="A46137-001-b-1800">them</w>
     <w lemma="the" pos="d" xml:id="A46137-001-b-1810">the</w>
     <w lemma="say" pos="vvd" xml:id="A46137-001-b-1820">said</w>
     <hi xml:id="A46137-e200">
      <w lemma="Dualtagh" pos="n1-nn" xml:id="A46137-001-b-1830">Dualtagh</w>
      <w lemma="alias" pos="av" xml:id="A46137-001-b-1840">alias</w>
      <w lemma="deadly" pos="j" reg="Deadly" xml:id="A46137-001-b-1850">D●dly</w>
      <w lemma="Costelo" pos="n1-nn" xml:id="A46137-001-b-1860">Costelo</w>
      <pc xml:id="A46137-001-b-1870">,</pc>
      <w lemma="Edmund" pos="n1-nn" xml:id="A46137-001-b-1880">Edmund</w>
      <w lemma="Nangle" pos="n1-nn" xml:id="A46137-001-b-1890">Nangle</w>
      <pc xml:id="A46137-001-b-1900">,</pc>
      <w lemma="Christopher" pos="n1-nn" xml:id="A46137-001-b-1910">Christopher</w>
      <w lemma="hill" pos="n1" xml:id="A46137-001-b-1920">Hill</w>
      <pc xml:id="A46137-001-b-1930">,</pc>
      <w lemma="Thomas" pos="n1-nn" xml:id="A46137-001-b-1940">Thomas</w>
      <w lemma="plunket" pos="n1-nn" xml:id="A46137-001-b-1950">Plunket</w>
      <pc xml:id="A46137-001-b-1960">,</pc>
      <w lemma="cahel" pos="n1-nn" xml:id="A46137-001-b-1970">Cahel</w>
      <w lemma="alias" pos="av" xml:id="A46137-001-b-1980">alias</w>
      <w lemma="Charles" pos="n1-nn" xml:id="A46137-001-b-1990">Charles</w>
      <w lemma="Mac" pos="n1-nn" xml:id="A46137-001-b-2000">Mac</w>
      <w lemma="Cawell" pos="n1-nn" xml:id="A46137-001-b-2010">Cawell</w>
      <w lemma="and" pos="cc" xml:id="A46137-001-b-2020">and</w>
      <w lemma="neil" pos="n1-nn" xml:id="A46137-001-b-2030">Neil</w>
      <w lemma="o" pos="uh" reg="o" xml:id="A46137-001-b-2040">ô</w>
      <w lemma="neil" pos="n1-nn" xml:id="A46137-001-b-2050">Neil</w>
     </hi>
     <w lemma="and" pos="cc" xml:id="A46137-001-b-2060">and</w>
     <w lemma="their" pos="po" xml:id="A46137-001-b-2070">their</w>
     <w lemma="adherent" pos="n2" xml:id="A46137-001-b-2080">adherents</w>
     <pc xml:id="A46137-001-b-2090">,</pc>
     <w lemma="and" pos="cc" xml:id="A46137-001-b-2100">and</w>
     <w lemma="they" pos="pno" xml:id="A46137-001-b-2110">them</w>
     <w lemma="to" pos="to" xml:id="A46137-001-b-2120">to</w>
     <w lemma="bring" pos="vvi" xml:id="A46137-001-b-2130">bring</w>
     <w lemma="or" pos="cc" xml:id="A46137-001-b-2140">or</w>
     <w lemma="cause" pos="n1" xml:id="A46137-001-b-2150">cause</w>
     <w lemma="to" pos="to" xml:id="A46137-001-b-2160">to</w>
     <w lemma="be" pos="vvi" xml:id="A46137-001-b-2170">be</w>
     <w lemma="bring" pos="vvn" xml:id="A46137-001-b-2180">brought</w>
     <w lemma="under" pos="acp" xml:id="A46137-001-b-2190">under</w>
     <w lemma="safe" pos="j" xml:id="A46137-001-b-2200">safe</w>
     <w lemma="custody" pos="n1" reg="custody" xml:id="A46137-001-b-2210">custodie</w>
     <w lemma="unto" pos="acp" xml:id="A46137-001-b-2220">unto</w>
     <w lemma="the" pos="d" xml:id="A46137-001-b-2230">the</w>
     <w lemma="high" pos="j" xml:id="A46137-001-b-2240">high</w>
     <w lemma="sheriff" pos="n2" xml:id="A46137-001-b-2250">Sheriffs</w>
     <w lemma="of" pos="acp" xml:id="A46137-001-b-2260">of</w>
     <w lemma="the" pos="d" xml:id="A46137-001-b-2270">the</w>
     <w lemma="respective" pos="j" xml:id="A46137-001-b-2280">respective</w>
     <w lemma="county" pos="n2" xml:id="A46137-001-b-2290">Counties</w>
     <pc xml:id="A46137-001-b-2300">,</pc>
     <w lemma="where" pos="crq" xml:id="A46137-001-b-2310">where</w>
     <w lemma="any" pos="d" xml:id="A46137-001-b-2320">any</w>
     <w lemma="of" pos="acp" xml:id="A46137-001-b-2330">of</w>
     <w lemma="they" pos="pno" xml:id="A46137-001-b-2340">them</w>
     <w lemma="shall" pos="vmb" xml:id="A46137-001-b-2350">shall</w>
     <w lemma="be" pos="vvi" xml:id="A46137-001-b-2360">be</w>
     <w lemma="apprehend" pos="vvn" xml:id="A46137-001-b-2370">apprehended</w>
     <pc xml:id="A46137-001-b-2380">,</pc>
     <w lemma="to" pos="to" xml:id="A46137-001-b-2390">to</w>
     <w lemma="be" pos="vvi" xml:id="A46137-001-b-2400">be</w>
     <w lemma="by" pos="acp" xml:id="A46137-001-b-2410">by</w>
     <w lemma="such" pos="d" xml:id="A46137-001-b-2420">such</w>
     <w lemma="sheriff" pos="n1" xml:id="A46137-001-b-2430">Sheriff</w>
     <w lemma="keep" pos="vvn" xml:id="A46137-001-b-2440">kept</w>
     <w lemma="in" pos="acp" xml:id="A46137-001-b-2450">in</w>
     <w lemma="strict" pos="j" xml:id="A46137-001-b-2460">strict</w>
     <w lemma="and" pos="cc" xml:id="A46137-001-b-2470">and</w>
     <w lemma="safe" pos="j" xml:id="A46137-001-b-2480">safe</w>
     <w lemma="custody" pos="n1" reg="custody" xml:id="A46137-001-b-2490">custodie</w>
     <pc xml:id="A46137-001-b-2500">,</pc>
     <w lemma="till" pos="acp" xml:id="A46137-001-b-2510">till</w>
     <w lemma="we" pos="pns" xml:id="A46137-001-b-2520">we</w>
     <w lemma="upon" pos="acp" xml:id="A46137-001-b-2530">upon</w>
     <w lemma="notice" pos="n1" xml:id="A46137-001-b-2540">notice</w>
     <w lemma="thereof" pos="av" xml:id="A46137-001-b-2550">thereof</w>
     <w lemma="shall" pos="vmb" xml:id="A46137-001-b-2560">shall</w>
     <w lemma="give" pos="vvi" xml:id="A46137-001-b-2570">give</w>
     <w lemma="further" pos="j-c" xml:id="A46137-001-b-2580">further</w>
     <w lemma="direction" pos="n1" xml:id="A46137-001-b-2590">direction</w>
     <w lemma="concern" pos="vvg" xml:id="A46137-001-b-2600">concerning</w>
     <w lemma="they" pos="pno" xml:id="A46137-001-b-2610">them</w>
     <pc xml:id="A46137-001-b-2620">,</pc>
     <w lemma="or" pos="cc" xml:id="A46137-001-b-2630">or</w>
     <w lemma="resist" pos="vvg" xml:id="A46137-001-b-2640">resisting</w>
     <w lemma="and" pos="cc" xml:id="A46137-001-b-2650">and</w>
     <w lemma="refuse" pos="vvg" xml:id="A46137-001-b-2660">refusing</w>
     <w lemma="to" pos="to" xml:id="A46137-001-b-2670">to</w>
     <w lemma="be" pos="vvi" xml:id="A46137-001-b-2680">be</w>
     <w lemma="take" pos="vvn" xml:id="A46137-001-b-2690">taken</w>
     <pc xml:id="A46137-001-b-2700">,</pc>
     <w lemma="to" pos="to" xml:id="A46137-001-b-2710">to</w>
     <w lemma="kill" pos="vvi" xml:id="A46137-001-b-2720">kill</w>
     <w lemma="they" pos="pno" xml:id="A46137-001-b-2730">them</w>
     <w lemma="or" pos="cc" xml:id="A46137-001-b-2740">or</w>
     <w lemma="any" pos="d" xml:id="A46137-001-b-2750">any</w>
     <w lemma="of" pos="acp" xml:id="A46137-001-b-2760">of</w>
     <w lemma="they" pos="pno" xml:id="A46137-001-b-2770">them</w>
     <pc xml:id="A46137-001-b-2780">;</pc>
     <w lemma="and" pos="cc" xml:id="A46137-001-b-2790">And</w>
     <w lemma="we" pos="pns" xml:id="A46137-001-b-2800">we</w>
     <w lemma="do" pos="vvb" xml:id="A46137-001-b-2810">do</w>
     <w lemma="hereby" pos="av" xml:id="A46137-001-b-2820">hereby</w>
     <w lemma="declare" pos="vvi" xml:id="A46137-001-b-2830">declare</w>
     <w lemma="that" pos="cs" xml:id="A46137-001-b-2840">that</w>
     <w lemma="whosoever" pos="crq" xml:id="A46137-001-b-2850">whosoever</w>
     <w lemma="shall" pos="vmb" xml:id="A46137-001-b-2860">shall</w>
     <w lemma="after" pos="acp" xml:id="A46137-001-b-2870">after</w>
     <w lemma="the" pos="d" xml:id="A46137-001-b-2880">the</w>
     <w lemma="say" pos="vvd" xml:id="A46137-001-b-2890">said</w>
     <w lemma="Seaventeenth" pos="n1-nn" xml:id="A46137-001-b-2900">Seaventeenth</w>
     <w lemma="day" pos="n1" xml:id="A46137-001-b-2910">day</w>
     <w lemma="of" pos="acp" xml:id="A46137-001-b-2920">of</w>
     <hi xml:id="A46137-e210">
      <w lemma="July" pos="n1-nn" xml:id="A46137-001-b-2930">July</w>
     </hi>
     <w lemma="next" pos="ord" xml:id="A46137-001-b-2940">next</w>
     <w lemma="bring" pos="vvb" xml:id="A46137-001-b-2950">bring</w>
     <w lemma="unto" pos="acp" xml:id="A46137-001-b-2960">unto</w>
     <w lemma="any" pos="d" xml:id="A46137-001-b-2970">any</w>
     <w lemma="sheriff" pos="n1" xml:id="A46137-001-b-2980">Sheriff</w>
     <w lemma="the" pos="d" xml:id="A46137-001-b-2990">the</w>
     <w lemma="body" pos="n1" reg="Body" xml:id="A46137-001-b-3000">Bodie</w>
     <w lemma="of" pos="acp" xml:id="A46137-001-b-3010">of</w>
     <w lemma="the" pos="d" xml:id="A46137-001-b-3020">the</w>
     <w lemma="say" pos="vvd" xml:id="A46137-001-b-3030">said</w>
     <hi xml:id="A46137-e220">
      <w lemma="Dualtagh" pos="n1-nn" xml:id="A46137-001-b-3040">Dualtagh</w>
      <w lemma="alias" pos="av" xml:id="A46137-001-b-3050">alias</w>
      <w lemma="Dudley" pos="n1-nn" reg="Dudley" xml:id="A46137-001-b-3060">Dudly</w>
      <w lemma="Costelo" pos="n1-nn" xml:id="A46137-001-b-3070">Costelo</w>
      <pc xml:id="A46137-001-b-3080">,</pc>
      <w lemma="Edmund" pos="n1-nn" xml:id="A46137-001-b-3090">Edmund</w>
      <w lemma="Nangle" pos="n1-nn" xml:id="A46137-001-b-3100">Nangle</w>
      <pc xml:id="A46137-001-b-3110">,</pc>
      <w lemma="Christ●pher" pos="n1-nn" xml:id="A46137-001-b-3120">Christ●pher</w>
      <w lemma="hill" pos="n1" xml:id="A46137-001-b-3130">Hill</w>
      <pc xml:id="A46137-001-b-3140">,</pc>
      <w lemma="Thomas" pos="n1-nn" xml:id="A46137-001-b-3150">Thomas</w>
      <w lemma="plunket" pos="n1-nn" xml:id="A46137-001-b-3160">Plunket</w>
      <pc xml:id="A46137-001-b-3170">,</pc>
      <w lemma="Cahell" pos="n1-nn" xml:id="A46137-001-b-3180">Cahell</w>
      <w lemma="alias" pos="av" xml:id="A46137-001-b-3190">alias</w>
      <w lemma="Charles" pos="n1-nn" xml:id="A46137-001-b-3200">Charles</w>
      <w lemma="Mac" pos="n1-nn" xml:id="A46137-001-b-3210">Mac</w>
      <w lemma="Cawell" pos="n1-nn" xml:id="A46137-001-b-3220">Cawell</w>
      <pc xml:id="A46137-001-b-3230">,</pc>
      <w lemma="or" pos="cc" xml:id="A46137-001-b-3240">or</w>
      <w lemma="neil" pos="n1-nn" xml:id="A46137-001-b-3250">Neil</w>
      <w lemma="o" pos="uh" reg="o" xml:id="A46137-001-b-3260">ô</w>
      <w lemma="neil" pos="n1-nn" xml:id="A46137-001-b-3270">Neil</w>
     </hi>
     <w lemma="or" pos="cc" xml:id="A46137-001-b-3280">or</w>
     <w lemma="any" pos="d" xml:id="A46137-001-b-3290">any</w>
     <w lemma="of" pos="acp" xml:id="A46137-001-b-3300">of</w>
     <w lemma="than" pos="cs" xml:id="A46137-001-b-3310">than</w>
     <w lemma="alive" pos="j" xml:id="A46137-001-b-3320">alive</w>
     <pc xml:id="A46137-001-b-3330">,</pc>
     <w lemma="or" pos="cc" xml:id="A46137-001-b-3340">or</w>
     <w lemma="kill" pos="vvi" xml:id="A46137-001-b-3350">kill</w>
     <w lemma="any" pos="d" xml:id="A46137-001-b-3360">any</w>
     <w lemma="of" pos="acp" xml:id="A46137-001-b-3370">of</w>
     <w lemma="they" pos="pno" xml:id="A46137-001-b-3380">them</w>
     <pc xml:id="A46137-001-b-3390">,</pc>
     <w lemma="and" pos="cc" xml:id="A46137-001-b-3400">and</w>
     <w lemma="bring" pos="vvi" xml:id="A46137-001-b-3410">bring</w>
     <w lemma="his" pos="po" xml:id="A46137-001-b-3420">his</w>
     <w lemma="head" pos="n1" xml:id="A46137-001-b-3430">Head</w>
     <w lemma="to" pos="acp" xml:id="A46137-001-b-3440">to</w>
     <w lemma="the" pos="d" xml:id="A46137-001-b-3450">the</w>
     <w lemma="sheriff" pos="n1" xml:id="A46137-001-b-3460">Sheriff</w>
     <w lemma="of" pos="acp" xml:id="A46137-001-b-3470">of</w>
     <w lemma="the" pos="d" xml:id="A46137-001-b-3480">the</w>
     <w lemma="county" pos="n1" xml:id="A46137-001-b-3490">County</w>
     <w lemma="where" pos="crq" xml:id="A46137-001-b-3500">where</w>
     <w lemma="he" pos="pns" xml:id="A46137-001-b-3510">he</w>
     <w lemma="shall" pos="vmb" xml:id="A46137-001-b-3520">shall</w>
     <w lemma="be" pos="vvi" xml:id="A46137-001-b-3530">be</w>
     <w lemma="kill" pos="vvn" xml:id="A46137-001-b-3540">killed</w>
     <pc join="right" xml:id="A46137-001-b-3550">(</pc>
     <w lemma="to" pos="to" xml:id="A46137-001-b-3560">to</w>
     <w lemma="be" pos="vvi" xml:id="A46137-001-b-3570">be</w>
     <w lemma="by" pos="acp" xml:id="A46137-001-b-3580">by</w>
     <w lemma="such" pos="d" xml:id="A46137-001-b-3590">such</w>
     <w lemma="sheriff" pos="n1" xml:id="A46137-001-b-3600">Sheriff</w>
     <w lemma="set" pos="vvd" xml:id="A46137-001-b-3610">set</w>
     <w lemma="up" pos="acp-av" xml:id="A46137-001-b-3620">up</w>
     <w lemma="in" pos="acp" xml:id="A46137-001-b-3630">in</w>
     <w lemma="some" pos="d" xml:id="A46137-001-b-3640">some</w>
     <w lemma="public" pos="j" reg="public" xml:id="A46137-001-b-3650">publicque</w>
     <w lemma="place" pos="n1" xml:id="A46137-001-b-3660">place</w>
     <w lemma="in" pos="acp" xml:id="A46137-001-b-3670">in</w>
     <w lemma="that" pos="d" xml:id="A46137-001-b-3680">that</w>
     <w lemma="county" pos="n1" reg="County" xml:id="A46137-001-b-3690">Countie</w>
     <pc xml:id="A46137-001-b-3700">)</pc>
     <w lemma="shall" pos="vmb" xml:id="A46137-001-b-3710">shall</w>
     <w lemma="have" pos="vvi" xml:id="A46137-001-b-3720">have</w>
     <w lemma="for" pos="acp" xml:id="A46137-001-b-3730">for</w>
     <w lemma="his" pos="po" xml:id="A46137-001-b-3740">his</w>
     <w lemma="reward" pos="n1" xml:id="A46137-001-b-3750">Reward</w>
     <w lemma="for" pos="acp" xml:id="A46137-001-b-3760">for</w>
     <w lemma="each" pos="d" xml:id="A46137-001-b-3770">each</w>
     <w lemma="person" pos="n1" xml:id="A46137-001-b-3780">Person</w>
     <w lemma="so" pos="av" xml:id="A46137-001-b-3790">so</w>
     <w lemma="bring" pos="vvn" xml:id="A46137-001-b-3800">brought</w>
     <w lemma="in" pos="acp" xml:id="A46137-001-b-3810">in</w>
     <pc xml:id="A46137-001-b-3820">,</pc>
     <w lemma="or" pos="cc" xml:id="A46137-001-b-3830">or</w>
     <w lemma="his" pos="po" xml:id="A46137-001-b-3840">his</w>
     <w lemma="head" pos="n1" xml:id="A46137-001-b-3850">Head</w>
     <w lemma="twenty" pos="crd" xml:id="A46137-001-b-3860">Twenty</w>
     <w lemma="pound" pos="n2" xml:id="A46137-001-b-3870">pounds</w>
     <w lemma="to" pos="to" xml:id="A46137-001-b-3880">to</w>
     <w lemma="be" pos="vvi" xml:id="A46137-001-b-3890">be</w>
     <w lemma="pay" pos="vvn" xml:id="A46137-001-b-3900">paid</w>
     <w lemma="he" pos="pno" xml:id="A46137-001-b-3910">him</w>
     <w lemma="by" pos="acp" xml:id="A46137-001-b-3920">by</w>
     <w lemma="such" pos="d" xml:id="A46137-001-b-3930">such</w>
     <w lemma="sheriff" pos="n1" xml:id="A46137-001-b-3940">Sheriff</w>
     <pc xml:id="A46137-001-b-3950">,</pc>
     <w lemma="and" pos="cc" xml:id="A46137-001-b-3960">and</w>
     <w lemma="to" pos="to" xml:id="A46137-001-b-3970">to</w>
     <w lemma="be" pos="vvi" xml:id="A46137-001-b-3980">be</w>
     <w lemma="allow" pos="vvn" xml:id="A46137-001-b-3990">allowed</w>
     <w lemma="by" pos="acp" xml:id="A46137-001-b-4000">by</w>
     <w lemma="such" pos="d" xml:id="A46137-001-b-4010">such</w>
     <w lemma="sheriff" pos="n1" xml:id="A46137-001-b-4020">Sheriff</w>
     <w lemma="upon" pos="acp" xml:id="A46137-001-b-4030">upon</w>
     <w lemma="his" pos="po" xml:id="A46137-001-b-4040">his</w>
     <w lemma="account" pos="n1" reg="account" xml:id="A46137-001-b-4050">accompt</w>
     <w lemma="to" pos="to" xml:id="A46137-001-b-4060">to</w>
     <w lemma="be" pos="vvi" xml:id="A46137-001-b-4070">be</w>
     <w lemma="render" pos="vvn" xml:id="A46137-001-b-4080">rendered</w>
     <w lemma="in" pos="acp" xml:id="A46137-001-b-4090">in</w>
     <w lemma="his" pos="po" xml:id="A46137-001-b-4100">his</w>
     <w lemma="majesty" pos="n1g" reg="Majesty's" xml:id="A46137-001-b-4110">Majesties</w>
     <w lemma="court" pos="n1" xml:id="A46137-001-b-4120">Court</w>
     <w lemma="of" pos="acp" xml:id="A46137-001-b-4130">of</w>
     <w lemma="exchequer" pos="n1" xml:id="A46137-001-b-4140">Exchequer</w>
     <pc xml:id="A46137-001-b-4150">,</pc>
     <w lemma="and" pos="cc" xml:id="A46137-001-b-4160">and</w>
     <w lemma="whosoever" pos="crq" xml:id="A46137-001-b-4170">whosoever</w>
     <w lemma="of" pos="acp" xml:id="A46137-001-b-4180">of</w>
     <w lemma="the" pos="d" xml:id="A46137-001-b-4190">the</w>
     <w lemma="complice" pos="n2" xml:id="A46137-001-b-4200">Complices</w>
     <w lemma="of" pos="acp" xml:id="A46137-001-b-4210">of</w>
     <w lemma="the" pos="d" xml:id="A46137-001-b-4220">the</w>
     <w lemma="say" pos="vvd" xml:id="A46137-001-b-4230">said</w>
     <w lemma="proclaim" pos="vvn" xml:id="A46137-001-b-4240">proclaimed</w>
     <w lemma="person" pos="n2" xml:id="A46137-001-b-4250">Persons</w>
     <w lemma="shall" pos="vmb" xml:id="A46137-001-b-4260">shall</w>
     <w lemma="after" pos="acp" xml:id="A46137-001-b-4270">after</w>
     <w lemma="the" pos="d" xml:id="A46137-001-b-4280">the</w>
     <w lemma="say" pos="vvd" xml:id="A46137-001-b-4290">said</w>
     <w lemma="Seaventeenth" pos="n1-nn" xml:id="A46137-001-b-4300">Seaventeenth</w>
     <w lemma="day" pos="n1" xml:id="A46137-001-b-4310">day</w>
     <w lemma="of" pos="acp" xml:id="A46137-001-b-4320">of</w>
     <hi xml:id="A46137-e230">
      <w lemma="July" pos="n1-nn" xml:id="A46137-001-b-4330">July</w>
     </hi>
     <w lemma="next" pos="ord" xml:id="A46137-001-b-4340">next</w>
     <w lemma="apprehend" pos="vvb" xml:id="A46137-001-b-4350">apprehend</w>
     <w lemma="or" pos="cc" xml:id="A46137-001-b-4360">or</w>
     <w lemma="kill" pos="vvi" xml:id="A46137-001-b-4370">kill</w>
     <w lemma="as" pos="acp-av" xml:id="A46137-001-b-4380">as</w>
     <w lemma="aforesaid" pos="j" xml:id="A46137-001-b-4390">aforesaid</w>
     <pc xml:id="A46137-001-b-4400">,</pc>
     <w lemma="any" pos="d" xml:id="A46137-001-b-4410">any</w>
     <w lemma="of" pos="acp" xml:id="A46137-001-b-4420">of</w>
     <w lemma="the" pos="d" xml:id="A46137-001-b-4430">the</w>
     <w lemma="say" pos="j_vn" xml:id="A46137-001-b-4440">said</w>
     <w lemma="rebel" pos="n2" reg="Rebels" xml:id="A46137-001-b-4450">Reb●lls</w>
     <w lemma="and" pos="cc" xml:id="A46137-001-b-4460">and</w>
     <w lemma="traitor" pos="n2" reg="Traitors" xml:id="A46137-001-b-4470">Traytors</w>
     <w lemma="particular" pos="av_j" xml:id="A46137-001-b-4480">particularly</w>
     <w lemma="name" pos="vvn" xml:id="A46137-001-b-4490">named</w>
     <pc xml:id="A46137-001-b-4500">,</pc>
     <w lemma="he" pos="pns" xml:id="A46137-001-b-4510">he</w>
     <w lemma="shall" pos="vmb" xml:id="A46137-001-b-4520">shall</w>
     <w lemma="together" pos="av" xml:id="A46137-001-b-4530">together</w>
     <w lemma="with" pos="acp" xml:id="A46137-001-b-4540">with</w>
     <w lemma="the" pos="d" xml:id="A46137-001-b-4550">the</w>
     <w lemma="say" pos="j_vn" xml:id="A46137-001-b-4560">said</w>
     <w lemma="reward" pos="n1" xml:id="A46137-001-b-4570">Reward</w>
     <w lemma="receive" pos="vvi" xml:id="A46137-001-b-4580">receive</w>
     <w lemma="his" pos="po" xml:id="A46137-001-b-4590">his</w>
     <w lemma="pardon" pos="n1" xml:id="A46137-001-b-4600">pardon</w>
     <pc xml:id="A46137-001-b-4610">;</pc>
     <w lemma="and" pos="cc" xml:id="A46137-001-b-4620">And</w>
     <w lemma="towards" pos="acp" xml:id="A46137-001-b-4630">towards</w>
     <w lemma="the" pos="d" xml:id="A46137-001-b-4640">the</w>
     <w lemma="speedy" pos="j" xml:id="A46137-001-b-4650">speedy</w>
     <w lemma="effect" pos="n1_vg" xml:id="A46137-001-b-4660">effecting</w>
     <w lemma="of" pos="acp" xml:id="A46137-001-b-4670">of</w>
     <w lemma="this" pos="d" xml:id="A46137-001-b-4680">this</w>
     <w lemma="service" pos="n1" xml:id="A46137-001-b-4690">service</w>
     <w lemma="all" pos="d" xml:id="A46137-001-b-4700">all</w>
     <w lemma="commander" pos="n2" xml:id="A46137-001-b-4710">Commanders</w>
     <w lemma="and" pos="cc" xml:id="A46137-001-b-4720">and</w>
     <w lemma="officer" pos="n2" xml:id="A46137-001-b-4730">Officers</w>
     <w lemma="of" pos="acp" xml:id="A46137-001-b-4740">of</w>
     <w lemma="horse" pos="n1" xml:id="A46137-001-b-4750">Horse</w>
     <w lemma="and" pos="cc" xml:id="A46137-001-b-4760">and</w>
     <w lemma="foot" pos="n1" xml:id="A46137-001-b-4770">Foot</w>
     <pc xml:id="A46137-001-b-4780">,</pc>
     <w lemma="and" pos="cc" xml:id="A46137-001-b-4790">and</w>
     <w lemma="all" pos="d" xml:id="A46137-001-b-4800">all</w>
     <w lemma="other" pos="pi_d" xml:id="A46137-001-b-4810">other</w>
     <w lemma="his" pos="po" xml:id="A46137-001-b-4820">his</w>
     <w lemma="majesty" pos="n1g" reg="Majesty's" xml:id="A46137-001-b-4830">Majesties</w>
     <w lemma="officer" pos="n2" xml:id="A46137-001-b-4840">Officers</w>
     <w lemma="and" pos="cc" xml:id="A46137-001-b-4850">and</w>
     <w lemma="love" pos="j_vg" xml:id="A46137-001-b-4860">loving</w>
     <w lemma="subject" pos="n2" xml:id="A46137-001-b-4870">Subjects</w>
     <w lemma="be" pos="vvb" xml:id="A46137-001-b-4880">are</w>
     <w lemma="to" pos="to" xml:id="A46137-001-b-4890">to</w>
     <w lemma="be" pos="vvi" xml:id="A46137-001-b-4900">be</w>
     <w lemma="aid" pos="vvg" xml:id="A46137-001-b-4910">aiding</w>
     <w lemma="and" pos="cc" xml:id="A46137-001-b-4920">and</w>
     <w lemma="assist" pos="vvg" xml:id="A46137-001-b-4930">assisting</w>
     <pc xml:id="A46137-001-b-4940">,</pc>
     <w lemma="as" pos="acp" xml:id="A46137-001-b-4950">as</w>
     <w lemma="they" pos="pns" xml:id="A46137-001-b-4960">they</w>
     <w lemma="and" pos="cc" xml:id="A46137-001-b-4970">and</w>
     <w lemma="every" pos="d" xml:id="A46137-001-b-4980">every</w>
     <w lemma="of" pos="acp" xml:id="A46137-001-b-4990">of</w>
     <w lemma="they" pos="pno" xml:id="A46137-001-b-5000">them</w>
     <w lemma="will" pos="vmb" xml:id="A46137-001-b-5010">will</w>
     <w lemma="answer" pos="vvi" xml:id="A46137-001-b-5020">answer</w>
     <w lemma="the" pos="d" xml:id="A46137-001-b-5030">the</w>
     <w lemma="contrary" pos="j" xml:id="A46137-001-b-5040">contrary</w>
     <w lemma="at" pos="acp" xml:id="A46137-001-b-5050">at</w>
     <w lemma="their" pos="po" xml:id="A46137-001-b-5060">their</w>
     <w lemma="peril" pos="n2" reg="perils" xml:id="A46137-001-b-5070">perills</w>
     <pc unit="sentence" xml:id="A46137-001-b-5080">.</pc>
    </p>
    <closer xml:id="A46137-e240">
     <dateline xml:id="A46137-e250">
      <hi xml:id="A46137-e260">
       <w lemma="give" pos="vvn" xml:id="A46137-001-b-5090">Given</w>
       <w lemma="at" pos="acp" xml:id="A46137-001-b-5100">at</w>
       <w lemma="the" pos="d" xml:id="A46137-001-b-5110">the</w>
       <w lemma="council" pos="n1" xml:id="A46137-001-b-5120">Council</w>
       <w lemma="chamber" pos="n1" xml:id="A46137-001-b-5130">Chamber</w>
       <w lemma="in" pos="acp" xml:id="A46137-001-b-5140">in</w>
       <hi xml:id="A46137-e270">
        <w lemma="Dublin" pos="n1-nn" xml:id="A46137-001-b-5150">Dublin</w>
        <pc xml:id="A46137-001-b-5160">,</pc>
       </hi>
      </hi>
      <date xml:id="A46137-e280">
       <hi xml:id="A46137-e290">
        <w lemma="the" pos="d" xml:id="A46137-001-b-5170">the</w>
        <w lemma="eight" pos="ord" xml:id="A46137-001-b-5180">Eighth</w>
        <w lemma="day" pos="n1" xml:id="A46137-001-b-5190">day</w>
        <w lemma="of" pos="acp" xml:id="A46137-001-b-5200">of</w>
        <hi xml:id="A46137-e300">
         <w lemma="June" pos="n1-nn" xml:id="A46137-001-b-5210">June</w>
         <pc xml:id="A46137-001-b-5220">,</pc>
        </hi>
        <w lemma="1666." pos="crd" xml:id="A46137-001-b-5230">1666.</w>
        <pc unit="sentence" xml:id="A46137-001-b-5240"/>
       </hi>
      </date>
     </dateline>
     <signed xml:id="A46137-e310">
      <list xml:id="A46137-e320">
       <item xml:id="A46137-e330">
        <hi xml:id="A46137-e340">
         <w lemma="meath" pos="n1-nn" xml:id="A46137-001-b-5250">Meath</w>
         <pc unit="sentence" xml:id="A46137-001-b-5260">.</pc>
        </hi>
       </item>
       <item xml:id="A46137-e350">
        <hi xml:id="A46137-e360">
         <w lemma="Roscomon" pos="n1-nn" xml:id="A46137-001-b-5270">Roscomon</w>
         <pc unit="sentence" xml:id="A46137-001-b-5280">.</pc>
        </hi>
       </item>
       <item xml:id="A46137-e370">
        <hi xml:id="A46137-e380">
         <w lemma="Arran" pos="n1-nn" xml:id="A46137-001-b-5290">Arran</w>
         <pc unit="sentence" xml:id="A46137-001-b-5300">.</pc>
        </hi>
       </item>
       <item xml:id="A46137-e390">
        <hi xml:id="A46137-e400">
         <w lemma="Anglesey" pos="n1-nn" xml:id="A46137-001-b-5310">Anglesey</w>
         <pc unit="sentence" xml:id="A46137-001-b-5320">.</pc>
        </hi>
       </item>
       <item xml:id="A46137-e410">
        <hi xml:id="A46137-e420">
         <w lemma="Dungannon" pos="n1-nn" xml:id="A46137-001-b-5330">Dungannon</w>
         <pc unit="sentence" xml:id="A46137-001-b-5340">.</pc>
        </hi>
       </item>
       <item xml:id="A46137-e430">
        <hi xml:id="A46137-e440">
         <w lemma="Henry" pos="n1-nn" xml:id="A46137-001-b-5350">Henry</w>
         <w lemma="Tichborne" pos="n1-nn" xml:id="A46137-001-b-5360">Tichborne</w>
         <pc unit="sentence" xml:id="A46137-001-b-5370">.</pc>
        </hi>
       </item>
       <item xml:id="A46137-e450">
        <hi xml:id="A46137-e460">
         <w lemma="j." pos="ab" xml:id="A46137-001-b-5380">J.</w>
         <w lemma="temple" pos="n1" xml:id="A46137-001-b-5390">Temple</w>
         <pc unit="sentence" xml:id="A46137-001-b-5400">.</pc>
        </hi>
       </item>
       <item xml:id="A46137-e470">
        <hi xml:id="A46137-e480">
         <w lemma="Paul" pos="n1-nn" xml:id="A46137-001-b-5410">Paul</w>
         <w lemma="Davys" pos="n1-nn" xml:id="A46137-001-b-5420">Davys</w>
         <pc unit="sentence" xml:id="A46137-001-b-5430">.</pc>
        </hi>
       </item>
       <item xml:id="A46137-e490">
        <hi xml:id="A46137-e500">
         <w lemma="Robert" pos="n1-nn" xml:id="A46137-001-b-5440">Robert</w>
         <w lemma="forth" pos="av" xml:id="A46137-001-b-5450">Forth</w>
         <pc unit="sentence" xml:id="A46137-001-b-5460">.</pc>
        </hi>
       </item>
       <item xml:id="A46137-e510">
        <hi xml:id="A46137-e520">
         <w lemma="ja." pos="ab" xml:id="A46137-001-b-5470">Ja.</w>
         <w lemma="Ware" pos="n1" xml:id="A46137-001-b-5480">Ware</w>
         <pc unit="sentence" xml:id="A46137-001-b-5481">.</pc>
         <pc unit="sentence" xml:id="A46137-001-b-5490"/>
        </hi>
       </item>
       <item xml:id="A46137-e530">
        <w lemma="rob." pos="ab" xml:id="A46137-001-b-5500">Rob.</w>
        <w lemma="Meredith" pos="n1-nn" xml:id="A46137-001-b-5510">Meredith</w>
        <pc unit="sentence" xml:id="A46137-001-b-5520">.</pc>
       </item>
       <item xml:id="A46137-e540">
        <hi xml:id="A46137-e550">
         <w lemma="theo." pos="ab" xml:id="A46137-001-b-5530">Theo.</w>
         <w lemma="Jones" pos="n1-nn" xml:id="A46137-001-b-5540">Jones</w>
         <pc unit="sentence" xml:id="A46137-001-b-5550">.</pc>
        </hi>
       </item>
      </list>
     </signed>
     <lb xml:id="A46137-e560"/>
     <hi xml:id="A46137-e570">
      <w lemma="GOD" pos="n1-nn" xml:id="A46137-001-b-5560">GOD</w>
      <w lemma="save" pos="acp" xml:id="A46137-001-b-5570">SAVE</w>
      <w lemma="the" pos="d" xml:id="A46137-001-b-5580">THE</w>
      <w lemma="king" pos="n1" xml:id="A46137-001-b-5590">KING</w>
      <pc unit="sentence" xml:id="A46137-001-b-5600">.</pc>
     </hi>
    </closer>
   </div>
  </body>
  <back xml:id="A46137-e580">
   <div type="colophon" xml:id="A46137-e590">
    <p xml:id="A46137-e600">
     <hi xml:id="A46137-e610">
      <w lemma="Dublin" pos="n1-nn" xml:id="A46137-001-b-5610">Dublin</w>
      <pc xml:id="A46137-001-b-5620">,</pc>
     </hi>
     <w lemma="print" pos="vvn" xml:id="A46137-001-b-5630">Printed</w>
     <w lemma="by" pos="acp" xml:id="A46137-001-b-5640">by</w>
     <hi xml:id="A46137-e620">
      <w lemma="John" pos="n1-nn" xml:id="A46137-001-b-5650">John</w>
      <w lemma="Crook" pos="n1-nn" xml:id="A46137-001-b-5660">Crook</w>
      <pc xml:id="A46137-001-b-5670">,</pc>
     </hi>
     <w lemma="printer" pos="n1" xml:id="A46137-001-b-5680">Printer</w>
     <w lemma="to" pos="acp" xml:id="A46137-001-b-5690">to</w>
     <w lemma="the" pos="d" xml:id="A46137-001-b-5700">the</w>
     <w lemma="king" pos="n2" xml:id="A46137-001-b-5710">Kings</w>
     <w lemma="most" pos="av-s_d" xml:id="A46137-001-b-5720">Most</w>
     <w lemma="excellent" pos="j" xml:id="A46137-001-b-5730">Excellent</w>
     <w lemma="majesty" pos="n1" reg="Majesty" xml:id="A46137-001-b-5740">Majestie</w>
     <pc xml:id="A46137-001-b-5750">,</pc>
     <w lemma="and" pos="cc" xml:id="A46137-001-b-5760">and</w>
     <w lemma="be" pos="vvb" xml:id="A46137-001-b-5770">are</w>
     <w lemma="to" pos="to" xml:id="A46137-001-b-5780">to</w>
     <w lemma="be" pos="vvi" xml:id="A46137-001-b-5790">be</w>
     <w lemma="sell" pos="vvn" xml:id="A46137-001-b-5800">sold</w>
     <w lemma="by" pos="acp" xml:id="A46137-001-b-5810">by</w>
     <hi xml:id="A46137-e630">
      <w lemma="Samuel" pos="n1-nn" xml:id="A46137-001-b-5820">Samuel</w>
      <w lemma="dancer" pos="n1" xml:id="A46137-001-b-5830">Dancer</w>
     </hi>
     <w lemma="in" pos="acp" xml:id="A46137-001-b-5840">in</w>
     <hi xml:id="A46137-e640">
      <w lemma="Castlestreet" pos="n1-nn" xml:id="A46137-001-b-5850">Castlestreet</w>
      <pc unit="sentence" xml:id="A46137-001-b-5860">.</pc>
     </hi>
     <w lemma="1666." pos="crd" xml:id="A46137-001-b-5870">1666.</w>
     <pc unit="sentence" xml:id="A46137-001-b-5880"/>
    </p>
   </div>
  </back>
 </text>
</TEI>
