<?xml version="1.0" encoding="UTF-8"?>
<?xml-model href="http://schemata.earlyprint.org/schemata/tei_earlyprint.rng" type="application/xml" schematypens="http://relaxng.org/ns/structure/1.0"?>
<TEI xmlns="http://www.tei-c.org/ns/1.0" xml:id="A53818">
 <teiHeader>
  <fileDesc>
   <titleStmt>
    <title>Orders concerning the rates and demands of carriers and their porters, for goods brought and conveyed betwixt the University of Oxford, and city of London</title>
    <author>University of Oxford.</author>
   </titleStmt>
   <editionStmt>
    <edition>This text is an enriched version of the TCP digital transcription A53818 of text R41598 in the <ref target="http;//estc.bl.uk">English Short Title Catalog</ref> (Wing O903E). Textual changes  and metadata enrichments aim at making the                             text more  computationally tractable, easier to read, and suitable for network-based collaborative                              curation by amateur and professional end users from many walks of life.  The text has been tokenized and linguistically annotated with <ref target="http://morphadorner.northwestern.edu/morphadorner/">MorphAdorner</ref>. The annotation includes standard spellings that support the display of a text in                             a standardized format that preserves archaic forms ('loveth', 'seekest').                              Textual changes aim at restoring the text the author or stationer meant to publish.</edition>
    <respStmt>
     <resp>This text has not been fully proofread</resp>
     <name/>
    </respStmt>
   </editionStmt>
   <extent>Approx. 2 KB of XML-encoded text transcribed from 1 1-bit group-IV TIFF page image.</extent>
   <publicationStmt>
    <publisher>EarlyPrint Project</publisher>
    <pubPlace>Evanston,IL, Notre Dame, IN, St. Louis, MO</pubPlace>
    <date>2018</date>
    <idno type="DLPS">A53818</idno>
    <idno type="STC">Wing O903E</idno>
    <idno type="STC">ESTC R41598</idno>
    <idno type="EEBO-CITATION">31355650</idno>
    <idno type="OCLC">ocm 31355650</idno>
    <idno type="VID">110575</idno>
    <availability>
     <p>
            This keyboarded and encoded edition of the work described above is co-owned by the institutions providing financial support to the Early English Books Online Text Creation Partnership. This Phase I text is available for reuse, according to the terms of
            <ref target="https://creativecommons.org/publicdomain/zero/1.0/">Creative Commons 0 1.0 Universal</ref>
            . The text can be copied, modified, distributed and performed, even for commercial purposes, all without asking permission.
          </p>
    </availability>
   </publicationStmt>
   <seriesStmt>
    <title>Early English books online.</title>
   </seriesStmt>
   <notesStmt>
    <note>(EEBO-TCP ; phase 1, no. A53818)</note>
    <note>Transcribed from: (Early English Books Online ; image set 110575)</note>
    <note>Images scanned from microfilm: (Early English books, 1641-1700 ; 1751:26)</note>
   </notesStmt>
   <sourceDesc>
    <biblFull>
     <titleStmt>
      <title>Orders concerning the rates and demands of carriers and their porters, for goods brought and conveyed betwixt the University of Oxford, and city of London</title>
      <author>University of Oxford.</author>
      <author>Fell, John, 1625-1686.</author>
     </titleStmt>
     <extent>1 sheet ([1] p.).</extent>
     <publicationStmt>
      <publisher>s.n.,</publisher>
      <pubPlace>[Oxford? :</pubPlace>
      <date>1666]</date>
     </publicationStmt>
     <notesStmt>
      <note>Signed: Iohn Fell, Vice-Can. Given the I. day of September, An. Dom. 1666.</note>
      <note>Place of publication suggested by Wing (2nd ed.).</note>
      <note>Reproduction of original in the Bodleian Library.</note>
     </notesStmt>
    </biblFull>
   </sourceDesc>
  </fileDesc>
  <profileDesc>
   <langUsage>
    <language ident="eng">eng</language>
   </langUsage>
   <textClass>
    <keywords scheme="http://authorities.loc.gov/">
     <term>University of Oxford -- History -- 17th century.</term>
     <term>Freight and freightage -- England -- Oxford -- Rates.</term>
     <term>Broadsides -- Oxford (England) -- 17th century.</term>
    </keywords>
   </textClass>
  </profileDesc>
  <xenoData>
   <ep:epHeader xmlns:ep="http://earlyprint.org/ns/1.0">
    <ep:corpus>eebo</ep:corpus>
    <ep:title>Orders concerning the rates and demands of carriers and their porters, for goods brought and conveyed betwixt the University of Oxford, and city of Lo</ep:title>
    <ep:author>University of Oxford</ep:author>
    <ep:publicationYear>1666</ep:publicationYear>
    <ep:creationYear/>
    <ep:curator>
     <ep:name/>
    </ep:curator>
    <ep:pageCount>1</ep:pageCount>
    <ep:wordCount>347</ep:wordCount>
    <ep:defectiveTokenCount>0</ep:defectiveTokenCount>
    <ep:untranscribedForeignCount>0</ep:untranscribedForeignCount>
    <ep:untranscribedMathCount>0</ep:untranscribedMathCount>
    <ep:untranscribedMusicCount>0</ep:untranscribedMusicCount>
    <ep:missingChunkCount>0</ep:missingChunkCount>
    <ep:missingPagesCount>0</ep:missingPagesCount>
    <ep:defectRate>0</ep:defectRate>
    <ep:finalGrade>A</ep:finalGrade>
    <ep:defectRangePerGrade>This text  has no known defects that were recorded as gap elements at the time of transcription. </ep:defectRangePerGrade>
   </ep:epHeader>
  </xenoData>
  <revisionDesc>
   <change><date>2005-11</date><label>TCP</label>
        Assigned for keying and markup
      </change>
   <change><date>2005-12</date><label>Apex CoVantage</label>
        Keyed and coded from ProQuest page images
      </change>
   <change><date>2006-01</date><label>Mona Logarbo</label>
        Sampled and proofread
      </change>
   <change><date>2006-01</date><label>Mona Logarbo</label>
        Text and markup reviewed and edited
      </change>
   <change><date>2006-04</date><label>pfs</label>
        Batch review (QC) and XML conversion
      </change>
  </revisionDesc>
 </teiHeader>
 <text xml:id="A53818-t">
  <body xml:id="A53818-e0">
   <div type="text" xml:id="A53818-e10">
    <pb facs="tcp:110575:1" rendition="simple:additions" xml:id="A53818-001-a"/>
    <head xml:id="A53818-e20">
     <w lemma="order" pos="n2" xml:id="A53818-001-a-0010">Orders</w>
     <w lemma="concern" pos="vvg" xml:id="A53818-001-a-0020">concerning</w>
     <w lemma="the" pos="d" xml:id="A53818-001-a-0030">the</w>
     <w lemma="rate" pos="n2" xml:id="A53818-001-a-0040">Rates</w>
     <pc xml:id="A53818-001-a-0050">,</pc>
     <w lemma="and" pos="cc" xml:id="A53818-001-a-0060">and</w>
     <w lemma="demand" pos="n2" xml:id="A53818-001-a-0070">Demands</w>
     <w lemma="of" pos="acp" xml:id="A53818-001-a-0080">of</w>
     <w lemma="carrier" pos="n2" xml:id="A53818-001-a-0090">Carriers</w>
     <pc xml:id="A53818-001-a-0100">,</pc>
     <w lemma="and" pos="cc" xml:id="A53818-001-a-0110">and</w>
     <w lemma="their" pos="po" xml:id="A53818-001-a-0120">their</w>
     <w lemma="porter" pos="n2" xml:id="A53818-001-a-0130">Porters</w>
     <pc xml:id="A53818-001-a-0140">,</pc>
     <w lemma="for" pos="acp" xml:id="A53818-001-a-0150">for</w>
     <w lemma="good" pos="n2_j" xml:id="A53818-001-a-0160">Goods</w>
     <w lemma="bring" pos="vvn" xml:id="A53818-001-a-0170">brought</w>
     <pc xml:id="A53818-001-a-0180">,</pc>
     <w lemma="and" pos="cc" xml:id="A53818-001-a-0190">and</w>
     <w lemma="convey" pos="vvn" xml:id="A53818-001-a-0200">conveyed</w>
     <w lemma="betwixt" pos="acp" xml:id="A53818-001-a-0210">betwixt</w>
     <w lemma="the" pos="d" xml:id="A53818-001-a-0220">the</w>
     <w lemma="university" pos="n1" xml:id="A53818-001-a-0230">University</w>
     <w lemma="of" pos="acp" xml:id="A53818-001-a-0240">of</w>
     <hi xml:id="A53818-e30">
      <w lemma="OXFORD" pos="n1-nn" xml:id="A53818-001-a-0250">OXFORD</w>
      <pc xml:id="A53818-001-a-0260">,</pc>
     </hi>
     <w lemma="and" pos="cc" xml:id="A53818-001-a-0270">and</w>
     <w lemma="city" pos="n1" xml:id="A53818-001-a-0280">City</w>
     <w lemma="of" pos="acp" xml:id="A53818-001-a-0290">of</w>
     <hi xml:id="A53818-e40">
      <w lemma="LONDON" pos="n1-nn" xml:id="A53818-001-a-0300">LONDON</w>
      <pc unit="sentence" xml:id="A53818-001-a-0310">.</pc>
     </hi>
    </head>
    <p xml:id="A53818-e50">
     <w lemma="whereas" pos="cs" rendition="#decorinit" xml:id="A53818-001-a-0320">WHereas</w>
     <w lemma="the" pos="d" xml:id="A53818-001-a-0330">the</w>
     <w lemma="carrier" pos="n2" xml:id="A53818-001-a-0340">Carriers</w>
     <w lemma="between" pos="acp" xml:id="A53818-001-a-0350">between</w>
     <w lemma="the" pos="d" xml:id="A53818-001-a-0360">the</w>
     <w lemma="university" pos="n1" reg="University" xml:id="A53818-001-a-0370">Vniversity</w>
     <w lemma="of" pos="acp" xml:id="A53818-001-a-0380">of</w>
     <w lemma="Oxon" pos="n1-nn" xml:id="A53818-001-a-0390">OXON</w>
     <pc xml:id="A53818-001-a-0400">:</pc>
     <w lemma="and" pos="cc" xml:id="A53818-001-a-0410">and</w>
     <w lemma="the" pos="d" xml:id="A53818-001-a-0420">the</w>
     <w lemma="city" pos="n1" xml:id="A53818-001-a-0430">City</w>
     <w lemma="of" pos="acp" xml:id="A53818-001-a-0440">of</w>
     <w lemma="LONDON" pos="n1-nn" xml:id="A53818-001-a-0450">LONDON</w>
     <pc xml:id="A53818-001-a-0460">,</pc>
     <w lemma="to" pos="acp" xml:id="A53818-001-a-0470">to</w>
     <w lemma="the" pos="d" xml:id="A53818-001-a-0480">the</w>
     <w lemma="great" pos="j" xml:id="A53818-001-a-0490">great</w>
     <w lemma="prejudice" pos="n1" xml:id="A53818-001-a-0500">prejudice</w>
     <w lemma="of" pos="acp" xml:id="A53818-001-a-0510">of</w>
     <w lemma="the" pos="d" xml:id="A53818-001-a-0520">the</w>
     <w lemma="member" pos="n2" xml:id="A53818-001-a-0530">Members</w>
     <w lemma="of" pos="acp" xml:id="A53818-001-a-0540">of</w>
     <w lemma="the" pos="d" xml:id="A53818-001-a-0550">the</w>
     <w lemma="say" pos="j_vn" xml:id="A53818-001-a-0560">said</w>
     <w lemma="university" pos="n1" reg="University" xml:id="A53818-001-a-0570">Vniversity</w>
     <pc xml:id="A53818-001-a-0580">,</pc>
     <w lemma="&amp;" pos="cc" xml:id="A53818-001-a-0590">&amp;</w>
     <w lemma="other" pos="pi2_d" xml:id="A53818-001-a-0600">others</w>
     <w lemma="have" pos="vvb" xml:id="A53818-001-a-0610">have</w>
     <w lemma="for" pos="acp" xml:id="A53818-001-a-0620">for</w>
     <w lemma="these" pos="d" xml:id="A53818-001-a-0630">these</w>
     <w lemma="late" pos="j" xml:id="A53818-001-a-0640">late</w>
     <w lemma="year" pos="n2" xml:id="A53818-001-a-0650">years</w>
     <pc xml:id="A53818-001-a-0660">,</pc>
     <w lemma="contrary" pos="j" xml:id="A53818-001-a-0670">contrary</w>
     <w lemma="to" pos="acp" xml:id="A53818-001-a-0680">to</w>
     <w lemma="the" pos="d" xml:id="A53818-001-a-0690">the</w>
     <w lemma="charter" pos="n2" xml:id="A53818-001-a-0700">Charters</w>
     <pc xml:id="A53818-001-a-0710">,</pc>
     <w lemma="and" pos="cc" xml:id="A53818-001-a-0720">and</w>
     <w lemma="ancient" pos="j" xml:id="A53818-001-a-0730">ancient</w>
     <w lemma="practice" pos="n1" xml:id="A53818-001-a-0740">Practice</w>
     <w lemma="of" pos="acp" xml:id="A53818-001-a-0750">of</w>
     <w lemma="the" pos="d" xml:id="A53818-001-a-0760">the</w>
     <w lemma="say" pos="j_vn" xml:id="A53818-001-a-0770">said</w>
     <w lemma="university" pos="n1" xml:id="A53818-001-a-0780">University</w>
     <w lemma="exact" pos="vvn" xml:id="A53818-001-a-0790">exacted</w>
     <w lemma="what" pos="crq" xml:id="A53818-001-a-0800">what</w>
     <w lemma="rate" pos="n2" xml:id="A53818-001-a-0810">rates</w>
     <w lemma="they" pos="pns" xml:id="A53818-001-a-0820">they</w>
     <w lemma="please" pos="vvn" xml:id="A53818-001-a-0830">pleased</w>
     <w lemma="for" pos="acp" xml:id="A53818-001-a-0840">for</w>
     <w lemma="the" pos="d" xml:id="A53818-001-a-0850">the</w>
     <w lemma="carriage" pos="n1" xml:id="A53818-001-a-0860">Carriage</w>
     <w lemma="of" pos="acp" xml:id="A53818-001-a-0870">of</w>
     <w lemma="good" pos="n2_j" xml:id="A53818-001-a-0880">Goods</w>
     <pc xml:id="A53818-001-a-0890">,</pc>
     <w lemma="and" pos="cc" xml:id="A53818-001-a-0900">and</w>
     <w lemma="letter" pos="n2" xml:id="A53818-001-a-0910">Letters</w>
     <pc xml:id="A53818-001-a-0920">;</pc>
     <w lemma="for" pos="acp" xml:id="A53818-001-a-0930">For</w>
     <w lemma="the" pos="d" xml:id="A53818-001-a-0940">the</w>
     <w lemma="prevention" pos="n1" xml:id="A53818-001-a-0950">prevention</w>
     <w lemma="of" pos="acp" xml:id="A53818-001-a-0960">of</w>
     <w lemma="the" pos="d" xml:id="A53818-001-a-0970">the</w>
     <w lemma="like" pos="j" xml:id="A53818-001-a-0980">like</w>
     <w lemma="abuse" pos="n1" xml:id="A53818-001-a-0990">Abuse</w>
     <w lemma="for" pos="acp" xml:id="A53818-001-a-1000">for</w>
     <w lemma="the" pos="d" xml:id="A53818-001-a-1010">the</w>
     <w lemma="future" pos="j" xml:id="A53818-001-a-1020">future</w>
     <pc xml:id="A53818-001-a-1030">,</pc>
     <w lemma="it" pos="pn" xml:id="A53818-001-a-1040">It</w>
     <w lemma="be" pos="vvz" xml:id="A53818-001-a-1050">is</w>
     <w lemma="therefore" pos="av" xml:id="A53818-001-a-1060">therefore</w>
     <w lemma="now" pos="av" xml:id="A53818-001-a-1070">now</w>
     <w lemma="order" pos="vvn" xml:id="A53818-001-a-1080">ordered</w>
     <w lemma="by" pos="acp" xml:id="A53818-001-a-1090">by</w>
     <w lemma="i" pos="pno" reg="me" xml:id="A53818-001-a-1100">mee</w>
     <w lemma="JOHN" pos="n1-nn" xml:id="A53818-001-a-1110">JOHN</w>
     <w lemma="fall" pos="vvd" xml:id="A53818-001-a-1120">FELL</w>
     <w lemma="Dr" pos="ab" rendition="#sup-wch" xml:id="A53818-001-a-1130">Dr</w>
     <w lemma="of" pos="acp" xml:id="A53818-001-a-1150">of</w>
     <w lemma="divinity" pos="n1" xml:id="A53818-001-a-1160">Divinity</w>
     <pc xml:id="A53818-001-a-1170">,</pc>
     <w lemma="and" pos="cc" xml:id="A53818-001-a-1180">and</w>
     <w lemma="vicechancellour" pos="n1" xml:id="A53818-001-a-1190">ViceChancellour</w>
     <w lemma="of" pos="acp" xml:id="A53818-001-a-1200">of</w>
     <w lemma="the" pos="d" xml:id="A53818-001-a-1210">the</w>
     <w lemma="say" pos="j_vn" xml:id="A53818-001-a-1220">said</w>
     <w lemma="university" pos="n1" xml:id="A53818-001-a-1230">University</w>
     <pc xml:id="A53818-001-a-1240">,</pc>
     <w lemma="that" pos="cs" xml:id="A53818-001-a-1250">That</w>
     <w lemma="henceforth" pos="av" xml:id="A53818-001-a-1260">henceforth</w>
     <w lemma="they" pos="pns" xml:id="A53818-001-a-1270">They</w>
     <pc xml:id="A53818-001-a-1280">,</pc>
     <w lemma="their" pos="po" xml:id="A53818-001-a-1290">their</w>
     <w lemma="servant" pos="n2" xml:id="A53818-001-a-1300">Servants</w>
     <pc xml:id="A53818-001-a-1310">,</pc>
     <w lemma="and" pos="cc" xml:id="A53818-001-a-1320">and</w>
     <w lemma="porter" pos="n2" xml:id="A53818-001-a-1330">Porters</w>
     <w lemma="shall" pos="vmb" xml:id="A53818-001-a-1340">shall</w>
     <w lemma="demand" pos="vvi" xml:id="A53818-001-a-1350">demand</w>
     <pc xml:id="A53818-001-a-1360">,</pc>
     <w lemma="or" pos="cc" xml:id="A53818-001-a-1370">or</w>
     <w lemma="receive" pos="vvb" xml:id="A53818-001-a-1380">receive</w>
     <w lemma="no" pos="d-x" xml:id="A53818-001-a-1390">no</w>
     <w lemma="other" pos="pi_d" xml:id="A53818-001-a-1400">other</w>
     <w lemma="rate" pos="n2" xml:id="A53818-001-a-1410">rates</w>
     <w lemma="then" pos="av" xml:id="A53818-001-a-1420">then</w>
    </p>
    <p n="1" xml:id="A53818-e70">
     <w lemma="1" pos="crd" xml:id="A53818-001-a-1430">1</w>
     <hi xml:id="A53818-e80">
      <w lemma="imprimis" pos="f-la" xml:id="A53818-001-a-1440">Imprimis</w>
      <pc xml:id="A53818-001-a-1450">,</pc>
     </hi>
     <w lemma="for" pos="acp" xml:id="A53818-001-a-1460">For</w>
     <w lemma="the" pos="d" xml:id="A53818-001-a-1470">the</w>
     <w lemma="carriage" pos="n1" xml:id="A53818-001-a-1480">carriage</w>
     <w lemma="of" pos="acp" xml:id="A53818-001-a-1490">of</w>
     <w lemma="one" pos="crd" xml:id="A53818-001-a-1500">one</w>
     <w lemma="hundred" pos="crd" xml:id="A53818-001-a-1510">hundred</w>
     <w lemma="weight" pos="n1" xml:id="A53818-001-a-1520">weight</w>
     <w lemma="in" pos="acp" xml:id="A53818-001-a-1530">in</w>
     <w lemma="the" pos="d" xml:id="A53818-001-a-1540">the</w>
     <w lemma="time" pos="n1" xml:id="A53818-001-a-1550">time</w>
     <w lemma="between" pos="acp" xml:id="A53818-001-a-1560">between</w>
     <w lemma="the" pos="d" xml:id="A53818-001-a-1570">the</w>
     <w lemma="two" pos="crd" xml:id="A53818-001-a-1580">two</w>
     <w lemma="feast" pos="n2" xml:id="A53818-001-a-1590">Feasts</w>
     <w lemma="of" pos="acp" xml:id="A53818-001-a-1600">of</w>
     <hi xml:id="A53818-e90">
      <w lemma="all-saint" pos="n2" xml:id="A53818-001-a-1610">All-Saints</w>
      <pc xml:id="A53818-001-a-1620">,</pc>
     </hi>
     <w lemma="and" pos="cc" xml:id="A53818-001-a-1630">and</w>
     <w lemma="the" pos="d" xml:id="A53818-001-a-1640">the</w>
     <hi xml:id="A53818-e100">
      <w lemma="annunciation" pos="n1" reg="Annunciation" xml:id="A53818-001-a-1650">Annuntiation</w>
     </hi>
     <w lemma="of" pos="acp" xml:id="A53818-001-a-1660">of</w>
     <w lemma="the" pos="d" xml:id="A53818-001-a-1670">the</w>
     <w lemma="bless" pos="j_vn" xml:id="A53818-001-a-1680">Blessed</w>
     <w lemma="virgin" pos="n1" xml:id="A53818-001-a-1690">Virgin</w>
     <hi xml:id="A53818-e110">
      <w lemma="Mary" pos="n1-nn" xml:id="A53818-001-a-1700">Mary</w>
     </hi>
     <w lemma="three" pos="crd" xml:id="A53818-001-a-1710">three</w>
     <w lemma="shilling" pos="n2" xml:id="A53818-001-a-1720">shillings</w>
     <w lemma="four" pos="crd" reg="four" xml:id="A53818-001-a-1730">foure</w>
     <w lemma="penny" pos="n2" xml:id="A53818-001-a-1740">pence</w>
     <pc xml:id="A53818-001-a-1750">,</pc>
     <w lemma="and" pos="cc" xml:id="A53818-001-a-1760">and</w>
     <w lemma="for" pos="acp" xml:id="A53818-001-a-1770">for</w>
     <w lemma="the" pos="d" xml:id="A53818-001-a-1780">the</w>
     <w lemma="rest" pos="n1" xml:id="A53818-001-a-1790">rest</w>
     <w lemma="of" pos="acp" xml:id="A53818-001-a-1800">of</w>
     <w lemma="the" pos="d" xml:id="A53818-001-a-1810">the</w>
     <w lemma="year" pos="n1" reg="year" xml:id="A53818-001-a-1820">yeare</w>
     <w lemma="three" pos="crd" xml:id="A53818-001-a-1830">three</w>
     <w lemma="shilling" pos="n2" xml:id="A53818-001-a-1840">shillings</w>
     <pc unit="sentence" xml:id="A53818-001-a-1850">.</pc>
    </p>
    <p n="2" xml:id="A53818-e120">
     <w lemma="2" pos="crd" xml:id="A53818-001-a-1860">2</w>
     <hi xml:id="A53818-e130">
      <w lemma="item" pos="n1" xml:id="A53818-001-a-1870">Item</w>
      <pc xml:id="A53818-001-a-1880">,</pc>
     </hi>
     <w lemma="for" pos="acp" xml:id="A53818-001-a-1890">for</w>
     <w lemma="the" pos="d" xml:id="A53818-001-a-1900">the</w>
     <w lemma="carriage" pos="n1" xml:id="A53818-001-a-1910">carriage</w>
     <w lemma="of" pos="acp" xml:id="A53818-001-a-1920">of</w>
     <w lemma="the" pos="d" xml:id="A53818-001-a-1930">the</w>
     <w lemma="great" pos="j-s" xml:id="A53818-001-a-1940">greatest</w>
     <w lemma="parcel" pos="n1" reg="parcel" xml:id="A53818-001-a-1950">parcell</w>
     <pc join="right" xml:id="A53818-001-a-1960">(</pc>
     <w lemma="all" pos="d" xml:id="A53818-001-a-1970">all</w>
     <w lemma="be" pos="vvg" xml:id="A53818-001-a-1980">being</w>
     <w lemma="to" pos="to" xml:id="A53818-001-a-1990">to</w>
     <w lemma="be" pos="vvi" xml:id="A53818-001-a-2000">be</w>
     <w lemma="esteem" pos="vvn" xml:id="A53818-001-a-2010">esteemed</w>
     <w lemma="parcel" pos="n2" xml:id="A53818-001-a-2020">parcels</w>
     <w lemma="under" pos="acp" xml:id="A53818-001-a-2030">under</w>
     <w lemma="a" pos="d" xml:id="A53818-001-a-2040">a</w>
     <w lemma="quarter" pos="n1" xml:id="A53818-001-a-2050">quarter</w>
     <w lemma="of" pos="acp" xml:id="A53818-001-a-2060">of</w>
     <w lemma="a" pos="d" xml:id="A53818-001-a-2070">an</w>
     <w lemma="hundred" pos="crd" xml:id="A53818-001-a-2080">hundred</w>
     <w lemma="weight" pos="n1" xml:id="A53818-001-a-2090">weight</w>
     <pc xml:id="A53818-001-a-2100">)</pc>
     <w lemma="ten-pence" pos="n2" reg="ten-pences" xml:id="A53818-001-a-2110">ten-pence</w>
     <pc xml:id="A53818-001-a-2120">,</pc>
     <w lemma="and" pos="cc" xml:id="A53818-001-a-2130">and</w>
     <w lemma="so" pos="av" xml:id="A53818-001-a-2140">so</w>
     <w lemma="ratable" pos="av_j" xml:id="A53818-001-a-2150">ratably</w>
     <w lemma="for" pos="acp" xml:id="A53818-001-a-2160">for</w>
     <w lemma="those" pos="d" xml:id="A53818-001-a-2170">those</w>
     <w lemma="that" pos="cs" xml:id="A53818-001-a-2180">that</w>
     <w lemma="be" pos="vvb" xml:id="A53818-001-a-2190">are</w>
     <w lemma="less" pos="av-c_d" reg="less" xml:id="A53818-001-a-2200">lesse</w>
     <pc unit="sentence" xml:id="A53818-001-a-2210">.</pc>
    </p>
    <p n="3" xml:id="A53818-e140">
     <w lemma="3" pos="crd" xml:id="A53818-001-a-2220">3</w>
     <hi xml:id="A53818-e150">
      <w lemma="item" pos="n1" xml:id="A53818-001-a-2230">Item</w>
      <pc xml:id="A53818-001-a-2240">,</pc>
     </hi>
     <w lemma="for" pos="acp" xml:id="A53818-001-a-2250">For</w>
     <w lemma="the" pos="d" xml:id="A53818-001-a-2260">the</w>
     <w lemma="carriage" pos="n1" xml:id="A53818-001-a-2270">carriage</w>
     <w lemma="of" pos="acp" xml:id="A53818-001-a-2280">of</w>
     <w lemma="any" pos="d" xml:id="A53818-001-a-2290">any</w>
     <w lemma="burden" pos="n1" reg="burden" xml:id="A53818-001-a-2300">burthen</w>
     <pc xml:id="A53818-001-a-2310">,</pc>
     <w lemma="not" pos="xx" xml:id="A53818-001-a-2320">not</w>
     <w lemma="exceed" pos="vvg" xml:id="A53818-001-a-2330">exceeding</w>
     <w lemma="one" pos="crd" xml:id="A53818-001-a-2340">one</w>
     <w lemma="hundred" pos="crd" xml:id="A53818-001-a-2350">hundred</w>
     <w lemma="weight" pos="n1" xml:id="A53818-001-a-2360">weight</w>
     <pc xml:id="A53818-001-a-2370">,</pc>
     <w lemma="nor" pos="cc-x" xml:id="A53818-001-a-2380">nor</w>
     <w lemma="less" pos="av-c_d" reg="less" xml:id="A53818-001-a-2390">lesse</w>
     <w lemma="than" pos="cs" reg="than" xml:id="A53818-001-a-2400">then</w>
     <w lemma="a" pos="d" xml:id="A53818-001-a-2410">a</w>
     <w lemma="quarter" pos="n1" xml:id="A53818-001-a-2420">quarter</w>
     <w lemma="of" pos="acp" xml:id="A53818-001-a-2430">of</w>
     <w lemma="a" pos="d" xml:id="A53818-001-a-2440">an</w>
     <w lemma="hundred" pos="crd" xml:id="A53818-001-a-2450">hundred</w>
     <w lemma="weight" pos="n1" xml:id="A53818-001-a-2460">weight</w>
     <pc xml:id="A53818-001-a-2470">,</pc>
     <w lemma="from" pos="acp" xml:id="A53818-001-a-2480">from</w>
     <w lemma="the" pos="d" xml:id="A53818-001-a-2490">the</w>
     <w lemma="shop" pos="n1" xml:id="A53818-001-a-2500">Shop</w>
     <w lemma="or" pos="cc" xml:id="A53818-001-a-2510">or</w>
     <w lemma="Warehouse" pos="n1-nn" reg="Warehouse" xml:id="A53818-001-a-2520">Ware-house</w>
     <pc xml:id="A53818-001-a-2530">,</pc>
     <w lemma="where" pos="crq" xml:id="A53818-001-a-2540">where</w>
     <w lemma="the" pos="d" xml:id="A53818-001-a-2550">the</w>
     <w lemma="good" pos="n2_j" xml:id="A53818-001-a-2560">Goods</w>
     <w lemma="be" pos="vvd" xml:id="A53818-001-a-2570">were</w>
     <w lemma="unlade" pos="vvn" xml:id="A53818-001-a-2580">unladed</w>
     <w lemma="unto" pos="acp" xml:id="A53818-001-a-2590">unto</w>
     <w lemma="the" pos="d" xml:id="A53818-001-a-2600">the</w>
     <w lemma="owner" pos="n1g" reg="owner's" xml:id="A53818-001-a-2610">owners</w>
     <w lemma="habitation" pos="n1" xml:id="A53818-001-a-2620">Habitation</w>
     <w lemma="or" pos="cc" xml:id="A53818-001-a-2630">or</w>
     <w lemma="shop" pos="n1" xml:id="A53818-001-a-2640">Shop</w>
     <pc xml:id="A53818-001-a-2650">,</pc>
     <w lemma="threepence" pos="n2" reg="threepences" xml:id="A53818-001-a-2660">three-pence</w>
     <pc xml:id="A53818-001-a-2670">,</pc>
     <w lemma="and" pos="cc" xml:id="A53818-001-a-2680">and</w>
     <w lemma="for" pos="acp" xml:id="A53818-001-a-2690">for</w>
     <w lemma="a" pos="d" xml:id="A53818-001-a-2700">a</w>
     <w lemma="parcel" pos="n1" reg="parcel" xml:id="A53818-001-a-2710">parcell</w>
     <w lemma="one" pos="crd" xml:id="A53818-001-a-2720">one</w>
     <w lemma="penny" pos="n1" xml:id="A53818-001-a-2730">penny</w>
     <pc unit="sentence" xml:id="A53818-001-a-2740">.</pc>
    </p>
    <p n="4" xml:id="A53818-e160">
     <w lemma="4" pos="crd" xml:id="A53818-001-a-2750">4</w>
     <hi xml:id="A53818-e170">
      <w lemma="item" pos="n1" xml:id="A53818-001-a-2760">Item</w>
      <pc xml:id="A53818-001-a-2770">,</pc>
     </hi>
     <w lemma="that" pos="cs" xml:id="A53818-001-a-2780">That</w>
     <w lemma="all" pos="d" xml:id="A53818-001-a-2790">all</w>
     <w lemma="letter" pos="n2" xml:id="A53818-001-a-2800">Letters</w>
     <w lemma="direct" pos="vvn" xml:id="A53818-001-a-2810">directed</w>
     <w lemma="to" pos="acp" xml:id="A53818-001-a-2820">to</w>
     <w lemma="scholar" pos="n2" reg="Scholars" xml:id="A53818-001-a-2830">Schollars</w>
     <w lemma="shall" pos="vmb" xml:id="A53818-001-a-2840">shall</w>
     <w lemma="be" pos="vvi" xml:id="A53818-001-a-2850">be</w>
     <w lemma="leave" pos="vvn" xml:id="A53818-001-a-2860">left</w>
     <w lemma="at" pos="acp" xml:id="A53818-001-a-2870">at</w>
     <w lemma="the" pos="d" xml:id="A53818-001-a-2880">the</w>
     <w lemma="buttery" pos="n2" xml:id="A53818-001-a-2890">Butteries</w>
     <w lemma="of" pos="acp" xml:id="A53818-001-a-2900">of</w>
     <w lemma="their" pos="po" xml:id="A53818-001-a-2910">their</w>
     <w lemma="respective" pos="j" xml:id="A53818-001-a-2920">respective</w>
     <w lemma="college" pos="n2" xml:id="A53818-001-a-2930">Colleges</w>
     <w lemma="or" pos="cc" xml:id="A53818-001-a-2940">or</w>
     <w lemma="hall" pos="n2" xml:id="A53818-001-a-2950">Halls</w>
     <pc xml:id="A53818-001-a-2960">,</pc>
     <w lemma="and" pos="cc" xml:id="A53818-001-a-2970">and</w>
     <w lemma="for" pos="acp" xml:id="A53818-001-a-2980">for</w>
     <w lemma="the" pos="d" xml:id="A53818-001-a-2990">the</w>
     <w lemma="delivery" pos="n1" xml:id="A53818-001-a-3000">delivery</w>
     <w lemma="of" pos="acp" xml:id="A53818-001-a-3010">of</w>
     <w lemma="every" pos="d" xml:id="A53818-001-a-3020">every</w>
     <w lemma="such" pos="d" xml:id="A53818-001-a-3030">such</w>
     <w lemma="letter" pos="n1" xml:id="A53818-001-a-3040">Letter</w>
     <w lemma="only" pos="av_j" reg="only" xml:id="A53818-001-a-3050">onely</w>
     <w lemma="one" pos="crd" xml:id="A53818-001-a-3060">one</w>
     <w lemma="halfpenny" pos="n1" reg="halfpenny" xml:id="A53818-001-a-3070">half-penny</w>
     <w lemma="loaf" pos="n1" reg="loaf" xml:id="A53818-001-a-3080">loafe</w>
     <pc xml:id="A53818-001-a-3090">,</pc>
     <w lemma="as" pos="acp" xml:id="A53818-001-a-3100">as</w>
     <w lemma="be" pos="vvd" xml:id="A53818-001-a-3110">was</w>
     <w lemma="accustom" pos="vvn" xml:id="A53818-001-a-3120">accustomed</w>
     <pc xml:id="A53818-001-a-3130">,</pc>
     <w lemma="but" pos="acp" xml:id="A53818-001-a-3140">but</w>
     <w lemma="if" pos="cs" xml:id="A53818-001-a-3150">if</w>
     <w lemma="any" pos="d" xml:id="A53818-001-a-3160">any</w>
     <w lemma="carriage" pos="n1" xml:id="A53818-001-a-3170">carriage</w>
     <w lemma="come" pos="vvz" xml:id="A53818-001-a-3180">comes</w>
     <w lemma="with" pos="acp" xml:id="A53818-001-a-3190">with</w>
     <w lemma="a" pos="d" xml:id="A53818-001-a-3200">a</w>
     <w lemma="letter" pos="n1" xml:id="A53818-001-a-3210">letter</w>
     <pc xml:id="A53818-001-a-3220">,</pc>
     <w lemma="nothing" pos="pi-x" xml:id="A53818-001-a-3230">nothing</w>
     <w lemma="shall" pos="vmb" xml:id="A53818-001-a-3240">shall</w>
     <w lemma="be" pos="vvi" xml:id="A53818-001-a-3250">be</w>
     <w lemma="pay" pos="vvn" xml:id="A53818-001-a-3260">paid</w>
     <w lemma="for" pos="acp" xml:id="A53818-001-a-3270">for</w>
     <w lemma="the" pos="d" xml:id="A53818-001-a-3280">the</w>
     <w lemma="bring" pos="n1_vg" xml:id="A53818-001-a-3290">bringing</w>
     <w lemma="of" pos="acp" xml:id="A53818-001-a-3300">of</w>
     <w lemma="the" pos="d" xml:id="A53818-001-a-3310">the</w>
     <w lemma="say" pos="j_vn" xml:id="A53818-001-a-3320">said</w>
     <w lemma="letter" pos="n1" xml:id="A53818-001-a-3330">letter</w>
     <pc unit="sentence" xml:id="A53818-001-a-3340">.</pc>
    </p>
    <closer xml:id="A53818-e180">
     <dateline xml:id="A53818-e190">
      <w lemma="give" pos="vvn" xml:id="A53818-001-a-3350">Given</w>
      <date xml:id="A53818-e200">
       <w lemma="the" pos="d" xml:id="A53818-001-a-3360">the</w>
       <w lemma="1." pos="crd" xml:id="A53818-001-a-3370">1.</w>
       <w lemma="day" pos="n1" xml:id="A53818-001-a-3380">day</w>
       <w lemma="of" pos="acp" xml:id="A53818-001-a-3390">of</w>
       <w lemma="September" pos="n1-nn" xml:id="A53818-001-a-3400">September</w>
       <w lemma="an." pos="ab" xml:id="A53818-001-a-3410">An.</w>
       <w lemma="dom." pos="ab" xml:id="A53818-001-a-3420">Dom.</w>
       <w lemma="1666." pos="crd" xml:id="A53818-001-a-3430">1666.</w>
       <pc unit="sentence" xml:id="A53818-001-a-3440"/>
      </date>
     </dateline>
     <signed xml:id="A53818-e210">
      <w lemma="JOHN" pos="n1-nn" reg="JOHN" xml:id="A53818-001-a-3450">IOHN</w>
      <w lemma="fall" pos="vvd" xml:id="A53818-001-a-3460">FELL</w>
     </signed>
     <w lemma="ViceCan" pos="n1-nn" xml:id="A53818-001-a-3470">ViceCan</w>
     <pc unit="sentence" xml:id="A53818-001-a-3480">.</pc>
    </closer>
   </div>
  </body>
  <back xml:id="A53818-t-b"/>
 </text>
</TEI>
