<?xml version="1.0" encoding="UTF-8"?>
<?xml-model href="http://schemata.earlyprint.org/schemata/tei_earlyprint.rng" type="application/xml" schematypens="http://relaxng.org/ns/structure/1.0"?>
<TEI xmlns="http://www.tei-c.org/ns/1.0" xml:id="A79302">
 <teiHeader>
  <fileDesc>
   <titleStmt>
    <title>By the King. A proclamation for a thanksgiving for the late victory by His Majesties naval forces, against the Dutch</title>
    <title>Proclamations. 1666-08-06</title>
    <author>England and Wales. Sovereign (1660-1685 : Charles II)</author>
   </titleStmt>
   <editionStmt>
    <edition>This text is an enriched version of the TCP digital transcription A79302 of text R206531 in the <ref target="http;//estc.bl.uk">English Short Title Catalog</ref> (Wing C3313). Textual changes  and metadata enrichments aim at making the                             text more  computationally tractable, easier to read, and suitable for network-based collaborative                              curation by amateur and professional end users from many walks of life.  The text has been tokenized and linguistically annotated with <ref target="http://morphadorner.northwestern.edu/morphadorner/">MorphAdorner</ref>. The annotation includes standard spellings that support the display of a text in                             a standardized format that preserves archaic forms ('loveth', 'seekest').                              Textual changes aim at restoring the text the author or stationer meant to publish.</edition>
    <respStmt>
     <resp>This text has not been fully proofread</resp>
     <name/>
    </respStmt>
   </editionStmt>
   <extent>Approx. 3 KB of XML-encoded text transcribed from 1 1-bit group-IV TIFF page image.</extent>
   <publicationStmt>
    <publisher>EarlyPrint Project</publisher>
    <pubPlace>Evanston,IL, Notre Dame, IN, St. Louis, MO</pubPlace>
    <date>2018</date>
    <idno type="DLPS">A79302</idno>
    <idno type="STC">Wing C3313</idno>
    <idno type="STC">ESTC R206531</idno>
    <idno type="EEBO-CITATION">99895822</idno>
    <idno type="PROQUEST">99895822</idno>
    <idno type="VID">153441</idno>
    <availability>
     <p>
            This keyboarded and encoded edition of the work described above is co-owned by the institutions providing financial support to the Early English Books Online Text Creation Partnership. This Phase I text is available for reuse, according to the terms of
            <ref target="https://creativecommons.org/publicdomain/zero/1.0/">Creative Commons 0 1.0 Universal</ref>
            . The text can be copied, modified, distributed and performed, even for commercial purposes, all without asking permission.
          </p>
    </availability>
   </publicationStmt>
   <seriesStmt>
    <title>Early English books online.</title>
   </seriesStmt>
   <notesStmt>
    <note>(EEBO-TCP ; phase 1, no. A79302)</note>
    <note>Transcribed from: (Early English Books Online ; image set 153441)</note>
    <note>Images scanned from microfilm: (Early English books, 1641-1700 ; 2365:2)</note>
   </notesStmt>
   <sourceDesc>
    <biblFull>
     <titleStmt>
      <title>By the King. A proclamation for a thanksgiving for the late victory by His Majesties naval forces, against the Dutch</title>
      <title>Proclamations. 1666-08-06</title>
      <author>England and Wales. Sovereign (1660-1685 : Charles II)</author>
      <author>Charles II, King of England, 1630-1685.</author>
     </titleStmt>
     <extent>1 sheet ([1] p.)</extent>
     <publicationStmt>
      <publisher>printed by John Bill and Christopher Barker, printers to the Kings most excellent Majesty,</publisher>
      <pubPlace>London :</pubPlace>
      <date>1666.</date>
     </publicationStmt>
     <notesStmt>
      <note>At end of text: Given at our court at Whitehall the sixth day of August, 1666. In the eighteenth year of our reign.</note>
      <note>Steele notation: and Us Sobriety,; Arms 74.</note>
      <note>Reproduction of original in the Henry E. Huntington Library.</note>
     </notesStmt>
    </biblFull>
   </sourceDesc>
  </fileDesc>
  <profileDesc>
   <langUsage>
    <language ident="eng">eng</language>
   </langUsage>
   <textClass>
    <keywords scheme="http://authorities.loc.gov/">
     <term>Great Britain -- History, Naval -- Stuarts, 1603-1714 -- Early works to 1800.</term>
     <term>Broadsides -- England</term>
    </keywords>
   </textClass>
  </profileDesc>
  <xenoData>
   <ep:epHeader xmlns:ep="http://earlyprint.org/ns/1.0">
    <ep:corpus>eebo</ep:corpus>
    <ep:title>By the King. A proclamation for a thanksgiving for the late victory by His Majesties naval forces, against the Dutch.</ep:title>
    <ep:author>England and Wales. Sovereign </ep:author>
    <ep:publicationYear>1666</ep:publicationYear>
    <ep:creationYear/>
    <ep:curator>
     <ep:name/>
    </ep:curator>
    <ep:pageCount>1</ep:pageCount>
    <ep:wordCount>543</ep:wordCount>
    <ep:defectiveTokenCount>2</ep:defectiveTokenCount>
    <ep:untranscribedForeignCount>0</ep:untranscribedForeignCount>
    <ep:untranscribedMathCount>0</ep:untranscribedMathCount>
    <ep:untranscribedMusicCount>0</ep:untranscribedMusicCount>
    <ep:missingChunkCount>0</ep:missingChunkCount>
    <ep:missingPagesCount>0</ep:missingPagesCount>
    <ep:defectRate>36.83</ep:defectRate>
    <ep:finalGrade>D</ep:finalGrade>
    <ep:defectRangePerGrade> The  rate of 36.83 defects per 10,000 words puts this text in the D category of texts with between 35 and 100 defects per 10,000 words.</ep:defectRangePerGrade>
   </ep:epHeader>
  </xenoData>
  <revisionDesc>
   <change><date>2008-03</date><label>TCP</label>
        Assigned for keying and markup
      </change>
   <change><date>2008-08</date><label>SPi Global</label>
        Keyed and coded from ProQuest page images
      </change>
   <change><date>2008-09</date><label>Mona Logarbo</label>
        Sampled and proofread
      </change>
   <change><date>2008-09</date><label>Mona Logarbo</label>
        Text and markup reviewed and edited
      </change>
   <change><date>2009-02</date><label>pfs</label>
        Batch review (QC) and XML conversion
      </change>
  </revisionDesc>
 </teiHeader>
 <text xml:id="A79302-t">
  <body xml:id="A79302-e0">
   <div type="royal_proclamation" xml:id="A79302-e10">
    <pb facs="tcp:153441:1" rendition="simple:additions" xml:id="A79302-001-a"/>
    <head xml:id="A79302-e20">
     <figure xml:id="A79302-e30">
      <p xml:id="A79302-e40">
       <w lemma="c" pos="sy" xml:id="A79302-001-a-0010">C</w>
       <w lemma="r" pos="sy" xml:id="A79302-001-a-0020">R</w>
      </p>
      <p xml:id="A79302-e50">
       <w lemma="diev" pos="f-fr" xml:id="A79302-001-a-0030">DIEV</w>
       <w lemma="et" pos="f-fr" xml:id="A79302-001-a-0040">ET</w>
       <w lemma="mon" pos="f-fr" xml:id="A79302-001-a-0050">MON</w>
       <w lemma="droit" pos="n1-nn" xml:id="A79302-001-a-0060">DROIT</w>
      </p>
      <p xml:id="A79302-e60">
       <w lemma="honi" pos="f-fr" xml:id="A79302-001-a-0070">HONI</w>
       <w lemma="soit" pos="f-fr" xml:id="A79302-001-a-0080">SOIT</w>
       <w lemma="qvi" pos="f-fr" xml:id="A79302-001-a-0090">QVI</w>
       <w lemma="mal" pos="f-fr" xml:id="A79302-001-a-0100">MAL</w>
       <w lemma="y" pos="f-fr" xml:id="A79302-001-a-0110">Y</w>
       <w lemma="pense" pos="f-fr" xml:id="A79302-001-a-0120">PENSE</w>
      </p>
      <figDesc xml:id="A79302-e70">royal blazon or coat of arms</figDesc>
     </figure>
    </head>
    <byline xml:id="A79302-e80">
     <w lemma="by" pos="acp" xml:id="A79302-001-a-0130">By</w>
     <w lemma="the" pos="d" xml:id="A79302-001-a-0140">the</w>
     <w lemma="King" pos="n1" xml:id="A79302-001-a-0150">King</w>
     <pc unit="sentence" xml:id="A79302-001-a-0151">.</pc>
     <pc unit="sentence" xml:id="A79302-001-a-0160"/>
    </byline>
    <head xml:id="A79302-e90">
     <w lemma="a" pos="d" xml:id="A79302-001-a-0170">A</w>
     <w lemma="proclamation" pos="n1" xml:id="A79302-001-a-0180">PROCLAMATION</w>
     <w lemma="for" pos="acp" xml:id="A79302-001-a-0190">For</w>
     <w lemma="a" pos="d" xml:id="A79302-001-a-0200">a</w>
     <w lemma="thanksgiving" pos="n1" xml:id="A79302-001-a-0210">THANKSGIVING</w>
     <w lemma="for" pos="acp" xml:id="A79302-001-a-0220">for</w>
     <w lemma="the" pos="d" xml:id="A79302-001-a-0230">the</w>
     <w lemma="late" pos="j" xml:id="A79302-001-a-0240">late</w>
     <w lemma="victory" pos="n1" xml:id="A79302-001-a-0250">VICTORY</w>
     <w lemma="by" pos="acp" xml:id="A79302-001-a-0260">by</w>
     <w lemma="his" pos="po" xml:id="A79302-001-a-0270">His</w>
     <w lemma="majesty" pos="n1g" reg="Majesty's" xml:id="A79302-001-a-0280">Majesties</w>
     <w lemma="naval" pos="j" xml:id="A79302-001-a-0290">Naval</w>
     <w lemma="force" pos="n2" xml:id="A79302-001-a-0300">Forces</w>
     <pc xml:id="A79302-001-a-0310">,</pc>
     <w lemma="against" pos="acp" xml:id="A79302-001-a-0320">Against</w>
     <w lemma="the" pos="d" xml:id="A79302-001-a-0330">the</w>
     <hi xml:id="A79302-e100">
      <w lemma="duchess" pos="n1" reg="DUCHESS" xml:id="A79302-001-a-0340">DVTCH</w>
      <pc unit="sentence" xml:id="A79302-001-a-0350">.</pc>
     </hi>
    </head>
    <opener xml:id="A79302-e110">
     <signed xml:id="A79302-e120">
      <w lemma="CHARLES" pos="n1-nn" xml:id="A79302-001-a-0360">CHARLES</w>
      <w lemma="r." pos="ab" xml:id="A79302-001-a-0370">R.</w>
      <pc unit="sentence" xml:id="A79302-001-a-0380"/>
     </signed>
    </opener>
    <p xml:id="A79302-e130">
     <w lemma="whereas" pos="cs" rendition="#decorinit" xml:id="A79302-001-a-0390">WHereas</w>
     <w lemma="it" pos="pn" xml:id="A79302-001-a-0400">it</w>
     <w lemma="have" pos="vvz" xml:id="A79302-001-a-0410">hath</w>
     <w lemma="please" pos="vvn" xml:id="A79302-001-a-0420">pleased</w>
     <w lemma="almighty" pos="j" xml:id="A79302-001-a-0430">Almighty</w>
     <w lemma="God" pos="n1-nn" xml:id="A79302-001-a-0440">God</w>
     <w lemma="in" pos="acp" xml:id="A79302-001-a-0450">in</w>
     <w lemma="his" pos="po" xml:id="A79302-001-a-0460">his</w>
     <w lemma="late" pos="j" xml:id="A79302-001-a-0470">late</w>
     <w lemma="providence" pos="n1" xml:id="A79302-001-a-0480">Providence</w>
     <w lemma="towards" pos="acp" xml:id="A79302-001-a-0490">towards</w>
     <w lemma="we" pos="pno" reg="Us" xml:id="A79302-001-a-0500">Vs</w>
     <w lemma="and" pos="cc" xml:id="A79302-001-a-0510">and</w>
     <w lemma="our" pos="po" xml:id="A79302-001-a-0520">Our</w>
     <w lemma="people" pos="n1" xml:id="A79302-001-a-0530">People</w>
     <pc xml:id="A79302-001-a-0540">,</pc>
     <w lemma="to" pos="to" xml:id="A79302-001-a-0550">to</w>
     <w lemma="manifest" pos="vvi" xml:id="A79302-001-a-0560">manifest</w>
     <w lemma="at" pos="acp" xml:id="A79302-001-a-0570">at</w>
     <w lemma="once" pos="acp-av" xml:id="A79302-001-a-0580">once</w>
     <w lemma="the" pos="d" xml:id="A79302-001-a-0590">the</w>
     <w lemma="glory" pos="n1" xml:id="A79302-001-a-0600">glory</w>
     <w lemma="both" pos="av_d" xml:id="A79302-001-a-0610">both</w>
     <w lemma="of" pos="acp" xml:id="A79302-001-a-0620">of</w>
     <w lemma="his" pos="po" xml:id="A79302-001-a-0630">his</w>
     <w lemma="power" pos="n1" xml:id="A79302-001-a-0640">Power</w>
     <w lemma="and" pos="cc" xml:id="A79302-001-a-0650">and</w>
     <w lemma="mercy" pos="n1" xml:id="A79302-001-a-0660">Mercy</w>
     <pc xml:id="A79302-001-a-0670">,</pc>
     <w lemma="in" pos="acp" xml:id="A79302-001-a-0680">in</w>
     <w lemma="give" pos="vvg" xml:id="A79302-001-a-0690">giving</w>
     <w lemma="we" pos="pno" reg="Us" xml:id="A79302-001-a-0700">Vs</w>
     <w lemma="a" pos="d" xml:id="A79302-001-a-0710">a</w>
     <w lemma="happy" pos="j" xml:id="A79302-001-a-0720">happy</w>
     <w lemma="victory" pos="n1" xml:id="A79302-001-a-0730">Victory</w>
     <w lemma="over" pos="acp" xml:id="A79302-001-a-0740">over</w>
     <w lemma="our" pos="po" xml:id="A79302-001-a-0750">Our</w>
     <w lemma="adversary" pos="n2" xml:id="A79302-001-a-0760">Adversaries</w>
     <w lemma="at" pos="acp" xml:id="A79302-001-a-0770">at</w>
     <w lemma="sea" pos="n1" xml:id="A79302-001-a-0780">Sea</w>
     <pc xml:id="A79302-001-a-0790">,</pc>
     <w lemma="fill" pos="vvg" xml:id="A79302-001-a-0800">filling</w>
     <w lemma="the" pos="d" xml:id="A79302-001-a-0810">the</w>
     <w lemma="heart" pos="n2" xml:id="A79302-001-a-0820">hearts</w>
     <w lemma="of" pos="acp" xml:id="A79302-001-a-0830">of</w>
     <w lemma="we" pos="pno" reg="Us" xml:id="A79302-001-a-0840">Vs</w>
     <w lemma="and" pos="cc" xml:id="A79302-001-a-0850">and</w>
     <w lemma="our" pos="po" xml:id="A79302-001-a-0860">Our</w>
     <w lemma="people" pos="n1" xml:id="A79302-001-a-0870">People</w>
     <w lemma="as" pos="acp" xml:id="A79302-001-a-0880">as</w>
     <w lemma="full" pos="j" xml:id="A79302-001-a-0890">full</w>
     <w lemma="of" pos="acp" xml:id="A79302-001-a-0900">of</w>
     <w lemma="joy" pos="n1" xml:id="A79302-001-a-0910">joy</w>
     <w lemma="and" pos="cc" xml:id="A79302-001-a-0920">and</w>
     <w lemma="thankfulness" pos="n1" xml:id="A79302-001-a-0930">thankfulness</w>
     <pc xml:id="A79302-001-a-0940">,</pc>
     <w lemma="as" pos="acp" xml:id="A79302-001-a-0950">as</w>
     <w lemma="become" pos="vvz" xml:id="A79302-001-a-0960">becomes</w>
     <w lemma="so" pos="av" xml:id="A79302-001-a-0970">so</w>
     <w lemma="transcendent" pos="j" xml:id="A79302-001-a-0980">transcendent</w>
     <w lemma="a" pos="d" xml:id="A79302-001-a-0990">a</w>
     <w lemma="mercy" pos="n1" xml:id="A79302-001-a-1000">Mercy</w>
     <pc xml:id="A79302-001-a-1010">;</pc>
     <w lemma="we" pos="pns" xml:id="A79302-001-a-1020">We</w>
     <w lemma="can" pos="vmb-x" xml:id="A79302-001-a-1030">cannot</w>
     <w lemma="upon" pos="acp" xml:id="A79302-001-a-1040">upon</w>
     <w lemma="the" pos="d" xml:id="A79302-001-a-1050">the</w>
     <w lemma="due" pos="j" xml:id="A79302-001-a-1060">due</w>
     <w lemma="consideration" pos="n1" xml:id="A79302-001-a-1070">consideration</w>
     <w lemma="hereof" pos="av" xml:id="A79302-001-a-1080">hereof</w>
     <pc xml:id="A79302-001-a-1090">,</pc>
     <w lemma="but" pos="acp" xml:id="A79302-001-a-1100">but</w>
     <w lemma="with" pos="acp" xml:id="A79302-001-a-1110">with</w>
     <w lemma="all" pos="d" xml:id="A79302-001-a-1120">all</w>
     <w lemma="humility" pos="n1" xml:id="A79302-001-a-1130">humility</w>
     <w lemma="admire" pos="vvi" xml:id="A79302-001-a-1140">admire</w>
     <w lemma="and" pos="cc" xml:id="A79302-001-a-1150">and</w>
     <w lemma="adore" pos="vvi" xml:id="A79302-001-a-1160">adore</w>
     <w lemma="the" pos="d" xml:id="A79302-001-a-1170">the</w>
     <w lemma="mercy" pos="n1" xml:id="A79302-001-a-1180">mercy</w>
     <w lemma="and" pos="cc" xml:id="A79302-001-a-1190">and</w>
     <w lemma="goodness" pos="n1" xml:id="A79302-001-a-1200">goodness</w>
     <w lemma="of" pos="acp" xml:id="A79302-001-a-1210">of</w>
     <w lemma="God" pos="n1-nn" xml:id="A79302-001-a-1220">God</w>
     <w lemma="in" pos="acp" xml:id="A79302-001-a-1230">in</w>
     <w lemma="this" pos="d" xml:id="A79302-001-a-1240">this</w>
     <w lemma="his" pos="po" xml:id="A79302-001-a-1250">his</w>
     <w lemma="signal" pos="n1" xml:id="A79302-001-a-1260">signal</w>
     <w lemma="manifestation" pos="n1" xml:id="A79302-001-a-1270">manifestation</w>
     <w lemma="thereof" pos="av" xml:id="A79302-001-a-1280">thereof</w>
     <pc xml:id="A79302-001-a-1290">;</pc>
     <w lemma="and" pos="cc" xml:id="A79302-001-a-1300">and</w>
     <w lemma="we" pos="pns" xml:id="A79302-001-a-1310">we</w>
     <w lemma="look" pos="vvb" xml:id="A79302-001-a-1320">look</w>
     <w lemma="upon" pos="acp" xml:id="A79302-001-a-1330">upon</w>
     <w lemma="it" pos="pn" xml:id="A79302-001-a-1340">it</w>
     <w lemma="as" pos="acp" xml:id="A79302-001-a-1350">as</w>
     <w lemma="invitation" pos="n1" xml:id="A79302-001-a-1360">invitation</w>
     <w lemma="from" pos="acp" xml:id="A79302-001-a-1370">from</w>
     <w lemma="heaven" pos="n1" xml:id="A79302-001-a-1380">Heaven</w>
     <w lemma="to" pos="acp" xml:id="A79302-001-a-1390">to</w>
     <w lemma="we" pos="pno" reg="Us" xml:id="A79302-001-a-1400">Vs</w>
     <w lemma="and" pos="cc" xml:id="A79302-001-a-1410">and</w>
     <w lemma="all" pos="d" xml:id="A79302-001-a-1420">all</w>
     <w lemma="our" pos="po" xml:id="A79302-001-a-1430">Our</w>
     <w lemma="people" pos="n1" xml:id="A79302-001-a-1440">People</w>
     <w lemma="unto" pos="acp" xml:id="A79302-001-a-1450">unto</w>
     <w lemma="most" pos="d-s" xml:id="A79302-001-a-1460">most</w>
     <w lemma="entire" pos="j" xml:id="A79302-001-a-1470">entire</w>
     <w lemma="thankfulness" pos="n1" xml:id="A79302-001-a-1480">Thankfulness</w>
     <w lemma="for" pos="acp" xml:id="A79302-001-a-1490">for</w>
     <w lemma="the" pos="d" xml:id="A79302-001-a-1500">the</w>
     <w lemma="sa" pos="uh" xml:id="A79302-001-a-1510">sa</w>
     <w lemma="〈…〉" pos="zz" xml:id="A79302-001-a-1520">〈…〉</w>
     <w lemma="d" pos="sy" xml:id="A79302-001-a-1530">d</w>
     <w lemma="to" pos="acp" xml:id="A79302-001-a-1540">to</w>
     <w lemma="the" pos="d" xml:id="A79302-001-a-1550">the</w>
     <w lemma="end" pos="n1" xml:id="A79302-001-a-1560">end</w>
     <w lemma="some" pos="d" xml:id="A79302-001-a-1570">some</w>
     <w lemma="solemn" pos="j" xml:id="A79302-001-a-1580">Solemn</w>
     <w lemma="time" pos="n1" xml:id="A79302-001-a-1590">time</w>
     <w lemma="may" pos="vmb" xml:id="A79302-001-a-1600">may</w>
     <w lemma="be" pos="vvi" xml:id="A79302-001-a-1610">be</w>
     <w lemma="set" pos="vvn" xml:id="A79302-001-a-1620">set</w>
     <w lemma="apart" pos="av" xml:id="A79302-001-a-1630">apart</w>
     <w lemma="for" pos="acp" xml:id="A79302-001-a-1640">for</w>
     <w lemma="the" pos="d" xml:id="A79302-001-a-1650">the</w>
     <w lemma="public" pos="j" reg="Public" xml:id="A79302-001-a-1660">Publick</w>
     <w lemma="performance" pos="n1" xml:id="A79302-001-a-1670">performance</w>
     <w lemma="of" pos="acp" xml:id="A79302-001-a-1680">of</w>
     <w lemma="this" pos="d" xml:id="A79302-001-a-1690">this</w>
     <w lemma="duty" pos="n1" xml:id="A79302-001-a-1700">Duty</w>
     <pc xml:id="A79302-001-a-1710">,</pc>
     <unclear xml:id="A79302-e140">
      <w lemma="and" pos="cc" xml:id="A79302-001-a-1720">and</w>
     </unclear>
     <w lemma="〈◊〉" pos="zz" xml:id="A79302-001-a-1730">〈◊〉</w>
     <w lemma="we" pos="pns" xml:id="A79302-001-a-1740">We</w>
     <w lemma="and" pos="cc" xml:id="A79302-001-a-1750">and</w>
     <w lemma="all" pos="d" xml:id="A79302-001-a-1760">all</w>
     <w lemma="our" pos="po" xml:id="A79302-001-a-1770">Our</w>
     <w lemma="subject" pos="n2" xml:id="A79302-001-a-1780">Subjects</w>
     <w lemma="in" pos="acp" xml:id="A79302-001-a-1790">in</w>
     <hi xml:id="A79302-e150">
      <w lemma="England" pos="n1-nn" xml:id="A79302-001-a-1800">England</w>
     </hi>
     <w lemma="and" pos="cc" xml:id="A79302-001-a-1810">and</w>
     <hi xml:id="A79302-e160">
      <w lemma="Wales" pos="n1-nn" xml:id="A79302-001-a-1820">Wales</w>
      <pc xml:id="A79302-001-a-1830">,</pc>
     </hi>
     <w lemma="and" pos="cc" xml:id="A79302-001-a-1840">and</w>
     <w lemma="the" pos="d" xml:id="A79302-001-a-1850">the</w>
     <w lemma="town" pos="n1" xml:id="A79302-001-a-1860">Town</w>
     <w lemma="of" pos="acp" xml:id="A79302-001-a-1870">of</w>
     <hi xml:id="A79302-e170">
      <w lemma="Berwick" pos="n1-nn" xml:id="A79302-001-a-1880">Berwick</w>
     </hi>
     <w lemma="upon" pos="acp" xml:id="A79302-001-a-1890">upon</w>
     <hi xml:id="A79302-e180">
      <w lemma="Tweed" pos="n1-nn" xml:id="A79302-001-a-1900">Tweed</w>
      <pc xml:id="A79302-001-a-1910">,</pc>
     </hi>
     <w lemma="may" pos="vmb" xml:id="A79302-001-a-1920">may</w>
     <w lemma="pay" pos="vvi" xml:id="A79302-001-a-1930">pay</w>
     <w lemma="our" pos="po" xml:id="A79302-001-a-1940">Our</w>
     <w lemma="just" pos="j" xml:id="A79302-001-a-1950">just</w>
     <w lemma="tribute" pos="n1" xml:id="A79302-001-a-1960">tribute</w>
     <w lemma="of" pos="acp" xml:id="A79302-001-a-1970">of</w>
     <w lemma="praise" pos="n1" xml:id="A79302-001-a-1980">Praise</w>
     <w lemma="and" pos="cc" xml:id="A79302-001-a-1990">and</w>
     <w lemma="thanksgiving" pos="n1" xml:id="A79302-001-a-2000">Thanksgiving</w>
     <w lemma="to" pos="acp" xml:id="A79302-001-a-2010">to</w>
     <w lemma="almighty" pos="j" xml:id="A79302-001-a-2020">Almighty</w>
     <w lemma="God" pos="n1-nn" xml:id="A79302-001-a-2030">God</w>
     <pc xml:id="A79302-001-a-2040">,</pc>
     <w lemma="we" pos="pns" xml:id="A79302-001-a-2050">We</w>
     <w lemma="do" pos="vvb" xml:id="A79302-001-a-2060">do</w>
     <w lemma="hereby" pos="av" xml:id="A79302-001-a-2070">hereby</w>
     <w lemma="publish" pos="vvb" xml:id="A79302-001-a-2080">Publish</w>
     <w lemma="and" pos="cc" xml:id="A79302-001-a-2090">and</w>
     <w lemma="declare" pos="vvb" xml:id="A79302-001-a-2100">Declare</w>
     <pc xml:id="A79302-001-a-2110">,</pc>
     <w lemma="and" pos="cc" xml:id="A79302-001-a-2120">and</w>
     <w lemma="also" pos="av" xml:id="A79302-001-a-2130">also</w>
     <w lemma="strict" pos="av_j" xml:id="A79302-001-a-2140">strictly</w>
     <w lemma="charge" pos="vvb" xml:id="A79302-001-a-2150">Charge</w>
     <w lemma="and" pos="cc" xml:id="A79302-001-a-2160">and</w>
     <w lemma="command" pos="n1" xml:id="A79302-001-a-2170">Command</w>
     <pc xml:id="A79302-001-a-2180">,</pc>
     <w lemma="that" pos="cs" xml:id="A79302-001-a-2190">That</w>
     <hi xml:id="A79302-e190">
      <w lemma="Tuesday" pos="n1-nn" xml:id="A79302-001-a-2200">Tuesday</w>
     </hi>
     <w lemma="the" pos="d" xml:id="A79302-001-a-2210">the</w>
     <w lemma="fourteen" pos="ord" xml:id="A79302-001-a-2220">Fourteenth</w>
     <w lemma="day" pos="n1" xml:id="A79302-001-a-2230">day</w>
     <w lemma="of" pos="acp" xml:id="A79302-001-a-2240">of</w>
     <w lemma="this" pos="d" xml:id="A79302-001-a-2250">this</w>
     <w lemma="instant" pos="j" xml:id="A79302-001-a-2260">instant</w>
     <hi xml:id="A79302-e200">
      <w lemma="August" pos="n1-nn" xml:id="A79302-001-a-2270">August</w>
     </hi>
     <w lemma="be" pos="vvi" xml:id="A79302-001-a-2280">be</w>
     <w lemma="set" pos="vvn" xml:id="A79302-001-a-2290">set</w>
     <w lemma="apart" pos="av" xml:id="A79302-001-a-2300">apart</w>
     <w lemma="and" pos="cc" xml:id="A79302-001-a-2310">and</w>
     <w lemma="observe" pos="vvn" xml:id="A79302-001-a-2320">observed</w>
     <w lemma="as" pos="acp" xml:id="A79302-001-a-2330">as</w>
     <w lemma="a" pos="d" xml:id="A79302-001-a-2340">a</w>
     <w lemma="day" pos="n1" xml:id="A79302-001-a-2350">day</w>
     <w lemma="of" pos="acp" xml:id="A79302-001-a-2360">of</w>
     <w lemma="public" pos="j" reg="Public" xml:id="A79302-001-a-2370">Publick</w>
     <w lemma="thanksgiving" pos="n1" xml:id="A79302-001-a-2380">Thanksgiving</w>
     <w lemma="in" pos="acp" xml:id="A79302-001-a-2390">in</w>
     <w lemma="the" pos="d" xml:id="A79302-001-a-2400">the</w>
     <w lemma="city" pos="n2" xml:id="A79302-001-a-2410">Cities</w>
     <w lemma="of" pos="acp" xml:id="A79302-001-a-2420">of</w>
     <hi xml:id="A79302-e210">
      <w lemma="London" pos="n1-nn" xml:id="A79302-001-a-2430">London</w>
     </hi>
     <w lemma="and" pos="cc" xml:id="A79302-001-a-2440">and</w>
     <hi xml:id="A79302-e220">
      <w lemma="Westminster" pos="n1-nn" xml:id="A79302-001-a-2450">Westminster</w>
      <pc xml:id="A79302-001-a-2460">,</pc>
     </hi>
     <w lemma="borough" pos="n1-nn" xml:id="A79302-001-a-2470">Borough</w>
     <w lemma="of" pos="acp" xml:id="A79302-001-a-2480">of</w>
     <hi xml:id="A79302-e230">
      <w lemma="Southwark" pos="n1-nn" xml:id="A79302-001-a-2490">Southwark</w>
      <pc xml:id="A79302-001-a-2500">,</pc>
     </hi>
     <w lemma="and" pos="cc" xml:id="A79302-001-a-2510">and</w>
     <w lemma="other" pos="d" xml:id="A79302-001-a-2520">other</w>
     <w lemma="place" pos="n2" xml:id="A79302-001-a-2530">places</w>
     <w lemma="adjacent" pos="j" xml:id="A79302-001-a-2540">adjacent</w>
     <pc unit="sentence" xml:id="A79302-001-a-2550">.</pc>
     <w lemma="and" pos="cc" xml:id="A79302-001-a-2560">And</w>
     <w lemma="that" pos="cs" xml:id="A79302-001-a-2570">that</w>
     <hi xml:id="A79302-e240">
      <w lemma="Thursday" pos="n1-nn" xml:id="A79302-001-a-2580">Thursday</w>
     </hi>
     <w lemma="the" pos="d" xml:id="A79302-001-a-2590">the</w>
     <w lemma="three" pos="crd" xml:id="A79302-001-a-2600">Three</w>
     <w lemma="and" pos="cc" xml:id="A79302-001-a-2610">and</w>
     <w lemma="twenty" pos="ord" xml:id="A79302-001-a-2620">twentieth</w>
     <w lemma="of" pos="acp" xml:id="A79302-001-a-2630">of</w>
     <w lemma="this" pos="d" xml:id="A79302-001-a-2640">this</w>
     <w lemma="instant" pos="j" xml:id="A79302-001-a-2650">instant</w>
     <hi xml:id="A79302-e250">
      <w lemma="August" pos="n1-nn" xml:id="A79302-001-a-2660">August</w>
      <pc xml:id="A79302-001-a-2670">,</pc>
     </hi>
     <w lemma="the" pos="d" xml:id="A79302-001-a-2680">the</w>
     <w lemma="like" pos="j" xml:id="A79302-001-a-2690">like</w>
     <w lemma="be" pos="vvi" xml:id="A79302-001-a-2700">be</w>
     <w lemma="keep" pos="vvn" xml:id="A79302-001-a-2710">kept</w>
     <w lemma="and" pos="cc" xml:id="A79302-001-a-2720">and</w>
     <w lemma="due" pos="av_j" reg="duly" xml:id="A79302-001-a-2730">duely</w>
     <w lemma="observe" pos="vvn" xml:id="A79302-001-a-2740">observed</w>
     <w lemma="through" pos="acp" xml:id="A79302-001-a-2750">through</w>
     <w lemma="the" pos="d" xml:id="A79302-001-a-2760">the</w>
     <w lemma="rest" pos="n1" xml:id="A79302-001-a-2770">rest</w>
     <w lemma="of" pos="acp" xml:id="A79302-001-a-2780">of</w>
     <w lemma="this" pos="d" xml:id="A79302-001-a-2790">this</w>
     <w lemma="whole" pos="j" xml:id="A79302-001-a-2800">whole</w>
     <w lemma="realm" pos="n1" xml:id="A79302-001-a-2810">Realm</w>
     <w lemma="of" pos="acp" xml:id="A79302-001-a-2820">of</w>
     <hi xml:id="A79302-e260">
      <w lemma="England" pos="n1-nn" xml:id="A79302-001-a-2830">England</w>
      <pc xml:id="A79302-001-a-2840">,</pc>
     </hi>
     <w lemma="and" pos="cc" xml:id="A79302-001-a-2850">and</w>
     <w lemma="dominion" pos="n1" xml:id="A79302-001-a-2860">Dominion</w>
     <w lemma="of" pos="acp" xml:id="A79302-001-a-2870">of</w>
     <hi xml:id="A79302-e270">
      <w lemma="Wales" pos="n1-nn" xml:id="A79302-001-a-2880">Wales</w>
      <pc unit="sentence" xml:id="A79302-001-a-2890">.</pc>
     </hi>
     <w lemma="and" pos="cc" xml:id="A79302-001-a-2900">And</w>
     <w lemma="for" pos="acp" xml:id="A79302-001-a-2910">for</w>
     <w lemma="the" pos="d" xml:id="A79302-001-a-2920">the</w>
     <w lemma="more" pos="av-c_d" xml:id="A79302-001-a-2930">more</w>
     <w lemma="orderly" pos="j" xml:id="A79302-001-a-2940">orderly</w>
     <w lemma="performance" pos="n1" xml:id="A79302-001-a-2950">performance</w>
     <w lemma="thereof" pos="av" xml:id="A79302-001-a-2960">thereof</w>
     <pc xml:id="A79302-001-a-2970">,</pc>
     <w lemma="we" pos="pns" xml:id="A79302-001-a-2980">We</w>
     <w lemma="by" pos="acp" xml:id="A79302-001-a-2990">by</w>
     <w lemma="the" pos="d" xml:id="A79302-001-a-3000">the</w>
     <w lemma="advice" pos="n1" xml:id="A79302-001-a-3010">advice</w>
     <w lemma="of" pos="acp" xml:id="A79302-001-a-3020">of</w>
     <w lemma="our" pos="po" xml:id="A79302-001-a-3030">Our</w>
     <w lemma="reverend" pos="j" xml:id="A79302-001-a-3040">Reverend</w>
     <w lemma="bishop" pos="n2" xml:id="A79302-001-a-3050">Bishops</w>
     <pc xml:id="A79302-001-a-3060">,</pc>
     <w lemma="have" pos="vvb" xml:id="A79302-001-a-3070">have</w>
     <w lemma="direct" pos="vvn" xml:id="A79302-001-a-3080">directed</w>
     <w lemma="to" pos="to" xml:id="A79302-001-a-3090">to</w>
     <w lemma="be" pos="vvi" xml:id="A79302-001-a-3100">be</w>
     <w lemma="compose" pos="vvn" xml:id="A79302-001-a-3110">Composed</w>
     <pc xml:id="A79302-001-a-3120">,</pc>
     <w lemma="print" pos="j_vn" xml:id="A79302-001-a-3130">Printed</w>
     <w lemma="and" pos="cc" xml:id="A79302-001-a-3140">and</w>
     <w lemma="publish" pos="vvn" xml:id="A79302-001-a-3150">Published</w>
     <pc xml:id="A79302-001-a-3160">,</pc>
     <w lemma="the" pos="d" xml:id="A79302-001-a-3170">the</w>
     <w lemma="form" pos="n2" xml:id="A79302-001-a-3180">Forms</w>
     <w lemma="of" pos="acp" xml:id="A79302-001-a-3190">of</w>
     <w lemma="such" pos="d" xml:id="A79302-001-a-3200">such</w>
     <w lemma="prayer" pos="n2" xml:id="A79302-001-a-3210">Prayers</w>
     <w lemma="and" pos="cc" xml:id="A79302-001-a-3220">and</w>
     <w lemma="public" pos="j" reg="public" xml:id="A79302-001-a-3230">publick</w>
     <w lemma="thanksgiving" pos="n2" xml:id="A79302-001-a-3240">Thanksgivings</w>
     <pc xml:id="A79302-001-a-3250">,</pc>
     <w lemma="as" pos="acp" xml:id="A79302-001-a-3260">as</w>
     <w lemma="we" pos="pns" xml:id="A79302-001-a-3270">We</w>
     <w lemma="have" pos="vvb" xml:id="A79302-001-a-3280">have</w>
     <w lemma="think" pos="vvn" xml:id="A79302-001-a-3290">thought</w>
     <w lemma="fit" pos="j" xml:id="A79302-001-a-3300">fit</w>
     <w lemma="to" pos="to" xml:id="A79302-001-a-3310">to</w>
     <w lemma="be" pos="vvi" xml:id="A79302-001-a-3320">be</w>
     <w lemma="use" pos="vvn" xml:id="A79302-001-a-3330">used</w>
     <w lemma="in" pos="acp" xml:id="A79302-001-a-3340">in</w>
     <w lemma="all" pos="d" xml:id="A79302-001-a-3350">all</w>
     <w lemma="church" pos="n2" xml:id="A79302-001-a-3360">Churches</w>
     <w lemma="and" pos="cc" xml:id="A79302-001-a-3370">and</w>
     <w lemma="place" pos="n2" xml:id="A79302-001-a-3380">places</w>
     <w lemma="at" pos="acp" xml:id="A79302-001-a-3390">at</w>
     <w lemma="their" pos="po" xml:id="A79302-001-a-3400">their</w>
     <w lemma="public" pos="j" reg="public" xml:id="A79302-001-a-3410">publick</w>
     <w lemma="meeting" pos="n2" xml:id="A79302-001-a-3420">Meetings</w>
     <pc xml:id="A79302-001-a-3430">;</pc>
     <w lemma="and" pos="cc" xml:id="A79302-001-a-3440">and</w>
     <w lemma="have" pos="vvb" xml:id="A79302-001-a-3450">have</w>
     <w lemma="give" pos="vvn" xml:id="A79302-001-a-3460">given</w>
     <w lemma="charge" pos="n1" xml:id="A79302-001-a-3470">charge</w>
     <w lemma="to" pos="acp" xml:id="A79302-001-a-3480">to</w>
     <w lemma="our" pos="po" xml:id="A79302-001-a-3490">Our</w>
     <w lemma="bishop" pos="n2" xml:id="A79302-001-a-3500">Bishops</w>
     <w lemma="to" pos="to" xml:id="A79302-001-a-3510">to</w>
     <w lemma="disperse" pos="vvi" xml:id="A79302-001-a-3520">disperse</w>
     <w lemma="the" pos="d" xml:id="A79302-001-a-3530">the</w>
     <w lemma="same" pos="d" xml:id="A79302-001-a-3540">same</w>
     <w lemma="throughout" pos="acp" xml:id="A79302-001-a-3550">throughout</w>
     <w lemma="the" pos="d" xml:id="A79302-001-a-3560">the</w>
     <w lemma="whole" pos="j" xml:id="A79302-001-a-3570">whole</w>
     <w lemma="kingdom" pos="n1" xml:id="A79302-001-a-3580">Kingdom</w>
     <pc unit="sentence" xml:id="A79302-001-a-3590">.</pc>
     <w lemma="and" pos="cc" xml:id="A79302-001-a-3600">And</w>
     <w lemma="we" pos="pns" xml:id="A79302-001-a-3610">We</w>
     <w lemma="do" pos="vvb" xml:id="A79302-001-a-3620">do</w>
     <w lemma="also" pos="av" xml:id="A79302-001-a-3630">also</w>
     <w lemma="direct" pos="vvi" xml:id="A79302-001-a-3640">direct</w>
     <w lemma="and" pos="cc" xml:id="A79302-001-a-3650">and</w>
     <w lemma="appoint" pos="vvi" xml:id="A79302-001-a-3660">appoint</w>
     <pc xml:id="A79302-001-a-3670">,</pc>
     <w lemma="that" pos="cs" xml:id="A79302-001-a-3680">That</w>
     <w lemma="this" pos="d" xml:id="A79302-001-a-3690">this</w>
     <w lemma="our" pos="po" xml:id="A79302-001-a-3700">Our</w>
     <w lemma="proclamation" pos="n1" xml:id="A79302-001-a-3710">Proclamation</w>
     <w lemma="be" pos="vvi" xml:id="A79302-001-a-3720">be</w>
     <w lemma="public" pos="av_j" reg="publicly" xml:id="A79302-001-a-3730">publickly</w>
     <w lemma="read" pos="vvn" xml:id="A79302-001-a-3740">read</w>
     <w lemma="in" pos="acp" xml:id="A79302-001-a-3750">in</w>
     <w lemma="all" pos="d" xml:id="A79302-001-a-3760">all</w>
     <w lemma="church" pos="n2" xml:id="A79302-001-a-3770">Churches</w>
     <w lemma="and" pos="cc" xml:id="A79302-001-a-3780">and</w>
     <w lemma="chapel" pos="n2" reg="Chapels" xml:id="A79302-001-a-3790">Chappels</w>
     <pc xml:id="A79302-001-a-3800">,</pc>
     <w lemma="on" pos="acp" xml:id="A79302-001-a-3810">on</w>
     <w lemma="some" pos="d" xml:id="A79302-001-a-3820">some</w>
     <w lemma="lordsday" pos="n1" reg="Lordsday" xml:id="A79302-001-a-3830">Lords-day</w>
     <w lemma="precedent" pos="n1" xml:id="A79302-001-a-3840">precedent</w>
     <w lemma="to" pos="acp" xml:id="A79302-001-a-3850">to</w>
     <w lemma="the" pos="d" xml:id="A79302-001-a-3860">the</w>
     <w lemma="say" pos="j_vn" xml:id="A79302-001-a-3870">said</w>
     <w lemma="day" pos="n2" xml:id="A79302-001-a-3880">days</w>
     <w lemma="of" pos="acp" xml:id="A79302-001-a-3890">of</w>
     <w lemma="thanksgiving" pos="n1" xml:id="A79302-001-a-3900">Thanksgiving</w>
     <w lemma="hereby" pos="av" xml:id="A79302-001-a-3910">hereby</w>
     <w lemma="appoint" pos="vvn" xml:id="A79302-001-a-3920">appointed</w>
     <pc xml:id="A79302-001-a-3930">,</pc>
     <w lemma="to" pos="to" xml:id="A79302-001-a-3940">to</w>
     <w lemma="the" pos="d" xml:id="A79302-001-a-3950">the</w>
     <w lemma="end" pos="n1" xml:id="A79302-001-a-3960">end</w>
     <w lemma="that" pos="cs" xml:id="A79302-001-a-3970">that</w>
     <w lemma="notice" pos="n1" xml:id="A79302-001-a-3980">notice</w>
     <w lemma="may" pos="vmb" xml:id="A79302-001-a-3990">may</w>
     <w lemma="be" pos="vvi" xml:id="A79302-001-a-4000">be</w>
     <w lemma="take" pos="vvn" xml:id="A79302-001-a-4010">taken</w>
     <w lemma="thereof" pos="av" xml:id="A79302-001-a-4020">thereof</w>
     <pc xml:id="A79302-001-a-4030">,</pc>
     <w lemma="and" pos="cc" xml:id="A79302-001-a-4040">and</w>
     <w lemma="due" pos="j" xml:id="A79302-001-a-4050">due</w>
     <w lemma="thanks" pos="n2" xml:id="A79302-001-a-4060">Thanks</w>
     <w lemma="and" pos="cc" xml:id="A79302-001-a-4070">and</w>
     <w lemma="praise" pos="n1" xml:id="A79302-001-a-4080">Praise</w>
     <w lemma="may" pos="vmb" xml:id="A79302-001-a-4090">may</w>
     <w lemma="upon" pos="acp" xml:id="A79302-001-a-4100">upon</w>
     <w lemma="the" pos="d" xml:id="A79302-001-a-4110">the</w>
     <w lemma="say" pos="j_vn" xml:id="A79302-001-a-4120">said</w>
     <w lemma="day" pos="n2" xml:id="A79302-001-a-4130">Days</w>
     <w lemma="be" pos="vvb" xml:id="A79302-001-a-4140">be</w>
     <w lemma="offer" pos="vvn" xml:id="A79302-001-a-4150">offered</w>
     <w lemma="up" pos="acp-av" xml:id="A79302-001-a-4160">up</w>
     <w lemma="unto" pos="acp" xml:id="A79302-001-a-4170">unto</w>
     <w lemma="almighty" pos="j" xml:id="A79302-001-a-4180">Almighty</w>
     <w lemma="God" pos="n1-nn" xml:id="A79302-001-a-4190">God</w>
     <pc xml:id="A79302-001-a-4200">;</pc>
     <w lemma="and" pos="cc" xml:id="A79302-001-a-4210">And</w>
     <w lemma="that" pos="cs" xml:id="A79302-001-a-4220">that</w>
     <w lemma="humble" pos="j" xml:id="A79302-001-a-4230">humble</w>
     <w lemma="supplicaons" pos="n1g-nn" reg="Supplicaons'" xml:id="A79302-001-a-4240">Supplicaons</w>
     <w lemma="be" pos="vvi" xml:id="A79302-001-a-4250">be</w>
     <w lemma="pour" pos="vvn" xml:id="A79302-001-a-4260">poured</w>
     <w lemma="out" pos="av" xml:id="A79302-001-a-4270">out</w>
     <w lemma="before" pos="acp" xml:id="A79302-001-a-4280">before</w>
     <w lemma="he" pos="pno" xml:id="A79302-001-a-4290">him</w>
     <w lemma="for" pos="acp" xml:id="A79302-001-a-4300">for</w>
     <w lemma="his" pos="po" xml:id="A79302-001-a-4310">his</w>
     <w lemma="continual" pos="j" xml:id="A79302-001-a-4320">continual</w>
     <w lemma="assistance" pos="n1" xml:id="A79302-001-a-4330">assistance</w>
     <pc xml:id="A79302-001-a-4340">,</pc>
     <w lemma="and" pos="cc" xml:id="A79302-001-a-4350">and</w>
     <w lemma="improvement" pos="n1" xml:id="A79302-001-a-4360">improvement</w>
     <w lemma="of" pos="acp" xml:id="A79302-001-a-4370">of</w>
     <w lemma="this" pos="d" xml:id="A79302-001-a-4380">this</w>
     <w lemma="and" pos="cc" xml:id="A79302-001-a-4390">and</w>
     <w lemma="all" pos="d" xml:id="A79302-001-a-4400">all</w>
     <w lemma="his" pos="po" xml:id="A79302-001-a-4410">his</w>
     <w lemma="mercy" pos="n2" xml:id="A79302-001-a-4420">Mercies</w>
     <w lemma="to" pos="acp" xml:id="A79302-001-a-4430">to</w>
     <w lemma="the" pos="d" xml:id="A79302-001-a-4440">the</w>
     <w lemma="honour" pos="n1" xml:id="A79302-001-a-4450">Honour</w>
     <w lemma="of" pos="acp" xml:id="A79302-001-a-4460">of</w>
     <w lemma="his" pos="po" xml:id="A79302-001-a-4470">his</w>
     <w lemma="great" pos="j" xml:id="A79302-001-a-4480">great</w>
     <w lemma="name" pos="n1" xml:id="A79302-001-a-4490">Name</w>
     <pc xml:id="A79302-001-a-4500">,</pc>
     <w lemma="and" pos="cc" xml:id="A79302-001-a-4510">and</w>
     <w lemma="the" pos="d" xml:id="A79302-001-a-4520">the</w>
     <w lemma="peace" pos="n1" xml:id="A79302-001-a-4530">Peace</w>
     <w lemma="and" pos="cc" xml:id="A79302-001-a-4540">and</w>
     <w lemma="benefit" pos="n1" xml:id="A79302-001-a-4550">benefit</w>
     <w lemma="of" pos="acp" xml:id="A79302-001-a-4560">of</w>
     <w lemma="we" pos="pno" reg="Us" xml:id="A79302-001-a-4570">Vs</w>
     <w lemma="and" pos="cc" xml:id="A79302-001-a-4580">and</w>
     <w lemma="our" pos="po" xml:id="A79302-001-a-4590">our</w>
     <w lemma="people" pos="n1" xml:id="A79302-001-a-4600">People</w>
     <pc xml:id="A79302-001-a-4610">;</pc>
     <w lemma="willing" pos="j" xml:id="A79302-001-a-4620">Willing</w>
     <w lemma="and" pos="cc" xml:id="A79302-001-a-4630">and</w>
     <w lemma="strict" pos="av_j" xml:id="A79302-001-a-4640">strictly</w>
     <w lemma="command" pos="vvg" xml:id="A79302-001-a-4650">Commanding</w>
     <w lemma="all" pos="d" xml:id="A79302-001-a-4660">all</w>
     <w lemma="person" pos="n2" xml:id="A79302-001-a-4670">persons</w>
     <w lemma="within" pos="acp" xml:id="A79302-001-a-4680">within</w>
     <w lemma="our" pos="po" xml:id="A79302-001-a-4690">Our</w>
     <w lemma="say" pos="j_vn" xml:id="A79302-001-a-4700">said</w>
     <w lemma="realm" pos="n1" xml:id="A79302-001-a-4710">Realm</w>
     <w lemma="and" pos="cc" xml:id="A79302-001-a-4720">and</w>
     <w lemma="dominion" pos="n2" xml:id="A79302-001-a-4730">Dominions</w>
     <pc xml:id="A79302-001-a-4740">,</pc>
     <w lemma="with" pos="acp" xml:id="A79302-001-a-4750">with</w>
     <w lemma="all" pos="d" xml:id="A79302-001-a-4760">all</w>
     <w lemma="sobriety" pos="n1" xml:id="A79302-001-a-4770">Sobriety</w>
     <pc xml:id="A79302-001-a-4780">,</pc>
     <w lemma="reverence" pos="n1" xml:id="A79302-001-a-4790">Reverence</w>
     <pc xml:id="A79302-001-a-4800">,</pc>
     <w lemma="and" pos="cc" xml:id="A79302-001-a-4810">and</w>
     <w lemma="thankfulness" pos="n1" xml:id="A79302-001-a-4820">Thankfulness</w>
     <w lemma="to" pos="to" xml:id="A79302-001-a-4830">to</w>
     <w lemma="observe" pos="vvi" xml:id="A79302-001-a-4840">observe</w>
     <w lemma="this" pos="d" xml:id="A79302-001-a-4850">this</w>
     <w lemma="day" pos="n1" xml:id="A79302-001-a-4860">Day</w>
     <pc xml:id="A79302-001-a-4870">,</pc>
     <w lemma="as" pos="acp" xml:id="A79302-001-a-4880">as</w>
     <w lemma="become" pos="vvz" xml:id="A79302-001-a-4890">becomes</w>
     <w lemma="so" pos="av" xml:id="A79302-001-a-4900">so</w>
     <w lemma="solemn" pos="j" xml:id="A79302-001-a-4910">solemn</w>
     <w lemma="a" pos="d" xml:id="A79302-001-a-4920">an</w>
     <w lemma="occasion" pos="n1" xml:id="A79302-001-a-4930">occasion</w>
     <pc unit="sentence" xml:id="A79302-001-a-4940">.</pc>
    </p>
    <closer xml:id="A79302-e280">
     <dateline xml:id="A79302-e290">
      <w lemma="give" pos="vvn" xml:id="A79302-001-a-4950">Given</w>
      <w lemma="at" pos="acp" xml:id="A79302-001-a-4960">at</w>
      <w lemma="our" pos="po" xml:id="A79302-001-a-4970">Our</w>
      <w lemma="court" pos="n1" xml:id="A79302-001-a-4980">Court</w>
      <w lemma="at" pos="acp" xml:id="A79302-001-a-4990">at</w>
      <hi xml:id="A79302-e300">
       <w lemma="Whitehall" pos="n1-nn" xml:id="A79302-001-a-5000">Whitehall</w>
      </hi>
      <date xml:id="A79302-e310">
       <w lemma="the" pos="d" xml:id="A79302-001-a-5010">the</w>
       <w lemma="six" pos="ord" xml:id="A79302-001-a-5020">Sixth</w>
       <w lemma="day" pos="n1" xml:id="A79302-001-a-5030">day</w>
       <w lemma="of" pos="acp" xml:id="A79302-001-a-5040">of</w>
       <hi xml:id="A79302-e320">
        <w lemma="August" pos="n1-nn" xml:id="A79302-001-a-5050">August</w>
        <pc xml:id="A79302-001-a-5060">,</pc>
       </hi>
       <w lemma="1666." pos="crd" xml:id="A79302-001-a-5070">1666.</w>
       <pc unit="sentence" xml:id="A79302-001-a-5080"/>
       <w lemma="in" pos="acp" xml:id="A79302-001-a-5090">In</w>
       <w lemma="the" pos="d" xml:id="A79302-001-a-5100">the</w>
       <w lemma="eighteen" pos="ord" xml:id="A79302-001-a-5110">Eighteenth</w>
       <w lemma="year" pos="n1" xml:id="A79302-001-a-5120">year</w>
       <w lemma="of" pos="acp" xml:id="A79302-001-a-5130">of</w>
       <w lemma="our" pos="po" xml:id="A79302-001-a-5140">Our</w>
       <w lemma="reign" pos="n1" xml:id="A79302-001-a-5150">Reign</w>
       <pc unit="sentence" xml:id="A79302-001-a-5160">.</pc>
      </date>
     </dateline>
     <lb xml:id="A79302-e330"/>
     <w lemma="God" pos="n1-nn" xml:id="A79302-001-a-5170">God</w>
     <w lemma="save" pos="vvb" xml:id="A79302-001-a-5180">save</w>
     <w lemma="the" pos="d" xml:id="A79302-001-a-5190">the</w>
     <w lemma="King" pos="n1" xml:id="A79302-001-a-5200">King</w>
     <pc unit="sentence" xml:id="A79302-001-a-5201">.</pc>
     <pc unit="sentence" xml:id="A79302-001-a-5210"/>
    </closer>
   </div>
  </body>
  <back xml:id="A79302-e340">
   <div type="colophon" xml:id="A79302-e350">
    <p xml:id="A79302-e360">
     <hi xml:id="A79302-e370">
      <w lemma="LONDON" pos="n1-nn" xml:id="A79302-001-a-5220">LONDON</w>
      <pc xml:id="A79302-001-a-5230">,</pc>
      <hi xml:id="A79302-e380">
       <w lemma="print" pos="vvn" xml:id="A79302-001-a-5240">Printed</w>
       <w lemma="by" pos="acp" xml:id="A79302-001-a-5250">by</w>
      </hi>
      <w lemma="John" pos="n1-nn" xml:id="A79302-001-a-5260">John</w>
      <w lemma="bill" pos="n1" xml:id="A79302-001-a-5270">Bill</w>
      <hi xml:id="A79302-e390">
       <w lemma="and" pos="cc" xml:id="A79302-001-a-5280">and</w>
      </hi>
      <w lemma="Christopher" pos="n1-nn" xml:id="A79302-001-a-5290">Christopher</w>
      <w lemma="Barker" pos="n1-nn" xml:id="A79302-001-a-5300">Barker</w>
      <pc xml:id="A79302-001-a-5310">,</pc>
      <hi xml:id="A79302-e400">
       <w lemma="printer" pos="n2" xml:id="A79302-001-a-5320">Printers</w>
       <w lemma="to" pos="acp" xml:id="A79302-001-a-5330">to</w>
       <w lemma="the" pos="d" xml:id="A79302-001-a-5340">the</w>
       <w lemma="king" pos="n2" xml:id="A79302-001-a-5350">Kings</w>
       <w lemma="most" pos="av-s_d" xml:id="A79302-001-a-5360">most</w>
       <w lemma="excellent" pos="j" xml:id="A79302-001-a-5370">Excellent</w>
       <w lemma="majesty" pos="n1" xml:id="A79302-001-a-5380">Majesty</w>
       <pc xml:id="A79302-001-a-5390">,</pc>
       <w lemma="1666." pos="crd" xml:id="A79302-001-a-5400">1666.</w>
       <pc unit="sentence" xml:id="A79302-001-a-5410"/>
      </hi>
     </hi>
    </p>
   </div>
  </back>
 </text>
</TEI>
