<?xml version="1.0" encoding="UTF-8"?>
<?xml-model href="http://schemata.earlyprint.org/schemata/tei_earlyprint.rng" type="application/xml" schematypens="http://relaxng.org/ns/structure/1.0"?>
<TEI xmlns="http://www.tei-c.org/ns/1.0" xml:id="A86466">
 <teiHeader>
  <fileDesc>
   <titleStmt>
    <title>A true and exact prospect of the famous citty of London from S. Marie overs steeple in Southwarke in its flourishing condition before the fire</title>
    <author>Hollar, Wenceslaus, 1607-1677.</author>
   </titleStmt>
   <editionStmt>
    <edition>This text is an enriched version of the TCP digital transcription A86466 of text R231016 in the <ref target="http;//estc.bl.uk">English Short Title Catalog</ref> (Wing H2451A). Textual changes  and metadata enrichments aim at making the                             text more  computationally tractable, easier to read, and suitable for network-based collaborative                              curation by amateur and professional end users from many walks of life.  The text has been tokenized and linguistically annotated with <ref target="http://morphadorner.northwestern.edu/morphadorner/">MorphAdorner</ref>. The annotation includes standard spellings that support the display of a text in                             a standardized format that preserves archaic forms ('loveth', 'seekest').                              Textual changes aim at restoring the text the author or stationer meant to publish.</edition>
    <respStmt>
     <resp>This text has not been fully proofread</resp>
     <name/>
    </respStmt>
   </editionStmt>
   <extent>Approx. 1 KB of XML-encoded text transcribed from 1 1-bit group-IV TIFF page image.</extent>
   <publicationStmt>
    <publisher>EarlyPrint Project</publisher>
    <pubPlace>Evanston,IL, Notre Dame, IN, St. Louis, MO</pubPlace>
    <date>2018</date>
    <idno type="DLPS">A86466</idno>
    <idno type="STC">Wing H2451A</idno>
    <idno type="STC">ESTC R231016</idno>
    <idno type="EEBO-CITATION">99899714</idno>
    <idno type="PROQUEST">99899714</idno>
    <idno type="VID">134682</idno>
    <availability>
     <p>
            This keyboarded and encoded edition of the work described above is co-owned by the institutions providing financial support to the Early English Books Online Text Creation Partnership. This Phase I text is available for reuse, according to the terms of
            <ref target="https://creativecommons.org/publicdomain/zero/1.0/">Creative Commons 0 1.0 Universal</ref>
            . The text can be copied, modified, distributed and performed, even for commercial purposes, all without asking permission.
          </p>
    </availability>
   </publicationStmt>
   <seriesStmt>
    <title>Early English books online.</title>
   </seriesStmt>
   <notesStmt>
    <note>(EEBO-TCP ; phase 1, no. A86466)</note>
    <note>Transcribed from: (Early English Books Online ; image set 134682)</note>
    <note>Images scanned from microfilm: (Early English books, 1641-1700 ; 2430:3)</note>
   </notesStmt>
   <sourceDesc>
    <biblFull>
     <titleStmt>
      <title>A true and exact prospect of the famous citty of London from S. Marie overs steeple in Southwarke in its flourishing condition before the fire</title>
      <author>Hollar, Wenceslaus, 1607-1677.</author>
     </titleStmt>
     <extent>2 sheets (versos blank) : ill.</extent>
     <publicationStmt>
      <publisher>s.n.,</publisher>
      <pubPlace>[London :</pubPlace>
      <date>1666]</date>
     </publicationStmt>
     <notesStmt>
      <note>Entirely engraved.</note>
      <note>Consists of two detailed sketches of London; one before the fire of 1666 and another titled "Another prospect of the sayd citty taken from the same place as it appeareth now after the sad calamitie and destruction by fire, in the yeare M.DC.LXVI."</note>
      <note>Signed at end: "Wenceslaus Hollar: delin: et sculp: 1666."</note>
      <note>Reproduction of original in the Folger Shakespeare Library.</note>
     </notesStmt>
    </biblFull>
   </sourceDesc>
  </fileDesc>
  <profileDesc>
   <langUsage>
    <language ident="eng">eng</language>
   </langUsage>
   <textClass>
    <keywords scheme="http://authorities.loc.gov/">
     <term>Fires -- England -- London -- Early works to 1800.</term>
     <term>Broadsides -- England</term>
    </keywords>
   </textClass>
  </profileDesc>
  <xenoData>
   <ep:epHeader xmlns:ep="http://earlyprint.org/ns/1.0">
    <ep:corpus>eebo</ep:corpus>
    <ep:title>A true and exact prospect of the famous citty of London from S. Marie overs steeple in Southwarke in its flourishing condition before the fire.</ep:title>
    <ep:author>Hollar, Wenceslaus</ep:author>
    <ep:publicationYear>1666</ep:publicationYear>
    <ep:creationYear/>
    <ep:curator>
     <ep:name/>
    </ep:curator>
    <ep:pageCount>1</ep:pageCount>
    <ep:wordCount>318</ep:wordCount>
    <ep:defectiveTokenCount>6</ep:defectiveTokenCount>
    <ep:untranscribedForeignCount>0</ep:untranscribedForeignCount>
    <ep:untranscribedMathCount>0</ep:untranscribedMathCount>
    <ep:untranscribedMusicCount>0</ep:untranscribedMusicCount>
    <ep:missingChunkCount>1</ep:missingChunkCount>
    <ep:missingPagesCount>0</ep:missingPagesCount>
    <ep:defectRate>503.14</ep:defectRate>
    <ep:finalGrade>F</ep:finalGrade>
    <ep:defectRangePerGrade> The  rate of 503.14 defects per 10,000 words puts this text in the F category of texts with  100 or more defects per 10,000 words.</ep:defectRangePerGrade>
   </ep:epHeader>
  </xenoData>
  <revisionDesc>
   <change><date>2007-09</date><label>TCP</label>
        Assigned for keying and markup
      </change>
   <change><date>2007-11</date><label>Aptara</label>
        Keyed and coded from ProQuest page images
      </change>
   <change><date>2007-12</date><label>Mona Logarbo</label>
        Sampled and proofread
      </change>
   <change><date>2007-12</date><label>Mona Logarbo</label>
        Text and markup reviewed and edited
      </change>
   <change><date>2008-02</date><label>pfs</label>
        Batch review (QC) and XML conversion
      </change>
  </revisionDesc>
 </teiHeader>
 <text xml:id="A86466-t">
  <body xml:id="A86466-e0">
   <div type="view_of_London" xml:id="A86466-e10">
    <pb facs="tcp:134682:1" rendition="simple:additions" xml:id="A86466-001-a"/>
    <p xml:id="A86466-e20">
     <figure xml:id="A86466-e30">
      <p xml:id="A86466-e40">
       <w lemma="a" pos="d" xml:id="A86466-001-a-0010">A</w>
       <w lemma="true" pos="j" reg="TRUE" xml:id="A86466-001-a-0020">TRVE</w>
       <w lemma="and" pos="cc" xml:id="A86466-001-a-0030">AND</w>
       <w lemma="exact" pos="j" xml:id="A86466-001-a-0040">EXACT</w>
       <w lemma="prospect" pos="n1" xml:id="A86466-001-a-0050">PROSPECT</w>
       <w lemma="of" pos="acp" xml:id="A86466-001-a-0060">OF</w>
       <w lemma="the" pos="d" xml:id="A86466-001-a-0070">THE</w>
       <w lemma="famous" pos="j" reg="FAMOUS" xml:id="A86466-001-a-0080">FAMOVS</w>
       <w lemma="city" pos="n1" reg="CITY" xml:id="A86466-001-a-0090">CITTY</w>
       <w lemma="of" pos="acp" xml:id="A86466-001-a-0100">OF</w>
       <w lemma="LONDON" pos="n1-nn" xml:id="A86466-001-a-0110">LONDON</w>
       <w lemma="from" pos="acp" xml:id="A86466-001-a-0120">FROM</w>
       <w lemma="s." pos="ab" xml:id="A86466-001-a-0130">S.</w>
       <w lemma="marry" pos="uh" reg="MARRY" xml:id="A86466-001-a-0140">MARIE</w>
       <w lemma="over" pos="n2" xml:id="A86466-001-a-0150">OVERS</w>
       <w lemma="steeple" pos="n1" xml:id="A86466-001-a-0160">STEEPLE</w>
       <w lemma="in" pos="acp" xml:id="A86466-001-a-0170">IN</w>
       <w lemma="Southwark" pos="n1-nn" reg="SOUTHWARK" xml:id="A86466-001-a-0180">SOUTHWARKE</w>
       <w lemma="in" pos="acp" xml:id="A86466-001-a-0190">IN</w>
       <w lemma="its" pos="po" xml:id="A86466-001-a-0200">ITS</w>
       <w lemma="flourish" pos="j_vg" xml:id="A86466-001-a-0210">FLOURISHING</w>
       <w lemma="condition" pos="n1" xml:id="A86466-001-a-0220">CONDITION</w>
       <w lemma="before" pos="acp" xml:id="A86466-001-a-0230">BEFORE</w>
       <w lemma="the" pos="d" xml:id="A86466-001-a-0240">THE</w>
       <w lemma="fire" pos="n1" xml:id="A86466-001-a-0250">FIRE</w>
      </p>
      <byline xml:id="A86466-e50">
       <w lemma="design" pos="vvn" xml:id="A86466-001-a-0260">designed</w>
       <w lemma="by" pos="acp" xml:id="A86466-001-a-0270">by</w>
       <w lemma="W" pos="n1-nn" xml:id="A86466-001-a-0280">W</w>
       <pc xml:id="A86466-001-a-0290">:</pc>
       <w lemma="Hollard" pos="n1-nn" xml:id="A86466-001-a-0300">Hollard</w>
       <w lemma="of" pos="acp" xml:id="A86466-001-a-0310">of</w>
       <w lemma="prage" pos="n1-nn" xml:id="A86466-001-a-0320">Prage</w>
       <pc xml:id="A86466-001-a-0330">,</pc>
       <w lemma="boh" pos="uh" reg="Boo" xml:id="A86466-001-a-0340">Boh</w>
       <hi rendition="#sup" xml:id="A86466-e60">
        <w lemma="a" pos="d" xml:id="A86466-001-a-0350">a</w>
       </hi>
       <pc xml:id="A86466-001-a-0360">:</pc>
      </byline>
      <p xml:id="A86466-e70">
       <w lemma="another" pos="d" xml:id="A86466-001-a-0370">ANOTHER</w>
       <w lemma="prospect" pos="n1" xml:id="A86466-001-a-0380">PROSPECT</w>
       <w lemma="of" pos="acp" xml:id="A86466-001-a-0390">OF</w>
       <w lemma="the" pos="d" xml:id="A86466-001-a-0400">THE</w>
       <w lemma="say" pos="vvd" reg="SAID" xml:id="A86466-001-a-0410">SAYD</w>
       <w lemma="city" pos="n1" reg="CITY" xml:id="A86466-001-a-0420">CITTY</w>
       <w lemma="take" pos="vvn" xml:id="A86466-001-a-0430">TAKEN</w>
       <w lemma="from" pos="acp" xml:id="A86466-001-a-0440">FROM</w>
       <w lemma="the" pos="d" xml:id="A86466-001-a-0450">THE</w>
       <w lemma="same" pos="d" xml:id="A86466-001-a-0460">SAME</w>
       <w lemma="place" pos="n1" xml:id="A86466-001-a-0470">PLACE</w>
       <w lemma="as" pos="acp" xml:id="A86466-001-a-0480">AS</w>
       <w lemma="it" pos="pn" xml:id="A86466-001-a-0490">IT</w>
       <w lemma="appear" pos="vvz" xml:id="A86466-001-a-0500">APPEARETH</w>
       <w lemma="now" pos="av" xml:id="A86466-001-a-0510">NOW</w>
       <w lemma="after" pos="acp" xml:id="A86466-001-a-0520">AFTER</w>
       <w lemma="the" pos="d" xml:id="A86466-001-a-0530">THE</w>
       <w lemma="sad" pos="j" xml:id="A86466-001-a-0540">SAD</w>
       <w lemma="calamity" pos="n1" reg="CALAMITY" xml:id="A86466-001-a-0550">CALAMITIE</w>
       <w lemma="and" pos="cc" xml:id="A86466-001-a-0560">AND</w>
       <w lemma="destruction" pos="n1" reg="DESTRUCTION" xml:id="A86466-001-a-0570">DESTRVCTION</w>
       <w lemma="by" pos="acp" xml:id="A86466-001-a-0580">BY</w>
       <w lemma="fire" pos="n1" xml:id="A86466-001-a-0590">FIRE</w>
       <pc xml:id="A86466-001-a-0600">,</pc>
       <w lemma="in" pos="acp" xml:id="A86466-001-a-0610">In</w>
       <w lemma="the" pos="d" xml:id="A86466-001-a-0620">the</w>
       <w lemma="year" pos="n1" xml:id="A86466-001-a-0630">Year</w>
       <w lemma="m." pos="ab" xml:id="A86466-001-a-0640">M.</w>
       <w lemma="dc" pos="crd" xml:id="A86466-001-a-0650">DC</w>
       <pc unit="sentence" xml:id="A86466-001-a-0660">.</pc>
       <w lemma="lxvi" pos="crd" xml:id="A86466-001-a-0670">LXVI</w>
       <pc unit="sentence" xml:id="A86466-001-a-0680">.</pc>
      </p>
      <byline xml:id="A86466-e80">
       <hi xml:id="A86466-e90">
        <w lemma="Wenceslaus" pos="n1-nn" xml:id="A86466-001-a-0690">Wenceslaus</w>
        <w lemma="hollar" pos="n1-nn" xml:id="A86466-001-a-0700">Hollar</w>
        <w lemma="delin" pos="j" xml:id="A86466-001-a-0710">delin</w>
        <pc xml:id="A86466-001-a-0720">:</pc>
        <w lemma="et" pos="f-la" xml:id="A86466-001-a-0730">et</w>
        <w lemma="sculp" pos="vvi" xml:id="A86466-001-a-0740">sculp</w>
        <pc xml:id="A86466-001-a-0750">:</pc>
       </hi>
       <date xml:id="A86466-e100">
        <hi xml:id="A86466-e110">
         <w lemma="1666" pos="crd" xml:id="A86466-001-a-0760">1666</w>
         <pc xml:id="A86466-001-a-0770">▪</pc>
        </hi>
       </date>
      </byline>
      <p xml:id="A86466-e120">
       <list xml:id="A86466-e130">
        <item xml:id="A86466-e140">
         <w lemma="1." pos="crd" xml:id="A86466-001-a-0780">1.</w>
         <pc unit="sentence" xml:id="A86466-001-a-0790"/>
         <w lemma="temple" pos="n1" xml:id="A86466-001-a-0800">Temple</w>
         <w lemma="church" pos="n1" xml:id="A86466-001-a-0810">Church</w>
         <pc xml:id="A86466-001-a-0820">▪</pc>
        </item>
        <item xml:id="A86466-e150">
         <w lemma="2." pos="crd" xml:id="A86466-001-a-0830">2.</w>
         <w lemma="s." pos="ab" xml:id="A86466-001-a-0850">S.</w>
         <w lemma="Dunstan" pos="n1g-nn" reg="Dunstan's" xml:id="A86466-001-a-0860">Dunstans</w>
         <w lemma="west" pos="n1" xml:id="A86466-001-a-0870">West</w>
        </item>
        <item xml:id="A86466-e160">
         <w lemma="3" pos="crd" xml:id="A86466-001-a-0880">3</w>
         <w lemma="s." pos="ab" xml:id="A86466-001-a-0890">S.</w>
         <w lemma="bride" pos="n1g" reg="Bride's" xml:id="A86466-001-a-0900">Brides</w>
        </item>
        <item xml:id="A86466-e170">
         <w lemma="4" pos="crd" xml:id="A86466-001-a-0910">4</w>
         <w lemma="s." pos="ab" xml:id="A86466-001-a-0920">S.</w>
         <w lemma="Benet" pos="n1-nn" xml:id="A86466-001-a-0930">Benet</w>
        </item>
        <item xml:id="A86466-e180">
         <w lemma="5" pos="crd" xml:id="A86466-001-a-0940">5</w>
         <w lemma="s." pos="ab" xml:id="A86466-001-a-0950">S.</w>
         <w lemma="Andrew" pos="n1-nn" xml:id="A86466-001-a-0960">Andrew</w>
         <w lemma="in" pos="acp" xml:id="A86466-001-a-0970">in</w>
         <w lemma="wardrobe" pos="n1" reg="Wardrobe" xml:id="A86466-001-a-0980">Wardrop</w>
        </item>
        <item xml:id="A86466-e190">
         <w lemma="6." pos="crd" xml:id="A86466-001-a-0990">6.</w>
         <w lemma="s." pos="ab" xml:id="A86466-001-a-1010">S.</w>
         <w lemma="Peter" pos="n1g-nn" reg="Peter's" xml:id="A86466-001-a-1020">Peters</w>
         <w lemma="in" pos="acp" xml:id="A86466-001-a-1030">in</w>
         <w lemma="thamstret" pos="f-la" xml:id="A86466-001-a-1040">Thamstret</w>
        </item>
        <item xml:id="A86466-e200">
         <w lemma="7." pos="crd" xml:id="A86466-001-a-1050">7.</w>
         <w lemma="s." pos="ab" xml:id="A86466-001-a-1070">S.</w>
         <w lemma="Martin" pos="n1g-nn" reg="Martin's" xml:id="A86466-001-a-1080">Martins</w>
         <w lemma="by" pos="acp" xml:id="A86466-001-a-1090">by</w>
         <w lemma="Ludgate" pos="n1-nn" xml:id="A86466-001-a-1100">Ludgate</w>
        </item>
        <item xml:id="A86466-e210">
         <w lemma="8." pos="crd" xml:id="A86466-001-a-1110">8.</w>
         <w lemma="s." pos="ab" xml:id="A86466-001-a-1130">S.</w>
         <w lemma="Andrew" pos="n1-nn" xml:id="A86466-001-a-1140">Andrew</w>
         <w lemma="in" pos="acp" xml:id="A86466-001-a-1150">in</w>
         <w lemma="Holborn" pos="n1-nn" reg="Holborn" xml:id="A86466-001-a-1160">Holborne</w>
         <pc xml:id="A86466-001-a-1170">▪</pc>
        </item>
        <item xml:id="A86466-e220">
         <w lemma="9" pos="crd" reg="9" xml:id="A86466-001-a-1180">9.</w>
         <w lemma="s." pos="ab" xml:id="A86466-001-a-1200">S.</w>
         <w lemma="pulcher" pos="n2" xml:id="A86466-001-a-1210">Pulchers</w>
         <pc xml:id="A86466-001-a-1220">▪</pc>
        </item>
        <item xml:id="A86466-e230">
         <w lemma="10." pos="crd" xml:id="A86466-001-a-1230">10.</w>
         <w lemma="s." pos="ab" xml:id="A86466-001-a-1250">S.</w>
         <w lemma="Nicholas" pos="n1-nn" xml:id="A86466-001-a-1260">Nicholas</w>
        </item>
        <item xml:id="A86466-e240">
         <w lemma="11" pos="crd" xml:id="A86466-001-a-1270">11</w>
         <w lemma="Christ" pos="n1-nn" xml:id="A86466-001-a-1280">Christ</w>
         <w lemma="church" pos="n1" xml:id="A86466-001-a-1290">Church</w>
        </item>
        <item xml:id="A86466-e250">
         <w lemma="12" pos="crd" xml:id="A86466-001-a-1300">12</w>
         <w lemma="s." pos="ab" xml:id="A86466-001-a-1310">S.</w>
         <w lemma="Augustine" pos="n1g-nn" reg="Augustine's" xml:id="A86466-001-a-1320">Augustines</w>
        </item>
        <item xml:id="A86466-e260">
         <w lemma="13" pos="crd" xml:id="A86466-001-a-1330">13</w>
         <w lemma="s." pos="ab" xml:id="A86466-001-a-1340">S.</w>
         <w lemma="Foster" pos="n1-nn" xml:id="A86466-001-a-1350">Foster</w>
        </item>
        <item xml:id="A86466-e270">
         <w lemma="14" pos="crd" xml:id="A86466-001-a-1360">14</w>
         <w lemma="s." pos="ab" xml:id="A86466-001-a-1370">S.</w>
         <w lemma="John" pos="n1-nn" reg="john" xml:id="A86466-001-a-1380">Iohn</w>
         <w lemma="Zachary" pos="n1-nn" xml:id="A86466-001-a-1390">Zachary</w>
        </item>
        <item xml:id="A86466-e280">
         <w lemma="15" pos="crd" xml:id="A86466-001-a-1400">15</w>
         <w lemma="s." pos="ab" xml:id="A86466-001-a-1410">S.</w>
         <w lemma="martins" pos="zz" reg="Martens" xml:id="A86466-001-a-1420">Martins</w>
         <w lemma="in" pos="acp" xml:id="A86466-001-a-1430">in</w>
         <w lemma="thamestret" pos="f-la" xml:id="A86466-001-a-1440">Thamestret</w>
        </item>
        <item xml:id="A86466-e290">
         <w lemma="16" pos="crd" xml:id="A86466-001-a-1450">16</w>
         <w lemma="s." pos="ab" xml:id="A86466-001-a-1460">S.</w>
         <w lemma="marry" pos="uh" reg="Marry" xml:id="A86466-001-a-1470">Mary</w>
         <w lemma="alderman" pos="n1" xml:id="A86466-001-a-1480">Alderman</w>
         <w lemma="〈…〉" pos="zz" xml:id="A86466-001-a-1490">〈…〉</w>
        </item>
        <item xml:id="A86466-e300">
         <w lemma="17" pos="crd" xml:id="A86466-001-a-1500">17</w>
         <w lemma="s." pos="ab" xml:id="A86466-001-a-1510">S.</w>
         <w lemma="Thomas" pos="n1-nn" xml:id="A86466-001-a-1520">Thomas</w>
         <w lemma="apostle" pos="n2" xml:id="A86466-001-a-1530">Apostles</w>
         <pc xml:id="A86466-001-a-1540">▪</pc>
        </item>
        <item xml:id="A86466-e310">
         <w lemma="18" pos="crd" xml:id="A86466-001-a-1550">18</w>
         <w lemma="bow" pos="vvb" xml:id="A86466-001-a-1560">Bow</w>
         <w lemma="church" pos="n1" xml:id="A86466-001-a-1570">Church</w>
        </item>
        <item xml:id="A86466-e320">
         <w lemma="19" pos="crd" reg="19" xml:id="A86466-001-a-1580">19.</w>
         <pc unit="sentence" xml:id="A86466-001-a-1590"/>
         <gap extent="1" reason="blank" unit="spans" xml:id="A86466-e330"/>
        </item>
        <item xml:id="A86466-e350">
         <w lemma="20" pos="crd" xml:id="A86466-001-a-1600">20</w>
         <w lemma="s." pos="ab" xml:id="A86466-001-a-1610">S.</w>
         <w lemma="Laurence" pos="n1-nn" xml:id="A86466-001-a-1620">Laurence</w>
        </item>
        <item xml:id="A86466-e360">
         <w lemma="21" pos="crd" xml:id="A86466-001-a-1630">21</w>
         <w lemma="s." pos="ab" xml:id="A86466-001-a-1640">S.</w>
         <w lemma="marry" pos="uh" reg="Marry" xml:id="A86466-001-a-1650">Mary</w>
         <w lemma="Butolfslane" pos="n1-nn" xml:id="A86466-001-a-1660">Butolfslane</w>
        </item>
        <item xml:id="A86466-e370">
         <w lemma="22" pos="crd" xml:id="A86466-001-a-1670">22</w>
         <w lemma="all-hallows" pos="n2-nn" reg="all-hallows" xml:id="A86466-001-a-1680">Allhallowes</w>
         <w lemma="y" pos="sy" xml:id="A86466-001-a-1690">y</w>
         <w lemma="great" pos="j" xml:id="A86466-001-a-1710">great</w>
        </item>
        <item xml:id="A86466-e390">
         <w lemma="23" pos="crd" xml:id="A86466-001-a-1720">23</w>
         <w lemma="s." pos="ab" xml:id="A86466-001-a-1730">S.</w>
         <w lemma="stevens" pos="n1-nn" xml:id="A86466-001-a-1740">Stevens</w>
         <w lemma="colmanstret" pos="f-la" xml:id="A86466-001-a-1750">Colmanstret</w>
        </item>
        <item xml:id="A86466-e400">
         <w lemma="24." pos="crd" xml:id="A86466-001-a-1760">24.</w>
         <w lemma="s." pos="ab" xml:id="A86466-001-a-1780">S.</w>
         <w lemma="Margaret" pos="n1-nn" xml:id="A86466-001-a-1790">Margaret</w>
        </item>
        <item xml:id="A86466-e410">
         <w lemma="25." pos="crd" xml:id="A86466-001-a-1800">25.</w>
         <w lemma="s." pos="ab" xml:id="A86466-001-a-1820">S.</w>
         <w lemma="marry" pos="uh" reg="Marry" xml:id="A86466-001-a-1830">Mary</w>
         <w lemma="Wolnoth" pos="n1-nn" xml:id="A86466-001-a-1840">Wolnoth</w>
        </item>
        <item xml:id="A86466-e420">
         <w lemma="26." pos="crd" xml:id="A86466-001-a-1850">26.</w>
         <pc unit="sentence" xml:id="A86466-001-a-1860"/>
         <w lemma="s" pos="sy" xml:id="A86466-001-a-1870">S</w>
         <w lemma="Lorence" pos="n1-nn" xml:id="A86466-001-a-1880">Lorence</w>
         <w lemma="Poultney" pos="n1-nn" xml:id="A86466-001-a-1890">Poultney</w>
         <pc xml:id="A86466-001-a-1900">▪</pc>
        </item>
        <item xml:id="A86466-e430">
         <w lemma="27" pos="crd" xml:id="A86466-001-a-1910">27</w>
         <w lemma="s." pos="ab" xml:id="A86466-001-a-1920">S.</w>
         <w lemma="stevens" pos="n1-nn" xml:id="A86466-001-a-1930">Stevens</w>
         <w lemma="in" pos="acp" xml:id="A86466-001-a-1940">in</w>
         <w lemma="Walbroke" pos="n1-nn" xml:id="A86466-001-a-1950">Walbroke</w>
         <pc xml:id="A86466-001-a-1960">▪</pc>
        </item>
        <item xml:id="A86466-e440">
         <w lemma="28." pos="crd" xml:id="A86466-001-a-1970">28.</w>
         <w lemma="s." pos="ab" xml:id="A86466-001-a-1990">S.</w>
         <w lemma="Christopher" pos="n1-nn" xml:id="A86466-001-a-2000">Christopher</w>
         <pc xml:id="A86466-001-a-2010">▪</pc>
        </item>
        <item xml:id="A86466-e450">
         <w lemma="29" pos="crd" xml:id="A86466-001-a-2020">29</w>
         <w lemma="s." pos="ab" xml:id="A86466-001-a-2030">S.</w>
         <w lemma="Bartholomew" pos="n1-nn" xml:id="A86466-001-a-2040">Bartholomew</w>
        </item>
        <item xml:id="A86466-e460">
         <w lemma="30" pos="crd" xml:id="A86466-001-a-2050">30</w>
         <w lemma="s." pos="ab" xml:id="A86466-001-a-2060">S.</w>
         <w lemma="Edmund" pos="n1g-nn" reg="Edmund's" xml:id="A86466-001-a-2070">Edmunds</w>
        </item>
        <item xml:id="A86466-e470">
         <w lemma="31" pos="crd" xml:id="A86466-001-a-2080">31</w>
         <w lemma="s." pos="ab" xml:id="A86466-001-a-2090">S.</w>
         <w lemma="Michael" pos="n1-nn" xml:id="A86466-001-a-2100">Michael</w>
         <w lemma="Cornhill" pos="n1-nn" xml:id="A86466-001-a-2110">Cornhill</w>
        </item>
        <item xml:id="A86466-e480">
         <w lemma="32" pos="crd" xml:id="A86466-001-a-2120">32</w>
         <w lemma="all-hallows" pos="n2-nn" reg="all-hallows" xml:id="A86466-001-a-2130">Allhallowes</w>
        </item>
        <item xml:id="A86466-e490">
         <w lemma="33" pos="crd" xml:id="A86466-001-a-2140">33</w>
         <w lemma="s." pos="ab" xml:id="A86466-001-a-2150">S.</w>
         <w lemma="Peter" pos="n1-nn" reg="Peter" xml:id="A86466-001-a-2160">Peters</w>
         <w lemma="in" pos="acp" xml:id="A86466-001-a-2170">in</w>
         <w lemma="Cornhill" pos="n1-nn" xml:id="A86466-001-a-2180">Cornhill</w>
        </item>
        <item xml:id="A86466-e500">
         <w lemma="34." pos="crd" xml:id="A86466-001-a-2190">34.</w>
         <w lemma="s." pos="ab" xml:id="A86466-001-a-2210">S.</w>
         <w lemma="Denis" pos="n1-nn" xml:id="A86466-001-a-2220">Denis</w>
         <pc xml:id="A86466-001-a-2230">..</pc>
        </item>
        <item xml:id="A86466-e510">
         <w lemma="35." pos="crd" xml:id="A86466-001-a-2240">35.</w>
         <w lemma="s." pos="ab" xml:id="A86466-001-a-2260">S.</w>
         <w lemma="Magnus" pos="n1-nn" xml:id="A86466-001-a-2270">Magnus</w>
        </item>
        <item xml:id="A86466-e520">
         <w lemma="36." pos="crd" xml:id="A86466-001-a-2280">36.</w>
         <w lemma="s." pos="ab" xml:id="A86466-001-a-2300">S.</w>
         <w lemma="Andrew" pos="n1-nn" xml:id="A86466-001-a-2310">Andrew</w>
         <w lemma="Hubart" pos="n1-nn" xml:id="A86466-001-a-2320">Hubart</w>
         <pc unit="sentence" xml:id="A86466-001-a-2330">.</pc>
        </item>
        <item xml:id="A86466-e530">
         <w lemma="37" pos="crd" xml:id="A86466-001-a-2340">37</w>
         <w lemma="s" pos="sy" xml:id="A86466-001-a-2350">S</w>
         <w lemma="Mary" pos="n1-nn" xml:id="A86466-001-a-2360">Mary</w>
         <w lemma="hill" pos="n1" xml:id="A86466-001-a-2370">hill</w>
        </item>
        <item xml:id="A86466-e540">
         <w lemma="38." pos="crd" xml:id="A86466-001-a-2380">38.</w>
         <w lemma="s." pos="ab" xml:id="A86466-001-a-2400">S.</w>
         <w lemma="botolph" pos="n1-nn" xml:id="A86466-001-a-2410">Botolph</w>
         <w lemma="Aldgate" pos="n1-nn" xml:id="A86466-001-a-2420">Aldgate</w>
         <pc xml:id="A86466-001-a-2430">▪</pc>
        </item>
        <item xml:id="A86466-e550">
         <w lemma="39" pos="crd" xml:id="A86466-001-a-2440">39</w>
         <w lemma="s." pos="ab" xml:id="A86466-001-a-2450">S.</w>
         <w lemma="Dunstan" pos="n1g-nn" reg="Dunstan's" xml:id="A86466-001-a-2460">Dunstans</w>
         <w lemma="s●●t" pos="n1" xml:id="A86466-001-a-2470">S●●t</w>
        </item>
        <item xml:id="A86466-e560">
         <w lemma="40" pos="crd" xml:id="A86466-001-a-2480">40</w>
         <w lemma="allhallow●s" pos="n2" xml:id="A86466-001-a-2490">Allhallow●s</w>
         <w lemma="bark" pos="vvg" xml:id="A86466-001-a-2500">Barking</w>
        </item>
        <item xml:id="A86466-e570">
         <w lemma="41" pos="crd" xml:id="A86466-001-a-2510">41</w>
         <w lemma="blackfriar" pos="n2-nn" xml:id="A86466-001-a-2520">Blackfriars</w>
         <w lemma="stair" pos="n2" reg="Stairs" xml:id="A86466-001-a-2530">Staires</w>
        </item>
        <item xml:id="A86466-e580">
         <w lemma="42" pos="crd" xml:id="A86466-001-a-2540">42</w>
         <w lemma="bastard" pos="n1g" reg="Bastard's" xml:id="A86466-001-a-2550">Ba●●a●ds</w>
         <w lemma="castle" pos="n1" xml:id="A86466-001-a-2560">Castle</w>
        </item>
        <item xml:id="A86466-e590">
         <w lemma="43" pos="crd" xml:id="A86466-001-a-2570">43</w>
         <w lemma="Paul" pos="n1g-nn" reg="Paul's" xml:id="A86466-001-a-2580">Pauls</w>
         <w lemma="wharf" pos="n1" reg="wharf" xml:id="A86466-001-a-2590">wharfe</w>
        </item>
        <item xml:id="A86466-e600">
         <w lemma="44" pos="crd" xml:id="A86466-001-a-2600">44</w>
         <pc xml:id="A86466-001-a-2610">▪</pc>
         <w lemma="Waterhouse" pos="n1-nn" xml:id="A86466-001-a-2620">Waterhouse</w>
         <pc xml:id="A86466-001-a-2630">▪</pc>
        </item>
        <item xml:id="A86466-e610">
         <w lemma="45." pos="crd" xml:id="A86466-001-a-2640">45.</w>
         <w lemma="3" pos="crd" xml:id="A86466-001-a-2650">3</w>
         <w lemma="crane" pos="n2" xml:id="A86466-001-a-2660">Cranes</w>
        </item>
        <item xml:id="A86466-e620">
         <w lemma="46." pos="crd" xml:id="A86466-001-a-2670">46.</w>
         <pc unit="sentence" xml:id="A86466-001-a-2680"/>
         <w lemma="queen" pos="n1" reg="Queen" xml:id="A86466-001-a-2690">Queene</w>
         <w lemma="hythe" pos="vvz" xml:id="A86466-001-a-2700">hythe</w>
        </item>
        <item xml:id="A86466-e630">
         <w lemma="47" pos="crd" xml:id="A86466-001-a-2710">47</w>
         <w lemma="staliard" pos="n1" xml:id="A86466-001-a-2720">Staliard</w>
        </item>
        <item xml:id="A86466-e640">
         <w lemma="48" pos="crd" xml:id="A86466-001-a-2730">48</w>
         <w lemma="col" pos="ab" xml:id="A86466-001-a-2740">Col</w>
         <w lemma="harbour" pos="n1" xml:id="A86466-001-a-2750">Harbour</w>
        </item>
        <item xml:id="A86466-e650">
         <w lemma="49." pos="crd" xml:id="A86466-001-a-2760">49.</w>
         <pc unit="sentence" xml:id="A86466-001-a-2770"/>
         <w lemma="old" pos="j" xml:id="A86466-001-a-2780">Old</w>
         <w lemma="swan" pos="n1" xml:id="A86466-001-a-2790">Swan</w>
         <pc xml:id="A86466-001-a-2800">▪</pc>
        </item>
        <item xml:id="A86466-e660">
         <w lemma="50." pos="crd" xml:id="A86466-001-a-2810">50.</w>
         <pc unit="sentence" xml:id="A86466-001-a-2820"/>
         <w lemma="fishmonger" pos="n1g" reg="Fishmonger's" xml:id="A86466-001-a-2830">Fishmongers</w>
         <w lemma="hall" pos="n1" xml:id="A86466-001-a-2840">hall</w>
         <pc xml:id="A86466-001-a-2850">▪</pc>
        </item>
        <item xml:id="A86466-e670">
         <w lemma="51." pos="crd" xml:id="A86466-001-a-2860">51.</w>
         <pc unit="sentence" xml:id="A86466-001-a-2870"/>
         <w lemma="B●lins" pos="n1-nn" xml:id="A86466-001-a-2880">B●lins</w>
         <w lemma="gat" pos="n2" xml:id="A86466-001-a-2890">gats</w>
         <pc xml:id="A86466-001-a-2900">▪</pc>
        </item>
        <item xml:id="A86466-e680">
         <w lemma="52." pos="crd" xml:id="A86466-001-a-2910">52.</w>
         <pc unit="sentence" xml:id="A86466-001-a-2920"/>
         <w lemma="custom" pos="n1" reg="Custom" xml:id="A86466-001-a-2930">Custome</w>
         <w lemma="house" pos="n1" xml:id="A86466-001-a-2940">house</w>
         <pc xml:id="A86466-001-a-2950">▪</pc>
        </item>
        <item xml:id="A86466-e690">
         <w lemma="53." pos="crd" xml:id="A86466-001-a-2960">53.</w>
         <pc unit="sentence" xml:id="A86466-001-a-2970"/>
         <w lemma="tower" pos="n1" xml:id="A86466-001-a-2980">Tower</w>
         <w lemma="wharf" pos="n1" reg="wharf" xml:id="A86466-001-a-2990">wharfe</w>
         <pc unit="sentence" xml:id="A86466-001-a-3000">.</pc>
        </item>
        <item xml:id="A86466-e700">
         <w lemma="54" pos="crd" xml:id="A86466-001-a-3010">54</w>
         <w lemma="leaden" pos="j" xml:id="A86466-001-a-3020">Leaden</w>
         <w lemma="hall" pos="n1" xml:id="A86466-001-a-3030">hall</w>
        </item>
        <item xml:id="A86466-e710">
         <w lemma="55." pos="crd" xml:id="A86466-001-a-3040">55.</w>
         <pc unit="sentence" xml:id="A86466-001-a-3050"/>
         <w lemma="royal" pos="j" reg="Royal" xml:id="A86466-001-a-3060">Royall</w>
         <w lemma="e●●hange" pos="n1" xml:id="A86466-001-a-3070">E●●hange</w>
        </item>
        <item xml:id="A86466-e720">
         <w lemma="56" pos="crd" xml:id="A86466-001-a-3080">56</w>
         <w lemma="Guildhall" pos="n1-nn" xml:id="A86466-001-a-3090">Guildhall</w>
         <pc unit="sentence" xml:id="A86466-001-a-3100">.</pc>
        </item>
        <item xml:id="A86466-e730">
         <w lemma="57" pos="crd" reg="57" xml:id="A86466-001-a-3110">57.</w>
         <pc unit="sentence" xml:id="A86466-001-a-3120"/>
         <w lemma="basinghall" pos="n1-nn" xml:id="A86466-001-a-3130">Basinghall</w>
         <pc xml:id="A86466-001-a-3140">▪</pc>
        </item>
        <item xml:id="A86466-e740">
         <w lemma="58." pos="crd" xml:id="A86466-001-a-3150">58.</w>
         <pc unit="sentence" xml:id="A86466-001-a-3160"/>
         <w lemma="Ludgate" pos="n1-nn" xml:id="A86466-001-a-3170">Ludgate</w>
         <pc xml:id="A86466-001-a-3180">▪</pc>
        </item>
       </list>
      </p>
     </figure>
    </p>
   </div>
  </body>
 </text>
</TEI>
