<?xml version="1.0" encoding="UTF-8"?>
<?xml-model href="http://schemata.earlyprint.org/schemata/tei_earlyprint.rng" type="application/xml" schematypens="http://relaxng.org/ns/structure/1.0"?>
<TEI xmlns="http://www.tei-c.org/ns/1.0" xml:id="A87622">
 <teiHeader>
  <fileDesc>
   <titleStmt>
    <title>A jolly Company of jovial blades who laugh and are as merry as the maids; ... to the tune of General Monk hath advanc'd himself since he came from the Tower.</title>
   </titleStmt>
   <editionStmt>
    <edition>This text is an enriched version of the TCP digital transcription A87622 of text R178999 in the <ref target="http;//estc.bl.uk">English Short Title Catalog</ref> (Wing J892B). Textual changes  and metadata enrichments aim at making the                             text more  computationally tractable, easier to read, and suitable for network-based collaborative                              curation by amateur and professional end users from many walks of life.  The text has been tokenized and linguistically annotated with <ref target="http://morphadorner.northwestern.edu/morphadorner/">MorphAdorner</ref>. The annotation includes standard spellings that support the display of a text in                             a standardized format that preserves archaic forms ('loveth', 'seekest').                              Textual changes aim at restoring the text the author or stationer meant to publish.</edition>
    <respStmt>
     <resp>This text has not been fully proofread</resp>
     <name/>
    </respStmt>
   </editionStmt>
   <extent>Approx. 6 KB of XML-encoded text transcribed from 1 1-bit group-IV TIFF page image.</extent>
   <publicationStmt>
    <publisher>EarlyPrint Project</publisher>
    <pubPlace>Evanston,IL, Notre Dame, IN, St. Louis, MO</pubPlace>
    <date>2018</date>
    <idno type="DLPS">A87622</idno>
    <idno type="STC">Wing J892B</idno>
    <idno type="STC">ESTC R178999</idno>
    <idno type="EEBO-CITATION">43665055</idno>
    <idno type="OCLC">ocm 43665055</idno>
    <idno type="VID">172057</idno>
    <availability>
     <p>
            This keyboarded and encoded edition of the work described above is co-owned by the institutions providing financial support to the Early English Books Online Text Creation Partnership. This Phase I text is available for reuse, according to the terms of
            <ref target="https://creativecommons.org/publicdomain/zero/1.0/">Creative Commons 0 1.0 Universal</ref>
            . The text can be copied, modified, distributed and performed, even for commercial purposes, all without asking permission.
          </p>
    </availability>
   </publicationStmt>
   <seriesStmt>
    <title>Early English books online.</title>
   </seriesStmt>
   <notesStmt>
    <note>(EEBO-TCP ; phase 1, no. A87622)</note>
    <note>Transcribed from: (Early English Books Online ; image set 172057)</note>
    <note>Images scanned from microfilm: (Early English books, 1641-1700 ; 2611:4)</note>
   </notesStmt>
   <sourceDesc>
    <biblFull>
     <titleStmt>
      <title>A jolly Company of jovial blades who laugh and are as merry as the maids; ... to the tune of General Monk hath advanc'd himself since he came from the Tower.</title>
     </titleStmt>
     <extent>1 sheet ([1] p.) : ill.</extent>
     <publicationStmt>
      <publisher>s.n.,</publisher>
      <pubPlace>[London :</pubPlace>
      <date>between 1663 and 1670]</date>
     </publicationStmt>
     <notesStmt>
      <note>Place and date of publication from Wing (2nd ed.).</note>
      <note>Contains three woodcut illustrations; right half sheet contains The Second Part, to the same Tune.</note>
      <note>Imperfect: stained, torn and creased.</note>
      <note>Reproduction of original in: University of Glasgow. Library.</note>
     </notesStmt>
    </biblFull>
   </sourceDesc>
  </fileDesc>
  <profileDesc>
   <langUsage>
    <language ident="eng">eng</language>
   </langUsage>
   <textClass>
    <keywords scheme="http://authorities.loc.gov/">
     <term>Ballads, English -- 17th century.</term>
     <term>Broadsides -- London (England) -- 17th century.</term>
    </keywords>
   </textClass>
  </profileDesc>
  <xenoData>
   <ep:epHeader xmlns:ep="http://earlyprint.org/ns/1.0">
    <ep:corpus>eebo</ep:corpus>
    <ep:title>A jolly company of jovial blades who laugh and are as merry as the maids; they sing and roare and freely spend their chink, and to each other in full</ep:title>
    <ep:author>[no entry]</ep:author>
    <ep:publicationYear>1663</ep:publicationYear>
    <ep:creationYear/>
    <ep:curator>
     <ep:name/>
    </ep:curator>
    <ep:pageCount>2</ep:pageCount>
    <ep:wordCount>1006</ep:wordCount>
    <ep:defectiveTokenCount>3</ep:defectiveTokenCount>
    <ep:untranscribedForeignCount>0</ep:untranscribedForeignCount>
    <ep:untranscribedMathCount>0</ep:untranscribedMathCount>
    <ep:untranscribedMusicCount>0</ep:untranscribedMusicCount>
    <ep:missingChunkCount>0</ep:missingChunkCount>
    <ep:missingPagesCount>0</ep:missingPagesCount>
    <ep:defectRate>29.82</ep:defectRate>
    <ep:finalGrade>C</ep:finalGrade>
    <ep:defectRangePerGrade> The  rate of 29.82 defects per 10,000 words puts this text in the C category of texts with between 10 and 35 defects per 10,000 words.</ep:defectRangePerGrade>
   </ep:epHeader>
  </xenoData>
  <revisionDesc>
   <change><date>2007-09</date><label>TCP</label>
        Assigned for keying and markup
      </change>
   <change><date>2007-11</date><label>Aptara</label>
        Keyed and coded from ProQuest page images
      </change>
   <change><date>2007-12</date><label>Emma (Leeson) Huber</label>
        Sampled and proofread
      </change>
   <change><date>2007-12</date><label>Emma (Leeson) Huber</label>
        Text and markup reviewed and edited
      </change>
   <change><date>2008-02</date><label>pfs</label>
        Batch review (QC) and XML conversion
      </change>
  </revisionDesc>
 </teiHeader>
 <text xml:id="A87622-t">
  <body xml:id="A87622-e0">
   <div type="text" xml:id="A87622-e10">
    <pb facs="tcp:172057:1" rendition="simple:additions" xml:id="A87622-001-a"/>
    <head xml:id="A87622-e20">
     <l xml:id="A87622-e30">
      <w lemma="a" pos="d" xml:id="A87622-001-a-0010">A</w>
      <w lemma="jolly" pos="j" xml:id="A87622-001-a-0020">Jolly</w>
      <w lemma="company" pos="n1" xml:id="A87622-001-a-0030">Company</w>
      <w lemma="of" pos="acp" xml:id="A87622-001-a-0040">OF</w>
      <w lemma="jovial" pos="j" reg="Jovial" xml:id="A87622-001-a-0050">Joviall</w>
      <w lemma="blade" pos="n2" xml:id="A87622-001-a-0060">Blades</w>
     </l>
     <l xml:id="A87622-e40">
      <w lemma="who" pos="crq" xml:id="A87622-001-a-0070">Who</w>
      <w lemma="laugh" pos="vvb" xml:id="A87622-001-a-0080">laugh</w>
      <w lemma="and" pos="cc" xml:id="A87622-001-a-0090">and</w>
      <w lemma="be" pos="vvb" xml:id="A87622-001-a-0100">are</w>
      <w lemma="as" pos="acp" xml:id="A87622-001-a-0110">as</w>
      <w lemma="merry" pos="j" xml:id="A87622-001-a-0120">merry</w>
      <w lemma="as" pos="acp" xml:id="A87622-001-a-0130">as</w>
      <w lemma="the" pos="d" xml:id="A87622-001-a-0140">the</w>
      <w lemma="maid" pos="n2" xml:id="A87622-001-a-0150">Maids</w>
      <pc xml:id="A87622-001-a-0160">;</pc>
     </l>
    </head>
    <argument xml:id="A87622-e50">
     <l xml:id="A87622-e60">
      <w lemma="they" pos="pns" xml:id="A87622-001-a-0170">They</w>
      <w lemma="sing" pos="vvb" xml:id="A87622-001-a-0180">sing</w>
      <w lemma="and" pos="cc" xml:id="A87622-001-a-0190">and</w>
      <w lemma="roar" pos="vvi" reg="roar" xml:id="A87622-001-a-0200">roare</w>
      <w lemma="and" pos="cc" xml:id="A87622-001-a-0210">and</w>
      <w lemma="free" pos="av_j" xml:id="A87622-001-a-0220">freely</w>
      <w lemma="spend" pos="vvi" xml:id="A87622-001-a-0230">spend</w>
      <w lemma="their" pos="po" xml:id="A87622-001-a-0240">their</w>
      <w lemma="chink" pos="n1" xml:id="A87622-001-a-0250">Chink</w>
      <pc xml:id="A87622-001-a-0260">,</pc>
     </l>
     <l xml:id="A87622-e70">
      <w lemma="and" pos="cc" xml:id="A87622-001-a-0270">And</w>
      <w lemma="to" pos="acp" xml:id="A87622-001-a-0280">to</w>
      <w lemma="each" pos="d" xml:id="A87622-001-a-0290">each</w>
      <w lemma="other" pos="pi_d" xml:id="A87622-001-a-0300">other</w>
      <w lemma="in" pos="acp" xml:id="A87622-001-a-0310">in</w>
      <w lemma="full" pos="j" xml:id="A87622-001-a-0320">full</w>
      <w lemma="bowl" pos="n2" xml:id="A87622-001-a-0330">Bowls</w>
      <w lemma="they" pos="pns" xml:id="A87622-001-a-0340">they</w>
      <w lemma="drink" pos="vvb" xml:id="A87622-001-a-0350">drink</w>
     </l>
     <l xml:id="A87622-e80">
      <w lemma="they" pos="pns" xml:id="A87622-001-a-0360">They</w>
      <w lemma="scorn" pos="vvb" xml:id="A87622-001-a-0370">scorn</w>
      <w lemma="such" pos="d" xml:id="A87622-001-a-0380">such</w>
      <w lemma="puny" pos="j" xml:id="A87622-001-a-0390">puny</w>
      <w lemma="pinch-gut" pos="n2" xml:id="A87622-001-a-0400">pinch-guts</w>
      <w lemma="as" pos="acp" xml:id="A87622-001-a-0410">as</w>
      <w lemma="be" pos="vvb" xml:id="A87622-001-a-0420">are</w>
      <w lemma="save" pos="vvg" xml:id="A87622-001-a-0430">saving</w>
      <pc xml:id="A87622-001-a-0440">,</pc>
     </l>
     <l xml:id="A87622-e90">
      <w lemma="they" pos="pns" xml:id="A87622-001-a-0450">They</w>
      <w lemma="think" pos="vvb" xml:id="A87622-001-a-0460">think</w>
      <w lemma="good" pos="j" xml:id="A87622-001-a-0470">good</w>
      <w lemma="sack" pos="n1" xml:id="A87622-001-a-0480">Sack</w>
      <w lemma="be" pos="vvz" xml:id="A87622-001-a-0490">is</w>
      <w lemma="only" pos="av_j" xml:id="A87622-001-a-0500">only</w>
      <w lemma="worth" pos="j" xml:id="A87622-001-a-0510">worth</w>
      <w lemma="the" pos="d" xml:id="A87622-001-a-0520">the</w>
      <w lemma="have" pos="vvg" xml:id="A87622-001-a-0530">having</w>
      <pc xml:id="A87622-001-a-0540">,</pc>
     </l>
     <l xml:id="A87622-e100">
      <w lemma="and" pos="cc" xml:id="A87622-001-a-0550">And</w>
      <w lemma="be" pos="vvg" xml:id="A87622-001-a-0560">being</w>
      <w lemma="full" pos="av_j" xml:id="A87622-001-a-0570">fully</w>
      <w lemma="bend" pos="vvn" reg="bend" xml:id="A87622-001-a-0580">bent</w>
      <w lemma="to" pos="to" xml:id="A87622-001-a-0590">to</w>
      <w lemma="spend" pos="vvi" xml:id="A87622-001-a-0600">spend</w>
      <w lemma="their" pos="po" xml:id="A87622-001-a-0610">their</w>
      <w lemma="store" pos="n1" xml:id="A87622-001-a-0620">store</w>
      <pc xml:id="A87622-001-a-0630">,</pc>
     </l>
     <l xml:id="A87622-e110">
      <w lemma="they" pos="pns" xml:id="A87622-001-a-0640">They</w>
      <w lemma="drink" pos="vvb" xml:id="A87622-001-a-0650">drink</w>
      <w lemma="their" pos="po" xml:id="A87622-001-a-0660">their</w>
      <w lemma="liquor" pos="n1" xml:id="A87622-001-a-0670">Liquor</w>
      <w lemma="off" pos="acp-av" xml:id="A87622-001-a-0680">off</w>
      <w lemma="and" pos="cc" xml:id="A87622-001-a-0690">and</w>
      <w lemma="call" pos="vvi" xml:id="A87622-001-a-0700">call</w>
      <w lemma="for" pos="acp" xml:id="A87622-001-a-0710">for</w>
      <w lemma="more" pos="av-c_d" xml:id="A87622-001-a-0720">more</w>
      <pc xml:id="A87622-001-a-0730">;</pc>
     </l>
     <l xml:id="A87622-e120">
      <w lemma="thus" pos="av" xml:id="A87622-001-a-0740">Thus</w>
      <w lemma="while" pos="cs" xml:id="A87622-001-a-0750">while</w>
      <w lemma="they" pos="pns" xml:id="A87622-001-a-0760">they</w>
      <w lemma="free" pos="av_j" xml:id="A87622-001-a-0770">freely</w>
      <w lemma="tope" pos="uh" xml:id="A87622-001-a-0780">tope</w>
      <w lemma="off" pos="acp" xml:id="A87622-001-a-0790">off</w>
      <w lemma="sack" pos="n1" xml:id="A87622-001-a-0800">Sack</w>
      <w lemma="by" pos="acp" xml:id="A87622-001-a-0810">by</w>
      <w lemma="quart" pos="n2" xml:id="A87622-001-a-0820">quarts</w>
      <pc xml:id="A87622-001-a-0830">,</pc>
     </l>
     <l xml:id="A87622-e130">
      <w lemma="they" pos="pns" xml:id="A87622-001-a-0840">They</w>
      <w lemma="drive" pos="vvb" xml:id="A87622-001-a-0850">drive</w>
      <w lemma="away" pos="av" xml:id="A87622-001-a-0860">away</w>
      <w lemma="all" pos="d" xml:id="A87622-001-a-0870">all</w>
      <w lemma="sorrow" pos="n2" xml:id="A87622-001-a-0880">sorrows</w>
      <w lemma="from" pos="acp" xml:id="A87622-001-a-0890">from</w>
      <w lemma="their" pos="po" xml:id="A87622-001-a-0900">their</w>
      <w lemma="heart" pos="n2" xml:id="A87622-001-a-0910">hearts</w>
      <pc unit="sentence" xml:id="A87622-001-a-0920">.</pc>
     </l>
    </argument>
    <opener xml:id="A87622-e140">
     <w lemma="to" pos="to" xml:id="A87622-001-a-0930">To</w>
     <w lemma="the" pos="d" xml:id="A87622-001-a-0940">the</w>
     <w lemma="tune" pos="n1" xml:id="A87622-001-a-0950">Tune</w>
     <w lemma="of" pos="acp" xml:id="A87622-001-a-0960">of</w>
     <w lemma="general" pos="n1" xml:id="A87622-001-a-0970">General</w>
     <w lemma="monk" pos="n1" xml:id="A87622-001-a-0980">Monk</w>
     <w lemma="have" pos="vvz" xml:id="A87622-001-a-0990">hath</w>
     <w lemma="advance" pos="vvn" reg="advanced" xml:id="A87622-001-a-1000">advanc'd</w>
     <w lemma="himself" pos="px" xml:id="A87622-001-a-1010">himself</w>
     <w lemma="since" pos="acp" xml:id="A87622-001-a-1020">since</w>
     <w lemma="he" pos="pns" xml:id="A87622-001-a-1030">he</w>
     <w lemma="come" pos="vvd" xml:id="A87622-001-a-1040">came</w>
     <w lemma="from" pos="acp" xml:id="A87622-001-a-1050">from</w>
     <w lemma="the" pos="d" xml:id="A87622-001-a-1060">the</w>
     <w lemma="Tower" pos="n1" xml:id="A87622-001-a-1070">Tower</w>
     <pc unit="sentence" xml:id="A87622-001-a-1071">.</pc>
     <pc unit="sentence" xml:id="A87622-001-a-1080"/>
    </opener>
    <p xml:id="A87622-e150">
     <figure xml:id="A87622-e160"/>
    </p>
    <lg xml:id="A87622-e170">
     <l xml:id="A87622-e180">
      <w lemma="it" pos="pn" xml:id="A87622-001-a-1090">IT</w>
      <w lemma="be" pos="vvd" xml:id="A87622-001-a-1100">was</w>
      <w lemma="of" pos="acp" xml:id="A87622-001-a-1110">of</w>
      <w lemma="late" pos="j" xml:id="A87622-001-a-1120">late</w>
      <w lemma="my" pos="po" xml:id="A87622-001-a-1130">my</w>
      <w lemma="happy" pos="j" xml:id="A87622-001-a-1140">happy</w>
      <w lemma="fate" pos="n1" xml:id="A87622-001-a-1150">fate</w>
     </l>
     <l xml:id="A87622-e190">
      <w lemma="to" pos="to" xml:id="A87622-001-a-1160">to</w>
      <w lemma="meet" pos="vvi" xml:id="A87622-001-a-1170">meet</w>
      <w lemma="with" pos="acp" xml:id="A87622-001-a-1180">with</w>
      <w lemma="a" pos="d" xml:id="A87622-001-a-1190">a</w>
      <w lemma="jovial" pos="j" reg="jovial" xml:id="A87622-001-a-1200">ioviall</w>
      <w lemma="crew" pos="n1" xml:id="A87622-001-a-1210">crew</w>
     </l>
     <l xml:id="A87622-e200">
      <w lemma="of" pos="acp" xml:id="A87622-001-a-1220">Of</w>
      <w lemma="merry" pos="j" xml:id="A87622-001-a-1230">merry</w>
      <w lemma="blade" pos="n2" xml:id="A87622-001-a-1240">Blades</w>
      <w lemma="and" pos="cc" xml:id="A87622-001-a-1250">and</w>
      <w lemma="lively" pos="j" xml:id="A87622-001-a-1260">lively</w>
      <w lemma="lad" pos="n2" xml:id="A87622-001-a-1270">Lads</w>
      <pc xml:id="A87622-001-a-1280">;</pc>
     </l>
     <l xml:id="A87622-e210">
      <w lemma="who" pos="crq" xml:id="A87622-001-a-1290">who</w>
      <w lemma="drink" pos="vvd" xml:id="A87622-001-a-1300">drank</w>
      <w lemma="till" pos="acp" xml:id="A87622-001-a-1310">till</w>
      <w lemma="the" pos="d" xml:id="A87622-001-a-1320">the</w>
      <w lemma="sky" pos="n1" xml:id="A87622-001-a-1330">Sky</w>
      <w lemma="look" pos="vvd" reg="looked" xml:id="A87622-001-a-1340">look'd</w>
      <w lemma="blue" pos="j" reg="blue" xml:id="A87622-001-a-1350">blew</w>
      <pc xml:id="A87622-001-a-1360">:</pc>
     </l>
     <l xml:id="A87622-e220">
      <w lemma="be" pos="vvg" xml:id="A87622-001-a-1370">Being</w>
      <w lemma="void" pos="j" xml:id="A87622-001-a-1380">void</w>
      <w lemma="of" pos="acp" xml:id="A87622-001-a-1390">of</w>
      <w lemma="care" pos="n1" xml:id="A87622-001-a-1400">care</w>
      <w lemma="no" pos="d-x" xml:id="A87622-001-a-1410">no</w>
      <w lemma="money" pos="n1" xml:id="A87622-001-a-1420">money</w>
      <w lemma="they" pos="pns" xml:id="A87622-001-a-1430">they</w>
      <w lemma="spare" pos="vvb" xml:id="A87622-001-a-1440">spare</w>
      <pc xml:id="A87622-001-a-1450">,</pc>
     </l>
     <l xml:id="A87622-e230">
      <w lemma="but" pos="acp" xml:id="A87622-001-a-1460">but</w>
      <w lemma="all" pos="d" xml:id="A87622-001-a-1470">all</w>
      <w lemma="with" pos="acp" xml:id="A87622-001-a-1480">with</w>
      <w lemma="free" pos="j" reg="free" xml:id="A87622-001-a-1490">frée</w>
      <w lemma="consent" pos="n1" xml:id="A87622-001-a-1500">consent</w>
     </l>
     <l xml:id="A87622-e240">
      <w lemma="drink" pos="vvd" xml:id="A87622-001-a-1510">Drank</w>
      <w lemma="wine" pos="n1" xml:id="A87622-001-a-1520">Wine</w>
      <w lemma="good" pos="j" xml:id="A87622-001-a-1530">good</w>
      <w lemma="store" pos="n1" xml:id="A87622-001-a-1540">store</w>
      <pc xml:id="A87622-001-a-1550">,</pc>
      <w lemma="and" pos="cc" xml:id="A87622-001-a-1560">and</w>
      <w lemma="then" pos="av" xml:id="A87622-001-a-1570">then</w>
      <w lemma="call" pos="vvn" reg="called" xml:id="A87622-001-a-1580">call'd</w>
      <w lemma="for" pos="acp" xml:id="A87622-001-a-1590">for</w>
      <w lemma="more" pos="d-c" xml:id="A87622-001-a-1600">more</w>
     </l>
     <l xml:id="A87622-e250">
      <w lemma="so" pos="av" xml:id="A87622-001-a-1610">so</w>
      <w lemma="merry" pos="av_j" xml:id="A87622-001-a-1620">merrily</w>
      <w lemma="they" pos="pns" xml:id="A87622-001-a-1630">they</w>
      <w lemma="be" pos="vvd" xml:id="A87622-001-a-1640">were</w>
      <w lemma="bend" pos="vvn" reg="bend" xml:id="A87622-001-a-1650">bent</w>
      <pc unit="sentence" xml:id="A87622-001-a-1660">.</pc>
     </l>
    </lg>
    <lg xml:id="A87622-e260">
     <l xml:id="A87622-e270">
      <w lemma="hang" pos="vvb" xml:id="A87622-001-a-1670">Hang</w>
      <w lemma="sorrow" pos="n1" xml:id="A87622-001-a-1680">sorrow</w>
      <w lemma="quoth" pos="vvd" xml:id="A87622-001-a-1690">quoth</w>
      <w lemma="one" pos="pi" xml:id="A87622-001-a-1700">one</w>
      <pc xml:id="A87622-001-a-1710">,</pc>
      <w lemma="why" pos="crq-q" xml:id="A87622-001-a-1720">why</w>
      <w lemma="shall" pos="vmd" xml:id="A87622-001-a-1730">should</w>
      <w lemma="we" pos="pns" xml:id="A87622-001-a-1740">we</w>
      <w lemma="make" pos="vvi" xml:id="A87622-001-a-1750">make</w>
      <w lemma="moan" pos="n1" xml:id="A87622-001-a-1760">moan</w>
     </l>
     <l xml:id="A87622-e280">
      <w lemma="so" pos="av" xml:id="A87622-001-a-1770">so</w>
      <w lemma="long" pos="av_j" xml:id="A87622-001-a-1780">long</w>
      <w lemma="as" pos="acp" xml:id="A87622-001-a-1790">as</w>
      <w lemma="our" pos="po" xml:id="A87622-001-a-1800">our</w>
      <w lemma="money" pos="n1" reg="money" xml:id="A87622-001-a-1810">mony</w>
      <w lemma="do" pos="vvz" xml:id="A87622-001-a-1820">doth</w>
      <w lemma="last" pos="ord" xml:id="A87622-001-a-1830">last</w>
     </l>
     <l xml:id="A87622-e290">
      <w lemma="away" pos="av" xml:id="A87622-001-a-1840">Away</w>
      <w lemma="with" pos="acp" xml:id="A87622-001-a-1850">with</w>
      <w lemma="this" pos="d" xml:id="A87622-001-a-1860">this</w>
      <w lemma="sadness" pos="n1" xml:id="A87622-001-a-1870">sadness</w>
      <pc xml:id="A87622-001-a-1880">,</pc>
      <w join="right" lemma="it" pos="pn" xml:id="A87622-001-a-1890">'t</w>
      <w join="left" lemma="be" pos="vvz" xml:id="A87622-001-a-1891">is</w>
      <w lemma="folly" pos="n1" xml:id="A87622-001-a-1900">folly</w>
      <w lemma="and" pos="cc" xml:id="A87622-001-a-1910">and</w>
      <w lemma="madness" pos="n1" reg="madness" xml:id="A87622-001-a-1920">madnesse</w>
     </l>
     <l xml:id="A87622-e300">
      <w lemma="to" pos="to" xml:id="A87622-001-a-1930">to</w>
      <w lemma="think" pos="vvi" xml:id="A87622-001-a-1940">think</w>
      <w lemma="upon" pos="acp" xml:id="A87622-001-a-1950">upon</w>
      <w lemma="what" pos="crq" xml:id="A87622-001-a-1960">what</w>
      <w lemma="be" pos="vvz" xml:id="A87622-001-a-1970">is</w>
      <w lemma="past" pos="j" xml:id="A87622-001-a-1980">past</w>
      <pc xml:id="A87622-001-a-1990">,</pc>
     </l>
     <l xml:id="A87622-e310">
      <w join="right" lemma="let" pos="vvb" xml:id="A87622-001-a-2000">Let</w>
      <w join="left" lemma="we" pos="pno" xml:id="A87622-001-a-2001">'s</w>
      <w lemma="drink" pos="vvi" xml:id="A87622-001-a-2010">drink</w>
      <w lemma="and" pos="cc" xml:id="A87622-001-a-2020">and</w>
      <w lemma="bouse" pos="zz" xml:id="A87622-001-a-2030">bouse</w>
      <pc xml:id="A87622-001-a-2040">,</pc>
      <w lemma="and" pos="cc" xml:id="A87622-001-a-2050">and</w>
      <w lemma="brave" pos="av_j" xml:id="A87622-001-a-2060">bravely</w>
      <w lemma="carouse" pos="vvi" xml:id="A87622-001-a-2070">carouse</w>
     </l>
     <l xml:id="A87622-e320">
      <w lemma="and" pos="cc" xml:id="A87622-001-a-2080">and</w>
      <w lemma="lest" pos="cs" xml:id="A87622-001-a-2090">lest</w>
      <w lemma="that" pos="cs" xml:id="A87622-001-a-2100">that</w>
      <w lemma="the" pos="d" xml:id="A87622-001-a-2110">the</w>
      <w lemma="time" pos="n1" xml:id="A87622-001-a-2120">time</w>
      <w lemma="shall" pos="vmd" xml:id="A87622-001-a-2130">should</w>
      <w lemma="seem" pos="vvi" reg="seem" xml:id="A87622-001-a-2140">séem</w>
      <w lemma="long" pos="av_j" xml:id="A87622-001-a-2150">long</w>
     </l>
     <l xml:id="A87622-e330">
      <w lemma="give" pos="vvb" xml:id="A87622-001-a-2160">Give</w>
      <w lemma="ear" pos="n1" xml:id="A87622-001-a-2170">ear</w>
      <w lemma="unto" pos="acp" xml:id="A87622-001-a-2180">unto</w>
      <w lemma="i" pos="pno" reg="me" xml:id="A87622-001-a-2190">mee</w>
      <pc xml:id="A87622-001-a-2200">,</pc>
      <w lemma="my" pos="po" xml:id="A87622-001-a-2210">my</w>
      <w lemma="task" pos="n1" xml:id="A87622-001-a-2220">task</w>
      <w lemma="it" pos="pn" xml:id="A87622-001-a-2230">it</w>
      <w lemma="shall" pos="vmb" xml:id="A87622-001-a-2240">shall</w>
      <w lemma="be" pos="vvi" xml:id="A87622-001-a-2250">be</w>
      <pc xml:id="A87622-001-a-2260">,</pc>
     </l>
     <l xml:id="A87622-e340">
      <w lemma="to" pos="to" xml:id="A87622-001-a-2270">to</w>
      <w lemma="sing" pos="vvi" xml:id="A87622-001-a-2280">sing</w>
      <w lemma="you" pos="pn" xml:id="A87622-001-a-2290">you</w>
      <w lemma="a" pos="d" xml:id="A87622-001-a-2300">a</w>
      <w lemma="gallant" pos="j" xml:id="A87622-001-a-2310">gallant</w>
      <w lemma="new" pos="j" xml:id="A87622-001-a-2320">new</w>
      <w lemma="song" pos="n1" xml:id="A87622-001-a-2330">Song</w>
      <pc unit="sentence" xml:id="A87622-001-a-2340">.</pc>
     </l>
    </lg>
    <lg xml:id="A87622-e350">
     <l xml:id="A87622-e360">
      <w lemma="be" pos="vvb" xml:id="A87622-001-a-2350">Be</w>
      <w lemma="merry" pos="j" xml:id="A87622-001-a-2360">merry</w>
      <w lemma="my" pos="po" xml:id="A87622-001-a-2370">my</w>
      <w lemma="heart" pos="n2" xml:id="A87622-001-a-2380">hearts</w>
      <w lemma="and" pos="cc" xml:id="A87622-001-a-2390">and</w>
      <w lemma="call" pos="vvb" xml:id="A87622-001-a-2400">call</w>
      <w lemma="for" pos="acp" xml:id="A87622-001-a-2410">for</w>
      <w lemma="your" pos="po" xml:id="A87622-001-a-2420">your</w>
      <w lemma="quart" pos="n2" xml:id="A87622-001-a-2430">quarts</w>
     </l>
     <l xml:id="A87622-e370">
      <w lemma="and" pos="cc" xml:id="A87622-001-a-2440">and</w>
      <w lemma="let" pos="vvb" xml:id="A87622-001-a-2450">let</w>
      <w lemma="no" pos="d-x" xml:id="A87622-001-a-2460">no</w>
      <w lemma="liquor" pos="n1" xml:id="A87622-001-a-2470">liquor</w>
      <w lemma="be" pos="vvi" xml:id="A87622-001-a-2480">be</w>
      <w lemma="lack" pos="vvg" xml:id="A87622-001-a-2490">lacking</w>
     </l>
     <l xml:id="A87622-e380">
      <w lemma="we" pos="pns" xml:id="A87622-001-a-2500">We</w>
      <w lemma="have" pos="vvb" xml:id="A87622-001-a-2510">have</w>
      <w lemma="money" pos="n1" xml:id="A87622-001-a-2520">money</w>
      <w lemma="good" pos="j" xml:id="A87622-001-a-2530">good</w>
      <w lemma="store" pos="n1" xml:id="A87622-001-a-2540">store</w>
      <w lemma="and" pos="cc" xml:id="A87622-001-a-2550">and</w>
      <w lemma="intend" pos="vvi" xml:id="A87622-001-a-2560">intend</w>
      <w lemma="for" pos="acp" xml:id="A87622-001-a-2570">for</w>
      <w lemma="to" pos="to" xml:id="A87622-001-a-2580">to</w>
      <w lemma="roar" pos="vvi" reg="roar" xml:id="A87622-001-a-2590">rore</w>
     </l>
     <l xml:id="A87622-e390">
      <w lemma="until" pos="acp" reg="until" xml:id="A87622-001-a-2600">untill</w>
      <w lemma="we" pos="pns" xml:id="A87622-001-a-2610">we</w>
      <w lemma="have" pos="vvb" xml:id="A87622-001-a-2620">have</w>
      <w lemma="set" pos="vvn" xml:id="A87622-001-a-2630">set</w>
      <w lemma="all" pos="d" xml:id="A87622-001-a-2640">all</w>
      <w lemma="a" pos="d" xml:id="A87622-001-a-2650">a</w>
      <w lemma="pack" pos="vvg" xml:id="A87622-001-a-2660">packing</w>
      <pc xml:id="A87622-001-a-2670">,</pc>
     </l>
     <l xml:id="A87622-e400">
      <w lemma="come" pos="vvb" xml:id="A87622-001-a-2680">Come</w>
      <w lemma="drawer" pos="n1" xml:id="A87622-001-a-2690">Drawer</w>
      <w lemma="make" pos="vvi" xml:id="A87622-001-a-2700">make</w>
      <w lemma="haste" pos="n1" reg="haste" xml:id="A87622-001-a-2710">hast</w>
      <w lemma="let" pos="vvb" xml:id="A87622-001-a-2720">let</w>
      <w lemma="not" pos="xx" xml:id="A87622-001-a-2730">not</w>
      <w lemma="the" pos="d" xml:id="A87622-001-a-2740">the</w>
      <w lemma="time" pos="n1" xml:id="A87622-001-a-2750">time</w>
      <w lemma="waste" pos="n1" xml:id="A87622-001-a-2760">waste</w>
     </l>
     <l xml:id="A87622-e410">
      <w lemma="let" pos="vvb" xml:id="A87622-001-a-2770">let</w>
      <w lemma="every" pos="d" xml:id="A87622-001-a-2780">every</w>
      <w lemma="man" pos="n1" xml:id="A87622-001-a-2790">man</w>
      <w lemma="have" pos="vvb" xml:id="A87622-001-a-2800">have</w>
      <w lemma="his" pos="po" xml:id="A87622-001-a-2810">his</w>
      <w lemma="due" pos="n1_j" xml:id="A87622-001-a-2820">due</w>
      <pc xml:id="A87622-001-a-2830">,</pc>
     </l>
     <l xml:id="A87622-e420">
      <w lemma="for" pos="acp" xml:id="A87622-001-a-2840">For</w>
      <w lemma="to" pos="to" xml:id="A87622-001-a-2850">to</w>
      <w lemma="save" pos="vvi" xml:id="A87622-001-a-2860">save</w>
      <w lemma="shoe" pos="n2" reg="shoes" xml:id="A87622-001-a-2870">shooes</w>
      <w lemma="and" pos="cc" xml:id="A87622-001-a-2880">and</w>
      <w lemma="trouble" pos="n1" xml:id="A87622-001-a-2890">trouble</w>
      <pc xml:id="A87622-001-a-2900">,</pc>
     </l>
     <l xml:id="A87622-e430">
      <w lemma="bring" pos="vvb" xml:id="A87622-001-a-2910">Bring</w>
      <w lemma="in" pos="acp" xml:id="A87622-001-a-2920">in</w>
      <w lemma="a" pos="d" xml:id="A87622-001-a-2930">a</w>
      <w lemma="quart" pos="n1" xml:id="A87622-001-a-2940">quart</w>
      <w lemma="double" pos="j" xml:id="A87622-001-a-2950">double</w>
      <pc xml:id="A87622-001-a-2960">,</pc>
     </l>
     <l xml:id="A87622-e440">
      <w lemma="for" pos="acp" xml:id="A87622-001-a-2970">for</w>
      <w lemma="he" pos="pns" xml:id="A87622-001-a-2980">he</w>
      <w lemma="that" pos="cs" xml:id="A87622-001-a-2990">that</w>
      <w lemma="make" pos="vvd" xml:id="A87622-001-a-3000">made</w>
      <w lemma="one" pos="pi" xml:id="A87622-001-a-3010">one</w>
      <pc xml:id="A87622-001-a-3020">,</pc>
      <w lemma="make" pos="vvd" xml:id="A87622-001-a-3030">made</w>
      <w lemma="two" pos="crd" xml:id="A87622-001-a-3040">two</w>
      <pc xml:id="A87622-001-a-3050">,</pc>
     </l>
    </lg>
    <lg xml:id="A87622-e450">
     <l xml:id="A87622-e460">
      <w lemma="come" pos="vvb" xml:id="A87622-001-a-3060">Come</w>
      <w lemma="take" pos="vvb" xml:id="A87622-001-a-3070">take</w>
      <w lemma="off" pos="acp-av" xml:id="A87622-001-a-3080">off</w>
      <w lemma="your" pos="po" xml:id="A87622-001-a-3090">your</w>
      <w lemma="drink" pos="n1" xml:id="A87622-001-a-3100">drink</w>
      <pc xml:id="A87622-001-a-3110">,</pc>
      <w lemma="and" pos="cc" xml:id="A87622-001-a-3120">and</w>
      <w lemma="speak" pos="vvi" xml:id="A87622-001-a-3130">speak</w>
      <w lemma="what" pos="crq" xml:id="A87622-001-a-3140">what</w>
      <w lemma="you" pos="pn" xml:id="A87622-001-a-3150">you</w>
      <w lemma="think" pos="vvb" xml:id="A87622-001-a-3160">think</w>
      <pc xml:id="A87622-001-a-3170">,</pc>
     </l>
     <l xml:id="A87622-e470">
      <w lemma="strong" pos="j" xml:id="A87622-001-a-3180">strong</w>
      <w lemma="liquor" pos="n1" xml:id="A87622-001-a-3190">liquor</w>
      <w lemma="will" pos="vmb" xml:id="A87622-001-a-3200">will</w>
      <w lemma="make" pos="vvi" xml:id="A87622-001-a-3210">make</w>
      <w lemma="you" pos="pn" xml:id="A87622-001-a-3220">you</w>
      <w lemma="speak" pos="vvb" xml:id="A87622-001-a-3230">speak</w>
      <w lemma="true" pos="av_j" reg="truly" xml:id="A87622-001-a-3240">truely</w>
     </l>
     <l xml:id="A87622-e480">
      <w lemma="for" pos="acp" xml:id="A87622-001-a-3250">For</w>
      <w lemma="certain" pos="av_j" xml:id="A87622-001-a-3260">certainly</w>
      <w lemma="we" pos="pns" xml:id="A87622-001-a-3270">we</w>
      <pc xml:id="A87622-001-a-3280">,</pc>
      <w lemma="no" pos="d-x" xml:id="A87622-001-a-3290">no</w>
      <w lemma="drunkard" pos="n2" xml:id="A87622-001-a-3300">drunkards</w>
      <w lemma="can" pos="vmb" xml:id="A87622-001-a-3310">can</w>
      <w lemma="be" pos="vvi" reg="be" xml:id="A87622-001-a-3320">bee</w>
      <pc xml:id="A87622-001-a-3330">,</pc>
     </l>
     <l xml:id="A87622-e490">
      <w lemma="so" pos="av" xml:id="A87622-001-a-3340">so</w>
      <w lemma="long" pos="av_j" xml:id="A87622-001-a-3350">long</w>
      <w lemma="as" pos="acp" xml:id="A87622-001-a-3360">as</w>
      <w lemma="we" pos="pns" xml:id="A87622-001-a-3370">we</w>
      <w lemma="be" pos="vvb" xml:id="A87622-001-a-3380">are</w>
      <w lemma="not" pos="xx" xml:id="A87622-001-a-3390">not</w>
      <w lemma="unruly" pos="j" xml:id="A87622-001-a-3400">unruly</w>
      <pc xml:id="A87622-001-a-3410">;</pc>
     </l>
     <l xml:id="A87622-e500">
      <w lemma="then" pos="av" xml:id="A87622-001-a-3420">Then</w>
      <w lemma="drink" pos="n1" xml:id="A87622-001-a-3430">drink</w>
      <w lemma="and" pos="cc" xml:id="A87622-001-a-3440">and</w>
      <w lemma="be" pos="vvi" xml:id="A87622-001-a-3450">be</w>
      <w lemma="civil" pos="j" xml:id="A87622-001-a-3460">civil</w>
      <pc xml:id="A87622-001-a-3470">,</pc>
      <w lemma="intend" pos="vvg" xml:id="A87622-001-a-3480">intending</w>
      <w lemma="no" pos="d-x" xml:id="A87622-001-a-3490">no</w>
      <w lemma="evil" pos="j" xml:id="A87622-001-a-3500">evil</w>
     </l>
     <l xml:id="A87622-e510">
      <w lemma="and" pos="cc" xml:id="A87622-001-a-3510">and</w>
      <w lemma="be" pos="vvb" xml:id="A87622-001-a-3520">be</w>
      <w lemma="not" pos="xx" xml:id="A87622-001-a-3530">not</w>
      <w lemma="offend" pos="vvn" xml:id="A87622-001-a-3540">offended</w>
      <w lemma="with" pos="acp" xml:id="A87622-001-a-3550">with</w>
      <w lemma="i" pos="pno" reg="me" xml:id="A87622-001-a-3560">mée</w>
      <pc xml:id="A87622-001-a-3570">,</pc>
     </l>
     <l xml:id="A87622-e520">
      <w lemma="for" pos="acp" xml:id="A87622-001-a-3580">For</w>
      <w lemma="what" pos="crq" xml:id="A87622-001-a-3590">what</w>
      <w lemma="i" pos="pns" xml:id="A87622-001-a-3600">I</w>
      <w lemma="have" pos="vvd" xml:id="A87622-001-a-3610">had</w>
      <w lemma="before" pos="acp-av" xml:id="A87622-001-a-3620">before</w>
      <pc xml:id="A87622-001-a-3630">,</pc>
      <w join="right" lemma="i" pos="pns" xml:id="A87622-001-a-3640">I</w>
      <w join="left" lemma="will" pos="vmb" reg="'ll" xml:id="A87622-001-a-3641">'le</w>
      <w lemma="have" pos="vvi" xml:id="A87622-001-a-3650">have</w>
      <w lemma="one" pos="crd" xml:id="A87622-001-a-3660">one</w>
      <w lemma="quart" pos="n1" xml:id="A87622-001-a-3670">quart</w>
      <w lemma="more" pos="av-c_d" xml:id="A87622-001-a-3680">more</w>
      <pc xml:id="A87622-001-a-3690">,</pc>
     </l>
     <l xml:id="A87622-e530">
      <w lemma="for" pos="acp" xml:id="A87622-001-a-3700">for</w>
      <w lemma="he" pos="pns" xml:id="A87622-001-a-3710">he</w>
      <w lemma="that" pos="cs" xml:id="A87622-001-a-3720">that</w>
      <w lemma="make" pos="vvd" xml:id="A87622-001-a-3730">made</w>
      <w lemma="two" pos="crd" xml:id="A87622-001-a-3740">two</w>
      <pc xml:id="A87622-001-a-3750">,</pc>
      <w lemma="make" pos="vvn" xml:id="A87622-001-a-3760">made</w>
      <w lemma="three" pos="crd" xml:id="A87622-001-a-3770">three</w>
      <pc unit="sentence" xml:id="A87622-001-a-3780">.</pc>
     </l>
    </lg>
    <div n="2" type="part" xml:id="A87622-e540">
     <pb facs="tcp:172057:1" rendition="simple:additions" xml:id="A87622-001-b"/>
     <head xml:id="A87622-e550">
      <w lemma="the" pos="d" xml:id="A87622-001-b-0010">The</w>
      <w lemma="second" pos="ord" xml:id="A87622-001-b-0020">Second</w>
      <w lemma="part" pos="n1" xml:id="A87622-001-b-0030">Part</w>
      <pc xml:id="A87622-001-b-0040">,</pc>
      <w lemma="to" pos="to" xml:id="A87622-001-b-0050">to</w>
      <w lemma="the" pos="d" xml:id="A87622-001-b-0060">the</w>
      <w lemma="same" pos="d" xml:id="A87622-001-b-0070">same</w>
      <w lemma="tune" pos="n1" xml:id="A87622-001-b-0080">Tune</w>
      <pc unit="sentence" xml:id="A87622-001-b-0090">.</pc>
     </head>
     <p xml:id="A87622-e560">
      <figure xml:id="A87622-e570"/>
     </p>
     <lg xml:id="A87622-e580">
      <l xml:id="A87622-e590">
       <w lemma="the" pos="d" xml:id="A87622-001-b-0100">THe</w>
       <w lemma="greedy" pos="j" xml:id="A87622-001-b-0110">greedy</w>
       <w lemma="curmudgin" pos="n1" xml:id="A87622-001-b-0120">Curmudgin</w>
       <w lemma="sit" pos="vvz" xml:id="A87622-001-b-0130">sits</w>
       <w lemma="all" pos="d" xml:id="A87622-001-b-0140">all</w>
       <w lemma="the" pos="d" xml:id="A87622-001-b-0150">the</w>
       <w lemma="day" pos="n1" xml:id="A87622-001-b-0160">day</w>
       <w lemma="grudge" pos="vvg" xml:id="A87622-001-b-0170">grudging</w>
       <pc xml:id="A87622-001-b-0180">,</pc>
      </l>
      <l xml:id="A87622-e600">
       <w lemma="at" pos="acp" xml:id="A87622-001-b-0190">at</w>
       <w lemma="home" pos="n1" xml:id="A87622-001-b-0200">home</w>
       <w lemma="with" pos="acp" xml:id="A87622-001-b-0210">with</w>
       <w lemma="his" pos="po" xml:id="A87622-001-b-0220">his</w>
       <w lemma="bread" pos="n1" xml:id="A87622-001-b-0230">bread</w>
       <w lemma="and" pos="cc" xml:id="A87622-001-b-0240">and</w>
       <w lemma="small" pos="j" xml:id="A87622-001-b-0250">small</w>
       <w lemma="beer" pos="n1" xml:id="A87622-001-b-0260">beer</w>
       <pc xml:id="A87622-001-b-0270">,</pc>
      </l>
      <l xml:id="A87622-e610">
       <w lemma="for" pos="acp" xml:id="A87622-001-b-0280">For</w>
       <w lemma="to" pos="to" xml:id="A87622-001-b-0290">to</w>
       <w lemma="holdup" pos="vvi" xml:id="A87622-001-b-0300">holdup</w>
       <w lemma="base" pos="j" xml:id="A87622-001-b-0310">base</w>
       <w lemma="pelf" pos="n1" xml:id="A87622-001-b-0320">pelf</w>
       <pc xml:id="A87622-001-b-0330">,</pc>
       <w lemma="he" pos="pns" xml:id="A87622-001-b-0340">he</w>
       <w lemma="starve" pos="vvz" xml:id="A87622-001-b-0350">starveth</w>
       <w lemma="himself" pos="px" xml:id="A87622-001-b-0360">himself</w>
       <pc xml:id="A87622-001-b-0370">,</pc>
      </l>
      <l xml:id="A87622-e620">
       <w lemma="scarce" pos="av_j" xml:id="A87622-001-b-0380">scarce</w>
       <w lemma="eat" pos="vvz" xml:id="A87622-001-b-0390">eats</w>
       <w lemma="a" pos="d" xml:id="A87622-001-b-0400">a</w>
       <w lemma="good" pos="j" xml:id="A87622-001-b-0410">good</w>
       <w lemma="meal" pos="n1" xml:id="A87622-001-b-0420">meal</w>
       <w lemma="through" pos="acp" xml:id="A87622-001-b-0430">through</w>
       <w lemma="the" pos="d" xml:id="A87622-001-b-0440">the</w>
       <w lemma="year" pos="n1" xml:id="A87622-001-b-0450">year</w>
       <pc xml:id="A87622-001-b-0460">,</pc>
      </l>
      <l xml:id="A87622-e630">
       <w lemma="but" pos="acp" xml:id="A87622-001-b-0470">But</w>
       <w join="right" lemma="we" pos="pns" reg="we" xml:id="A87622-001-b-0480">wee</w>
       <w join="left" lemma="will" pos="vmb" reg="'ll" xml:id="A87622-001-b-0481">'l</w>
       <w lemma="not" pos="xx" xml:id="A87622-001-b-0490">not</w>
       <w lemma="do" pos="vvi" xml:id="A87622-001-b-0500">do</w>
       <w lemma="so" pos="av" xml:id="A87622-001-b-0510">so</w>
       <w lemma="how" pos="crq" xml:id="A87622-001-b-0520">how</w>
       <w lemma="ever" pos="av" reg="e'er" xml:id="A87622-001-b-0530">e're</w>
       <w lemma="the" pos="d" xml:id="A87622-001-b-0540">the</w>
       <w lemma="world" pos="n1" xml:id="A87622-001-b-0550">world</w>
       <w lemma="go" pos="vvb" reg="go" xml:id="A87622-001-b-0560">goe</w>
       <pc xml:id="A87622-001-b-0570">,</pc>
      </l>
      <l xml:id="A87622-e640">
       <w lemma="so" pos="av" xml:id="A87622-001-b-0580">so</w>
       <w lemma="long" pos="av_j" xml:id="A87622-001-b-0590">long</w>
       <w lemma="as" pos="acp" xml:id="A87622-001-b-0600">as</w>
       <w lemma="we" pos="pns" xml:id="A87622-001-b-0610">we</w>
       <w lemma="have" pos="vvb" xml:id="A87622-001-b-0620">have</w>
       <w lemma="any" pos="d" xml:id="A87622-001-b-0630">any</w>
       <w lemma="store" pos="n1" xml:id="A87622-001-b-0640">store</w>
       <pc xml:id="A87622-001-b-0650">,</pc>
      </l>
      <l xml:id="A87622-e650">
       <w lemma="i" pos="pns" xml:id="A87622-001-b-0660">I</w>
       <w lemma="think" pos="vvb" xml:id="A87622-001-b-0670">think</w>
       <w join="right" lemma="we" pos="pns" reg="we" xml:id="A87622-001-b-0680">wee</w>
       <w join="left" lemma="will" pos="vmb" reg="'ll" xml:id="A87622-001-b-0681">'l</w>
       <w lemma="not" pos="xx" xml:id="A87622-001-b-0690">not</w>
       <w lemma="lack" pos="vvi" xml:id="A87622-001-b-0700">lack</w>
       <pc xml:id="A87622-001-b-0710">,</pc>
       <w lemma="go" pos="vvb" xml:id="A87622-001-b-0720">go</w>
       <w lemma="fill" pos="vvb" xml:id="A87622-001-b-0730">fill</w>
       <w lemma="we" pos="pno" xml:id="A87622-001-b-0740">us</w>
       <w lemma="more" pos="av-c_d" xml:id="A87622-001-b-0750">more</w>
       <w lemma="sack" pos="n1" xml:id="A87622-001-b-0760">Sack</w>
       <pc xml:id="A87622-001-b-0770">,</pc>
      </l>
      <l xml:id="A87622-e660">
       <w lemma="for" pos="acp" xml:id="A87622-001-b-0780">for</w>
       <w lemma="h●" pos="n1" xml:id="A87622-001-b-0790">h●</w>
       <w lemma="that" pos="cs" xml:id="A87622-001-b-0800">that</w>
       <w lemma="make" pos="vvd" xml:id="A87622-001-b-0810">made</w>
       <w lemma="three" pos="crd" xml:id="A87622-001-b-0820">three</w>
       <pc xml:id="A87622-001-b-0830">,</pc>
       <w lemma="make" pos="vvn" xml:id="A87622-001-b-0840">made</w>
       <w lemma="four" pos="crd" xml:id="A87622-001-b-0850">four</w>
       <pc unit="sentence" xml:id="A87622-001-b-0860">.</pc>
      </l>
     </lg>
     <lg xml:id="A87622-e670">
      <l xml:id="A87622-e680">
       <w lemma="why" pos="crq-q" xml:id="A87622-001-b-0870">Why</w>
       <w lemma="sit" pos="vvb" xml:id="A87622-001-b-0880">sit</w>
       <w lemma="you" pos="pn" xml:id="A87622-001-b-0890">you</w>
       <w lemma="so" pos="av" xml:id="A87622-001-b-0900">so</w>
       <w lemma="sad" pos="av_j" xml:id="A87622-001-b-0910">sadly</w>
       <pc xml:id="A87622-001-b-0920">,</pc>
       <w lemma="since" pos="acp" xml:id="A87622-001-b-0930">since</w>
       <w lemma="i" pos="pns" xml:id="A87622-001-b-0940">I</w>
       <w lemma="call" pos="vvb" xml:id="A87622-001-b-0950">call</w>
       <w lemma="so" pos="av" xml:id="A87622-001-b-0960">so</w>
       <w lemma="mad" pos="av_j" xml:id="A87622-001-b-0970">madly</w>
       <pc xml:id="A87622-001-b-0980">,</pc>
      </l>
      <l xml:id="A87622-e690">
       <w lemma="i" pos="pns" xml:id="A87622-001-b-0990">I</w>
       <w lemma="scorn" pos="vvb" xml:id="A87622-001-b-1000">scorn</w>
       <w lemma="to" pos="to" xml:id="A87622-001-b-1010">to</w>
       <w lemma="leave" pos="vvi" xml:id="A87622-001-b-1020">leave</w>
       <w lemma="you" pos="pn" xml:id="A87622-001-b-1030">you</w>
       <w lemma="in" pos="acp" xml:id="A87622-001-b-1040">in</w>
       <w lemma="the" pos="d" xml:id="A87622-001-b-1050">the</w>
       <w lemma="lurch" pos="n1" xml:id="A87622-001-b-1060">lurch</w>
       <pc xml:id="A87622-001-b-1070">,</pc>
      </l>
      <l xml:id="A87622-e700">
       <w lemma="the" pos="d" xml:id="A87622-001-b-1080">The</w>
       <w lemma="reckon" pos="n1_vg" xml:id="A87622-001-b-1090">reckoning</w>
       <w join="right" lemma="i" pos="pns" xml:id="A87622-001-b-1100">I</w>
       <w join="left" lemma="will" pos="vmb" reg="'ll" xml:id="A87622-001-b-1101">'le</w>
       <w lemma="pay" pos="vvi" xml:id="A87622-001-b-1110">pay</w>
       <pc xml:id="A87622-001-b-1120">,</pc>
       <w lemma="ere" pos="acp" xml:id="A87622-001-b-1130">ere</w>
       <w lemma="i" pos="pns" xml:id="A87622-001-b-1140">I</w>
       <w lemma="go" pos="vvb" xml:id="A87622-001-b-1150">go</w>
       <w lemma="away" pos="av" xml:id="A87622-001-b-1160">away</w>
       <pc xml:id="A87622-001-b-1170">;</pc>
      </l>
      <l xml:id="A87622-e710">
       <w lemma="●lse" pos="av" xml:id="A87622-001-b-1180">●lse</w>
       <w lemma="hang" pos="vvb" xml:id="A87622-001-b-1190">hang</w>
       <w lemma="i" pos="pno" reg="me" xml:id="A87622-001-b-1200">mee</w>
       <w lemma="as" pos="acp" xml:id="A87622-001-b-1210">as</w>
       <w lemma="high" pos="j" xml:id="A87622-001-b-1220">high</w>
       <w lemma="as" pos="acp" xml:id="A87622-001-b-1230">as</w>
       <w lemma="the" pos="d" xml:id="A87622-001-b-1240">the</w>
       <w lemma="church" pos="n1" xml:id="A87622-001-b-1250">Church</w>
       <pc xml:id="A87622-001-b-1260">,</pc>
      </l>
      <l xml:id="A87622-e720">
       <w lemma="yet" pos="av" xml:id="A87622-001-b-1270">Yet</w>
       <w lemma="some" pos="d" xml:id="A87622-001-b-1280">some</w>
       <w lemma="man" pos="n2" xml:id="A87622-001-b-1290">men</w>
       <w lemma="will" pos="vmb" xml:id="A87622-001-b-1300">will</w>
       <w lemma="say" pos="vvi" xml:id="A87622-001-b-1310">say</w>
       <w lemma="that" pos="cs" xml:id="A87622-001-b-1320">that</w>
       <w lemma="be" pos="vvz" xml:id="A87622-001-b-1330">is</w>
       <w lemma="not" pos="xx" xml:id="A87622-001-b-1340">not</w>
       <w lemma="the" pos="d" xml:id="A87622-001-b-1350">the</w>
       <w lemma="way" pos="n1" xml:id="A87622-001-b-1360">way</w>
       <pc xml:id="A87622-001-b-1370">,</pc>
      </l>
      <l xml:id="A87622-e730">
       <w lemma="he" pos="pns" reg="he" xml:id="A87622-001-b-1380">hee</w>
       <w lemma="must" pos="vmb" xml:id="A87622-001-b-1390">must</w>
       <w lemma="pinch" pos="vvi" xml:id="A87622-001-b-1400">pinch</w>
       <w lemma="that" pos="cs" xml:id="A87622-001-b-1410">that</w>
       <w lemma="intend" pos="vvz" xml:id="A87622-001-b-1420">intends</w>
       <w lemma="for" pos="acp" xml:id="A87622-001-b-1430">for</w>
       <w lemma="to" pos="to" xml:id="A87622-001-b-1440">to</w>
       <w lemma="thrive" pos="vvi" xml:id="A87622-001-b-1450">thrive</w>
       <pc xml:id="A87622-001-b-1460">,</pc>
      </l>
      <l xml:id="A87622-e740">
       <w join="right" lemma="it" pos="pn" reg="'t" xml:id="A87622-001-b-1470">T</w>
       <w join="left" lemma="be" pos="vvz" xml:id="A87622-001-b-1471">is</w>
       <w lemma="no" pos="d-x" xml:id="A87622-001-b-1480">no</w>
       <w lemma="matter" pos="n1" xml:id="A87622-001-b-1490">matter</w>
       <w lemma="for" pos="acp" xml:id="A87622-001-b-1500">for</w>
       <w lemma="that" pos="d" xml:id="A87622-001-b-1510">that</w>
       <pc xml:id="A87622-001-b-1520">,</pc>
       <w join="right" lemma="let" pos="vvb" xml:id="A87622-001-b-1530">let</w>
       <w join="left" lemma="we" pos="pno" xml:id="A87622-001-b-1531">'s</w>
       <w lemma="laugh" pos="vvi" xml:id="A87622-001-b-1540">laugh</w>
       <w lemma="and" pos="cc" xml:id="A87622-001-b-1550">and</w>
       <w lemma="be" pos="vvi" xml:id="A87622-001-b-1560">be</w>
       <w lemma="fat" pos="j" xml:id="A87622-001-b-1570">fat</w>
       <pc xml:id="A87622-001-b-1580">,</pc>
      </l>
      <l xml:id="A87622-e750">
       <w lemma="for" pos="acp" xml:id="A87622-001-b-1590">for</w>
       <w lemma="he" pos="pns" xml:id="A87622-001-b-1600">he</w>
       <w lemma="that" pos="cs" xml:id="A87622-001-b-1610">that</w>
       <w lemma="make" pos="vvd" xml:id="A87622-001-b-1620">made</w>
       <w lemma="four" pos="crd" xml:id="A87622-001-b-1630">four</w>
       <pc xml:id="A87622-001-b-1640">,</pc>
       <w lemma="make" pos="vvd" xml:id="A87622-001-b-1650">made</w>
       <w lemma="five" pos="crd" xml:id="A87622-001-b-1660">five</w>
       <pc unit="sentence" xml:id="A87622-001-b-1670">.</pc>
      </l>
     </lg>
     <lg xml:id="A87622-e760">
      <l xml:id="A87622-e770">
       <w lemma="such" pos="d" xml:id="A87622-001-b-1680">Such</w>
       <w lemma="love" pos="n1" xml:id="A87622-001-b-1690">love</w>
       <w lemma="i" pos="pns" xml:id="A87622-001-b-1700">I</w>
       <w lemma="intend" pos="vvb" reg="intent" xml:id="A87622-001-b-1710">intend</w>
       <pc xml:id="A87622-001-b-1720">,</pc>
       <w lemma="to" pos="to" xml:id="A87622-001-b-1730">to</w>
       <w lemma="my" pos="po" xml:id="A87622-001-b-1740">my</w>
       <w lemma="dear" pos="j-s" xml:id="A87622-001-b-1750">dearest</w>
       <w lemma="friend" pos="n1" xml:id="A87622-001-b-1760">Friend</w>
       <pc xml:id="A87622-001-b-1770">,</pc>
      </l>
      <l xml:id="A87622-e780">
       <w lemma="that" pos="cs" xml:id="A87622-001-b-1780">that</w>
       <w lemma="i" pos="pns" xml:id="A87622-001-b-1790">I</w>
       <w lemma="can" pos="vmb-x" xml:id="A87622-001-b-1800">cannot</w>
       <w lemma="tell" pos="vvi" xml:id="A87622-001-b-1810">tell</w>
       <w lemma="how" pos="crq" xml:id="A87622-001-b-1820">how</w>
       <w lemma="to" pos="to" xml:id="A87622-001-b-1830">to</w>
       <w lemma="express" pos="vvi" xml:id="A87622-001-b-1840">express</w>
       <w lemma="it" pos="pn" xml:id="A87622-001-b-1850">it</w>
       <pc xml:id="A87622-001-b-1860">,</pc>
      </l>
      <l xml:id="A87622-e790">
       <w lemma="when" pos="crq" xml:id="A87622-001-b-1870">When</w>
       <w lemma="with" pos="acp" xml:id="A87622-001-b-1880">with</w>
       <w lemma="they" pos="pno" xml:id="A87622-001-b-1890">them</w>
       <w lemma="i" pos="pns" xml:id="A87622-001-b-1900">I</w>
       <w lemma="meet" pos="vvb" xml:id="A87622-001-b-1910">meet</w>
       <w lemma="their" pos="po" xml:id="A87622-001-b-1920">their</w>
       <w join="right" lemma="company" pos="n1" xml:id="A87622-001-b-1930">company</w>
       <w join="left" lemma="be" pos="vvz" xml:id="A87622-001-b-1931">'s</w>
       <w lemma="so" pos="av" xml:id="A87622-001-b-1940">so</w>
       <w lemma="sweet" pos="j" xml:id="A87622-001-b-1950">sweet</w>
      </l>
      <l xml:id="A87622-e800">
       <w lemma="that" pos="cs" xml:id="A87622-001-b-1960">That</w>
       <w lemma="i" pos="pns" xml:id="A87622-001-b-1970">I</w>
       <w lemma="will" pos="vmd" xml:id="A87622-001-b-1980">would</w>
       <w lemma="not" pos="xx" xml:id="A87622-001-b-1990">not</w>
       <w lemma="willing" pos="av_j" xml:id="A87622-001-b-2000">willingly</w>
       <w lemma="miss" pos="vvi" xml:id="A87622-001-b-2010">miss</w>
       <w lemma="it" pos="pn" xml:id="A87622-001-b-2020">it</w>
       <pc unit="sentence" xml:id="A87622-001-b-2030">.</pc>
      </l>
      <l xml:id="A87622-e810">
       <w lemma="i" pos="pns" xml:id="A87622-001-b-2040">I</w>
       <w lemma="scorn" pos="vvb" xml:id="A87622-001-b-2050">scorn</w>
       <w lemma="such" pos="d" xml:id="A87622-001-b-2060">such</w>
       <w lemma="a" pos="d" xml:id="A87622-001-b-2070">a</w>
       <w lemma="slave" pos="n1" xml:id="A87622-001-b-2080">slave</w>
       <w lemma="as" pos="acp" xml:id="A87622-001-b-2090">as</w>
       <w lemma="his" pos="po" xml:id="A87622-001-b-2100">his</w>
       <w lemma="money" pos="n1" reg="money" xml:id="A87622-001-b-2110">mony</w>
       <w lemma="will" pos="vmb" xml:id="A87622-001-b-2120">will</w>
       <w lemma="save" pos="vvi" xml:id="A87622-001-b-2130">save</w>
       <pc xml:id="A87622-001-b-2140">,</pc>
      </l>
      <l xml:id="A87622-e820">
       <w lemma="or" pos="cc" xml:id="A87622-001-b-2150">or</w>
       <w lemma="any" pos="d" xml:id="A87622-001-b-2160">any</w>
       <w lemma="that" pos="cs" xml:id="A87622-001-b-2170">that</w>
       <w lemma="use" pos="vvb" xml:id="A87622-001-b-2180">use</w>
       <w lemma="such" pos="d" xml:id="A87622-001-b-2190">such</w>
       <w lemma="base" pos="j" xml:id="A87622-001-b-2200">base</w>
       <w lemma="trick" pos="n2" xml:id="A87622-001-b-2210">tricks</w>
       <pc xml:id="A87622-001-b-2220">,</pc>
      </l>
      <l xml:id="A87622-e830">
       <w lemma="come" pos="vvb" xml:id="A87622-001-b-2230">Come</w>
       <w lemma="on" pos="acp" xml:id="A87622-001-b-2240">on</w>
       <w lemma="my" pos="po" xml:id="A87622-001-b-2250">my</w>
       <w lemma="brave" pos="j" xml:id="A87622-001-b-2260">brave</w>
       <w lemma="blade" pos="n2" xml:id="A87622-001-b-2270">Blades</w>
       <w lemma="be" pos="vvb" xml:id="A87622-001-b-2280">be</w>
       <w lemma="as" pos="acp-av" xml:id="A87622-001-b-2290">as</w>
       <w lemma="merry" pos="j" xml:id="A87622-001-b-2300">merry</w>
       <w lemma="as" pos="acp" xml:id="A87622-001-b-2310">as</w>
       <pc xml:id="A87622-001-b-2320">,</pc>
       <w lemma="the" pos="d" xml:id="A87622-001-b-2330">the</w>
       <w lemma="maid" pos="n2" xml:id="A87622-001-b-2340">Maids</w>
       <pc xml:id="A87622-001-b-2350">,</pc>
      </l>
      <l xml:id="A87622-e840">
       <w lemma="for" pos="acp" xml:id="A87622-001-b-2360">for</w>
       <w lemma="he" pos="pns" xml:id="A87622-001-b-2370">he</w>
       <w lemma="that" pos="cs" xml:id="A87622-001-b-2380">that</w>
       <w lemma="make" pos="vvd" xml:id="A87622-001-b-2390">made</w>
       <w lemma="five" pos="crd" xml:id="A87622-001-b-2400">five</w>
       <pc xml:id="A87622-001-b-2410">,</pc>
       <w lemma="make" pos="vvd" xml:id="A87622-001-b-2420">made</w>
       <w lemma="six" pos="crd" xml:id="A87622-001-b-2430">six</w>
       <pc unit="sentence" xml:id="A87622-001-b-2440">.</pc>
      </l>
     </lg>
     <lg xml:id="A87622-e850">
      <l xml:id="A87622-e860">
       <w lemma="now" pos="av" xml:id="A87622-001-b-2450">Now</w>
       <w lemma="whilst" pos="cs" xml:id="A87622-001-b-2460">whilst</w>
       <w lemma="i" pos="pns" xml:id="A87622-001-b-2470">I</w>
       <w lemma="be" pos="vvm" xml:id="A87622-001-b-2480">am</w>
       <w lemma="here" pos="av" xml:id="A87622-001-b-2490">here</w>
       <pc unit="sentence" xml:id="A87622-001-b-2500">.</pc>
       <w join="right" lemma="i" pos="pns" xml:id="A87622-001-b-2510">I</w>
       <w join="left" lemma="will" pos="vmb" reg="'ll" xml:id="A87622-001-b-2511">'le</w>
       <w lemma="call" pos="vvi" xml:id="A87622-001-b-2520">call</w>
       <w lemma="for" pos="acp" xml:id="A87622-001-b-2530">for</w>
       <w lemma="my" pos="po" xml:id="A87622-001-b-2540">my</w>
       <w lemma="beer" pos="n1" xml:id="A87622-001-b-2550">Beer</w>
       <pc xml:id="A87622-001-b-2560">,</pc>
      </l>
      <l xml:id="A87622-e870">
       <w lemma="and" pos="cc" xml:id="A87622-001-b-2570">and</w>
       <w lemma="true" pos="av_j" reg="truly" xml:id="A87622-001-b-2580">truely</w>
       <w lemma="my" pos="po" xml:id="A87622-001-b-2590">my</w>
       <w lemma="money" pos="n1" xml:id="A87622-001-b-2600">money</w>
       <w join="right" lemma="i" pos="pns" xml:id="A87622-001-b-2610">I</w>
       <w join="left" lemma="will" pos="vmb" reg="'ll" xml:id="A87622-001-b-2611">'le</w>
       <w lemma="spend" pos="vvi" xml:id="A87622-001-b-2620">spend</w>
       <pc xml:id="A87622-001-b-2630">,</pc>
      </l>
      <l xml:id="A87622-e880">
       <w lemma="let" pos="vvb" xml:id="A87622-001-b-2640">Let</w>
       <w lemma="no" pos="d-x" xml:id="A87622-001-b-2650">no</w>
       <w lemma="man" pos="n1" xml:id="A87622-001-b-2660">man</w>
       <w lemma="take" pos="vvi" xml:id="A87622-001-b-2670">take</w>
       <w lemma="care" pos="n1" xml:id="A87622-001-b-2680">care</w>
       <pc xml:id="A87622-001-b-2690">,</pc>
       <w lemma="for" pos="acp" xml:id="A87622-001-b-2700">for</w>
       <w lemma="pay" pos="vvg" xml:id="A87622-001-b-2710">paying</w>
       <w lemma="his" pos="po" xml:id="A87622-001-b-2720">his</w>
       <w lemma="share" pos="n1" xml:id="A87622-001-b-2730">share</w>
       <pc xml:id="A87622-001-b-2740">,</pc>
      </l>
      <l xml:id="A87622-e890">
       <w lemma="if" pos="cs" xml:id="A87622-001-b-2750">If</w>
       <w lemma="need" pos="vvb" xml:id="A87622-001-b-2760">need</w>
       <w lemma="be" pos="vvi" reg="be" xml:id="A87622-001-b-2770">bee</w>
       <pc xml:id="A87622-001-b-2780">,</pc>
       <w join="right" lemma="i" pos="pns" xml:id="A87622-001-b-2790">I</w>
       <w join="left" lemma="will" pos="vmb" reg="'ll" xml:id="A87622-001-b-2791">le</w>
       <w lemma="pay" pos="vvi" xml:id="A87622-001-b-2800">pay</w>
       <w lemma="for" pos="acp" xml:id="A87622-001-b-2810">for</w>
       <w lemma="my" pos="po" xml:id="A87622-001-b-2820">my</w>
       <w lemma="friend" pos="n1" xml:id="A87622-001-b-2830">friend</w>
       <pc xml:id="A87622-001-b-2840">,</pc>
      </l>
      <l xml:id="A87622-e900">
       <w lemma="pluck" pos="vvb" xml:id="A87622-001-b-2850">Pluck</w>
       <w lemma="up" pos="acp-av" xml:id="A87622-001-b-2860">up</w>
       <w lemma="a" pos="d" xml:id="A87622-001-b-2870">a</w>
       <w lemma="good" pos="j" xml:id="A87622-001-b-2880">good</w>
       <w lemma="heart" pos="n1" xml:id="A87622-001-b-2890">heart</w>
       <w lemma="let" pos="vvb" xml:id="A87622-001-b-2900">let</w>
       <w lemma="sorrow" pos="n1" xml:id="A87622-001-b-2910">sorrow</w>
       <w lemma="depart" pos="vvi" xml:id="A87622-001-b-2920">depart</w>
       <pc xml:id="A87622-001-b-2930">,</pc>
      </l>
      <l xml:id="A87622-e910">
       <w lemma="with" pos="acp" xml:id="A87622-001-b-2940">with</w>
       <w lemma="the" pos="d" xml:id="A87622-001-b-2950">the</w>
       <w lemma="drawer" pos="n1" xml:id="A87622-001-b-2960">Drawer</w>
       <w lemma="i" pos="pns" xml:id="A87622-001-b-2970">I</w>
       <w lemma="will" pos="vmb" xml:id="A87622-001-b-2980">will</w>
       <w lemma="make" pos="vvi" xml:id="A87622-001-b-2990">make</w>
       <w lemma="even" pos="av" reg="even" xml:id="A87622-001-b-3000">eaven</w>
       <pc xml:id="A87622-001-b-3010">,</pc>
      </l>
      <l xml:id="A87622-e920">
       <w lemma="so" pos="av" xml:id="A87622-001-b-3020">So</w>
       <w lemma="with" pos="acp" xml:id="A87622-001-b-3030">with</w>
       <w lemma="merry" pos="j" xml:id="A87622-001-b-3040">merry</w>
       <w lemma="content" pos="n1" xml:id="A87622-001-b-3050">content</w>
       <pc xml:id="A87622-001-b-3060">,</pc>
       <w lemma="our" pos="po" xml:id="A87622-001-b-3070">our</w>
       <w lemma="time" pos="n1" xml:id="A87622-001-b-3080">time</w>
       <w lemma="shall" pos="vmb" xml:id="A87622-001-b-3090">shall</w>
       <w lemma="be" pos="vvi" xml:id="A87622-001-b-3100">be</w>
       <w lemma="spend" pos="vvn" xml:id="A87622-001-b-3110">spent</w>
       <pc xml:id="A87622-001-b-3120">;</pc>
      </l>
      <l xml:id="A87622-e930">
       <w lemma="for" pos="acp" xml:id="A87622-001-b-3130">For</w>
       <w lemma="he" pos="pns" xml:id="A87622-001-b-3140">he</w>
       <w lemma="that" pos="cs" xml:id="A87622-001-b-3150">that</w>
       <w lemma="make" pos="vvd" xml:id="A87622-001-b-3160">made</w>
       <w lemma="six" pos="crd" xml:id="A87622-001-b-3170">six</w>
       <pc xml:id="A87622-001-b-3180">,</pc>
       <w lemma="make" pos="vvd" xml:id="A87622-001-b-3190">made</w>
       <w lemma="seven" pos="crd" xml:id="A87622-001-b-3200">seven</w>
       <pc unit="sentence" xml:id="A87622-001-b-3210">.</pc>
      </l>
     </lg>
     <lg xml:id="A87622-e940">
      <l xml:id="A87622-e950">
       <w lemma="drink" pos="vvb" xml:id="A87622-001-b-3220">Drink</w>
       <w lemma="off" pos="acp-av" xml:id="A87622-001-b-3230">off</w>
       <w lemma="your" pos="po" xml:id="A87622-001-b-3240">your</w>
       <w lemma="cup" pos="n2" xml:id="A87622-001-b-3250">cups</w>
       <w lemma="round" pos="av_j" xml:id="A87622-001-b-3260">round</w>
       <w lemma="let" pos="vvn" xml:id="A87622-001-b-3270">let</w>
       <w lemma="sorrow" pos="n2" xml:id="A87622-001-b-3280">sorrows</w>
       <w lemma="be" pos="vvb" reg="be" xml:id="A87622-001-b-3290">bee</w>
       <w lemma="drown" pos="vvn" reg="drowned" xml:id="A87622-001-b-3300">drownd</w>
       <pc xml:id="A87622-001-b-3310">,</pc>
      </l>
      <l xml:id="A87622-e960">
       <w lemma="in" pos="acp" xml:id="A87622-001-b-3320">in</w>
       <w lemma="this" pos="d" xml:id="A87622-001-b-3330">this</w>
       <w lemma="same" pos="d" xml:id="A87622-001-b-3340">same</w>
       <w lemma="full" pos="j" xml:id="A87622-001-b-3350">full</w>
       <w lemma="cup" pos="n1" xml:id="A87622-001-b-3360">cup</w>
       <w lemma="off" pos="acp-av" xml:id="A87622-001-b-3370">off</w>
       <w lemma="good" pos="j" xml:id="A87622-001-b-3380">good</w>
       <w lemma="sherry" pos="n1" xml:id="A87622-001-b-3390">sherry</w>
       <pc xml:id="A87622-001-b-3400">,</pc>
      </l>
      <l xml:id="A87622-e970">
       <w lemma="i" pos="pns" xml:id="A87622-001-b-3410">I</w>
       <w lemma="can" pos="vmb-x" xml:id="A87622-001-b-3420">cannot</w>
       <w lemma="endure" pos="vvi" reg="endure" xml:id="A87622-001-b-3430">indure</w>
       <pc xml:id="A87622-001-b-3440">,</pc>
       <w lemma="to" pos="to" xml:id="A87622-001-b-3450">to</w>
       <w lemma="sit" pos="vvi" xml:id="A87622-001-b-3460">sit</w>
       <w lemma="thus" pos="av" xml:id="A87622-001-b-3470">thus</w>
       <w lemma="demure" pos="j" xml:id="A87622-001-b-3480">demure</w>
       <pc xml:id="A87622-001-b-3490">,</pc>
      </l>
      <l xml:id="A87622-e980">
       <w lemma="for" pos="acp" xml:id="A87622-001-b-3500">for</w>
       <w lemma="hither" pos="av" xml:id="A87622-001-b-3510">hither</w>
       <w lemma="we" pos="pns" xml:id="A87622-001-b-3520">we</w>
       <w lemma="come" pos="vvd" xml:id="A87622-001-b-3530">came</w>
       <w lemma="to" pos="to" xml:id="A87622-001-b-3540">to</w>
       <w lemma="be" pos="vvi" xml:id="A87622-001-b-3550">be</w>
       <w lemma="merry" pos="j" xml:id="A87622-001-b-3560">merry</w>
       <pc xml:id="A87622-001-b-3570">,</pc>
      </l>
      <l xml:id="A87622-e990">
       <w lemma="then" pos="av" xml:id="A87622-001-b-3580">Then</w>
       <w lemma="be" pos="vvb" reg="be" xml:id="A87622-001-b-3590">bee</w>
       <w lemma="of" pos="acp" xml:id="A87622-001-b-3600">of</w>
       <w lemma="good" pos="j" xml:id="A87622-001-b-3610">good</w>
       <w lemma="cheer" pos="n1" reg="cheer" xml:id="A87622-001-b-3620">chear</w>
       <pc xml:id="A87622-001-b-3630">,</pc>
       <w lemma="the" pos="d" xml:id="A87622-001-b-3640">the</w>
       <w lemma="reckon" pos="n1_vg" reg="reckoning" xml:id="A87622-001-b-3650">reck'ning</w>
       <w join="right" lemma="i" pos="pns" xml:id="A87622-001-b-3660">I</w>
       <w join="left" lemma="will" pos="vmb" reg="'ll" xml:id="A87622-001-b-3661">'le</w>
       <w lemma="clear" pos="vvi" xml:id="A87622-001-b-3670">clear</w>
       <pc xml:id="A87622-001-b-3680">,</pc>
      </l>
      <l xml:id="A87622-e1000">
       <w lemma="and" pos="cc" xml:id="A87622-001-b-3690">and</w>
       <w lemma="eke" pos="av" xml:id="A87622-001-b-3700">eke</w>
       <w lemma="with" pos="acp" xml:id="A87622-001-b-3710">with</w>
       <w lemma="the" pos="d" xml:id="A87622-001-b-3720">the</w>
       <w lemma="drawer" pos="n1" xml:id="A87622-001-b-3730">Drawer</w>
       <w lemma="make" pos="vvb" xml:id="A87622-001-b-3740">make</w>
       <w lemma="straight" pos="av_j" reg="straight" xml:id="A87622-001-b-3750">streight</w>
       <pc xml:id="A87622-001-b-3760">,</pc>
      </l>
      <l xml:id="A87622-e1010">
       <w lemma="for" pos="acp" xml:id="A87622-001-b-3770">For</w>
       <w lemma="now" pos="av" xml:id="A87622-001-b-3780">now</w>
       <w join="right" lemma="i" pos="pns" xml:id="A87622-001-b-3790">I</w>
       <w join="left" lemma="be" pos="vvm" reg="'m" xml:id="A87622-001-b-3791">'me</w>
       <w lemma="set" pos="vvn" xml:id="A87622-001-b-3800">set</w>
       <w lemma="a" pos="d" xml:id="A87622-001-b-3810">a</w>
       <w lemma="mad" pos="j_vg" xml:id="A87622-001-b-3820">madding</w>
       <w lemma="i" pos="pns" xml:id="A87622-001-b-3830">I</w>
       <w lemma="needs" pos="av" xml:id="A87622-001-b-3840">needs</w>
       <w lemma="must" pos="vmb" xml:id="A87622-001-b-3850">must</w>
       <w lemma="be" pos="vvi" xml:id="A87622-001-b-3860">be</w>
       <w lemma="add" pos="vvg" xml:id="A87622-001-b-3870">adding</w>
      </l>
      <l xml:id="A87622-e1020">
       <w lemma="and" pos="cc" xml:id="A87622-001-b-3880">and</w>
       <w lemma="he" pos="pns" xml:id="A87622-001-b-3890">he</w>
       <w lemma="that" pos="cs" xml:id="A87622-001-b-3900">that</w>
       <w lemma="make" pos="vvd" xml:id="A87622-001-b-3910">made</w>
       <w lemma="seven" pos="crd" xml:id="A87622-001-b-3920">seven</w>
       <pc xml:id="A87622-001-b-3930">,</pc>
       <w lemma="make" pos="vvd" xml:id="A87622-001-b-3940">made</w>
       <w lemma="eight" pos="crd" xml:id="A87622-001-b-3950">eight</w>
       <pc unit="sentence" xml:id="A87622-001-b-3960">.</pc>
      </l>
     </lg>
     <lg xml:id="A87622-e1030">
      <l xml:id="A87622-e1040">
       <w lemma="yet" pos="av" xml:id="A87622-001-b-3970">Yet</w>
       <w lemma="at" pos="acp" xml:id="A87622-001-b-3980">at</w>
       <w lemma="home" pos="n1" xml:id="A87622-001-b-3990">home</w>
       <w lemma="i" pos="pns" xml:id="A87622-001-b-4000">I</w>
       <w lemma="confess" pos="vvb" xml:id="A87622-001-b-4010">confess</w>
       <pc xml:id="A87622-001-b-4020">,</pc>
       <w lemma="with" pos="acp" xml:id="A87622-001-b-4030">with</w>
       <w lemma="my" pos="po" xml:id="A87622-001-b-4040">my</w>
       <w lemma="honest" pos="j" xml:id="A87622-001-b-4050">honest</w>
       <w lemma="Bess" pos="n1-nn" reg="Bess" rendition="#hi" xml:id="A87622-001-b-4060">Besse</w>
       <pc xml:id="A87622-001-b-4070">,</pc>
      </l>
      <l xml:id="A87622-e1060">
       <w lemma="i" pos="pns" xml:id="A87622-001-b-4080">I</w>
       <w lemma="practise" pos="vvb" xml:id="A87622-001-b-4090">practise</w>
       <w lemma="good" pos="j" xml:id="A87622-001-b-4100">good</w>
       <w lemma="husbandry" pos="n1" xml:id="A87622-001-b-4110">husbandry</w>
       <w lemma="well" pos="av" xml:id="A87622-001-b-4120">well</w>
       <pc xml:id="A87622-001-b-4130">,</pc>
      </l>
      <l xml:id="A87622-e1070">
       <w lemma="to" pos="to" xml:id="A87622-001-b-4140">To</w>
       <w lemma="maintain" pos="vvi" xml:id="A87622-001-b-4150">maintain</w>
       <w lemma="my" pos="po" xml:id="A87622-001-b-4160">my</w>
       <w lemma="call" pos="n1_vg" xml:id="A87622-001-b-4170">calling</w>
       <w lemma="and" pos="cc" xml:id="A87622-001-b-4180">and</w>
       <w lemma="keep" pos="vvi" xml:id="A87622-001-b-4190">keep</w>
       <w lemma="i" pos="pno" reg="me" xml:id="A87622-001-b-4200">mee</w>
       <w lemma="from" pos="acp" xml:id="A87622-001-b-4210">from</w>
       <w lemma="fall" pos="vvg" xml:id="A87622-001-b-4220">falling</w>
      </l>
      <l xml:id="A87622-e1080">
       <w lemma="as" pos="acp" xml:id="A87622-001-b-4230">as</w>
       <w lemma="all" pos="d" xml:id="A87622-001-b-4240">all</w>
       <w lemma="my" pos="po" xml:id="A87622-001-b-4250">my</w>
       <w lemma="neighbour" pos="n2" xml:id="A87622-001-b-4260">neighbours</w>
       <w lemma="can" pos="vmb" xml:id="A87622-001-b-4270">can</w>
       <w lemma="tell" pos="vvi" xml:id="A87622-001-b-4280">tell</w>
       <pc xml:id="A87622-001-b-4290">,</pc>
      </l>
      <l xml:id="A87622-e1090">
       <w lemma="they" pos="pns" xml:id="A87622-001-b-4300">They</w>
       <w lemma="plead" pos="vvb" xml:id="A87622-001-b-4310">plead</w>
       <w lemma="i" pos="pno" reg="me" xml:id="A87622-001-b-4320">mee</w>
       <w lemma="at" pos="acp" xml:id="A87622-001-b-4330">at</w>
       <w lemma="large" pos="j" xml:id="A87622-001-b-4340">large</w>
       <pc xml:id="A87622-001-b-4350">,</pc>
       <w lemma="for" pos="acp" xml:id="A87622-001-b-4360">for</w>
       <w lemma="maintain" pos="vvg" xml:id="A87622-001-b-4370">maintaining</w>
       <w lemma="my" pos="po" xml:id="A87622-001-b-4380">my</w>
       <w lemma="charge" pos="n1" xml:id="A87622-001-b-4390">charge</w>
      </l>
      <l xml:id="A87622-e1100">
       <w lemma="though" pos="cs" xml:id="A87622-001-b-4400">though</w>
       <w lemma="sometime" pos="av" xml:id="A87622-001-b-4410">sometimes</w>
       <w lemma="to" pos="to" xml:id="A87622-001-b-4420">to</w>
       <w lemma="drink" pos="vvi" xml:id="A87622-001-b-4430">drink</w>
       <w lemma="i" pos="pns" xml:id="A87622-001-b-4440">I</w>
       <w lemma="incline" pos="vvb" xml:id="A87622-001-b-4450">incline</w>
       <pc xml:id="A87622-001-b-4460">,</pc>
      </l>
      <l xml:id="A87622-e1110">
       <w lemma="yet" pos="av" xml:id="A87622-001-b-4470">Yet</w>
       <w lemma="i" pos="pns" xml:id="A87622-001-b-4480">I</w>
       <w lemma="scorn" pos="vvb" xml:id="A87622-001-b-4490">scorn</w>
       <w lemma="for" pos="acp" xml:id="A87622-001-b-4500">for</w>
       <w lemma="to" pos="to" xml:id="A87622-001-b-4510">to</w>
       <w lemma="shrink" pos="vvi" xml:id="A87622-001-b-4520">shrink</w>
       <pc xml:id="A87622-001-b-4530">,</pc>
       <w lemma="go" pos="vvb" xml:id="A87622-001-b-4540">go</w>
       <w lemma="fill" pos="vvb" xml:id="A87622-001-b-4550">fill</w>
       <w lemma="we" pos="pno" xml:id="A87622-001-b-4560">us</w>
       <w lemma="more" pos="av-c_d" xml:id="A87622-001-b-4570">more</w>
       <w lemma="drink" pos="n1" xml:id="A87622-001-b-4580">drink</w>
       <pc xml:id="A87622-001-b-4590">,</pc>
      </l>
      <l xml:id="A87622-e1120">
       <w lemma="for" pos="acp" xml:id="A87622-001-b-4600">for</w>
       <w lemma="he" pos="pns" xml:id="A87622-001-b-4610">he</w>
       <w lemma="that" pos="cs" xml:id="A87622-001-b-4620">that</w>
       <w lemma="make" pos="vvd" xml:id="A87622-001-b-4630">made</w>
       <w lemma="eight" pos="crd" xml:id="A87622-001-b-4640">eight</w>
       <pc xml:id="A87622-001-b-4650">,</pc>
       <w lemma="make" pos="vvd" xml:id="A87622-001-b-4660">made</w>
       <w lemma="nine" pos="crd" xml:id="A87622-001-b-4670">nine</w>
       <pc unit="sentence" xml:id="A87622-001-b-4680">.</pc>
      </l>
     </lg>
     <lg xml:id="A87622-e1130">
      <l xml:id="A87622-e1140">
       <w join="right" lemma="here" pos="av" xml:id="A87622-001-b-4690">Here</w>
       <w join="left" lemma="be" pos="vvz" xml:id="A87622-001-b-4691">'s</w>
       <w lemma="a" pos="d" xml:id="A87622-001-b-4700">a</w>
       <w lemma="health" pos="n1" xml:id="A87622-001-b-4710">health</w>
       <w lemma="to" pos="acp" xml:id="A87622-001-b-4720">to</w>
       <w lemma="my" pos="po" xml:id="A87622-001-b-4730">my</w>
       <w lemma="friend" pos="n1" xml:id="A87622-001-b-4740">friend</w>
       <pc xml:id="A87622-001-b-4750">,</pc>
       <w lemma="that" pos="cs" xml:id="A87622-001-b-4760">that</w>
       <w lemma="have" pos="vvz" xml:id="A87622-001-b-4770">hath</w>
       <w lemma="a" pos="d" xml:id="A87622-001-b-4780">a</w>
       <w lemma="song" pos="n1" xml:id="A87622-001-b-4790">song</w>
       <w lemma="pen" pos="vvn" reg="penned" xml:id="A87622-001-b-4800">pen'd</w>
      </l>
      <l xml:id="A87622-e1150">
       <w lemma="in" pos="acp" xml:id="A87622-001-b-4810">in</w>
       <w lemma="praise" pos="n1" xml:id="A87622-001-b-4820">praise</w>
       <w lemma="of" pos="acp" xml:id="A87622-001-b-4830">of</w>
       <w lemma="good" pos="j" xml:id="A87622-001-b-4840">good</w>
       <w lemma="liquor" pos="n1" reg="Liquor" xml:id="A87622-001-b-4850">Liquour</w>
       <w join="right" lemma="that" pos="cs" xml:id="A87622-001-b-4860">that</w>
       <w join="left" lemma="be" pos="vvz" xml:id="A87622-001-b-4861">'s</w>
       <w lemma="old" pos="j" xml:id="A87622-001-b-4870">old</w>
       <pc xml:id="A87622-001-b-4880">,</pc>
      </l>
      <l xml:id="A87622-e1160">
       <w lemma="drink" pos="vvb" xml:id="A87622-001-b-4890">Drink</w>
       <w lemma="off" pos="acp-av" xml:id="A87622-001-b-4900">off</w>
       <w lemma="your" pos="po" xml:id="A87622-001-b-4910">your</w>
       <w lemma="cup" pos="n2" xml:id="A87622-001-b-4920">cups</w>
       <w lemma="round" pos="av_j" xml:id="A87622-001-b-4930">round</w>
       <w lemma="whilst" pos="cs" xml:id="A87622-001-b-4940">whilst</w>
       <w lemma="music" pos="n1" reg="Music" xml:id="A87622-001-b-4950">Musick</w>
       <w lemma="do" pos="vvz" xml:id="A87622-001-b-4960">doth</w>
       <w lemma="sound" pos="j" xml:id="A87622-001-b-4970">sound</w>
      </l>
      <l xml:id="A87622-e1170">
       <w lemma="in" pos="acp" xml:id="A87622-001-b-4980">in</w>
       <w lemma="hope" pos="vvb" xml:id="A87622-001-b-4990">hope</w>
       <w lemma="it" pos="pn" xml:id="A87622-001-b-5000">it</w>
       <w lemma="will" pos="vmb" xml:id="A87622-001-b-5010">will</w>
       <w lemma="keep" pos="vvi" xml:id="A87622-001-b-5020">keep</w>
       <w lemma="you" pos="pn" xml:id="A87622-001-b-5030">you</w>
       <w lemma="from" pos="acp" xml:id="A87622-001-b-5040">from</w>
       <w lemma="cold" pos="j" xml:id="A87622-001-b-5050">cold</w>
       <pc xml:id="A87622-001-b-5060">,</pc>
      </l>
      <l xml:id="A87622-e1180">
       <w lemma="and" pos="cc" xml:id="A87622-001-b-5070">And</w>
       <w lemma="now" pos="av" xml:id="A87622-001-b-5080">now</w>
       <w lemma="to" pos="to" xml:id="A87622-001-b-5090">to</w>
       <w lemma="conclude" pos="vvi" xml:id="A87622-001-b-5100">conclude</w>
       <w lemma="my" pos="po" xml:id="A87622-001-b-5110">my</w>
       <w lemma="verse" pos="n2" xml:id="A87622-001-b-5120">verses</w>
       <w lemma="so" pos="av" xml:id="A87622-001-b-5130">so</w>
       <w lemma="rude" pos="j" xml:id="A87622-001-b-5140">rude</w>
       <pc xml:id="A87622-001-b-5150">,</pc>
      </l>
      <l xml:id="A87622-e1190">
       <w lemma="you" pos="pn" xml:id="A87622-001-b-5160">you</w>
       <w lemma="be" pos="vvb" xml:id="A87622-001-b-5170">are</w>
       <w lemma="all" pos="d" xml:id="A87622-001-b-5180">all</w>
       <w lemma="welcome" pos="j" xml:id="A87622-001-b-5190">welcome</w>
       <w lemma="gentleman" pos="n2" xml:id="A87622-001-b-5200">Gentlemen</w>
       <pc xml:id="A87622-001-b-5210">:</pc>
      </l>
      <l xml:id="A87622-e1200">
       <w lemma="Ye●" pos="n1-nn" xml:id="A87622-001-b-5220">Ye●</w>
       <w lemma="ever" pos="av" reg="e'er" xml:id="A87622-001-b-5230">e're</w>
       <w lemma="we" pos="pns" xml:id="A87622-001-b-5240">we</w>
       <w lemma="depart" pos="vvb" xml:id="A87622-001-b-5250">depart</w>
       <w join="right" lemma="i" pos="pns" xml:id="A87622-001-b-5260">I</w>
       <w join="left" lemma="will" pos="vmb" reg="'ll" xml:id="A87622-001-b-5261">'le</w>
       <w lemma="give" pos="vvi" xml:id="A87622-001-b-5270">give</w>
       <w lemma="you" pos="pn" xml:id="A87622-001-b-5280">you</w>
       <w lemma="a" pos="d" xml:id="A87622-001-b-5290">a</w>
       <w lemma="quart" pos="n1" xml:id="A87622-001-b-5300">quart</w>
       <pc xml:id="A87622-001-b-5310">:</pc>
      </l>
      <l xml:id="A87622-e1210">
       <w lemma="for" pos="acp" xml:id="A87622-001-b-5320">for</w>
       <w lemma="he" pos="pns" xml:id="A87622-001-b-5330">he</w>
       <w lemma="that" pos="cs" xml:id="A87622-001-b-5340">that</w>
       <w lemma="make" pos="vvd" xml:id="A87622-001-b-5350">made</w>
       <w lemma="nine" pos="crd" xml:id="A87622-001-b-5360">nine</w>
       <pc xml:id="A87622-001-b-5370">,</pc>
       <w lemma="make" pos="vvd" xml:id="A87622-001-b-5380">made</w>
       <w lemma="ten" pos="crd" xml:id="A87622-001-b-5390">ten</w>
       <pc unit="sentence" xml:id="A87622-001-b-5400">.</pc>
      </l>
     </lg>
     <lg xml:id="A87622-e1220">
      <l xml:id="A87622-e1230">
       <w lemma="this" pos="d" xml:id="A87622-001-b-5410">This</w>
       <w lemma="be" pos="vvg" xml:id="A87622-001-b-5420">being</w>
       <w lemma="say" pos="vvn" xml:id="A87622-001-b-5430">said</w>
       <w lemma="the" pos="d" xml:id="A87622-001-b-5440">the</w>
       <w lemma="reckon" pos="n1_vg" xml:id="A87622-001-b-5450">reckoning</w>
       <w lemma="they" pos="pns" xml:id="A87622-001-b-5460">they</w>
       <w lemma="pay" pos="vvd" xml:id="A87622-001-b-5470">paid</w>
       <pc xml:id="A87622-001-b-5480">,</pc>
      </l>
      <l xml:id="A87622-e1240">
       <w lemma="and" pos="cc" xml:id="A87622-001-b-5490">and</w>
       <w lemma="in" pos="acp" xml:id="A87622-001-b-5500">in</w>
       <w lemma="friendly" pos="j" xml:id="A87622-001-b-5510">friendly</w>
       <w lemma="manner" pos="n1" xml:id="A87622-001-b-5520">manner</w>
       <w lemma="depart" pos="vvn" xml:id="A87622-001-b-5530">departed</w>
       <pc xml:id="A87622-001-b-5540">,</pc>
      </l>
      <l xml:id="A87622-e1250">
       <w join="right" lemma="there" pos="av" xml:id="A87622-001-b-5550">There</w>
       <w join="left" lemma="be" pos="vvz" xml:id="A87622-001-b-5551">'s</w>
       <w lemma="none" pos="pi-x" xml:id="A87622-001-b-5560">none</w>
       <w lemma="of" pos="acp" xml:id="A87622-001-b-5570">of</w>
       <w lemma="they" pos="pno" xml:id="A87622-001-b-5580">them</w>
       <w lemma="have" pos="vvd" xml:id="A87622-001-b-5590">had</w>
       <w lemma="any" pos="d" xml:id="A87622-001-b-5600">any</w>
       <w lemma="cause" pos="n1" xml:id="A87622-001-b-5610">cause</w>
       <w lemma="to" pos="to" xml:id="A87622-001-b-5620">to</w>
       <w lemma="be" pos="vvi" xml:id="A87622-001-b-5630">be</w>
       <w lemma="sad" pos="j" xml:id="A87622-001-b-5640">sad</w>
       <pc xml:id="A87622-001-b-5650">,</pc>
      </l>
      <l xml:id="A87622-e1260">
       <w lemma="but" pos="acp" xml:id="A87622-001-b-5660">but</w>
       <w lemma="all" pos="d" xml:id="A87622-001-b-5670">all</w>
       <w lemma="go" pos="vvd" xml:id="A87622-001-b-5680">went</w>
       <w lemma="away" pos="av" xml:id="A87622-001-b-5690">away</w>
       <w lemma="merry" pos="j" xml:id="A87622-001-b-5700">merry</w>
       <w lemma="heart" pos="j_vn" xml:id="A87622-001-b-5710">hearted</w>
       <pc xml:id="A87622-001-b-5720">,</pc>
      </l>
      <l xml:id="A87622-e1270">
       <w lemma="and" pos="cc" xml:id="A87622-001-b-5730">And</w>
       <w lemma="when" pos="crq" xml:id="A87622-001-b-5740">when</w>
       <w lemma="they" pos="pns" xml:id="A87622-001-b-5750">they</w>
       <w lemma="do" pos="vvb" xml:id="A87622-001-b-5760">do</w>
       <w lemma="meet" pos="vvi" xml:id="A87622-001-b-5770">meet</w>
       <w lemma="again" pos="av" xml:id="A87622-001-b-5780">again</w>
       <w lemma="in" pos="acp" xml:id="A87622-001-b-5790">in</w>
       <w lemma="the" pos="d" xml:id="A87622-001-b-5800">the</w>
       <w lemma="street" pos="n1" xml:id="A87622-001-b-5810">street</w>
       <pc xml:id="A87622-001-b-5820">,</pc>
      </l>
      <l xml:id="A87622-e1280">
       <w lemma="then" pos="av" xml:id="A87622-001-b-5830">then</w>
       <pc xml:id="A87622-001-b-5840">,</pc>
       <w lemma="unto" pos="acp" xml:id="A87622-001-b-5850">unto</w>
       <w lemma="the" pos="d" xml:id="A87622-001-b-5860">the</w>
       <w lemma="tavern" pos="n1" xml:id="A87622-001-b-5870">Tavern</w>
       <w join="right" lemma="they" pos="pns" xml:id="A87622-001-b-5880">they</w>
       <w join="left" lemma="will" pos="vmb" reg="'ll" xml:id="A87622-001-b-5881">'l</w>
       <w lemma="hie" pos="vvi" reg="hie" xml:id="A87622-001-b-5890">hye</w>
       <pc xml:id="A87622-001-b-5900">:</pc>
      </l>
      <l xml:id="A87622-e1290">
       <w lemma="and" pos="cc" xml:id="A87622-001-b-5910">And</w>
       <w lemma="there" pos="av" xml:id="A87622-001-b-5920">there</w>
       <w lemma="they" pos="pns" xml:id="A87622-001-b-5930">they</w>
       <w lemma="intend" pos="vvb" reg="intent" xml:id="A87622-001-b-5940">intend</w>
       <pc xml:id="A87622-001-b-5950">,</pc>
       <w lemma="their" pos="po" xml:id="A87622-001-b-5960">their</w>
       <w lemma="money" pos="n1" xml:id="A87622-001-b-5970">money</w>
       <w lemma="to" pos="to" xml:id="A87622-001-b-5980">to</w>
       <w lemma="spend" pos="vvi" xml:id="A87622-001-b-5990">spend</w>
       <pc xml:id="A87622-001-b-6000">,</pc>
      </l>
      <l xml:id="A87622-e1300">
       <w lemma="which" pos="crq" xml:id="A87622-001-b-6010">which</w>
       <w lemma="no" pos="d-x" xml:id="A87622-001-b-6020">no</w>
       <w lemma="body" pos="n1" xml:id="A87622-001-b-6030">body</w>
       <w lemma="can" pos="vmb" xml:id="A87622-001-b-6040">can</w>
       <w lemma="deny" pos="vvi" xml:id="A87622-001-b-6050">deny</w>
       <pc unit="sentence" xml:id="A87622-001-b-6060">.</pc>
      </l>
     </lg>
    </div>
    <trailer xml:id="A87622-e1310">
     <w lemma="finis" pos="f-la" xml:id="A87622-001-b-6070">FINIS</w>
     <pc unit="sentence" xml:id="A87622-001-b-6080">.</pc>
    </trailer>
   </div>
  </body>
 </text>
</TEI>
