<?xml version="1.0" encoding="UTF-8"?>
<?xml-model href="http://schemata.earlyprint.org/schemata/tei_earlyprint.rng" type="application/xml" schematypens="http://relaxng.org/ns/structure/1.0"?>
<TEI xmlns="http://www.tei-c.org/ns/1.0" xml:id="A93280">
 <teiHeader>
  <fileDesc>
   <titleStmt>
    <title>Going naked a signe [by] William Simpson.</title>
    <author>Simpson, William, 1627?-1671.</author>
   </titleStmt>
   <editionStmt>
    <edition>This text is an enriched version of the TCP digital transcription A93280 of text R43742 in the <ref target="http://estc.bl.uk">English Short Title Catalog</ref> (Wing S3846). Textual changes  and metadata enrichments aim at making the text more  computationally tractable, easier to read, and suitable for network-based collaborative curation by amateur and professional end users from many walks of life.  The text has been tokenized and linguistically annotated with <ref target="http://morphadorner.northwestern.edu/morphadorner/">MorphAdorner</ref>. The annotation includes standard spellings that support the display of a text in a standardized format that preserves archaic forms ('loveth', 'seekest'). Textual changes aim at restoring the text the author or stationer meant to publish.</edition>
    <respStmt>
     <resp>This text has not been fully proofread</resp>
     <name/>
    </respStmt>
   </editionStmt>
   <extent>Approx. 4 KB of XML-encoded text transcribed from 1 1-bit group-IV TIFF page image.</extent>
   <publicationStmt>
    <publisher>EarlyPrint Project</publisher>
    <pubPlace>Evanston,IL, Notre Dame, IN, St. Louis, MO</pubPlace>
    <date>2017</date>
    <idno type="DLPS">A93280</idno>
    <idno type="STC">Wing S3846</idno>
    <idno type="STC">ESTC R43742</idno>
    <idno type="EEBO-CITATION">42475178</idno>
    <idno type="OCLC">ocm 42475178</idno>
    <idno type="VID">151337</idno>
    <availability>
     <p>
            This keyboarded and encoded edition of the work described above is co-owned by the institutions providing financial support to the Early English Books Online Text Creation Partnership. This Phase I text is available for reuse, according to the terms of
            <ref target="https://creativecommons.org/publicdomain/zero/1.0/">Creative Commons 0 1.0 Universal</ref>
            . The text can be copied, modified, distributed and performed, even for commercial purposes, all without asking permission.
          </p>
    </availability>
   </publicationStmt>
   <seriesStmt>
    <title>Early English books online.</title>
   </seriesStmt>
   <notesStmt>
    <note>(EEBO-TCP ; phase 1, no. A93280)</note>
    <note>Transcribed from: (Early English Books Online ; image set 151337)</note>
    <note>Images scanned from microfilm: (Early English books, 1641-1700 ; 2255:17)</note>
   </notesStmt>
   <sourceDesc>
    <biblFull>
     <titleStmt>
      <title>Going naked a signe [by] William Simpson.</title>
      <author>Simpson, William, 1627?-1671.</author>
     </titleStmt>
     <extent>1 sheet ([1] p.).</extent>
     <publicationStmt>
      <publisher>Printed for M.W.,</publisher>
      <pubPlace>London :</pubPlace>
      <date>[1666?]</date>
     </publicationStmt>
     <notesStmt>
      <note>Reproduction of original in: Friends' Library (London, England)</note>
     </notesStmt>
    </biblFull>
   </sourceDesc>
  </fileDesc>
  <profileDesc>
   <langUsage>
    <language ident="eng">eng</language>
   </langUsage>
   <textClass>
    <keywords scheme="http://authorities.loc.gov/">
     <term>Church of England -- Controversial literature.</term>
     <term>Dissenters, Religious -- England.</term>
    </keywords>
   </textClass>
  </profileDesc>
  <xenoData>
   <ep:epHeader xmlns:ep="http://earlyprint.org/ns/1.0">
    <ep:tcp>A93280</ep:tcp>
    <ep:estc> R43742</ep:estc>
    <ep:stc> (Wing S3846). </ep:stc>
    <ep:corpus>civilwar</ep:corpus>
    <ep:workpart>no</ep:workpart>
    <ep:title>Going naked a signe. Oh Church of England, this is unto thee, who livest in oppression and cruelty, pride and covetousnesse, ...</ep:title>
    <ep:author>Simpson, William</ep:author>
    <ep:publicationYear>1660</ep:publicationYear>
    <ep:creationYear/>
    <ep:curator>
     <ep:name/>
    </ep:curator>
    <ep:pageCount>1</ep:pageCount>
    <ep:wordCount>702</ep:wordCount>
    <ep:defectiveTokenCount>0</ep:defectiveTokenCount>
    <ep:untranscribedForeignCount>0</ep:untranscribedForeignCount>
    <ep:untranscribedMathCount>0</ep:untranscribedMathCount>
    <ep:untranscribedMusicCount>0</ep:untranscribedMusicCount>
    <ep:missingChunkCount>0</ep:missingChunkCount>
    <ep:missingPagesCount>0</ep:missingPagesCount>
    <ep:defectRate>0</ep:defectRate>
    <ep:finalGrade>A</ep:finalGrade>
    <ep:defectRangePerGrade>This text  has no known defects that were recorded as gap elements at the time of transcription. </ep:defectRangePerGrade>
   </ep:epHeader>
  </xenoData>
  <revisionDesc>
   <change><date>2007-09</date><label>TCP</label>
        Assigned for keying and markup
      </change>
   <change><date>2007-11</date><label>Aptara</label>
        Keyed and coded from ProQuest page images
      </change>
   <change><date>2007-12</date><label>Emma (Leeson) Huber</label>
        Sampled and proofread
      </change>
   <change><date>2007-12</date><label>Emma (Leeson) Huber</label>
        Text and markup reviewed and edited
      </change>
   <change><date>2008-02</date><label>pfs</label>
        Batch review (QC) and XML conversion
      </change>
  </revisionDesc>
 </teiHeader>
 <text xml:id="A93280e-10">
  <body xml:id="A93280e-20">
   <pb facs="tcp:151337:1" rendition="simple:additions" xml:id="A93280-001-a"/>
   <div type="text" xml:id="A93280e-30">
    <head xml:id="A93280e-40">
     <w lemma="go" pos="vvg" xml:id="A93280-001-a-0010">Going</w>
     <w lemma="naked" pos="j" xml:id="A93280-001-a-0020">naked</w>
     <pc xml:id="A93280-001-a-0030">,</pc>
     <w lemma="a" pos="d" xml:id="A93280-001-a-0040">a</w>
     <w lemma="sign" pos="n1" reg="sign" xml:id="A93280-001-a-0050">Signe</w>
     <pc unit="sentence" xml:id="A93280-001-a-0060">.</pc>
    </head>
    <p xml:id="A93280e-50">
     <w lemma="oh" pos="uh" xml:id="A93280-001-a-0070">OH</w>
     <w lemma="church" pos="n1" xml:id="A93280-001-a-0080">Church</w>
     <w lemma="of" pos="acp-p" xml:id="A93280-001-a-0090">of</w>
     <hi xml:id="A93280e-60">
      <w lemma="England" pos="n1-nn" xml:id="A93280-001-a-0100">England</w>
      <pc xml:id="A93280-001-a-0110">,</pc>
     </hi>
     <w lemma="this" pos="d" xml:id="A93280-001-a-0120">This</w>
     <w lemma="be" pos="vvz" xml:id="A93280-001-a-0130">is</w>
     <w lemma="unto" pos="acp-p" xml:id="A93280-001-a-0140">unto</w>
     <w lemma="thou" pos="pno" xml:id="A93280-001-a-0150">thee</w>
     <pc xml:id="A93280-001-a-0160">,</pc>
     <w lemma="who" pos="crq-q" xml:id="A93280-001-a-0170">who</w>
     <w lemma="live" pos="vv2" xml:id="A93280-001-a-0180">livest</w>
     <w lemma="in" pos="acp-p" xml:id="A93280-001-a-0190">in</w>
     <w lemma="oppression" pos="n1" xml:id="A93280-001-a-0200">oppression</w>
     <w lemma="and" pos="cc" xml:id="A93280-001-a-0210">and</w>
     <w lemma="cruelty" pos="n1" xml:id="A93280-001-a-0220">cruelty</w>
     <pc xml:id="A93280-001-a-0230">,</pc>
     <w lemma="pride" pos="n1" xml:id="A93280-001-a-0240">pride</w>
     <w lemma="and" pos="cc" xml:id="A93280-001-a-0250">and</w>
     <w lemma="covetousness" pos="n1" reg="covetousness" xml:id="A93280-001-a-0260">covetousnesse</w>
     <pc xml:id="A93280-001-a-0270">,</pc>
     <w lemma="a" pos="d" xml:id="A93280-001-a-0280">a</w>
     <w lemma="day" pos="n1" xml:id="A93280-001-a-0290">day</w>
     <w lemma="of" pos="acp-p" xml:id="A93280-001-a-0300">of</w>
     <w lemma="misery" pos="n1" xml:id="A93280-001-a-0310">misery</w>
     <w lemma="be" pos="vvz" xml:id="A93280-001-a-0320">is</w>
     <w lemma="come" pos="vvg" xml:id="A93280-001-a-0330">coming</w>
     <w lemma="upon" pos="acp-p" xml:id="A93280-001-a-0340">upon</w>
     <w lemma="thou" pos="pno" xml:id="A93280-001-a-0350">thee</w>
     <pc xml:id="A93280-001-a-0360">,</pc>
     <w lemma="thy" pos="po" xml:id="A93280-001-a-0370">thy</w>
     <w lemma="nakedness" pos="n1" reg="nakedness" xml:id="A93280-001-a-0380">nakednesse</w>
     <w lemma="and" pos="cc" xml:id="A93280-001-a-0390">and</w>
     <w lemma="shame" pos="n1" xml:id="A93280-001-a-0400">shame</w>
     <w lemma="be" pos="vvz" xml:id="A93280-001-a-0410">is</w>
     <w lemma="come" pos="vvg" xml:id="A93280-001-a-0420">coming</w>
     <w lemma="upon" pos="acp-p" xml:id="A93280-001-a-0430">upon</w>
     <w lemma="thou" pos="pno" xml:id="A93280-001-a-0440">thee</w>
     <w lemma="as" pos="acp-cs" xml:id="A93280-001-a-0450">as</w>
     <w lemma="a" pos="d" xml:id="A93280-001-a-0460">an</w>
     <w lemma="arm" pos="j_vn" xml:id="A93280-001-a-0470">armed</w>
     <w lemma="man" pos="n1" xml:id="A93280-001-a-0480">Man</w>
     <pc xml:id="A93280-001-a-0490">,</pc>
     <w lemma="from" pos="acp-p" xml:id="A93280-001-a-0500">from</w>
     <w lemma="which" pos="crq-r" xml:id="A93280-001-a-0510">which</w>
     <w lemma="no" pos="d-x" xml:id="A93280-001-a-0520">no</w>
     <w lemma="man" pos="n1" xml:id="A93280-001-a-0530">Man</w>
     <w lemma="can" pos="vmb" xml:id="A93280-001-a-0540">can</w>
     <w lemma="hide" pos="vvi" xml:id="A93280-001-a-0550">hide</w>
     <w lemma="thou" pos="pno" xml:id="A93280-001-a-0560">thee</w>
     <pc xml:id="A93280-001-a-0570">,</pc>
     <w lemma="neither" pos="d-x" xml:id="A93280-001-a-0580">neither</w>
     <w lemma="hill" pos="n2" xml:id="A93280-001-a-0590">Hills</w>
     <w lemma="nor" pos="cc-x" xml:id="A93280-001-a-0600">nor</w>
     <w lemma="mountain" pos="n2" reg="mountains" xml:id="A93280-001-a-0610">Mountaines</w>
     <w lemma="shall" pos="vmb" xml:id="A93280-001-a-0620">shall</w>
     <w lemma="be" pos="vvi" xml:id="A93280-001-a-0630">be</w>
     <w lemma="able" pos="j" xml:id="A93280-001-a-0640">able</w>
     <w lemma="to" pos="acp-cs" xml:id="A93280-001-a-0650">to</w>
     <w lemma="hide" pos="vvi" xml:id="A93280-001-a-0660">hide</w>
     <w lemma="thou" pos="pno" xml:id="A93280-001-a-0670">thee</w>
     <w lemma="in" pos="acp-p" xml:id="A93280-001-a-0680">in</w>
     <w lemma="this" pos="d" xml:id="A93280-001-a-0690">this</w>
     <w lemma="the" pos="d" xml:id="A93280-001-a-0700">the</w>
     <w lemma="day" pos="n1" xml:id="A93280-001-a-0710">Day</w>
     <w lemma="of" pos="acp-p" xml:id="A93280-001-a-0720">of</w>
     <w lemma="the" pos="d" xml:id="A93280-001-a-0730">the</w>
     <w lemma="lord" pos="n1" xml:id="A93280-001-a-0740">Lord</w>
     <pc xml:id="A93280-001-a-0750">,</pc>
     <w lemma="neither" pos="d-x" xml:id="A93280-001-a-0760">neither</w>
     <w lemma="shall" pos="vmb" xml:id="A93280-001-a-0770">shall</w>
     <w lemma="the" pos="d" xml:id="A93280-001-a-0780">the</w>
     <w lemma="cleft" pos="n2" xml:id="A93280-001-a-0790">Clefts</w>
     <w lemma="of" pos="acp-p" xml:id="A93280-001-a-0800">of</w>
     <w lemma="the" pos="d" xml:id="A93280-001-a-0810">the</w>
     <w lemma="rock" pos="n2" xml:id="A93280-001-a-0820">Rocks</w>
     <w lemma="preserve" pos="vvb" xml:id="A93280-001-a-0830">preserve</w>
     <w lemma="thou" pos="pno" xml:id="A93280-001-a-0840">thee</w>
     <w lemma="from" pos="acp-p" xml:id="A93280-001-a-0850">from</w>
     <w lemma="the" pos="d" xml:id="A93280-001-a-0860">the</w>
     <w lemma="day" pos="n1" xml:id="A93280-001-a-0870">Day</w>
     <w lemma="of" pos="acp-p" xml:id="A93280-001-a-0880">of</w>
     <w lemma="the" pos="d" xml:id="A93280-001-a-0890">the</w>
     <w lemma="lord" pos="n1g" reg="Lord's" xml:id="A93280-001-a-0900">Lords</w>
     <w lemma="controversy" pos="n1" reg="controversy" xml:id="A93280-001-a-0910">Controversie</w>
     <w lemma="with" pos="acp-p" xml:id="A93280-001-a-0920">with</w>
     <w lemma="thou" pos="pno" xml:id="A93280-001-a-0930">thee</w>
     <pc xml:id="A93280-001-a-0940">;</pc>
     <w lemma="thy" pos="po" xml:id="A93280-001-a-0950">Thy</w>
     <w lemma="nakedness" pos="n1" reg="nakedness" xml:id="A93280-001-a-0960">nakednesse</w>
     <w lemma="and" pos="cc" xml:id="A93280-001-a-0970">and</w>
     <w lemma="thy" pos="po" xml:id="A93280-001-a-0980">thy</w>
     <w lemma="shame" pos="n1" xml:id="A93280-001-a-0990">shame</w>
     <w lemma="be" pos="vvz" xml:id="A93280-001-a-1000">is</w>
     <w lemma="near" pos="av_j" reg="near" xml:id="A93280-001-a-1010">neare</w>
     <w lemma="to" pos="acp-cs" xml:id="A93280-001-a-1020">to</w>
     <w lemma="come" pos="vvi" xml:id="A93280-001-a-1030">come</w>
     <w lemma="upon" pos="acp-p" xml:id="A93280-001-a-1040">upon</w>
     <w lemma="thou" pos="pno" xml:id="A93280-001-a-1050">thee</w>
     <pc xml:id="A93280-001-a-1060">,</pc>
     <w lemma="from" pos="acp-p" xml:id="A93280-001-a-1070">from</w>
     <w lemma="it" pos="pn" xml:id="A93280-001-a-1080">it</w>
     <w lemma="thou" pos="pns" xml:id="A93280-001-a-1090">thou</w>
     <w lemma="shall" pos="vm2" xml:id="A93280-001-a-1100">shalt</w>
     <w lemma="not" pos="xx" xml:id="A93280-001-a-1110">not</w>
     <w lemma="fly" pos="vvi" reg="fly" xml:id="A93280-001-a-1120">flye</w>
     <pc xml:id="A93280-001-a-1130">:</pc>
     <w lemma="oppression" pos="n1" xml:id="A93280-001-a-1140">Oppression</w>
     <w lemma="and" pos="cc" xml:id="A93280-001-a-1150">and</w>
     <w lemma="cruelty" pos="n1" xml:id="A93280-001-a-1160">cruelty</w>
     <w lemma="have" pos="vvz" xml:id="A93280-001-a-1170">hath</w>
     <w lemma="be" pos="vvn" xml:id="A93280-001-a-1180">been</w>
     <w lemma="as" pos="acp-p" xml:id="A93280-001-a-1190">as</w>
     <w lemma="a" pos="d" xml:id="A93280-001-a-1200">a</w>
     <w lemma="staff" pos="n1" xml:id="A93280-001-a-1210">Staff</w>
     <w lemma="for" pos="acp-p" xml:id="A93280-001-a-1220">for</w>
     <w lemma="thou" pos="pno" xml:id="A93280-001-a-1230">thee</w>
     <pc xml:id="A93280-001-a-1240">,</pc>
     <w lemma="but" pos="acp-cc" xml:id="A93280-001-a-1250">but</w>
     <w lemma="the" pos="d" xml:id="A93280-001-a-1260">the</w>
     <w lemma="lord" pos="n1" xml:id="A93280-001-a-1270">Lord</w>
     <w lemma="be" pos="vvz" xml:id="A93280-001-a-1280">is</w>
     <w lemma="rise" pos="vvn" xml:id="A93280-001-a-1290">risen</w>
     <w lemma="to" pos="acp-cs" xml:id="A93280-001-a-1300">to</w>
     <w lemma="break" pos="vvi" xml:id="A93280-001-a-1310">break</w>
     <w lemma="thy" pos="po" xml:id="A93280-001-a-1320">thy</w>
     <w lemma="staff" pos="n1" xml:id="A93280-001-a-1330">Staff</w>
     <w lemma="of" pos="acp-p" xml:id="A93280-001-a-1340">of</w>
     <w lemma="oppression" pos="n1" xml:id="A93280-001-a-1350">oppression</w>
     <pc xml:id="A93280-001-a-1360">,</pc>
     <w lemma="and" pos="cc" xml:id="A93280-001-a-1370">and</w>
     <w lemma="thou" pos="pns" xml:id="A93280-001-a-1380">thou</w>
     <w lemma="shall" pos="vm2" xml:id="A93280-001-a-1390">shalt</w>
     <w lemma="be" pos="vvi" xml:id="A93280-001-a-1400">be</w>
     <w lemma="leave" pos="vvn" xml:id="A93280-001-a-1410">left</w>
     <w lemma="naked" pos="j" xml:id="A93280-001-a-1420">naked</w>
     <w lemma="though" pos="cs" xml:id="A93280-001-a-1430">though</w>
     <w lemma="thou" pos="pns" xml:id="A93280-001-a-1440">thou</w>
     <w lemma="have" pos="vv2" xml:id="A93280-001-a-1450">hast</w>
     <w lemma="seem" pos="vvn" xml:id="A93280-001-a-1460">seemed</w>
     <w lemma="to" pos="acp-cs" xml:id="A93280-001-a-1470">to</w>
     <w lemma="be" pos="vvi" xml:id="A93280-001-a-1480">be</w>
     <w lemma="the" pos="d" xml:id="A93280-001-a-1490">the</w>
     <w lemma="glory" pos="n1" xml:id="A93280-001-a-1500">glory</w>
     <w lemma="of" pos="acp-p" xml:id="A93280-001-a-1510">of</w>
     <w lemma="the" pos="d" xml:id="A93280-001-a-1520">the</w>
     <w lemma="nation" pos="n2" xml:id="A93280-001-a-1530">Nations</w>
     <w lemma="with" pos="acp-p" xml:id="A93280-001-a-1540">with</w>
     <w lemma="thy" pos="po" xml:id="A93280-001-a-1550">thy</w>
     <w lemma="deceitful" pos="j" reg="deceitful" xml:id="A93280-001-a-1560">deceitfull</w>
     <w lemma="cover" pos="vvz" xml:id="A93280-001-a-1570">Covers</w>
     <pc xml:id="A93280-001-a-1580">,</pc>
     <w lemma="but" pos="acp-cc" xml:id="A93280-001-a-1590">but</w>
     <w lemma="now" pos="av" xml:id="A93280-001-a-1600">now</w>
     <w lemma="thou" pos="pns" xml:id="A93280-001-a-1610">thou</w>
     <w lemma="shall" pos="vm2" xml:id="A93280-001-a-1620">shalt</w>
     <w lemma="be" pos="vvi" xml:id="A93280-001-a-1630">be</w>
     <w lemma="leave" pos="vvn" xml:id="A93280-001-a-1640">left</w>
     <w lemma="naked" pos="j" xml:id="A93280-001-a-1650">naked</w>
     <pc xml:id="A93280-001-a-1660">,</pc>
     <w lemma="and" pos="cc" xml:id="A93280-001-a-1670">and</w>
     <w lemma="nation" pos="n2" xml:id="A93280-001-a-1680">Nations</w>
     <w lemma="shall" pos="vmb" xml:id="A93280-001-a-1690">shall</w>
     <w lemma="be" pos="vvi" xml:id="A93280-001-a-1700">be</w>
     <w lemma="ashamed" pos="j" xml:id="A93280-001-a-1710">ashamed</w>
     <w lemma="of" pos="acp-p" xml:id="A93280-001-a-1720">of</w>
     <w lemma="thou" pos="pno" xml:id="A93280-001-a-1730">thee</w>
     <pc xml:id="A93280-001-a-1740">:</pc>
     <w lemma="howl" pos="vvb" reg="howl" xml:id="A93280-001-a-1750">Howle</w>
     <w lemma="and" pos="cc" xml:id="A93280-001-a-1760">and</w>
     <w lemma="weep" pos="vvi" reg="weep" xml:id="A93280-001-a-1770">weepe</w>
     <w lemma="you" pos="pn" reg="ye" xml:id="A93280-001-a-1780">yee</w>
     <w lemma="teacher" pos="n2" xml:id="A93280-001-a-1790">Teachers</w>
     <pc xml:id="A93280-001-a-1800">,</pc>
     <w lemma="for" pos="acp-p" xml:id="A93280-001-a-1810">for</w>
     <w lemma="the" pos="d" xml:id="A93280-001-a-1820">the</w>
     <w lemma="lord" pos="n1" xml:id="A93280-001-a-1830">Lord</w>
     <w lemma="be" pos="vvz" xml:id="A93280-001-a-1840">is</w>
     <w lemma="gather" pos="vvg" xml:id="A93280-001-a-1850">gathering</w>
     <w lemma="his" pos="po" xml:id="A93280-001-a-1860">his</w>
     <w lemma="people" pos="n1" xml:id="A93280-001-a-1870">people</w>
     <w lemma="from" pos="acp-p" xml:id="A93280-001-a-1880">from</w>
     <w lemma="you" pos="pn" xml:id="A93280-001-a-1890">you</w>
     <pc xml:id="A93280-001-a-1900">,</pc>
     <w lemma="and" pos="cc" xml:id="A93280-001-a-1910">and</w>
     <w lemma="you" pos="pn" reg="ye" xml:id="A93280-001-a-1920">yee</w>
     <w lemma="shall" pos="vmb" xml:id="A93280-001-a-1930">shall</w>
     <w lemma="devour" pos="vvi" xml:id="A93280-001-a-1940">devour</w>
     <w lemma="his" pos="po" xml:id="A93280-001-a-1950">his</w>
     <w lemma="flock" pos="n1" xml:id="A93280-001-a-1960">flock</w>
     <w lemma="no" pos="av-x_d" xml:id="A93280-001-a-1970">no</w>
     <w lemma="more" pos="av-c_d" xml:id="A93280-001-a-1980">more</w>
     <pc xml:id="A93280-001-a-1990">:</pc>
     <w lemma="the" pos="d" xml:id="A93280-001-a-2000">The</w>
     <w lemma="day" pos="n1" xml:id="A93280-001-a-2010">Day</w>
     <w lemma="be" pos="vvz" xml:id="A93280-001-a-2020">is</w>
     <w lemma="come" pos="vvg" xml:id="A93280-001-a-2030">coming</w>
     <w lemma="upon" pos="acp-p" xml:id="A93280-001-a-2040">upon</w>
     <w lemma="you" pos="pn" xml:id="A93280-001-a-2050">you</w>
     <w lemma="that" pos="cs" xml:id="A93280-001-a-2060">that</w>
     <w lemma="none" pos="pi-x" xml:id="A93280-001-a-2070">none</w>
     <w lemma="shall" pos="vmb" xml:id="A93280-001-a-2080">shall</w>
     <w lemma="buy" pos="vvi" xml:id="A93280-001-a-2090">buy</w>
     <w lemma="your" pos="po" xml:id="A93280-001-a-2100">your</w>
     <w lemma="ware" pos="n2" xml:id="A93280-001-a-2110">Wares</w>
     <w lemma="any" pos="d" xml:id="A93280-001-a-2120">any</w>
     <w lemma="more" pos="av-c_d" xml:id="A93280-001-a-2130">more</w>
     <w lemma="you" pos="pn" xml:id="A93280-001-a-2140">ye</w>
     <w lemma="merchant" pos="n2" xml:id="A93280-001-a-2150">Merchants</w>
     <w lemma="of" pos="acp-p" xml:id="A93280-001-a-2160">of</w>
     <hi xml:id="A93280e-70">
      <w lemma="Babylon" pos="n1-nn" xml:id="A93280-001-a-2170">Babylon</w>
      <pc xml:id="A93280-001-a-2180">:</pc>
     </hi>
     <w lemma="all" pos="d" xml:id="A93280-001-a-2190">All</w>
     <w lemma="your" pos="po" xml:id="A93280-001-a-2200">your</w>
     <w lemma="scarlet" pos="j" xml:id="A93280-001-a-2210">scarlet</w>
     <w lemma="colour" pos="n2" xml:id="A93280-001-a-2220">colours</w>
     <w lemma="the" pos="d" xml:id="A93280-001-a-2230">the</w>
     <w lemma="lord" pos="n1" xml:id="A93280-001-a-2240">Lord</w>
     <w lemma="our" pos="po" xml:id="A93280-001-a-2250">our</w>
     <w lemma="god" pos="n1" xml:id="A93280-001-a-2260">God</w>
     <w lemma="be" pos="vvz" xml:id="A93280-001-a-2270">is</w>
     <w lemma="come" pos="vvg" xml:id="A93280-001-a-2280">coming</w>
     <w lemma="to" pos="acp-cs" xml:id="A93280-001-a-2290">to</w>
     <w lemma="take" pos="vvi" xml:id="A93280-001-a-2300">take</w>
     <w lemma="off" pos="acp-av" xml:id="A93280-001-a-2310">off</w>
     <pc xml:id="A93280-001-a-2320">:</pc>
     <w lemma="then" pos="av" xml:id="A93280-001-a-2330">Then</w>
     <w lemma="your" pos="po" xml:id="A93280-001-a-2340">your</w>
     <w lemma="nakedness" pos="n1" reg="nakedness" xml:id="A93280-001-a-2350">nakednesse</w>
     <w lemma="shall" pos="vmb" xml:id="A93280-001-a-2360">shall</w>
     <w lemma="appear" pos="vvi" reg="appear" xml:id="A93280-001-a-2370">appeare</w>
     <w lemma="to" pos="acp-p" xml:id="A93280-001-a-2380">to</w>
     <w lemma="many" pos="d" xml:id="A93280-001-a-2390">many</w>
     <w lemma="nation" pos="n2" xml:id="A93280-001-a-2400">Nations</w>
     <pc xml:id="A93280-001-a-2410">,</pc>
     <w lemma="and" pos="cc" xml:id="A93280-001-a-2420">and</w>
     <w lemma="you" pos="pn" xml:id="A93280-001-a-2430">you</w>
     <w lemma="shall" pos="vmb" xml:id="A93280-001-a-2440">shall</w>
     <w lemma="sit" pos="vvi" xml:id="A93280-001-a-2450">sit</w>
     <w lemma="as" pos="acp-cs" xml:id="A93280-001-a-2460">as</w>
     <w lemma="a" pos="d" xml:id="A93280-001-a-2470">a</w>
     <w lemma="widow" pos="n1" reg="widow" xml:id="A93280-001-a-2480">Widdow</w>
     <pc xml:id="A93280-001-a-2490">,</pc>
     <w lemma="and" pos="cc" xml:id="A93280-001-a-2500">and</w>
     <w lemma="there" pos="av" xml:id="A93280-001-a-2510">there</w>
     <w lemma="shall" pos="vmb" xml:id="A93280-001-a-2520">shall</w>
     <w lemma="be" pos="vvi" xml:id="A93280-001-a-2530">be</w>
     <w lemma="none" pos="pi-x" xml:id="A93280-001-a-2540">none</w>
     <w lemma="to" pos="acp-cs" xml:id="A93280-001-a-2550">to</w>
     <w lemma="comfort" pos="vvi" xml:id="A93280-001-a-2560">comfort</w>
     <w lemma="you" pos="pn" xml:id="A93280-001-a-2570">you</w>
     <pc xml:id="A93280-001-a-2580">;</pc>
     <w lemma="distress" pos="n1" reg="distress" xml:id="A93280-001-a-2590">Distresse</w>
     <w lemma="and" pos="cc" xml:id="A93280-001-a-2600">and</w>
     <w lemma="anguish" pos="n1" xml:id="A93280-001-a-2610">anguish</w>
     <w lemma="shall" pos="vmb" xml:id="A93280-001-a-2620">shall</w>
     <w lemma="take" pos="vvi" xml:id="A93280-001-a-2630">take</w>
     <w lemma="hold" pos="n1" xml:id="A93280-001-a-2640">hold</w>
     <w lemma="upon" pos="acp-p" xml:id="A93280-001-a-2650">upon</w>
     <w lemma="you" pos="pn" xml:id="A93280-001-a-2660">you</w>
     <pc xml:id="A93280-001-a-2670">,</pc>
     <w lemma="and" pos="cc" xml:id="A93280-001-a-2680">and</w>
     <w lemma="pain" pos="n1" xml:id="A93280-001-a-2690">pain</w>
     <w lemma="as" pos="acp-p" xml:id="A93280-001-a-2700">as</w>
     <w lemma="a" pos="d" xml:id="A93280-001-a-2710">a</w>
     <w lemma="woman" pos="n1" xml:id="A93280-001-a-2720">Woman</w>
     <w lemma="in" pos="acp-p" xml:id="A93280-001-a-2730">in</w>
     <w lemma="travel" pos="n1" reg="travel" xml:id="A93280-001-a-2740">travell</w>
     <pc xml:id="A93280-001-a-2750">,</pc>
     <w lemma="and" pos="cc" xml:id="A93280-001-a-2760">and</w>
     <w lemma="be" pos="vvz" xml:id="A93280-001-a-2770">is</w>
     <w lemma="not" pos="xx" xml:id="A93280-001-a-2780">not</w>
     <w lemma="able" pos="j" xml:id="A93280-001-a-2790">able</w>
     <w lemma="to" pos="acp-cs" xml:id="A93280-001-a-2800">to</w>
     <w lemma="bring" pos="vvi" xml:id="A93280-001-a-2810">bring</w>
     <w lemma="forth" pos="av" xml:id="A93280-001-a-2820">forth</w>
     <pc xml:id="A93280-001-a-2830">,</pc>
     <w lemma="so" pos="av" xml:id="A93280-001-a-2840">so</w>
     <w lemma="shall" pos="vmb" xml:id="A93280-001-a-2850">shall</w>
     <w lemma="your" pos="po" xml:id="A93280-001-a-2860">your</w>
     <w lemma="misery" pos="n1" xml:id="A93280-001-a-2870">misery</w>
     <w lemma="come" pos="vvn" xml:id="A93280-001-a-2880">come</w>
     <w lemma="upon" pos="acp-p" xml:id="A93280-001-a-2890">upon</w>
     <w lemma="you" pos="pn" xml:id="A93280-001-a-2900">you</w>
     <pc xml:id="A93280-001-a-2910">:</pc>
     <w lemma="the" pos="d" xml:id="A93280-001-a-2920">The</w>
     <w lemma="decree" pos="n1" xml:id="A93280-001-a-2930">Decree</w>
     <w lemma="of" pos="acp-p" xml:id="A93280-001-a-2940">of</w>
     <w lemma="the" pos="d" xml:id="A93280-001-a-2950">the</w>
     <w lemma="lord" pos="n1" xml:id="A93280-001-a-2960">Lord</w>
     <w lemma="be" pos="vvz" xml:id="A93280-001-a-2970">is</w>
     <w lemma="go" pos="vvn" xml:id="A93280-001-a-2980">gone</w>
     <w lemma="out" pos="av" xml:id="A93280-001-a-2990">out</w>
     <w lemma="against" pos="acp-p" xml:id="A93280-001-a-3000">against</w>
     <w lemma="all" pos="d" xml:id="A93280-001-a-3010">all</w>
     <w lemma="unrighteousness" pos="n1" reg="unrighteousness" xml:id="A93280-001-a-3020">unrighteousnesse</w>
     <pc xml:id="A93280-001-a-3030">,</pc>
     <w lemma="he" pos="pns" xml:id="A93280-001-a-3040">he</w>
     <w lemma="will" pos="vmb" xml:id="A93280-001-a-3050">will</w>
     <w lemma="sure" pos="av_j" xml:id="A93280-001-a-3060">surely</w>
     <w lemma="reward" pos="vvi" xml:id="A93280-001-a-3070">reward</w>
     <w lemma="every" pos="d" xml:id="A93280-001-a-3080">every</w>
     <w lemma="one" pos="pi" xml:id="A93280-001-a-3090">one</w>
     <w lemma="according" pos="j" xml:id="A93280-001-a-3100">according</w>
     <w lemma="to" pos="acp-p" xml:id="A93280-001-a-3110">to</w>
     <w lemma="their" pos="po" xml:id="A93280-001-a-3120">their</w>
     <w lemma="work" pos="n2" xml:id="A93280-001-a-3130">works</w>
     <pc xml:id="A93280-001-a-3140">,</pc>
     <w lemma="for" pos="acp-cs" xml:id="A93280-001-a-3150">for</w>
     <w lemma="as" pos="acp-cs" xml:id="A93280-001-a-3160">as</w>
     <w lemma="a" pos="d" xml:id="A93280-001-a-3170">a</w>
     <w lemma="troop" pos="n1" xml:id="A93280-001-a-3180">Troop</w>
     <w lemma="of" pos="acp-p" xml:id="A93280-001-a-3190">of</w>
     <w lemma="robber" pos="n2" xml:id="A93280-001-a-3200">Robbers</w>
     <w lemma="lie" pos="vvb" reg="lie" xml:id="A93280-001-a-3210">lye</w>
     <w lemma="in" pos="acp-p" xml:id="A93280-001-a-3220">in</w>
     <w lemma="wait" pos="n1" reg="wait" xml:id="A93280-001-a-3230">waite</w>
     <w lemma="for" pos="acp-p" xml:id="A93280-001-a-3240">for</w>
     <w lemma="a" pos="d" xml:id="A93280-001-a-3250">a</w>
     <w lemma="man" pos="n1" xml:id="A93280-001-a-3260">Man</w>
     <pc xml:id="A93280-001-a-3270">,</pc>
     <w lemma="so" pos="av" xml:id="A93280-001-a-3280">so</w>
     <w lemma="a" pos="d" xml:id="A93280-001-a-3290">a</w>
     <w lemma="company" pos="n1" xml:id="A93280-001-a-3300">company</w>
     <w lemma="of" pos="acp-p" xml:id="A93280-001-a-3310">of</w>
     <w lemma="priest" pos="n2" xml:id="A93280-001-a-3320">Priests</w>
     <w lemma="by" pos="acp-p" xml:id="A93280-001-a-3330">by</w>
     <w lemma="consent" pos="n1" xml:id="A93280-001-a-3340">consent</w>
     <w lemma="lie" pos="vvi" reg="lie" xml:id="A93280-001-a-3350">lye</w>
     <w lemma="in" pos="acp-p" xml:id="A93280-001-a-3360">in</w>
     <w lemma="wait" pos="n1" reg="wait" xml:id="A93280-001-a-3370">waite</w>
     <w lemma="to" pos="acp-cs" xml:id="A93280-001-a-3380">to</w>
     <w lemma="murder" pos="vvi" reg="murder" xml:id="A93280-001-a-3390">murther</w>
     <w lemma="the" pos="d" xml:id="A93280-001-a-3400">the</w>
     <w lemma="innocent" pos="j" xml:id="A93280-001-a-3410">innocent</w>
     <w lemma="lamb" pos="n2" xml:id="A93280-001-a-3420">Lambs</w>
     <w lemma="of" pos="acp-p" xml:id="A93280-001-a-3430">of</w>
     <w lemma="God" pos="n1-nn" xml:id="A93280-001-a-3440">God</w>
     <pc xml:id="A93280-001-a-3450">,</pc>
     <w lemma="and" pos="cc" xml:id="A93280-001-a-3460">and</w>
     <w lemma="for" pos="acp-p" xml:id="A93280-001-a-3470">for</w>
     <w lemma="their" pos="po" xml:id="A93280-001-a-3480">their</w>
     <w lemma="sake" pos="n2" xml:id="A93280-001-a-3490">sakes</w>
     <w lemma="the" pos="d" xml:id="A93280-001-a-3500">the</w>
     <w lemma="lord" pos="n1" xml:id="A93280-001-a-3510">Lord</w>
     <w lemma="be" pos="vvz" xml:id="A93280-001-a-3520">is</w>
     <w lemma="rise" pos="vvn" xml:id="A93280-001-a-3530">risen</w>
     <w lemma="in" pos="acp-p" xml:id="A93280-001-a-3540">in</w>
     <w lemma="his" pos="po" xml:id="A93280-001-a-3550">his</w>
     <w lemma="mighty" pos="j" xml:id="A93280-001-a-3560">mighty</w>
     <w lemma="power" pos="n1" xml:id="A93280-001-a-3570">power</w>
     <w lemma="to" pos="acp-cs" xml:id="A93280-001-a-3580">to</w>
     <w lemma="break" pos="vvi" xml:id="A93280-001-a-3590">break</w>
     <w lemma="the" pos="d" xml:id="A93280-001-a-3600">the</w>
     <w lemma="bond" pos="n2" xml:id="A93280-001-a-3610">bonds</w>
     <w lemma="of" pos="acp-p" xml:id="A93280-001-a-3620">of</w>
     <w lemma="wickedness" pos="n1" reg="wickedness" xml:id="A93280-001-a-3630">wickednesse</w>
     <pc xml:id="A93280-001-a-3640">,</pc>
     <w lemma="and" pos="cc" xml:id="A93280-001-a-3650">and</w>
     <w lemma="to" pos="acp-cs" xml:id="A93280-001-a-3660">to</w>
     <w lemma="set" pos="vvi" xml:id="A93280-001-a-3670">set</w>
     <w lemma="the" pos="d" xml:id="A93280-001-a-3680">the</w>
     <w lemma="oppress" pos="j_vn" xml:id="A93280-001-a-3690">oppressed</w>
     <w lemma="free" pos="j" xml:id="A93280-001-a-3700">free</w>
     <pc xml:id="A93280-001-a-3710">,</pc>
     <w lemma="for" pos="acp-p" xml:id="A93280-001-a-3720">for</w>
     <w lemma="the" pos="d" xml:id="A93280-001-a-3730">the</w>
     <w lemma="lord" pos="n1" xml:id="A93280-001-a-3740">Lord</w>
     <w lemma="have" pos="vvz" xml:id="A93280-001-a-3750">hath</w>
     <w lemma="hear" pos="vvn" xml:id="A93280-001-a-3760">heard</w>
     <w lemma="the" pos="d" xml:id="A93280-001-a-3770">the</w>
     <w lemma="groan" pos="n1_vg" xml:id="A93280-001-a-3780">groaning</w>
     <w lemma="of" pos="acp-p" xml:id="A93280-001-a-3790">of</w>
     <w lemma="his" pos="po" xml:id="A93280-001-a-3800">his</w>
     <w lemma="seed" pos="n1" xml:id="A93280-001-a-3810">seed</w>
     <pc xml:id="A93280-001-a-3820">,</pc>
     <w lemma="and" pos="cc" xml:id="A93280-001-a-3830">and</w>
     <w lemma="he" pos="pns" xml:id="A93280-001-a-3840">he</w>
     <w lemma="be" pos="vvz" xml:id="A93280-001-a-3850">is</w>
     <w lemma="rise" pos="vvn" xml:id="A93280-001-a-3860">risen</w>
     <w lemma="to" pos="acp-cs" xml:id="A93280-001-a-3870">to</w>
     <w lemma="deliver" pos="vvi" xml:id="A93280-001-a-3880">deliver</w>
     <w lemma="to" pos="acp-cs" xml:id="A93280-001-a-3890">to</w>
     <w lemma="bring" pos="vvi" xml:id="A93280-001-a-3900">bring</w>
     <w lemma="it" pos="pn" xml:id="A93280-001-a-3910">it</w>
     <w lemma="out" pos="av" xml:id="A93280-001-a-3920">out</w>
     <w lemma="of" pos="acp-p" xml:id="A93280-001-a-3930">of</w>
     <w lemma="captivity" pos="n1" xml:id="A93280-001-a-3940">Captivity</w>
     <pc xml:id="A93280-001-a-3950">,</pc>
     <w lemma="and" pos="cc" xml:id="A93280-001-a-3960">and</w>
     <w lemma="from" pos="acp-p" xml:id="A93280-001-a-3970">from</w>
     <w lemma="under" pos="acp-p" xml:id="A93280-001-a-3980">under</w>
     <w lemma="the" pos="d" xml:id="A93280-001-a-3990">the</w>
     <w lemma="taskmaster" pos="n2" xml:id="A93280-001-a-4000">Taskmasters</w>
     <pc xml:id="A93280-001-a-4010">,</pc>
     <w lemma="where" pos="crq-cs" xml:id="A93280-001-a-4020">where</w>
     <w lemma="his" pos="po" xml:id="A93280-001-a-4030">his</w>
     <w lemma="seed" pos="n1" xml:id="A93280-001-a-4040">seed</w>
     <w lemma="have" pos="vvz" xml:id="A93280-001-a-4050">hath</w>
     <w lemma="be" pos="vvn" xml:id="A93280-001-a-4060">been</w>
     <w lemma="long" pos="av_j" xml:id="A93280-001-a-4070">long</w>
     <w lemma="oppress" pos="vvn" xml:id="A93280-001-a-4080">oppressed</w>
     <w lemma="by" pos="acp-p" xml:id="A93280-001-a-4090">by</w>
     <w lemma="unreasonable" pos="j" xml:id="A93280-001-a-4100">unreasonable</w>
     <w lemma="man" pos="n2" xml:id="A93280-001-a-4110">Men</w>
     <pc xml:id="A93280-001-a-4120">:</pc>
     <w lemma="but" pos="acp-cc" xml:id="A93280-001-a-4130">But</w>
     <w lemma="the" pos="d" xml:id="A93280-001-a-4140">the</w>
     <w lemma="lord" pos="n1" xml:id="A93280-001-a-4150">Lord</w>
     <w lemma="will" pos="vmb" xml:id="A93280-001-a-4160">will</w>
     <w lemma="spare" pos="vvi" xml:id="A93280-001-a-4170">spare</w>
     <w lemma="no" pos="av-x_d" xml:id="A93280-001-a-4180">no</w>
     <w lemma="long" pos="av-c_j" xml:id="A93280-001-a-4190">longer</w>
     <pc xml:id="A93280-001-a-4200">,</pc>
     <w lemma="but" pos="acp-cc" xml:id="A93280-001-a-4210">but</w>
     <w lemma="he" pos="pns" xml:id="A93280-001-a-4220">he</w>
     <w lemma="will" pos="vmb" xml:id="A93280-001-a-4230">will</w>
     <w lemma="reward" pos="vvi" xml:id="A93280-001-a-4240">reward</w>
     <w lemma="the" pos="d" xml:id="A93280-001-a-4250">the</w>
     <w lemma="oppressor" pos="n2" xml:id="A93280-001-a-4260">Oppressors</w>
     <w lemma="double" pos="j" xml:id="A93280-001-a-4270">double</w>
     <w lemma="into" pos="acp-p" xml:id="A93280-001-a-4280">into</w>
     <w lemma="their" pos="po" xml:id="A93280-001-a-4290">their</w>
     <w lemma="bosom" pos="n2" reg="bosoms" xml:id="A93280-001-a-4300">bosomes</w>
     <pc xml:id="A93280-001-a-4310">,</pc>
     <w lemma="and" pos="cc" xml:id="A93280-001-a-4320">and</w>
     <w lemma="his" pos="po" xml:id="A93280-001-a-4330">his</w>
     <w lemma="seed" pos="n1" xml:id="A93280-001-a-4340">seed</w>
     <w lemma="he" pos="pns" xml:id="A93280-001-a-4350">he</w>
     <w lemma="will" pos="vmb" xml:id="A93280-001-a-4360">will</w>
     <w lemma="deliver" pos="vvi" xml:id="A93280-001-a-4370">deliver</w>
     <pc unit="sentence" xml:id="A93280-001-a-4380">.</pc>
    </p>
    <p xml:id="A93280e-80">
     <w lemma="oh" pos="uh" xml:id="A93280-001-a-4390">Oh</w>
     <w lemma="howl" pos="vvb" reg="howl" xml:id="A93280-001-a-4400">howle</w>
     <w lemma="and" pos="cc" xml:id="A93280-001-a-4410">and</w>
     <w lemma="weep" pos="vvi" reg="weep" xml:id="A93280-001-a-4420">weepe</w>
     <w lemma="your" pos="po" xml:id="A93280-001-a-4430">your</w>
     <w lemma="day" pos="n1" xml:id="A93280-001-a-4440">day</w>
     <w lemma="be" pos="vvz" xml:id="A93280-001-a-4450">is</w>
     <w lemma="far" pos="av_j" xml:id="A93280-001-a-4460">far</w>
     <w lemma="spend" pos="vvn" xml:id="A93280-001-a-4470">spent</w>
     <pc xml:id="A93280-001-a-4480">,</pc>
     <w lemma="night" pos="n1" xml:id="A93280-001-a-4490">Night</w>
     <w lemma="be" pos="vvz" xml:id="A93280-001-a-4500">is</w>
     <w lemma="come" pos="vvg" xml:id="A93280-001-a-4510">coming</w>
     <w lemma="upon" pos="acp-p" xml:id="A93280-001-a-4520">upon</w>
     <w lemma="you" pos="pn" xml:id="A93280-001-a-4530">you</w>
     <w lemma="that" pos="cs" xml:id="A93280-001-a-4540">that</w>
     <w lemma="you" pos="pn" xml:id="A93280-001-a-4550">you</w>
     <w lemma="shall" pos="vmb" xml:id="A93280-001-a-4560">shall</w>
     <w lemma="not" pos="xx" xml:id="A93280-001-a-4570">not</w>
     <w lemma="have" pos="vvi" xml:id="A93280-001-a-4580">have</w>
     <w lemma="a" pos="d" xml:id="A93280-001-a-4590">a</w>
     <w lemma="vision" pos="n1" xml:id="A93280-001-a-4600">Vision</w>
     <pc xml:id="A93280-001-a-4610">,</pc>
     <w lemma="and" pos="cc" xml:id="A93280-001-a-4620">and</w>
     <w lemma="nothing" pos="pi-x" xml:id="A93280-001-a-4630">nothing</w>
     <w lemma="shall" pos="vmb" xml:id="A93280-001-a-4640">shall</w>
     <w lemma="be" pos="vvi" xml:id="A93280-001-a-4650">be</w>
     <w lemma="leave" pos="vvn" xml:id="A93280-001-a-4660">left</w>
     <w lemma="to" pos="acp-cs" xml:id="A93280-001-a-4670">to</w>
     <w lemma="cover" pos="vvi" xml:id="A93280-001-a-4680">cover</w>
     <w lemma="you" pos="pn" xml:id="A93280-001-a-4690">you</w>
     <pc xml:id="A93280-001-a-4700">:</pc>
     <w lemma="as" pos="acp-cs" xml:id="A93280-001-a-4710">As</w>
     <w lemma="naked" pos="j" xml:id="A93280-001-a-4720">naked</w>
     <w lemma="shall" pos="vmb" xml:id="A93280-001-a-4730">shall</w>
     <w lemma="you" pos="pn" xml:id="A93280-001-a-4740">you</w>
     <w lemma="be" pos="vvi" xml:id="A93280-001-a-4750">be</w>
     <w lemma="spiritual" pos="av_j" xml:id="A93280-001-a-4760">spiritually</w>
     <pc xml:id="A93280-001-a-4770">,</pc>
     <w lemma="as" pos="acp-cs" xml:id="A93280-001-a-4780">as</w>
     <w lemma="my" pos="po" xml:id="A93280-001-a-4790">my</w>
     <w lemma="body" pos="n1" xml:id="A93280-001-a-4800">body</w>
     <w lemma="have" pos="vvz" xml:id="A93280-001-a-4810">hath</w>
     <w lemma="be" pos="vvn" xml:id="A93280-001-a-4820">been</w>
     <w lemma="temporal" pos="av_j" xml:id="A93280-001-a-4830">temporally</w>
     <w lemma="naked" pos="j" xml:id="A93280-001-a-4840">naked</w>
     <w lemma="in" pos="acp-p" xml:id="A93280-001-a-4850">in</w>
     <w lemma="many" pos="d" xml:id="A93280-001-a-4860">many</w>
     <w lemma="place" pos="n2" xml:id="A93280-001-a-4870">places</w>
     <w lemma="in" pos="acp-p" xml:id="A93280-001-a-4880">in</w>
     <hi xml:id="A93280e-90">
      <w lemma="England" pos="n1-nn" xml:id="A93280-001-a-4890">England</w>
      <pc xml:id="A93280-001-a-4900">,</pc>
     </hi>
     <w lemma="as" pos="acp-cs" xml:id="A93280-001-a-4910">as</w>
     <w lemma="a" pos="d" xml:id="A93280-001-a-4920">a</w>
     <w lemma="sign" pos="n1" reg="sign" xml:id="A93280-001-a-4930">signe</w>
     <w lemma="to" pos="acp-p" xml:id="A93280-001-a-4940">to</w>
     <w lemma="the" pos="d" xml:id="A93280-001-a-4950">the</w>
     <w lemma="nakedness" pos="n1" reg="nakedness" xml:id="A93280-001-a-4960">nakednesse</w>
     <w lemma="and" pos="cc" xml:id="A93280-001-a-4970">and</w>
     <w lemma="shame" pos="n1" xml:id="A93280-001-a-4980">shame</w>
     <w lemma="that" pos="cs" xml:id="A93280-001-a-4990">that</w>
     <w lemma="be" pos="vvz" xml:id="A93280-001-a-5000">is</w>
     <w lemma="come" pos="vvg" xml:id="A93280-001-a-5010">coming</w>
     <w lemma="upon" pos="acp-p" xml:id="A93280-001-a-5020">upon</w>
     <w lemma="the" pos="d" xml:id="A93280-001-a-5030">the</w>
     <w lemma="church" pos="n1" xml:id="A93280-001-a-5040">Church</w>
     <w lemma="of" pos="acp-p" xml:id="A93280-001-a-5050">of</w>
     <hi xml:id="A93280e-100">
      <w lemma="England" pos="n1-nn" xml:id="A93280-001-a-5060">England</w>
      <pc xml:id="A93280-001-a-5070">,</pc>
     </hi>
     <w lemma="who" pos="crq-r" xml:id="A93280-001-a-5080">who</w>
     <w lemma="live" pos="vvz" xml:id="A93280-001-a-5090">liveth</w>
     <w lemma="in" pos="acp-p" xml:id="A93280-001-a-5100">in</w>
     <w lemma="oppression" pos="n1" xml:id="A93280-001-a-5110">Oppression</w>
     <w lemma="and" pos="cc" xml:id="A93280-001-a-5120">and</w>
     <w lemma="cruelty" pos="n1" xml:id="A93280-001-a-5130">cruelty</w>
     <pc xml:id="A93280-001-a-5140">,</pc>
     <w lemma="and" pos="cc" xml:id="A93280-001-a-5150">and</w>
     <w lemma="all" pos="d" xml:id="A93280-001-a-5160">all</w>
     <w lemma="who" pos="crq-r" xml:id="A93280-001-a-5170">who</w>
     <w lemma="lift" pos="vvb" xml:id="A93280-001-a-5180">lift</w>
     <w lemma="up" pos="acp-av" xml:id="A93280-001-a-5190">up</w>
     <w lemma="a" pos="d" xml:id="A93280-001-a-5200">a</w>
     <w lemma="weapon" pos="n1" xml:id="A93280-001-a-5210">weapon</w>
     <w lemma="for" pos="acp-p" xml:id="A93280-001-a-5220">for</w>
     <w lemma="she" pos="pno" xml:id="A93280-001-a-5230">her</w>
     <w lemma="shall" pos="vmb" xml:id="A93280-001-a-5240">shall</w>
     <w lemma="fall" pos="vvi" xml:id="A93280-001-a-5250">fall</w>
     <w lemma="in" pos="acp-p" xml:id="A93280-001-a-5260">in</w>
     <w lemma="the" pos="d" xml:id="A93280-001-a-5270">the</w>
     <w lemma="shame" pos="n1" xml:id="A93280-001-a-5280">shame</w>
     <w lemma="with" pos="acp-p" xml:id="A93280-001-a-5290">with</w>
     <w lemma="she" pos="pno" xml:id="A93280-001-a-5300">her</w>
     <pc xml:id="A93280-001-a-5310">,</pc>
     <w lemma="which" pos="crq-r" xml:id="A93280-001-a-5320">which</w>
     <w lemma="will" pos="vmb" xml:id="A93280-001-a-5330">will</w>
     <w lemma="sure" pos="av_j" xml:id="A93280-001-a-5340">surely</w>
     <w lemma="come" pos="vvi" xml:id="A93280-001-a-5350">come</w>
     <w lemma="to" pos="acp-cs" xml:id="A93280-001-a-5360">to</w>
     <w lemma="pass" pos="vvi" reg="pass" xml:id="A93280-001-a-5370">passe</w>
     <pc xml:id="A93280-001-a-5380">;</pc>
     <w lemma="so" pos="av" xml:id="A93280-001-a-5390">So</w>
     <w lemma="all" pos="d" xml:id="A93280-001-a-5400">all</w>
     <w lemma="sober" pos="j" xml:id="A93280-001-a-5410">sober</w>
     <w lemma="people" pos="n1" xml:id="A93280-001-a-5420">people</w>
     <w lemma="consider" pos="vvi" xml:id="A93280-001-a-5430">consider</w>
     <w lemma="your" pos="po" xml:id="A93280-001-a-5440">your</w>
     <w lemma="way" pos="n2" reg="ways" xml:id="A93280-001-a-5450">wayes</w>
     <pc xml:id="A93280-001-a-5460">,</pc>
     <w lemma="and" pos="cc" xml:id="A93280-001-a-5470">and</w>
     <w lemma="turn" pos="vvi" xml:id="A93280-001-a-5480">turn</w>
     <w lemma="to" pos="acp-p" xml:id="A93280-001-a-5490">to</w>
     <w lemma="the" pos="d" xml:id="A93280-001-a-5500">the</w>
     <w lemma="light" pos="n1" xml:id="A93280-001-a-5510">light</w>
     <w lemma="which" pos="crq-r" xml:id="A93280-001-a-5520">which</w>
     <w lemma="come" pos="vvz" xml:id="A93280-001-a-5530">comes</w>
     <w lemma="from" pos="acp-p" xml:id="A93280-001-a-5540">from</w>
     <hi xml:id="A93280e-110">
      <w lemma="Jesus" pos="n1-nn" xml:id="A93280-001-a-5550">Jesus</w>
      <pc xml:id="A93280-001-a-5560">,</pc>
     </hi>
     <w lemma="that" pos="cs" xml:id="A93280-001-a-5570">that</w>
     <w lemma="with" pos="acp-p" xml:id="A93280-001-a-5580">with</w>
     <w lemma="it" pos="pn" xml:id="A93280-001-a-5590">it</w>
     <w lemma="you" pos="pn" xml:id="A93280-001-a-5600">you</w>
     <w lemma="may" pos="vmb" xml:id="A93280-001-a-5610">may</w>
     <w lemma="be" pos="vvi" xml:id="A93280-001-a-5620">be</w>
     <w lemma="gather" pos="vvn" xml:id="A93280-001-a-5630">gathered</w>
     <w lemma="unto" pos="acp-p" xml:id="A93280-001-a-5640">unto</w>
     <w lemma="the" pos="d" xml:id="A93280-001-a-5650">the</w>
     <w lemma="lord" pos="n1" xml:id="A93280-001-a-5660">Lord</w>
     <w lemma="from" pos="acp-p" xml:id="A93280-001-a-5670">from</w>
     <w lemma="the" pos="d" xml:id="A93280-001-a-5680">the</w>
     <w lemma="false" pos="j" xml:id="A93280-001-a-5690">false</w>
     <w lemma="teacher" pos="n2" xml:id="A93280-001-a-5700">Teachers</w>
     <w lemma="to" pos="acp-p" xml:id="A93280-001-a-5710">to</w>
     <w lemma="the" pos="d" xml:id="A93280-001-a-5720">the</w>
     <w lemma="teach" pos="n2_vg" xml:id="A93280-001-a-5730">teachings</w>
     <w lemma="of" pos="acp-p" xml:id="A93280-001-a-5740">of</w>
     <w lemma="the" pos="d" xml:id="A93280-001-a-5750">the</w>
     <w lemma="lord" pos="n1" xml:id="A93280-001-a-5760">Lord</w>
     <pc xml:id="A93280-001-a-5770">,</pc>
     <w lemma="from" pos="acp-p" xml:id="A93280-001-a-5780">from</w>
     <w lemma="the" pos="d" xml:id="A93280-001-a-5790">the</w>
     <w lemma="false" pos="j" xml:id="A93280-001-a-5800">false</w>
     <w lemma="worship" pos="n2" xml:id="A93280-001-a-5810">worships</w>
     <w lemma="to" pos="acp-p" xml:id="A93280-001-a-5820">to</w>
     <w lemma="the" pos="d" xml:id="A93280-001-a-5830">the</w>
     <w lemma="worship" pos="n1" xml:id="A93280-001-a-5840">worship</w>
     <w lemma="of" pos="acp-p" xml:id="A93280-001-a-5850">of</w>
     <w lemma="the" pos="d" xml:id="A93280-001-a-5860">the</w>
     <w lemma="lord" pos="n1" xml:id="A93280-001-a-5870">Lord</w>
     <w lemma="in" pos="acp-p" xml:id="A93280-001-a-5880">in</w>
     <w lemma="spirit" pos="n1" xml:id="A93280-001-a-5890">spirit</w>
     <w lemma="and" pos="cc" xml:id="A93280-001-a-5900">and</w>
     <w lemma="in" pos="acp-p" xml:id="A93280-001-a-5910">in</w>
     <w lemma="truth" pos="n1" xml:id="A93280-001-a-5920">truth</w>
     <pc xml:id="A93280-001-a-5930">;</pc>
     <w lemma="for" pos="acp-p" xml:id="A93280-001-a-5940">For</w>
     <w lemma="a" pos="d" xml:id="A93280-001-a-5950">a</w>
     <w lemma="necessity" pos="n1" xml:id="A93280-001-a-5960">necessity</w>
     <w lemma="be" pos="vvd" xml:id="A93280-001-a-5970">was</w>
     <w lemma="lay" pos="vvn" xml:id="A93280-001-a-5980">laid</w>
     <w lemma="upon" pos="acp-p" xml:id="A93280-001-a-5990">upon</w>
     <w lemma="i" pos="pno" xml:id="A93280-001-a-6000">me</w>
     <w lemma="from" pos="acp-p" xml:id="A93280-001-a-6010">from</w>
     <w lemma="the" pos="d" xml:id="A93280-001-a-6020">the</w>
     <w lemma="lord" pos="n1" xml:id="A93280-001-a-6030">Lord</w>
     <w lemma="God" pos="n1-nn" xml:id="A93280-001-a-6040">God</w>
     <w lemma="of" pos="acp-p" xml:id="A93280-001-a-6050">of</w>
     <w lemma="life" pos="n1" xml:id="A93280-001-a-6060">life</w>
     <w lemma="and" pos="cc" xml:id="A93280-001-a-6070">and</w>
     <w lemma="power" pos="n1" xml:id="A93280-001-a-6080">power</w>
     <w lemma="to" pos="acp-cs" xml:id="A93280-001-a-6090">to</w>
     <w lemma="be" pos="vvi" xml:id="A93280-001-a-6100">be</w>
     <w lemma="a" pos="d" xml:id="A93280-001-a-6110">a</w>
     <w lemma="sign" pos="n1" reg="sign" xml:id="A93280-001-a-6120">signe</w>
     <pc xml:id="A93280-001-a-6130">:</pc>
     <w lemma="but" pos="acp-cc" xml:id="A93280-001-a-6140">But</w>
     <w lemma="before" pos="acp-cs" xml:id="A93280-001-a-6150">before</w>
     <w lemma="i" pos="pns" xml:id="A93280-001-a-6160">I</w>
     <w lemma="be" pos="vvd" xml:id="A93280-001-a-6170">was</w>
     <w lemma="give" pos="vvn" xml:id="A93280-001-a-6180">given</w>
     <w lemma="up" pos="acp-av" xml:id="A93280-001-a-6190">up</w>
     <w lemma="to" pos="acp-p" xml:id="A93280-001-a-6200">to</w>
     <w lemma="the" pos="d" xml:id="A93280-001-a-6210">the</w>
     <w lemma="thing" pos="n1" xml:id="A93280-001-a-6220">thing</w>
     <w lemma="it" pos="pn" xml:id="A93280-001-a-6230">it</w>
     <w lemma="be" pos="vvd" xml:id="A93280-001-a-6240">was</w>
     <w lemma="as" pos="acp-p" xml:id="A93280-001-a-6250">as</w>
     <w lemma="death" pos="n1" xml:id="A93280-001-a-6260">death</w>
     <w lemma="unto" pos="acp-p" xml:id="A93280-001-a-6270">unto</w>
     <w lemma="i" pos="pno" xml:id="A93280-001-a-6280">me</w>
     <pc xml:id="A93280-001-a-6290">,</pc>
     <w lemma="and" pos="cc" xml:id="A93280-001-a-6300">and</w>
     <w lemma="i" pos="pns" xml:id="A93280-001-a-6310">I</w>
     <w lemma="have" pos="vvd" xml:id="A93280-001-a-6320">had</w>
     <w lemma="rather" pos="av-c" xml:id="A93280-001-a-6330">rather</w>
     <w lemma="if" pos="cs" xml:id="A93280-001-a-6340">if</w>
     <w lemma="it" pos="pn" xml:id="A93280-001-a-6350">it</w>
     <w lemma="have" pos="vvd" xml:id="A93280-001-a-6360">had</w>
     <w lemma="be" pos="vvn" xml:id="A93280-001-a-6370">been</w>
     <w lemma="the" pos="d" xml:id="A93280-001-a-6380">the</w>
     <w lemma="lord" pos="n1g" reg="Lord's" xml:id="A93280-001-a-6390">Lords</w>
     <w lemma="will" pos="vmb" xml:id="A93280-001-a-6400">will</w>
     <w lemma="have" pos="vvi" xml:id="A93280-001-a-6410">have</w>
     <w lemma="die" pos="vvn" reg="died" xml:id="A93280-001-a-6420">dyed</w>
     <w lemma="then" pos="av" xml:id="A93280-001-a-6430">then</w>
     <w lemma="go" pos="vvn" xml:id="A93280-001-a-6440">gone</w>
     <w lemma="on" pos="acp-av" xml:id="A93280-001-a-6450">on</w>
     <w lemma="in" pos="acp-p" xml:id="A93280-001-a-6460">in</w>
     <w lemma="this" pos="d" xml:id="A93280-001-a-6470">this</w>
     <w lemma="service" pos="n1" xml:id="A93280-001-a-6480">service</w>
     <pc xml:id="A93280-001-a-6490">;</pc>
     <w lemma="but" pos="acp-cc" xml:id="A93280-001-a-6500">But</w>
     <w lemma="when" pos="crq-cs" xml:id="A93280-001-a-6510">when</w>
     <w lemma="the" pos="d" xml:id="A93280-001-a-6520">the</w>
     <w lemma="word" pos="n1" xml:id="A93280-001-a-6530">word</w>
     <w lemma="of" pos="acp-p" xml:id="A93280-001-a-6540">of</w>
     <w lemma="the" pos="d" xml:id="A93280-001-a-6550">the</w>
     <w lemma="lord" pos="n1" xml:id="A93280-001-a-6560">Lord</w>
     <w lemma="come" pos="vvd" xml:id="A93280-001-a-6570">came</w>
     <w lemma="unto" pos="acp-p" xml:id="A93280-001-a-6580">unto</w>
     <w lemma="i" pos="pno" xml:id="A93280-001-a-6590">me</w>
     <w lemma="say" pos="vvg" xml:id="A93280-001-a-6600">saying</w>
     <pc xml:id="A93280-001-a-6610">,</pc>
     <w lemma="go" pos="vvb" reg="go" xml:id="A93280-001-a-6620">Goe</w>
     <w lemma="on" pos="acp-av" xml:id="A93280-001-a-6630">on</w>
     <w lemma="and" pos="cc" xml:id="A93280-001-a-6640">and</w>
     <w lemma="prosper" pos="vvi" xml:id="A93280-001-a-6650">prosper</w>
     <pc xml:id="A93280-001-a-6660">,</pc>
     <w lemma="it" pos="pn" xml:id="A93280-001-a-6670">It</w>
     <w lemma="be" pos="vvd" xml:id="A93280-001-a-6680">was</w>
     <w lemma="sweet" pos="j" xml:id="A93280-001-a-6690">sweet</w>
     <w lemma="unto" pos="acp-p" xml:id="A93280-001-a-6700">unto</w>
     <w lemma="i" pos="pno" xml:id="A93280-001-a-6710">me</w>
     <pc xml:id="A93280-001-a-6720">,</pc>
     <w lemma="as" pos="acp-cs" xml:id="A93280-001-a-6730">as</w>
     <w lemma="the" pos="d" xml:id="A93280-001-a-6740">the</w>
     <w lemma="honey" pos="n1" xml:id="A93280-001-a-6750">honey</w>
     <w lemma="and" pos="cc" xml:id="A93280-001-a-6760">and</w>
     <w lemma="the" pos="d" xml:id="A93280-001-a-6770">the</w>
     <w lemma="honey" pos="n1" xml:id="A93280-001-a-6780">honey</w>
     <w lemma="comb." pos="n-ab" xml:id="A93280-001-a-6790">Comb.</w>
     <pc unit="sentence" xml:id="A93280-001-a-6800"/>
     <w lemma="and" pos="cc" xml:id="A93280-001-a-6810">And</w>
     <w lemma="bless" pos="j_vn" xml:id="A93280-001-a-6820">blessed</w>
     <w lemma="say" pos="vvz" xml:id="A93280-001-a-6830">saith</w>
     <w lemma="Christ" pos="n1-nn" xml:id="A93280-001-a-6840">Christ</w>
     <w lemma="be" pos="vvb" xml:id="A93280-001-a-6850">are</w>
     <w lemma="they" pos="pns" xml:id="A93280-001-a-6860">they</w>
     <w lemma="that" pos="cs" xml:id="A93280-001-a-6870">that</w>
     <w lemma="hear" pos="vvz" reg="hears" xml:id="A93280-001-a-6880">heares</w>
     <w lemma="my" pos="po" xml:id="A93280-001-a-6890">my</w>
     <w lemma="word" pos="n1" xml:id="A93280-001-a-6900">word</w>
     <w lemma="and" pos="cc" xml:id="A93280-001-a-6910">and</w>
     <w lemma="keep" pos="vvz" xml:id="A93280-001-a-6920">keeps</w>
     <w lemma="it" pos="pn" xml:id="A93280-001-a-6930">it</w>
     <pc unit="sentence" xml:id="A93280-001-a-6940">.</pc>
    </p>
    <closer xml:id="A93280e-120">
     <signed xml:id="A93280e-130">
      <w lemma="William" pos="n1-nn" xml:id="A93280-001-a-6950">William</w>
      <w lemma="Simpson" pos="n1-nn" xml:id="A93280-001-a-6960">Simpson</w>
      <pc unit="sentence" xml:id="A93280-001-a-6970">.</pc>
     </signed>
    </closer>
   </div>
  </body>
  <back xml:id="A93280e-140">
   <div type="colophon" xml:id="A93280e-150">
    <p xml:id="A93280e-160">
     <hi xml:id="A93280e-170">
      <w lemma="print" pos="vvn" xml:id="A93280-001-a-6980">Printed</w>
      <w lemma="for" pos="acp-p" xml:id="A93280-001-a-6990">for</w>
     </hi>
     <w lemma="m." pos="n-ab" xml:id="A93280-001-a-7000">M.</w>
     <w lemma="w." pos="n-ab" xml:id="A93280-001-a-7010">W.</w>
     <pc unit="sentence" xml:id="A93280-001-a-7020"/>
    </p>
   </div>
  </back>
 </text>
</TEI>
