<?xml version="1.0" encoding="UTF-8"?>
<?xml-model href="http://schemata.earlyprint.org/schemata/tei_earlyprint.rng" type="application/xml" schematypens="http://relaxng.org/ns/structure/1.0"?>
<TEI xmlns="http://www.tei-c.org/ns/1.0" xml:id="A93281">
 <teiHeader>
  <fileDesc>
   <titleStmt>
    <title>Going naked a signe</title>
    <author>Simpson, William, 1627?-1671.</author>
   </titleStmt>
   <editionStmt>
    <edition>This text is an enriched version of the TCP digital transcription A93281 of text R184182 in the <ref target="http;//estc.bl.uk">English Short Title Catalog</ref> (Wing S3847). Textual changes  and metadata enrichments aim at making the                             text more  computationally tractable, easier to read, and suitable for network-based collaborative                              curation by amateur and professional end users from many walks of life.  The text has been tokenized and linguistically annotated with <ref target="http://morphadorner.northwestern.edu/morphadorner/">MorphAdorner</ref>. The annotation includes standard spellings that support the display of a text in                             a standardized format that preserves archaic forms ('loveth', 'seekest').                              Textual changes aim at restoring the text the author or stationer meant to publish.</edition>
    <respStmt>
     <resp>This text has not been fully proofread</resp>
     <name/>
    </respStmt>
   </editionStmt>
   <extent>Approx. 4 KB of XML-encoded text transcribed from 1 1-bit group-IV TIFF page image.</extent>
   <publicationStmt>
    <publisher>EarlyPrint Project</publisher>
    <pubPlace>Evanston,IL, Notre Dame, IN, St. Louis, MO</pubPlace>
    <date>2018</date>
    <idno type="DLPS">A93281</idno>
    <idno type="STC">Wing S3847</idno>
    <idno type="STC">ESTC R184182</idno>
    <idno type="EEBO-CITATION">43078140</idno>
    <idno type="OCLC">ocm 43078140</idno>
    <idno type="VID">151718</idno>
    <availability>
     <p>
            This keyboarded and encoded edition of the work described above is co-owned by the institutions providing financial support to the Early English Books Online Text Creation Partnership. This Phase I text is available for reuse, according to the terms of
            <ref target="https://creativecommons.org/publicdomain/zero/1.0/">Creative Commons 0 1.0 Universal</ref>
            . The text can be copied, modified, distributed and performed, even for commercial purposes, all without asking permission.
          </p>
    </availability>
   </publicationStmt>
   <seriesStmt>
    <title>Early English books online.</title>
   </seriesStmt>
   <notesStmt>
    <note>(EEBO-TCP ; phase 1, no. A93281)</note>
    <note>Transcribed from: (Early English Books Online ; image set 151718)</note>
    <note>Images scanned from microfilm: (Early English Books, 1641-1700 ; 2273:15)</note>
   </notesStmt>
   <sourceDesc>
    <biblFull>
     <titleStmt>
      <title>Going naked a signe</title>
      <author>Simpson, William, 1627?-1671.</author>
     </titleStmt>
     <extent>1 sheet ([1] p.).</extent>
     <publicationStmt>
      <publisher>Printed for Robert Wilson, at the Black-Spread-Eagle, in Martins near Aldersgate,</publisher>
      <pubPlace>London :</pubPlace>
      <date>1666.</date>
     </publicationStmt>
     <notesStmt>
      <note>Caption title.</note>
      <note>Signed: William Simpson.</note>
      <note>Imprint from colophon.</note>
      <note>Reproduction of original in: British Library, London, England.</note>
     </notesStmt>
    </biblFull>
   </sourceDesc>
  </fileDesc>
  <profileDesc>
   <langUsage>
    <language ident="eng">eng</language>
   </langUsage>
   <textClass>
    <keywords scheme="http://authorities.loc.gov/">
     <term>Church of England -- Controversial literature.</term>
     <term>Dissenters, Religious -- England.</term>
    </keywords>
   </textClass>
  </profileDesc>
  <xenoData>
   <ep:epHeader xmlns:ep="http://earlyprint.org/ns/1.0">
    <ep:corpus>eebo</ep:corpus>
    <ep:title>Going naked, a signe.</ep:title>
    <ep:author>Simpson, William</ep:author>
    <ep:publicationYear>1666</ep:publicationYear>
    <ep:creationYear/>
    <ep:curator>
     <ep:name/>
    </ep:curator>
    <ep:pageCount>1</ep:pageCount>
    <ep:wordCount>717</ep:wordCount>
    <ep:defectiveTokenCount>0</ep:defectiveTokenCount>
    <ep:untranscribedForeignCount>0</ep:untranscribedForeignCount>
    <ep:untranscribedMathCount>0</ep:untranscribedMathCount>
    <ep:untranscribedMusicCount>0</ep:untranscribedMusicCount>
    <ep:missingChunkCount>0</ep:missingChunkCount>
    <ep:missingPagesCount>0</ep:missingPagesCount>
    <ep:defectRate>0</ep:defectRate>
    <ep:finalGrade>A</ep:finalGrade>
    <ep:defectRangePerGrade>This text  has no known defects that were recorded as gap elements at the time of transcription. </ep:defectRangePerGrade>
   </ep:epHeader>
  </xenoData>
  <revisionDesc>
   <change><date>2007-09</date><label>TCP</label>
        Assigned for keying and markup
      </change>
   <change><date>2007-11</date><label>Aptara</label>
        Keyed and coded from ProQuest page images
      </change>
   <change><date>2007-12</date><label>Emma (Leeson) Huber</label>
        Sampled and proofread
      </change>
   <change><date>2007-12</date><label>Emma (Leeson) Huber</label>
        Text and markup reviewed and edited
      </change>
   <change><date>2008-02</date><label>pfs</label>
        Batch review (QC) and XML conversion
      </change>
  </revisionDesc>
 </teiHeader>
 <text xml:id="A93281-t">
  <body xml:id="A93281-e0">
   <div type="text" xml:id="A93281-e10">
    <pb facs="tcp:151718:1" rendition="simple:additions" xml:id="A93281-001-a"/>
    <head xml:id="A93281-e20">
     <w lemma="go" pos="vvg" xml:id="A93281-001-a-0010">GOING</w>
     <w lemma="naked" pos="j" xml:id="A93281-001-a-0020">NAKED</w>
     <pc xml:id="A93281-001-a-0030">,</pc>
     <w lemma="a" pos="d" xml:id="A93281-001-a-0040">A</w>
     <w lemma="sign" pos="n1" reg="SIGN" xml:id="A93281-001-a-0050">SIGNE</w>
     <pc unit="sentence" xml:id="A93281-001-a-0060">.</pc>
    </head>
    <p xml:id="A93281-e30">
     <w lemma="oh" pos="uh" xml:id="A93281-001-a-0070">OH</w>
     <w lemma="church" pos="n1" xml:id="A93281-001-a-0080">Church</w>
     <w lemma="of" pos="acp" xml:id="A93281-001-a-0090">of</w>
     <hi xml:id="A93281-e40">
      <w lemma="England" pos="n1-nn" xml:id="A93281-001-a-0100">England</w>
      <pc unit="sentence" xml:id="A93281-001-a-0110">!</pc>
     </hi>
     <w lemma="this" pos="d" xml:id="A93281-001-a-0120">This</w>
     <w lemma="be" pos="vvz" xml:id="A93281-001-a-0130">is</w>
     <w lemma="unto" pos="acp" xml:id="A93281-001-a-0140">unto</w>
     <w lemma="thou" pos="pno" xml:id="A93281-001-a-0150">thee</w>
     <pc xml:id="A93281-001-a-0160">,</pc>
     <w lemma="who" pos="crq-q" xml:id="A93281-001-a-0170">who</w>
     <w lemma="live" pos="vv2" xml:id="A93281-001-a-0180">livest</w>
     <w lemma="in" pos="acp" xml:id="A93281-001-a-0190">in</w>
     <w lemma="oppression" pos="n1" xml:id="A93281-001-a-0200">oppression</w>
     <w lemma="and" pos="cc" xml:id="A93281-001-a-0210">and</w>
     <w lemma="cruelty" pos="n1" xml:id="A93281-001-a-0220">cruelty</w>
     <pc xml:id="A93281-001-a-0230">,</pc>
     <w lemma="pride" pos="n1" xml:id="A93281-001-a-0240">pride</w>
     <w lemma="and" pos="cc" xml:id="A93281-001-a-0250">and</w>
     <w lemma="covetousness" pos="n1" reg="covetousness" xml:id="A93281-001-a-0260">covetousnesse</w>
     <pc xml:id="A93281-001-a-0270">,</pc>
     <w lemma="a" pos="d" xml:id="A93281-001-a-0280">a</w>
     <w lemma="day" pos="n1" xml:id="A93281-001-a-0290">day</w>
     <w lemma="of" pos="acp" xml:id="A93281-001-a-0300">of</w>
     <w lemma="misery" pos="n1" xml:id="A93281-001-a-0310">misery</w>
     <w lemma="be" pos="vvz" xml:id="A93281-001-a-0320">is</w>
     <w lemma="come" pos="vvg" xml:id="A93281-001-a-0330">coming</w>
     <w lemma="upon" pos="acp" xml:id="A93281-001-a-0340">upon</w>
     <w lemma="thou" pos="pno" xml:id="A93281-001-a-0350">thee</w>
     <pc xml:id="A93281-001-a-0360">,</pc>
     <w lemma="thy" pos="po" xml:id="A93281-001-a-0370">thy</w>
     <w lemma="nakedness" pos="n1" reg="nakedness" xml:id="A93281-001-a-0380">nakednesse</w>
     <w lemma="and" pos="cc" xml:id="A93281-001-a-0390">and</w>
     <w lemma="shame" pos="n1" xml:id="A93281-001-a-0400">shame</w>
     <w lemma="be" pos="vvz" xml:id="A93281-001-a-0410">is</w>
     <w lemma="come" pos="vvg" xml:id="A93281-001-a-0420">coming</w>
     <w lemma="upon" pos="acp" xml:id="A93281-001-a-0430">upon</w>
     <w lemma="thou" pos="pno" xml:id="A93281-001-a-0440">thee</w>
     <w lemma="as" pos="acp" xml:id="A93281-001-a-0450">as</w>
     <w lemma="a" pos="d" xml:id="A93281-001-a-0460">an</w>
     <w lemma="arm" pos="j_vn" xml:id="A93281-001-a-0470">armed</w>
     <w lemma="man" pos="n1" xml:id="A93281-001-a-0480">Man</w>
     <pc xml:id="A93281-001-a-0490">,</pc>
     <w lemma="from" pos="acp" xml:id="A93281-001-a-0500">from</w>
     <w lemma="which" pos="crq" xml:id="A93281-001-a-0510">which</w>
     <w lemma="no" pos="d-x" xml:id="A93281-001-a-0520">no</w>
     <w lemma="man" pos="n1" xml:id="A93281-001-a-0530">Man</w>
     <w lemma="can" pos="vmb" xml:id="A93281-001-a-0540">can</w>
     <w lemma="hide" pos="vvi" xml:id="A93281-001-a-0550">hide</w>
     <w lemma="thou" pos="pno" xml:id="A93281-001-a-0560">thee</w>
     <pc xml:id="A93281-001-a-0570">,</pc>
     <w lemma="neither" pos="d-x" xml:id="A93281-001-a-0580">neither</w>
     <w lemma="hill" pos="n2" xml:id="A93281-001-a-0590">Hills</w>
     <w lemma="nor" pos="cc-x" xml:id="A93281-001-a-0600">nor</w>
     <w lemma="mountain" pos="n2" reg="Mountains" xml:id="A93281-001-a-0610">Mountaines</w>
     <w lemma="shall" pos="vmb" xml:id="A93281-001-a-0620">shall</w>
     <w lemma="be" pos="vvi" xml:id="A93281-001-a-0630">be</w>
     <w lemma="able" pos="j" xml:id="A93281-001-a-0640">able</w>
     <w lemma="to" pos="to" xml:id="A93281-001-a-0650">to</w>
     <w lemma="hide" pos="vvi" xml:id="A93281-001-a-0660">hide</w>
     <w lemma="thou" pos="pno" xml:id="A93281-001-a-0670">thee</w>
     <w lemma="in" pos="acp" xml:id="A93281-001-a-0680">in</w>
     <w lemma="this" pos="d" xml:id="A93281-001-a-0690">this</w>
     <w lemma="the" pos="d" xml:id="A93281-001-a-0700">the</w>
     <w lemma="day" pos="n1" xml:id="A93281-001-a-0710">Day</w>
     <w lemma="of" pos="acp" xml:id="A93281-001-a-0720">of</w>
     <w lemma="the" pos="d" xml:id="A93281-001-a-0730">the</w>
     <w lemma="lord" pos="n1" xml:id="A93281-001-a-0740">Lord</w>
     <pc xml:id="A93281-001-a-0750">,</pc>
     <w lemma="neither" pos="d-x" xml:id="A93281-001-a-0760">neither</w>
     <w lemma="shall" pos="vmb" xml:id="A93281-001-a-0770">shall</w>
     <w lemma="the" pos="d" xml:id="A93281-001-a-0780">the</w>
     <w lemma="cleft" pos="n2" xml:id="A93281-001-a-0790">Clefts</w>
     <w lemma="of" pos="acp" xml:id="A93281-001-a-0800">of</w>
     <w lemma="the" pos="d" xml:id="A93281-001-a-0810">the</w>
     <w lemma="rock" pos="n2" xml:id="A93281-001-a-0820">Rocks</w>
     <w lemma="preserve" pos="vvb" xml:id="A93281-001-a-0830">preserve</w>
     <w lemma="thou" pos="pno" xml:id="A93281-001-a-0840">thee</w>
     <w lemma="from" pos="acp" xml:id="A93281-001-a-0850">from</w>
     <w lemma="the" pos="d" xml:id="A93281-001-a-0860">the</w>
     <w lemma="day" pos="n1" xml:id="A93281-001-a-0870">Day</w>
     <w lemma="of" pos="acp" xml:id="A93281-001-a-0880">of</w>
     <w lemma="the" pos="d" xml:id="A93281-001-a-0890">the</w>
     <w lemma="lord" pos="n2" xml:id="A93281-001-a-0900">Lords</w>
     <w lemma="controversy" pos="n1" xml:id="A93281-001-a-0910">Controversy</w>
     <w lemma="with" pos="acp" xml:id="A93281-001-a-0920">with</w>
     <w lemma="thou" pos="pno" xml:id="A93281-001-a-0930">thee</w>
     <pc xml:id="A93281-001-a-0940">;</pc>
     <w lemma="thy" pos="po" xml:id="A93281-001-a-0950">Thy</w>
     <w lemma="nakedness" pos="n1" reg="nakedness" xml:id="A93281-001-a-0960">nakednesse</w>
     <w lemma="and" pos="cc" xml:id="A93281-001-a-0970">and</w>
     <w lemma="thy" pos="po" xml:id="A93281-001-a-0980">thy</w>
     <w lemma="shame" pos="n1" xml:id="A93281-001-a-0990">shame</w>
     <w lemma="be" pos="vvz" xml:id="A93281-001-a-1000">is</w>
     <w lemma="near" pos="av_j" xml:id="A93281-001-a-1010">near</w>
     <w lemma="to" pos="to" xml:id="A93281-001-a-1020">to</w>
     <w lemma="come" pos="vvi" xml:id="A93281-001-a-1030">come</w>
     <w lemma="upon" pos="acp" xml:id="A93281-001-a-1040">upon</w>
     <w lemma="thou" pos="pno" xml:id="A93281-001-a-1050">thee</w>
     <pc xml:id="A93281-001-a-1060">,</pc>
     <w lemma="from" pos="acp" xml:id="A93281-001-a-1070">from</w>
     <w lemma="it" pos="pn" xml:id="A93281-001-a-1080">it</w>
     <w lemma="thou" pos="pns" xml:id="A93281-001-a-1090">thou</w>
     <w lemma="shall" pos="vm2" xml:id="A93281-001-a-1100">shalt</w>
     <w lemma="not" pos="xx" xml:id="A93281-001-a-1110">not</w>
     <w lemma="fly" pos="vvi" xml:id="A93281-001-a-1120">fly</w>
     <pc xml:id="A93281-001-a-1130">:</pc>
     <w lemma="oppression" pos="n1" xml:id="A93281-001-a-1140">Oppression</w>
     <w lemma="and" pos="cc" xml:id="A93281-001-a-1150">and</w>
     <w lemma="cruelty" pos="n1" xml:id="A93281-001-a-1160">cruelty</w>
     <w lemma="have" pos="vvz" xml:id="A93281-001-a-1170">hath</w>
     <w lemma="be" pos="vvn" xml:id="A93281-001-a-1180">been</w>
     <w lemma="as" pos="acp" xml:id="A93281-001-a-1190">as</w>
     <w lemma="a" pos="d" xml:id="A93281-001-a-1200">a</w>
     <w lemma="staff" pos="n1" xml:id="A93281-001-a-1210">Staff</w>
     <w lemma="for" pos="acp" xml:id="A93281-001-a-1220">for</w>
     <w lemma="thou" pos="pno" xml:id="A93281-001-a-1230">thee</w>
     <pc xml:id="A93281-001-a-1240">,</pc>
     <w lemma="but" pos="acp" xml:id="A93281-001-a-1250">but</w>
     <w lemma="the" pos="d" xml:id="A93281-001-a-1260">the</w>
     <w lemma="lord" pos="n1" xml:id="A93281-001-a-1270">Lord</w>
     <w lemma="be" pos="vvz" xml:id="A93281-001-a-1280">is</w>
     <w lemma="rise" pos="vvn" xml:id="A93281-001-a-1290">risen</w>
     <w lemma="to" pos="to" xml:id="A93281-001-a-1300">to</w>
     <w lemma="break" pos="vvi" xml:id="A93281-001-a-1310">break</w>
     <w lemma="thy" pos="po" xml:id="A93281-001-a-1320">thy</w>
     <w lemma="staff" pos="n1" xml:id="A93281-001-a-1330">Staff</w>
     <w lemma="of" pos="acp" xml:id="A93281-001-a-1340">of</w>
     <w lemma="oppression" pos="n1" xml:id="A93281-001-a-1350">oppression</w>
     <pc xml:id="A93281-001-a-1360">,</pc>
     <w lemma="and" pos="cc" xml:id="A93281-001-a-1370">and</w>
     <w lemma="thou" pos="pns" xml:id="A93281-001-a-1380">thou</w>
     <w lemma="shall" pos="vm2" xml:id="A93281-001-a-1390">shalt</w>
     <w lemma="be" pos="vvi" xml:id="A93281-001-a-1400">be</w>
     <w lemma="leave" pos="vvn" xml:id="A93281-001-a-1410">left</w>
     <w lemma="naked" pos="j" xml:id="A93281-001-a-1420">naked</w>
     <w lemma="though" pos="cs" xml:id="A93281-001-a-1430">though</w>
     <w lemma="thou" pos="pns" xml:id="A93281-001-a-1440">thou</w>
     <w lemma="have" pos="vv2" xml:id="A93281-001-a-1450">hast</w>
     <w lemma="seem" pos="vvn" xml:id="A93281-001-a-1460">seemed</w>
     <w lemma="to" pos="to" xml:id="A93281-001-a-1470">to</w>
     <w lemma="be" pos="vvi" xml:id="A93281-001-a-1480">be</w>
     <w lemma="the" pos="d" xml:id="A93281-001-a-1490">the</w>
     <w lemma="glory" pos="n1" xml:id="A93281-001-a-1500">glory</w>
     <w lemma="of" pos="acp" xml:id="A93281-001-a-1510">of</w>
     <w lemma="the" pos="d" xml:id="A93281-001-a-1520">the</w>
     <w lemma="nation" pos="n2" xml:id="A93281-001-a-1530">Nations</w>
     <w lemma="with" pos="acp" xml:id="A93281-001-a-1540">with</w>
     <w lemma="thy" pos="po" xml:id="A93281-001-a-1550">thy</w>
     <w lemma="deceitful" pos="j" xml:id="A93281-001-a-1560">deceitful</w>
     <w lemma="cover" pos="vvz" xml:id="A93281-001-a-1570">Covers</w>
     <pc xml:id="A93281-001-a-1580">,</pc>
     <w lemma="but" pos="acp" xml:id="A93281-001-a-1590">but</w>
     <w lemma="now" pos="av" xml:id="A93281-001-a-1600">now</w>
     <w lemma="thou" pos="pns" xml:id="A93281-001-a-1610">thou</w>
     <w lemma="shall" pos="vm2" xml:id="A93281-001-a-1620">shalt</w>
     <w lemma="be" pos="vvi" xml:id="A93281-001-a-1630">be</w>
     <w lemma="leave" pos="vvn" xml:id="A93281-001-a-1640">left</w>
     <w lemma="naked" pos="j" xml:id="A93281-001-a-1650">naked</w>
     <pc xml:id="A93281-001-a-1660">,</pc>
     <w lemma="and" pos="cc" xml:id="A93281-001-a-1670">and</w>
     <w lemma="nation" pos="n2" xml:id="A93281-001-a-1680">Nations</w>
     <w lemma="shall" pos="vmb" xml:id="A93281-001-a-1690">shall</w>
     <w lemma="be" pos="vvi" xml:id="A93281-001-a-1700">be</w>
     <w lemma="ashamed" pos="j" xml:id="A93281-001-a-1710">ashamed</w>
     <w lemma="of" pos="acp" xml:id="A93281-001-a-1720">of</w>
     <w lemma="thou" pos="pno" xml:id="A93281-001-a-1730">thee</w>
     <pc xml:id="A93281-001-a-1740">:</pc>
     <w lemma="howl" pos="vvb" xml:id="A93281-001-a-1750">Howl</w>
     <w lemma="and" pos="cc" xml:id="A93281-001-a-1760">and</w>
     <w lemma="weep" pos="vvi" xml:id="A93281-001-a-1770">weep</w>
     <w lemma="you" pos="pn" xml:id="A93281-001-a-1780">ye</w>
     <w lemma="teacher" pos="n2" xml:id="A93281-001-a-1790">Teachers</w>
     <pc xml:id="A93281-001-a-1800">,</pc>
     <w lemma="for" pos="acp" xml:id="A93281-001-a-1810">for</w>
     <w lemma="the" pos="d" xml:id="A93281-001-a-1820">the</w>
     <w lemma="lord" pos="n1" xml:id="A93281-001-a-1830">Lord</w>
     <w lemma="be" pos="vvz" xml:id="A93281-001-a-1840">is</w>
     <w lemma="gather" pos="vvg" xml:id="A93281-001-a-1850">gathering</w>
     <w lemma="his" pos="po" xml:id="A93281-001-a-1860">his</w>
     <w lemma="people" pos="n1" xml:id="A93281-001-a-1870">people</w>
     <w lemma="from" pos="acp" xml:id="A93281-001-a-1880">from</w>
     <w lemma="you" pos="pn" xml:id="A93281-001-a-1890">you</w>
     <pc xml:id="A93281-001-a-1900">,</pc>
     <w lemma="and" pos="cc" xml:id="A93281-001-a-1910">and</w>
     <w lemma="you" pos="pn" xml:id="A93281-001-a-1920">ye</w>
     <w lemma="shall" pos="vmb" xml:id="A93281-001-a-1930">shall</w>
     <w lemma="devour" pos="vvi" xml:id="A93281-001-a-1940">devour</w>
     <w lemma="his" pos="po" xml:id="A93281-001-a-1950">his</w>
     <w lemma="flock" pos="n1" xml:id="A93281-001-a-1960">flock</w>
     <w lemma="no" pos="av-x_d" xml:id="A93281-001-a-1970">no</w>
     <w lemma="more" pos="av-c_d" xml:id="A93281-001-a-1980">more</w>
     <pc xml:id="A93281-001-a-1990">;</pc>
     <w lemma="the" pos="d" xml:id="A93281-001-a-2000">The</w>
     <w lemma="day" pos="n1" xml:id="A93281-001-a-2010">Day</w>
     <w lemma="be" pos="vvz" xml:id="A93281-001-a-2020">is</w>
     <w lemma="come" pos="vvg" xml:id="A93281-001-a-2030">coming</w>
     <w lemma="upon" pos="acp" xml:id="A93281-001-a-2040">upon</w>
     <w lemma="you" pos="pn" xml:id="A93281-001-a-2050">you</w>
     <w lemma="that" pos="cs" xml:id="A93281-001-a-2060">that</w>
     <w lemma="none" pos="pi-x" xml:id="A93281-001-a-2070">none</w>
     <w lemma="shall" pos="vmb" xml:id="A93281-001-a-2080">shall</w>
     <w lemma="buy" pos="vvi" xml:id="A93281-001-a-2090">buy</w>
     <w lemma="your" pos="po" xml:id="A93281-001-a-2100">your</w>
     <w lemma="ware" pos="n2" xml:id="A93281-001-a-2110">Wares</w>
     <w lemma="any" pos="d" xml:id="A93281-001-a-2120">any</w>
     <w lemma="more" pos="av-c_d" xml:id="A93281-001-a-2130">more</w>
     <pc xml:id="A93281-001-a-2140">,</pc>
     <w lemma="you" pos="pn" xml:id="A93281-001-a-2150">ye</w>
     <w lemma="merchant" pos="n2" xml:id="A93281-001-a-2160">Merchants</w>
     <w lemma="of" pos="acp" xml:id="A93281-001-a-2170">of</w>
     <hi xml:id="A93281-e50">
      <w lemma="Babylon" pos="n1-nn" xml:id="A93281-001-a-2180">Babylon</w>
      <pc xml:id="A93281-001-a-2190">:</pc>
     </hi>
     <w lemma="all" pos="d" xml:id="A93281-001-a-2200">All</w>
     <w lemma="your" pos="po" xml:id="A93281-001-a-2210">your</w>
     <w lemma="scarlet" pos="j" xml:id="A93281-001-a-2220">scarlet</w>
     <w lemma="colour" pos="n2" xml:id="A93281-001-a-2230">colours</w>
     <w lemma="the" pos="d" xml:id="A93281-001-a-2240">the</w>
     <w lemma="lord" pos="n1" xml:id="A93281-001-a-2250">Lord</w>
     <w lemma="our" pos="po" xml:id="A93281-001-a-2260">our</w>
     <w lemma="god" pos="n1" xml:id="A93281-001-a-2270">God</w>
     <w lemma="be" pos="vvz" xml:id="A93281-001-a-2280">is</w>
     <w lemma="come" pos="vvg" xml:id="A93281-001-a-2290">coming</w>
     <w lemma="to" pos="to" xml:id="A93281-001-a-2300">to</w>
     <w lemma="take" pos="vvi" xml:id="A93281-001-a-2310">take</w>
     <w lemma="off" pos="acp-av" xml:id="A93281-001-a-2320">off</w>
     <pc xml:id="A93281-001-a-2330">:</pc>
     <w lemma="then" pos="av" xml:id="A93281-001-a-2340">Then</w>
     <w lemma="your" pos="po" xml:id="A93281-001-a-2350">your</w>
     <w lemma="nakedness" pos="n1" reg="nakedness" xml:id="A93281-001-a-2360">nakednesse</w>
     <w lemma="shall" pos="vmb" xml:id="A93281-001-a-2370">shall</w>
     <w lemma="appear" pos="vvi" xml:id="A93281-001-a-2380">appear</w>
     <w lemma="to" pos="acp" xml:id="A93281-001-a-2390">to</w>
     <w lemma="many" pos="d" xml:id="A93281-001-a-2400">many</w>
     <w lemma="nation" pos="n2" xml:id="A93281-001-a-2410">Nations</w>
     <pc xml:id="A93281-001-a-2420">,</pc>
     <w lemma="and" pos="cc" xml:id="A93281-001-a-2430">and</w>
     <w lemma="you" pos="pn" xml:id="A93281-001-a-2440">you</w>
     <w lemma="shall" pos="vmb" xml:id="A93281-001-a-2450">shall</w>
     <w lemma="sit" pos="vvi" xml:id="A93281-001-a-2460">sit</w>
     <w lemma="as" pos="acp" xml:id="A93281-001-a-2470">as</w>
     <w lemma="a" pos="d" xml:id="A93281-001-a-2480">a</w>
     <w lemma="widow" pos="n1" reg="widow" xml:id="A93281-001-a-2490">widdow</w>
     <pc xml:id="A93281-001-a-2500">,</pc>
     <w lemma="and" pos="cc" xml:id="A93281-001-a-2510">and</w>
     <w lemma="there" pos="av" xml:id="A93281-001-a-2520">there</w>
     <w lemma="shall" pos="vmb" xml:id="A93281-001-a-2530">shall</w>
     <w lemma="be" pos="vvi" xml:id="A93281-001-a-2540">be</w>
     <w lemma="none" pos="pi-x" xml:id="A93281-001-a-2550">none</w>
     <w lemma="to" pos="to" xml:id="A93281-001-a-2560">to</w>
     <w lemma="comfort" pos="vvi" xml:id="A93281-001-a-2570">comfort</w>
     <w lemma="you" pos="pn" xml:id="A93281-001-a-2580">you</w>
     <pc xml:id="A93281-001-a-2590">;</pc>
     <w lemma="distress" pos="n1" reg="Distress" xml:id="A93281-001-a-2600">Distresse</w>
     <w lemma="and" pos="cc" xml:id="A93281-001-a-2610">and</w>
     <w lemma="anguish" pos="n1" xml:id="A93281-001-a-2620">anguish</w>
     <w lemma="shall" pos="vmb" xml:id="A93281-001-a-2630">shall</w>
     <w lemma="take" pos="vvi" xml:id="A93281-001-a-2640">take</w>
     <w lemma="hold" pos="n1" xml:id="A93281-001-a-2650">hold</w>
     <w lemma="upon" pos="acp" xml:id="A93281-001-a-2660">upon</w>
     <w lemma="you" pos="pn" xml:id="A93281-001-a-2670">you</w>
     <pc xml:id="A93281-001-a-2680">,</pc>
     <w lemma="and" pos="cc" xml:id="A93281-001-a-2690">and</w>
     <w lemma="pain" pos="n1" xml:id="A93281-001-a-2700">pain</w>
     <w lemma="as" pos="acp" xml:id="A93281-001-a-2710">as</w>
     <w lemma="a" pos="d" xml:id="A93281-001-a-2720">a</w>
     <w lemma="woman" pos="n1" xml:id="A93281-001-a-2730">Woman</w>
     <w lemma="in" pos="acp" xml:id="A93281-001-a-2740">in</w>
     <w lemma="travel" pos="n1" xml:id="A93281-001-a-2750">travel</w>
     <pc xml:id="A93281-001-a-2760">,</pc>
     <w lemma="and" pos="cc" xml:id="A93281-001-a-2770">and</w>
     <w lemma="be" pos="vvz" xml:id="A93281-001-a-2780">is</w>
     <w lemma="not" pos="xx" xml:id="A93281-001-a-2790">not</w>
     <w lemma="able" pos="j" xml:id="A93281-001-a-2800">able</w>
     <w lemma="to" pos="to" xml:id="A93281-001-a-2810">to</w>
     <w lemma="bring" pos="vvi" xml:id="A93281-001-a-2820">bring</w>
     <w lemma="forth" pos="av" xml:id="A93281-001-a-2830">forth</w>
     <pc xml:id="A93281-001-a-2840">,</pc>
     <w lemma="so" pos="av" xml:id="A93281-001-a-2850">so</w>
     <w lemma="shall" pos="vmb" xml:id="A93281-001-a-2860">shall</w>
     <w lemma="your" pos="po" xml:id="A93281-001-a-2870">your</w>
     <w lemma="misery" pos="n1" xml:id="A93281-001-a-2880">misery</w>
     <w lemma="come" pos="vvn" xml:id="A93281-001-a-2890">come</w>
     <w lemma="upon" pos="acp" xml:id="A93281-001-a-2900">upon</w>
     <w lemma="you" pos="pn" xml:id="A93281-001-a-2910">you</w>
     <pc xml:id="A93281-001-a-2920">:</pc>
     <w lemma="the" pos="d" xml:id="A93281-001-a-2930">The</w>
     <w lemma="decree" pos="n1" xml:id="A93281-001-a-2940">Decree</w>
     <w lemma="of" pos="acp" xml:id="A93281-001-a-2950">of</w>
     <w lemma="the" pos="d" xml:id="A93281-001-a-2960">the</w>
     <w lemma="lord" pos="n1" xml:id="A93281-001-a-2970">Lord</w>
     <w lemma="be" pos="vvz" xml:id="A93281-001-a-2980">is</w>
     <w lemma="go" pos="vvn" xml:id="A93281-001-a-2990">gone</w>
     <w lemma="out" pos="av" xml:id="A93281-001-a-3000">out</w>
     <w lemma="against" pos="acp" xml:id="A93281-001-a-3010">against</w>
     <w lemma="all" pos="d" xml:id="A93281-001-a-3020">all</w>
     <w lemma="unrighteousness" pos="n1" xml:id="A93281-001-a-3030">unrighteousness</w>
     <pc xml:id="A93281-001-a-3040">,</pc>
     <w lemma="he" pos="pns" xml:id="A93281-001-a-3050">he</w>
     <w lemma="will" pos="vmb" xml:id="A93281-001-a-3060">will</w>
     <w lemma="sure" pos="av_j" xml:id="A93281-001-a-3070">surely</w>
     <w lemma="reward" pos="vvi" xml:id="A93281-001-a-3080">reward</w>
     <w lemma="every" pos="d" xml:id="A93281-001-a-3090">every</w>
     <w lemma="one" pos="pi" xml:id="A93281-001-a-3100">one</w>
     <w lemma="according" pos="j" xml:id="A93281-001-a-3110">according</w>
     <w lemma="to" pos="acp" xml:id="A93281-001-a-3120">to</w>
     <w lemma="their" pos="po" xml:id="A93281-001-a-3130">their</w>
     <w lemma="work" pos="n2" xml:id="A93281-001-a-3140">works</w>
     <pc xml:id="A93281-001-a-3150">;</pc>
     <w lemma="for" pos="acp" xml:id="A93281-001-a-3160">for</w>
     <w lemma="as" pos="acp" xml:id="A93281-001-a-3170">as</w>
     <w lemma="a" pos="d" xml:id="A93281-001-a-3180">a</w>
     <w lemma="troop" pos="n1" xml:id="A93281-001-a-3190">Troop</w>
     <w lemma="of" pos="acp" xml:id="A93281-001-a-3200">of</w>
     <w lemma="robber" pos="n2" xml:id="A93281-001-a-3210">Robbers</w>
     <w lemma="lie" pos="vvb" reg="lie" xml:id="A93281-001-a-3220">lye</w>
     <w lemma="in" pos="acp" xml:id="A93281-001-a-3230">in</w>
     <w lemma="wait" pos="n1" xml:id="A93281-001-a-3240">wait</w>
     <w lemma="for" pos="acp" xml:id="A93281-001-a-3250">for</w>
     <w lemma="a" pos="d" xml:id="A93281-001-a-3260">a</w>
     <w lemma="man" pos="n1" xml:id="A93281-001-a-3270">Man</w>
     <pc xml:id="A93281-001-a-3280">,</pc>
     <w lemma="so" pos="av" xml:id="A93281-001-a-3290">so</w>
     <w lemma="a" pos="d" xml:id="A93281-001-a-3300">a</w>
     <w lemma="company" pos="n1" xml:id="A93281-001-a-3310">company</w>
     <w lemma="of" pos="acp" xml:id="A93281-001-a-3320">of</w>
     <w lemma="priest" pos="n2" xml:id="A93281-001-a-3330">Priests</w>
     <w lemma="by" pos="acp" xml:id="A93281-001-a-3340">by</w>
     <w lemma="consent" pos="n1" xml:id="A93281-001-a-3350">consent</w>
     <w lemma="lie" pos="vvi" reg="lie" xml:id="A93281-001-a-3360">lye</w>
     <w lemma="in" pos="acp" xml:id="A93281-001-a-3370">in</w>
     <w lemma="wait" pos="n1" xml:id="A93281-001-a-3380">wait</w>
     <w lemma="to" pos="to" xml:id="A93281-001-a-3390">to</w>
     <w lemma="murder" pos="vvi" reg="murder" xml:id="A93281-001-a-3400">murther</w>
     <w lemma="the" pos="d" xml:id="A93281-001-a-3410">the</w>
     <w lemma="innocent" pos="j" xml:id="A93281-001-a-3420">Innocent</w>
     <w lemma="lamb" pos="n2" xml:id="A93281-001-a-3430">Lambs</w>
     <w lemma="of" pos="acp" xml:id="A93281-001-a-3440">of</w>
     <w lemma="God" pos="n1-nn" xml:id="A93281-001-a-3450">God</w>
     <pc xml:id="A93281-001-a-3460">,</pc>
     <w lemma="and" pos="cc" xml:id="A93281-001-a-3470">and</w>
     <w lemma="for" pos="acp" xml:id="A93281-001-a-3480">for</w>
     <w lemma="their" pos="po" xml:id="A93281-001-a-3490">their</w>
     <w lemma="sake" pos="n2" xml:id="A93281-001-a-3500">sakes</w>
     <w lemma="the" pos="d" xml:id="A93281-001-a-3510">the</w>
     <w lemma="lord" pos="n1" xml:id="A93281-001-a-3520">Lord</w>
     <w lemma="be" pos="vvz" xml:id="A93281-001-a-3530">is</w>
     <w lemma="rise" pos="vvn" xml:id="A93281-001-a-3540">risen</w>
     <w lemma="in" pos="acp" xml:id="A93281-001-a-3550">in</w>
     <w lemma="his" pos="po" xml:id="A93281-001-a-3560">his</w>
     <w lemma="mighty" pos="j" xml:id="A93281-001-a-3570">mighty</w>
     <w lemma="power" pos="n1" xml:id="A93281-001-a-3580">power</w>
     <w lemma="to" pos="to" xml:id="A93281-001-a-3590">to</w>
     <w lemma="break" pos="vvi" xml:id="A93281-001-a-3600">break</w>
     <w lemma="the" pos="d" xml:id="A93281-001-a-3610">the</w>
     <w lemma="bond" pos="n2" xml:id="A93281-001-a-3620">bonds</w>
     <w lemma="of" pos="acp" xml:id="A93281-001-a-3630">of</w>
     <w lemma="wickedness" pos="n1" reg="wickedness" xml:id="A93281-001-a-3640">wickednesse</w>
     <pc xml:id="A93281-001-a-3650">,</pc>
     <w lemma="and" pos="cc" xml:id="A93281-001-a-3660">and</w>
     <w lemma="to" pos="to" xml:id="A93281-001-a-3670">to</w>
     <w lemma="set" pos="vvi" xml:id="A93281-001-a-3680">set</w>
     <w lemma="the" pos="d" xml:id="A93281-001-a-3690">the</w>
     <w lemma="oppress" pos="j_vn" xml:id="A93281-001-a-3700">oppressed</w>
     <w lemma="free" pos="j" xml:id="A93281-001-a-3710">free</w>
     <pc xml:id="A93281-001-a-3720">,</pc>
     <w lemma="for" pos="acp" xml:id="A93281-001-a-3730">for</w>
     <w lemma="the" pos="d" xml:id="A93281-001-a-3740">the</w>
     <w lemma="lord" pos="n1" xml:id="A93281-001-a-3750">Lord</w>
     <w lemma="have" pos="vvz" xml:id="A93281-001-a-3760">hath</w>
     <w lemma="hear" pos="vvn" xml:id="A93281-001-a-3770">heard</w>
     <w lemma="the" pos="d" xml:id="A93281-001-a-3780">the</w>
     <w lemma="groan" pos="n1_vg" xml:id="A93281-001-a-3790">groaning</w>
     <w lemma="of" pos="acp" xml:id="A93281-001-a-3800">of</w>
     <w lemma="his" pos="po" xml:id="A93281-001-a-3810">his</w>
     <w lemma="seed" pos="n1" xml:id="A93281-001-a-3820">seed</w>
     <pc xml:id="A93281-001-a-3830">,</pc>
     <w lemma="and" pos="cc" xml:id="A93281-001-a-3840">and</w>
     <w lemma="he" pos="pns" xml:id="A93281-001-a-3850">he</w>
     <w lemma="be" pos="vvz" xml:id="A93281-001-a-3860">is</w>
     <w lemma="rise" pos="vvn" xml:id="A93281-001-a-3870">risen</w>
     <w lemma="to" pos="to" xml:id="A93281-001-a-3880">to</w>
     <w lemma="deliver" pos="vvi" xml:id="A93281-001-a-3890">deliver</w>
     <w lemma="to" pos="to" xml:id="A93281-001-a-3900">to</w>
     <w lemma="bring" pos="vvi" xml:id="A93281-001-a-3910">bring</w>
     <w lemma="it" pos="pn" xml:id="A93281-001-a-3920">it</w>
     <w lemma="out" pos="av" xml:id="A93281-001-a-3930">out</w>
     <w lemma="of" pos="acp" xml:id="A93281-001-a-3940">of</w>
     <w lemma="captivity" pos="n1" xml:id="A93281-001-a-3950">Captivity</w>
     <pc xml:id="A93281-001-a-3960">,</pc>
     <w lemma="and" pos="cc" xml:id="A93281-001-a-3970">and</w>
     <w lemma="from" pos="acp" xml:id="A93281-001-a-3980">from</w>
     <w lemma="under" pos="acp" xml:id="A93281-001-a-3990">under</w>
     <w lemma="the" pos="d" xml:id="A93281-001-a-4000">the</w>
     <w lemma="taskmaster" pos="n2" xml:id="A93281-001-a-4010">Taskmasters</w>
     <pc xml:id="A93281-001-a-4020">,</pc>
     <w lemma="where" pos="crq" xml:id="A93281-001-a-4030">where</w>
     <w lemma="his" pos="po" xml:id="A93281-001-a-4040">his</w>
     <w lemma="seed" pos="n1" xml:id="A93281-001-a-4050">seed</w>
     <w lemma="have" pos="vvz" xml:id="A93281-001-a-4060">hath</w>
     <w lemma="be" pos="vvn" xml:id="A93281-001-a-4070">been</w>
     <w lemma="long" pos="av_j" xml:id="A93281-001-a-4080">long</w>
     <w lemma="oppress" pos="vvn" xml:id="A93281-001-a-4090">oppressed</w>
     <w lemma="by" pos="acp" xml:id="A93281-001-a-4100">by</w>
     <w lemma="unreasonable" pos="j" xml:id="A93281-001-a-4110">unreasonable</w>
     <w lemma="man" pos="n2" xml:id="A93281-001-a-4120">Men</w>
     <pc xml:id="A93281-001-a-4130">:</pc>
     <w lemma="but" pos="acp" xml:id="A93281-001-a-4140">But</w>
     <w lemma="the" pos="d" xml:id="A93281-001-a-4150">the</w>
     <w lemma="lord" pos="n1" xml:id="A93281-001-a-4160">Lord</w>
     <w lemma="will" pos="vmb" xml:id="A93281-001-a-4170">will</w>
     <w lemma="spare" pos="vvi" xml:id="A93281-001-a-4180">spare</w>
     <w lemma="no" pos="av-x_d" xml:id="A93281-001-a-4190">no</w>
     <w lemma="long" pos="av-c_j" xml:id="A93281-001-a-4200">longer</w>
     <pc xml:id="A93281-001-a-4210">,</pc>
     <w lemma="but" pos="acp" xml:id="A93281-001-a-4220">but</w>
     <w lemma="he" pos="pns" xml:id="A93281-001-a-4230">he</w>
     <w lemma="will" pos="vmb" xml:id="A93281-001-a-4240">will</w>
     <w lemma="reward" pos="vvi" xml:id="A93281-001-a-4250">reward</w>
     <w lemma="the" pos="d" xml:id="A93281-001-a-4260">the</w>
     <w lemma="oppressor" pos="n2" xml:id="A93281-001-a-4270">Oppressors</w>
     <w lemma="double" pos="j" xml:id="A93281-001-a-4280">double</w>
     <w lemma="into" pos="acp" xml:id="A93281-001-a-4290">into</w>
     <w lemma="their" pos="po" xml:id="A93281-001-a-4300">their</w>
     <w lemma="bosom" pos="n2" xml:id="A93281-001-a-4310">bosoms</w>
     <pc xml:id="A93281-001-a-4320">,</pc>
     <w lemma="and" pos="cc" xml:id="A93281-001-a-4330">and</w>
     <w lemma="his" pos="po" xml:id="A93281-001-a-4340">his</w>
     <w lemma="seed" pos="n1" xml:id="A93281-001-a-4350">seed</w>
     <w lemma="he" pos="pns" xml:id="A93281-001-a-4360">he</w>
     <w lemma="will" pos="vmb" xml:id="A93281-001-a-4370">will</w>
     <w lemma="deliver" pos="vvi" xml:id="A93281-001-a-4380">deliver</w>
     <pc unit="sentence" xml:id="A93281-001-a-4390">.</pc>
    </p>
    <p xml:id="A93281-e60">
     <w lemma="oh" pos="uh" xml:id="A93281-001-a-4400">Oh</w>
     <w lemma="howl" pos="vvb" xml:id="A93281-001-a-4410">howl</w>
     <w lemma="and" pos="cc" xml:id="A93281-001-a-4420">and</w>
     <w lemma="weep" pos="vvi" xml:id="A93281-001-a-4430">weep</w>
     <pc xml:id="A93281-001-a-4440">,</pc>
     <w lemma="your" pos="po" xml:id="A93281-001-a-4450">your</w>
     <w lemma="day" pos="n1" xml:id="A93281-001-a-4460">day</w>
     <w lemma="be" pos="vvz" xml:id="A93281-001-a-4470">is</w>
     <w lemma="far" pos="av_j" xml:id="A93281-001-a-4480">far</w>
     <w lemma="spend" pos="vvn" xml:id="A93281-001-a-4490">spent</w>
     <pc xml:id="A93281-001-a-4500">,</pc>
     <w lemma="night" pos="n1" xml:id="A93281-001-a-4510">Night</w>
     <w lemma="be" pos="vvz" xml:id="A93281-001-a-4520">is</w>
     <w lemma="come" pos="vvg" xml:id="A93281-001-a-4530">coming</w>
     <w lemma="upon" pos="acp" xml:id="A93281-001-a-4540">upon</w>
     <w lemma="you" pos="pn" xml:id="A93281-001-a-4550">you</w>
     <w lemma="that" pos="cs" xml:id="A93281-001-a-4560">that</w>
     <w lemma="you" pos="pn" xml:id="A93281-001-a-4570">you</w>
     <w lemma="shall" pos="vmb" xml:id="A93281-001-a-4580">shall</w>
     <w lemma="not" pos="xx" xml:id="A93281-001-a-4590">not</w>
     <w lemma="have" pos="vvi" xml:id="A93281-001-a-4600">have</w>
     <w lemma="a" pos="d" xml:id="A93281-001-a-4610">a</w>
     <w lemma="vision" pos="n1" xml:id="A93281-001-a-4620">Vision</w>
     <pc xml:id="A93281-001-a-4630">,</pc>
     <w lemma="and" pos="cc" xml:id="A93281-001-a-4640">and</w>
     <w lemma="nothing" pos="pi-x" xml:id="A93281-001-a-4650">nothing</w>
     <w lemma="shall" pos="vmb" xml:id="A93281-001-a-4660">shall</w>
     <w lemma="be" pos="vvi" xml:id="A93281-001-a-4670">be</w>
     <w lemma="leave" pos="vvn" xml:id="A93281-001-a-4680">left</w>
     <w lemma="to" pos="to" xml:id="A93281-001-a-4690">to</w>
     <w lemma="cover" pos="vvi" xml:id="A93281-001-a-4700">cover</w>
     <w lemma="you" pos="pn" xml:id="A93281-001-a-4710">you</w>
     <pc xml:id="A93281-001-a-4720">:</pc>
     <w lemma="as" pos="acp" xml:id="A93281-001-a-4730">As</w>
     <w lemma="naked" pos="j" xml:id="A93281-001-a-4740">naked</w>
     <w lemma="shall" pos="vmb" xml:id="A93281-001-a-4750">shall</w>
     <w lemma="you" pos="pn" xml:id="A93281-001-a-4760">you</w>
     <w lemma="be" pos="vvi" xml:id="A93281-001-a-4770">be</w>
     <w lemma="spiritual" pos="av_j" xml:id="A93281-001-a-4780">spiritually</w>
     <pc xml:id="A93281-001-a-4790">,</pc>
     <w lemma="as" pos="acp" xml:id="A93281-001-a-4800">as</w>
     <w lemma="my" pos="po" xml:id="A93281-001-a-4810">my</w>
     <w lemma="body" pos="n1" xml:id="A93281-001-a-4820">body</w>
     <w lemma="have" pos="vvz" xml:id="A93281-001-a-4830">hath</w>
     <w lemma="be" pos="vvn" xml:id="A93281-001-a-4840">been</w>
     <w lemma="temporal" pos="av_j" xml:id="A93281-001-a-4850">temporally</w>
     <w lemma="naked" pos="j" xml:id="A93281-001-a-4860">naked</w>
     <w lemma="in" pos="acp" xml:id="A93281-001-a-4870">in</w>
     <w lemma="many" pos="d" xml:id="A93281-001-a-4880">many</w>
     <w lemma="place" pos="n2" xml:id="A93281-001-a-4890">places</w>
     <w lemma="in" pos="acp" xml:id="A93281-001-a-4900">in</w>
     <hi xml:id="A93281-e70">
      <w lemma="England" pos="n1-nn" xml:id="A93281-001-a-4910">England</w>
      <pc xml:id="A93281-001-a-4920">,</pc>
     </hi>
     <w lemma="as" pos="acp" xml:id="A93281-001-a-4930">as</w>
     <w lemma="a" pos="d" xml:id="A93281-001-a-4940">a</w>
     <w lemma="sign" pos="n1" reg="sign" xml:id="A93281-001-a-4950">signe</w>
     <w lemma="of" pos="acp" xml:id="A93281-001-a-4960">of</w>
     <w lemma="the" pos="d" xml:id="A93281-001-a-4970">the</w>
     <w lemma="nakedness" pos="n1" reg="nakedness" xml:id="A93281-001-a-4980">nakednesse</w>
     <w lemma="and" pos="cc" xml:id="A93281-001-a-4990">and</w>
     <w lemma="shame" pos="n1" xml:id="A93281-001-a-5000">shame</w>
     <w lemma="that" pos="cs" xml:id="A93281-001-a-5010">that</w>
     <w lemma="be" pos="vvz" xml:id="A93281-001-a-5020">is</w>
     <w lemma="come" pos="vvg" xml:id="A93281-001-a-5030">coming</w>
     <w lemma="upon" pos="acp" xml:id="A93281-001-a-5040">upon</w>
     <w lemma="the" pos="d" xml:id="A93281-001-a-5050">the</w>
     <w lemma="church" pos="n1" xml:id="A93281-001-a-5060">Church</w>
     <w lemma="of" pos="acp" xml:id="A93281-001-a-5070">of</w>
     <hi xml:id="A93281-e80">
      <w lemma="England" pos="n1-nn" xml:id="A93281-001-a-5080">England</w>
      <pc xml:id="A93281-001-a-5090">,</pc>
     </hi>
     <w lemma="who" pos="crq" xml:id="A93281-001-a-5100">who</w>
     <w lemma="live" pos="vvz" xml:id="A93281-001-a-5110">liveth</w>
     <w lemma="in" pos="acp" xml:id="A93281-001-a-5120">in</w>
     <w lemma="oppression" pos="n1" xml:id="A93281-001-a-5130">Oppression</w>
     <w lemma="and" pos="cc" xml:id="A93281-001-a-5140">and</w>
     <w lemma="cruelty" pos="n1" xml:id="A93281-001-a-5150">cruelty</w>
     <pc xml:id="A93281-001-a-5160">,</pc>
     <w lemma="and" pos="cc" xml:id="A93281-001-a-5170">and</w>
     <w lemma="all" pos="d" xml:id="A93281-001-a-5180">all</w>
     <w lemma="who" pos="crq" xml:id="A93281-001-a-5190">who</w>
     <w lemma="lift" pos="vvb" xml:id="A93281-001-a-5200">lift</w>
     <w lemma="up" pos="acp-av" xml:id="A93281-001-a-5210">up</w>
     <w lemma="a" pos="d" xml:id="A93281-001-a-5220">a</w>
     <w lemma="weapon" pos="n1" xml:id="A93281-001-a-5230">weapon</w>
     <w lemma="for" pos="acp" xml:id="A93281-001-a-5240">for</w>
     <w lemma="she" pos="pno" xml:id="A93281-001-a-5250">her</w>
     <w lemma="shall" pos="vmb" xml:id="A93281-001-a-5260">shall</w>
     <w lemma="fall" pos="vvi" xml:id="A93281-001-a-5270">fall</w>
     <w lemma="in" pos="acp" xml:id="A93281-001-a-5280">in</w>
     <w lemma="the" pos="d" xml:id="A93281-001-a-5290">the</w>
     <w lemma="shame" pos="n1" xml:id="A93281-001-a-5300">shame</w>
     <w lemma="with" pos="acp" xml:id="A93281-001-a-5310">with</w>
     <w lemma="she" pos="pno" xml:id="A93281-001-a-5320">her</w>
     <pc xml:id="A93281-001-a-5330">,</pc>
     <w lemma="which" pos="crq" xml:id="A93281-001-a-5340">which</w>
     <w lemma="will" pos="vmb" xml:id="A93281-001-a-5350">will</w>
     <w lemma="sure" pos="av_j" xml:id="A93281-001-a-5360">surely</w>
     <w lemma="come" pos="vvi" xml:id="A93281-001-a-5370">come</w>
     <w lemma="to" pos="to" xml:id="A93281-001-a-5380">to</w>
     <w lemma="pass" pos="vvi" reg="pass" xml:id="A93281-001-a-5390">passe</w>
     <pc xml:id="A93281-001-a-5400">,</pc>
     <w lemma="so" pos="av" xml:id="A93281-001-a-5410">So</w>
     <w lemma="all" pos="d" xml:id="A93281-001-a-5420">all</w>
     <w lemma="sober" pos="j" xml:id="A93281-001-a-5430">sober</w>
     <w lemma="people" pos="n1" xml:id="A93281-001-a-5440">people</w>
     <w lemma="consider" pos="vvb" xml:id="A93281-001-a-5450">consider</w>
     <w lemma="your" pos="po" xml:id="A93281-001-a-5460">your</w>
     <w lemma="way" pos="n2" reg="ways" xml:id="A93281-001-a-5470">wayes</w>
     <pc xml:id="A93281-001-a-5480">,</pc>
     <w lemma="and" pos="cc" xml:id="A93281-001-a-5490">and</w>
     <w lemma="turn" pos="vvi" xml:id="A93281-001-a-5500">turn</w>
     <w lemma="to" pos="acp" xml:id="A93281-001-a-5510">to</w>
     <w lemma="the" pos="d" xml:id="A93281-001-a-5520">the</w>
     <w lemma="light" pos="n1" xml:id="A93281-001-a-5530">light</w>
     <w lemma="which" pos="crq" xml:id="A93281-001-a-5540">which</w>
     <w lemma="come" pos="vvz" xml:id="A93281-001-a-5550">comes</w>
     <w lemma="from" pos="acp" xml:id="A93281-001-a-5560">from</w>
     <hi xml:id="A93281-e90">
      <w lemma="Jesus" pos="n1-nn" xml:id="A93281-001-a-5570">Jesus</w>
      <pc xml:id="A93281-001-a-5580">,</pc>
     </hi>
     <w lemma="that" pos="cs" xml:id="A93281-001-a-5590">that</w>
     <w lemma="with" pos="acp" xml:id="A93281-001-a-5600">with</w>
     <w lemma="it" pos="pn" xml:id="A93281-001-a-5610">it</w>
     <w lemma="you" pos="pn" xml:id="A93281-001-a-5620">you</w>
     <w lemma="may" pos="vmb" xml:id="A93281-001-a-5630">may</w>
     <w lemma="be" pos="vvi" xml:id="A93281-001-a-5640">be</w>
     <w lemma="gather" pos="vvn" xml:id="A93281-001-a-5650">gathered</w>
     <w lemma="unto" pos="acp" xml:id="A93281-001-a-5660">unto</w>
     <w lemma="the" pos="d" xml:id="A93281-001-a-5670">the</w>
     <w lemma="lord" pos="n1" xml:id="A93281-001-a-5680">Lord</w>
     <w lemma="from" pos="acp" xml:id="A93281-001-a-5690">from</w>
     <w lemma="the" pos="d" xml:id="A93281-001-a-5700">the</w>
     <w lemma="false" pos="j" xml:id="A93281-001-a-5710">false</w>
     <w lemma="teacher" pos="n2" xml:id="A93281-001-a-5720">Teachers</w>
     <w lemma="to" pos="acp" xml:id="A93281-001-a-5730">to</w>
     <w lemma="the" pos="d" xml:id="A93281-001-a-5740">the</w>
     <w lemma="teach" pos="n1_vg" xml:id="A93281-001-a-5750">teaching</w>
     <w lemma="of" pos="acp" xml:id="A93281-001-a-5760">of</w>
     <w lemma="the" pos="d" xml:id="A93281-001-a-5770">the</w>
     <w lemma="lord" pos="n1" xml:id="A93281-001-a-5780">Lord</w>
     <pc xml:id="A93281-001-a-5790">,</pc>
     <w lemma="from" pos="acp" xml:id="A93281-001-a-5800">from</w>
     <w lemma="the" pos="d" xml:id="A93281-001-a-5810">the</w>
     <w lemma="false" pos="j" xml:id="A93281-001-a-5820">false</w>
     <w lemma="worship" pos="n2" xml:id="A93281-001-a-5830">worships</w>
     <w lemma="to" pos="acp" xml:id="A93281-001-a-5840">to</w>
     <w lemma="the" pos="d" xml:id="A93281-001-a-5850">the</w>
     <w lemma="worship" pos="n1" xml:id="A93281-001-a-5860">worship</w>
     <w lemma="of" pos="acp" xml:id="A93281-001-a-5870">of</w>
     <w lemma="the" pos="d" xml:id="A93281-001-a-5880">the</w>
     <w lemma="lord" pos="n1" xml:id="A93281-001-a-5890">Lord</w>
     <w lemma="in" pos="acp" xml:id="A93281-001-a-5900">in</w>
     <w lemma="spirit" pos="n1" xml:id="A93281-001-a-5910">spirit</w>
     <w lemma="and" pos="cc" xml:id="A93281-001-a-5920">and</w>
     <w lemma="in" pos="acp" xml:id="A93281-001-a-5930">in</w>
     <w lemma="truth" pos="n1" xml:id="A93281-001-a-5940">truth</w>
     <pc xml:id="A93281-001-a-5950">;</pc>
     <w lemma="for" pos="acp" xml:id="A93281-001-a-5960">For</w>
     <w lemma="a" pos="d" xml:id="A93281-001-a-5970">a</w>
     <w lemma="necessity" pos="n1" xml:id="A93281-001-a-5980">necessity</w>
     <w lemma="be" pos="vvd" xml:id="A93281-001-a-5990">was</w>
     <w lemma="lay" pos="vvn" xml:id="A93281-001-a-6000">laid</w>
     <w lemma="upon" pos="acp" xml:id="A93281-001-a-6010">upon</w>
     <w lemma="i" pos="pno" xml:id="A93281-001-a-6020">me</w>
     <w lemma="from" pos="acp" xml:id="A93281-001-a-6030">from</w>
     <w lemma="the" pos="d" xml:id="A93281-001-a-6040">the</w>
     <w lemma="lord" pos="n1" xml:id="A93281-001-a-6050">Lord</w>
     <w lemma="God" pos="n1-nn" xml:id="A93281-001-a-6060">God</w>
     <w lemma="of" pos="acp" xml:id="A93281-001-a-6070">of</w>
     <w lemma="life" pos="n1" xml:id="A93281-001-a-6080">life</w>
     <w lemma="to" pos="to" xml:id="A93281-001-a-6090">to</w>
     <w lemma="be" pos="vvi" xml:id="A93281-001-a-6100">be</w>
     <w lemma="a" pos="d" xml:id="A93281-001-a-6110">a</w>
     <w lemma="sign" pos="n1" reg="sign" xml:id="A93281-001-a-6120">signe</w>
     <pc xml:id="A93281-001-a-6130">:</pc>
     <w lemma="but" pos="acp" xml:id="A93281-001-a-6140">But</w>
     <w lemma="before" pos="acp" xml:id="A93281-001-a-6150">before</w>
     <w lemma="i" pos="pns" xml:id="A93281-001-a-6160">I</w>
     <w lemma="be" pos="vvd" xml:id="A93281-001-a-6170">was</w>
     <w lemma="give" pos="vvn" xml:id="A93281-001-a-6180">given</w>
     <w lemma="up" pos="acp-av" xml:id="A93281-001-a-6190">up</w>
     <w lemma="to" pos="acp" xml:id="A93281-001-a-6200">to</w>
     <w lemma="the" pos="d" xml:id="A93281-001-a-6210">the</w>
     <w lemma="thing" pos="n1" xml:id="A93281-001-a-6220">thing</w>
     <w lemma="it" pos="pn" xml:id="A93281-001-a-6230">it</w>
     <w lemma="be" pos="vvd" xml:id="A93281-001-a-6240">was</w>
     <w lemma="as" pos="acp" xml:id="A93281-001-a-6250">as</w>
     <w lemma="death" pos="n1" xml:id="A93281-001-a-6260">death</w>
     <w lemma="unto" pos="acp" xml:id="A93281-001-a-6270">unto</w>
     <w lemma="i" pos="pno" xml:id="A93281-001-a-6280">me</w>
     <pc xml:id="A93281-001-a-6290">,</pc>
     <w lemma="and" pos="cc" xml:id="A93281-001-a-6300">and</w>
     <w lemma="i" pos="pns" xml:id="A93281-001-a-6310">I</w>
     <w lemma="have" pos="vvd" xml:id="A93281-001-a-6320">had</w>
     <w lemma="rather" pos="av-c" xml:id="A93281-001-a-6330">rather</w>
     <pc xml:id="A93281-001-a-6340">,</pc>
     <w lemma="if" pos="cs" xml:id="A93281-001-a-6350">if</w>
     <w lemma="it" pos="pn" xml:id="A93281-001-a-6360">it</w>
     <w lemma="have" pos="vvd" xml:id="A93281-001-a-6370">had</w>
     <w lemma="be" pos="vvn" xml:id="A93281-001-a-6380">been</w>
     <w lemma="the" pos="d" xml:id="A93281-001-a-6390">the</w>
     <w lemma="lord" pos="n2" xml:id="A93281-001-a-6400">Lords</w>
     <w lemma="will" pos="vmb" xml:id="A93281-001-a-6410">will</w>
     <pc xml:id="A93281-001-a-6420">,</pc>
     <w lemma="have" pos="vvb" xml:id="A93281-001-a-6430">have</w>
     <w lemma="die" pos="vvn" reg="died" xml:id="A93281-001-a-6440">dyed</w>
     <w lemma="then" pos="av" xml:id="A93281-001-a-6450">then</w>
     <w lemma="go" pos="vvn" xml:id="A93281-001-a-6460">gone</w>
     <w lemma="on" pos="acp-av" xml:id="A93281-001-a-6470">on</w>
     <w lemma="in" pos="acp" xml:id="A93281-001-a-6480">in</w>
     <w lemma="this" pos="d" xml:id="A93281-001-a-6490">this</w>
     <w lemma="service" pos="n1" xml:id="A93281-001-a-6500">service</w>
     <pc xml:id="A93281-001-a-6510">;</pc>
     <w lemma="but" pos="acp" xml:id="A93281-001-a-6520">But</w>
     <w lemma="when" pos="crq" xml:id="A93281-001-a-6530">when</w>
     <w lemma="the" pos="d" xml:id="A93281-001-a-6540">the</w>
     <w lemma="word" pos="n1" xml:id="A93281-001-a-6550">Word</w>
     <w lemma="of" pos="acp" xml:id="A93281-001-a-6560">of</w>
     <w lemma="the" pos="d" xml:id="A93281-001-a-6570">the</w>
     <w lemma="lord" pos="n1" xml:id="A93281-001-a-6580">Lord</w>
     <w lemma="come" pos="vvd" xml:id="A93281-001-a-6590">came</w>
     <w lemma="unto" pos="acp" xml:id="A93281-001-a-6600">unto</w>
     <w lemma="i" pos="pno" xml:id="A93281-001-a-6610">me</w>
     <pc xml:id="A93281-001-a-6620">,</pc>
     <w lemma="say" pos="vvg" xml:id="A93281-001-a-6630">saying</w>
     <pc xml:id="A93281-001-a-6640">,</pc>
     <w lemma="go" pos="vvb" xml:id="A93281-001-a-6650">Go</w>
     <w lemma="on" pos="acp-av" xml:id="A93281-001-a-6660">on</w>
     <w lemma="and" pos="cc" xml:id="A93281-001-a-6670">and</w>
     <w lemma="prosper" pos="vvi" xml:id="A93281-001-a-6680">prosper</w>
     <pc xml:id="A93281-001-a-6690">,</pc>
     <w lemma="it" pos="pn" xml:id="A93281-001-a-6700">It</w>
     <w lemma="be" pos="vvd" xml:id="A93281-001-a-6710">was</w>
     <w lemma="sweet" pos="j" xml:id="A93281-001-a-6720">sweet</w>
     <w lemma="unto" pos="acp" xml:id="A93281-001-a-6730">unto</w>
     <w lemma="i" pos="pno" xml:id="A93281-001-a-6740">me</w>
     <pc xml:id="A93281-001-a-6750">,</pc>
     <w lemma="as" pos="acp" xml:id="A93281-001-a-6760">as</w>
     <w lemma="the" pos="d" xml:id="A93281-001-a-6770">the</w>
     <w lemma="honey" pos="n1" xml:id="A93281-001-a-6780">honey</w>
     <w lemma="and" pos="cc" xml:id="A93281-001-a-6790">and</w>
     <w lemma="the" pos="d" xml:id="A93281-001-a-6800">the</w>
     <w lemma="honey" pos="n1" xml:id="A93281-001-a-6810">honey</w>
     <w lemma="Comb." pos="n1-nn" xml:id="A93281-001-a-6820">Comb.</w>
     <w lemma="and" pos="cc" xml:id="A93281-001-a-6830">And</w>
     <w lemma="bless" pos="vvn" xml:id="A93281-001-a-6840">blessed</w>
     <w lemma="say" pos="vvz" xml:id="A93281-001-a-6850">saith</w>
     <w lemma="Christ" pos="n1-nn" xml:id="A93281-001-a-6860">Christ</w>
     <w lemma="be" pos="vvb" xml:id="A93281-001-a-6870">are</w>
     <w lemma="those" pos="d" xml:id="A93281-001-a-6880">those</w>
     <w lemma="that" pos="cs" xml:id="A93281-001-a-6890">that</w>
     <w lemma="hear" pos="vvz" reg="hears" xml:id="A93281-001-a-6900">heares</w>
     <w lemma="my" pos="po" xml:id="A93281-001-a-6910">my</w>
     <w lemma="word" pos="n1" xml:id="A93281-001-a-6920">Word</w>
     <w lemma="and" pos="cc" xml:id="A93281-001-a-6930">and</w>
     <w lemma="keep" pos="vvz" xml:id="A93281-001-a-6940">keeps</w>
     <w lemma="it" pos="pn" xml:id="A93281-001-a-6950">it</w>
     <pc unit="sentence" xml:id="A93281-001-a-6960">.</pc>
    </p>
    <closer xml:id="A93281-e100">
     <signed xml:id="A93281-e110">
      <w lemma="William" pos="n1-nn" xml:id="A93281-001-a-6970">William</w>
      <w lemma="simpson" pos="n1-nn" xml:id="A93281-001-a-6980">Simpson</w>
      <pc unit="sentence" xml:id="A93281-001-a-6990">.</pc>
     </signed>
    </closer>
   </div>
  </body>
  <back xml:id="A93281-e120">
   <div type="colophon" xml:id="A93281-e130">
    <p xml:id="A93281-e140">
     <w lemma="LONDON" pos="n1-nn" xml:id="A93281-001-a-7000">LONDON</w>
     <pc xml:id="A93281-001-a-7010">,</pc>
     <hi xml:id="A93281-e150">
      <w lemma="print" pos="vvn" xml:id="A93281-001-a-7020">Printed</w>
      <w lemma="for" pos="acp" xml:id="A93281-001-a-7030">for</w>
     </hi>
     <w lemma="Robert" pos="n1-nn" xml:id="A93281-001-a-7040">Robert</w>
     <w lemma="Wilson" pos="n1-nn" xml:id="A93281-001-a-7050">Wilson</w>
     <pc xml:id="A93281-001-a-7060">,</pc>
     <hi xml:id="A93281-e160">
      <w lemma="at" pos="acp" xml:id="A93281-001-a-7070">at</w>
      <w lemma="the" pos="d" xml:id="A93281-001-a-7080">the</w>
     </hi>
     <w lemma="black-spread-eagle" pos="n1" xml:id="A93281-001-a-7090">Black-Spread-Eagle</w>
     <pc xml:id="A93281-001-a-7100">,</pc>
     <hi xml:id="A93281-e170">
      <w lemma="in" pos="acp" xml:id="A93281-001-a-7110">in</w>
     </hi>
     <w lemma="Martin" pos="n1g-nn" reg="Martin's" xml:id="A93281-001-a-7120">Martins</w>
     <hi xml:id="A93281-e180">
      <w lemma="near" pos="j" xml:id="A93281-001-a-7130">near</w>
     </hi>
     <w lemma="Aldersgate" pos="n1-nn" xml:id="A93281-001-a-7140">Aldersgate</w>
     <pc xml:id="A93281-001-a-7150">,</pc>
     <w lemma="1666." pos="crd" xml:id="A93281-001-a-7160">1666.</w>
     <pc unit="sentence" xml:id="A93281-001-a-7170"/>
    </p>
   </div>
  </back>
 </text>
</TEI>
