<?xml version="1.0" encoding="UTF-8"?>
<?xml-model href="http://schemata.earlyprint.org/schemata/tei_earlyprint.rng" type="application/xml" schematypens="http://relaxng.org/ns/structure/1.0"?>
<TEI xmlns="http://www.tei-c.org/ns/1.0" xml:id="A96485">
 <teiHeader>
  <fileDesc>
   <titleStmt>
    <title>The loyal nonconformist; or, An account what he dare swear, and vvhat not.</title>
    <author>Wild, Robert, 1609-1679.</author>
   </titleStmt>
   <editionStmt>
    <edition>This text is an enriched version of the TCP digital transcription A96485 of text R228842 in the <ref target="http;//estc.bl.uk">English Short Title Catalog</ref> (Wing W2141). Textual changes  and metadata enrichments aim at making the                             text more  computationally tractable, easier to read, and suitable for network-based collaborative                              curation by amateur and professional end users from many walks of life.  The text has been tokenized and linguistically annotated with <ref target="http://morphadorner.northwestern.edu/morphadorner/">MorphAdorner</ref>. The annotation includes standard spellings that support the display of a text in                             a standardized format that preserves archaic forms ('loveth', 'seekest').                              Textual changes aim at restoring the text the author or stationer meant to publish.</edition>
    <respStmt>
     <resp>This text has not been fully proofread</resp>
     <name/>
    </respStmt>
   </editionStmt>
   <extent>Approx. 5 KB of XML-encoded text transcribed from 1 1-bit group-IV TIFF page image.</extent>
   <publicationStmt>
    <publisher>EarlyPrint Project</publisher>
    <pubPlace>Evanston,IL, Notre Dame, IN, St. Louis, MO</pubPlace>
    <date>2018</date>
    <idno type="DLPS">A96485</idno>
    <idno type="STC">Wing W2141</idno>
    <idno type="STC">ESTC R228842</idno>
    <idno type="EEBO-CITATION">45578507</idno>
    <idno type="OCLC">ocm 45578507</idno>
    <idno type="VID">172420</idno>
    <availability>
     <p>
            This keyboarded and encoded edition of the work described above is co-owned by the institutions providing financial support to the Early English Books Online Text Creation Partnership. This Phase I text is available for reuse, according to the terms of
            <ref target="https://creativecommons.org/publicdomain/zero/1.0/">Creative Commons 0 1.0 Universal</ref>
            . The text can be copied, modified, distributed and performed, even for commercial purposes, all without asking permission.
          </p>
    </availability>
   </publicationStmt>
   <seriesStmt>
    <title>Early English books online.</title>
   </seriesStmt>
   <notesStmt>
    <note>(EEBO-TCP ; phase 1, no. A96485)</note>
    <note>Transcribed from: (Early English Books Online ; image set 172420)</note>
    <note>Images scanned from microfilm: (Early English books, 1641-1700 ; 2628:42)</note>
   </notesStmt>
   <sourceDesc>
    <biblFull>
     <titleStmt>
      <title>The loyal nonconformist; or, An account what he dare swear, and vvhat not.</title>
      <author>Wild, Robert, 1609-1679.</author>
     </titleStmt>
     <extent>1 sheet ([1] p.)</extent>
     <publicationStmt>
      <publisher>s.n.],</publisher>
      <pubPlace>[London :</pubPlace>
      <date>Printed in the year, 1666.</date>
     </publicationStmt>
     <notesStmt>
      <note>Signed: R.W.</note>
      <note>Author and place of publication suggested by Wing.</note>
      <note>In verse.</note>
      <note>Reproduction of original in the Society of Antiquaries (London, England).</note>
     </notesStmt>
    </biblFull>
   </sourceDesc>
  </fileDesc>
  <profileDesc>
   <langUsage>
    <language ident="eng">eng</language>
   </langUsage>
   <textClass>
    <keywords scheme="http://authorities.loc.gov/">
     <term>Loyalty oaths -- Early works to 1800.</term>
     <term>Dissenters, Religious -- England.</term>
     <term>Broadsides -- England -- 17th century.</term>
    </keywords>
   </textClass>
  </profileDesc>
  <xenoData>
   <ep:epHeader xmlns:ep="http://earlyprint.org/ns/1.0">
    <ep:corpus>eebo</ep:corpus>
    <ep:title>The loyal nonconformist; or, An account what he dare swear, and vvhat not.</ep:title>
    <ep:author>Wild, Robert</ep:author>
    <ep:publicationYear>1666</ep:publicationYear>
    <ep:creationYear/>
    <ep:curator>
     <ep:name/>
    </ep:curator>
    <ep:pageCount>1</ep:pageCount>
    <ep:wordCount>814</ep:wordCount>
    <ep:defectiveTokenCount>4</ep:defectiveTokenCount>
    <ep:untranscribedForeignCount>0</ep:untranscribedForeignCount>
    <ep:untranscribedMathCount>0</ep:untranscribedMathCount>
    <ep:untranscribedMusicCount>0</ep:untranscribedMusicCount>
    <ep:missingChunkCount>0</ep:missingChunkCount>
    <ep:missingPagesCount>0</ep:missingPagesCount>
    <ep:defectRate>49.14</ep:defectRate>
    <ep:finalGrade>D</ep:finalGrade>
    <ep:defectRangePerGrade> The  rate of 49.14 defects per 10,000 words puts this text in the D category of texts with between 35 and 100 defects per 10,000 words.</ep:defectRangePerGrade>
   </ep:epHeader>
  </xenoData>
  <revisionDesc>
   <change><date>2007-06</date><label>TCP</label>
        Assigned for keying and markup
      </change>
   <change><date>2007-06</date><label>Apex CoVantage</label>
        Keyed and coded from ProQuest page images
      </change>
   <change><date>2007-11</date><label>Elspeth Healey</label>
        Sampled and proofread
      </change>
   <change><date>2007-11</date><label>Elspeth Healey</label>
        Text and markup reviewed and edited
      </change>
   <change><date>2008-02</date><label>pfs</label>
        Batch review (QC) and XML conversion
      </change>
  </revisionDesc>
 </teiHeader>
 <text xml:id="A96485-t">
  <body xml:id="A96485-e0">
   <div type="poem" xml:id="A96485-e10">
    <pb facs="tcp:172420:1" rendition="simple:additions" xml:id="A96485-001-a"/>
    <head xml:id="A96485-e20">
     <w lemma="the" pos="d" xml:id="A96485-001-a-0010">The</w>
     <w lemma="loyal" pos="j" xml:id="A96485-001-a-0020">Loyal</w>
     <w lemma="nonconformist" pos="n1" xml:id="A96485-001-a-0030">Nonconformist</w>
     <pc xml:id="A96485-001-a-0040">;</pc>
     <w lemma="or" pos="cc" xml:id="A96485-001-a-0050">OR</w>
     <pc xml:id="A96485-001-a-0060">,</pc>
     <w lemma="a" pos="d" xml:id="A96485-001-a-0070">An</w>
     <w lemma="account" pos="n1" xml:id="A96485-001-a-0080">Account</w>
     <w lemma="what" pos="crq" xml:id="A96485-001-a-0090">what</w>
     <w lemma="he" pos="pns" xml:id="A96485-001-a-0100">he</w>
     <w lemma="dare" pos="vvb" xml:id="A96485-001-a-0110">dare</w>
     <w lemma="swear" pos="vvi" xml:id="A96485-001-a-0120">swear</w>
     <pc xml:id="A96485-001-a-0130">,</pc>
     <w lemma="and" pos="cc" xml:id="A96485-001-a-0140">and</w>
     <w lemma="what" pos="crq-q" xml:id="A96485-001-a-0150">what</w>
     <w lemma="not" pos="xx" xml:id="A96485-001-a-0160">not</w>
     <pc unit="sentence" xml:id="A96485-001-a-0170">.</pc>
    </head>
    <lg xml:id="A96485-e30">
     <l xml:id="A96485-e40">
      <w lemma="i" pos="pns" xml:id="A96485-001-a-0180">I</w>
      <w lemma="fear" pos="vvb" xml:id="A96485-001-a-0190">Fear</w>
      <w lemma="a" pos="d" xml:id="A96485-001-a-0200">an</w>
      <w lemma="oath" pos="n1" xml:id="A96485-001-a-0210">Oath</w>
      <pc xml:id="A96485-001-a-0220">,</pc>
      <w lemma="before" pos="acp" xml:id="A96485-001-a-0230">before</w>
      <w lemma="i" pos="pns" xml:id="A96485-001-a-0240">I</w>
      <w lemma="swear" pos="vvb" xml:id="A96485-001-a-0250">swear</w>
      <w lemma="to" pos="to" xml:id="A96485-001-a-0260">to</w>
      <w lemma="take" pos="vvi" xml:id="A96485-001-a-0270">take</w>
      <w lemma="it" pos="pn" xml:id="A96485-001-a-0280">it</w>
      <pc xml:id="A96485-001-a-0290">;</pc>
     </l>
     <l xml:id="A96485-e50">
      <w lemma="and" pos="cc" xml:id="A96485-001-a-0300">And</w>
      <w lemma="well" pos="av" xml:id="A96485-001-a-0310">well</w>
      <w lemma="i" pos="pns" xml:id="A96485-001-a-0320">I</w>
      <w lemma="may" pos="vmb" xml:id="A96485-001-a-0330">may</w>
      <pc xml:id="A96485-001-a-0340">,</pc>
      <w lemma="for" pos="acp" xml:id="A96485-001-a-0350">for</w>
      <w join="right" lemma="it" pos="pn" xml:id="A96485-001-a-0360">'t</w>
      <w join="left" lemma="be" pos="vvz" xml:id="A96485-001-a-0361">is</w>
      <w lemma="the" pos="d" xml:id="A96485-001-a-0370">the</w>
      <hi xml:id="A96485-e60">
       <w lemma="oath" pos="n1" xml:id="A96485-001-a-0380">Oath</w>
       <w lemma="of" pos="acp" xml:id="A96485-001-a-0390">of</w>
       <w lemma="God" pos="n1-nn" xml:id="A96485-001-a-0400">God</w>
      </hi>
      <pc rendition="#follows-hi" xml:id="A96485-001-a-0410">:</pc>
     </l>
     <l xml:id="A96485-e70">
      <w lemma="i" pos="pns" xml:id="A96485-001-a-0420">I</w>
      <w lemma="fear" pos="vvb" xml:id="A96485-001-a-0430">fear</w>
      <w lemma="a" pos="d" xml:id="A96485-001-a-0440">an</w>
      <w lemma="oath" pos="n1" xml:id="A96485-001-a-0450">Oath</w>
      <pc xml:id="A96485-001-a-0460">,</pc>
      <w lemma="when" pos="crq" xml:id="A96485-001-a-0470">when</w>
      <w lemma="i" pos="pns" xml:id="A96485-001-a-0480">I</w>
      <w lemma="have" pos="vvb" xml:id="A96485-001-a-0490">have</w>
      <w lemma="swear" pos="vvn" xml:id="A96485-001-a-0500">sworn</w>
      <pc xml:id="A96485-001-a-0510">,</pc>
      <w lemma="to" pos="to" xml:id="A96485-001-a-0520">to</w>
      <w lemma="break" pos="vvi" xml:id="A96485-001-a-0530">break</w>
      <w lemma="it" pos="pn" xml:id="A96485-001-a-0540">it</w>
      <pc xml:id="A96485-001-a-0550">;</pc>
     </l>
     <l xml:id="A96485-e80">
      <w lemma="and" pos="cc" xml:id="A96485-001-a-0560">And</w>
      <w lemma="well" pos="av" xml:id="A96485-001-a-0570">well</w>
      <w lemma="i" pos="pns" xml:id="A96485-001-a-0580">I</w>
      <w lemma="may" pos="vmb" xml:id="A96485-001-a-0590">may</w>
      <pc xml:id="A96485-001-a-0600">,</pc>
      <w lemma="for" pos="acp" xml:id="A96485-001-a-0610">for</w>
      <w lemma="vengeance" pos="n1" xml:id="A96485-001-a-0620">Vengeance</w>
      <w lemma="have" pos="vvz" xml:id="A96485-001-a-0630">hath</w>
      <w lemma="a" pos="d" xml:id="A96485-001-a-0640">a</w>
      <w lemma="rod." pos="ab" xml:id="A96485-001-a-0650">Rod.</w>
      <pc unit="sentence" xml:id="A96485-001-a-0660"/>
     </l>
    </lg>
    <lg xml:id="A96485-e90">
     <l xml:id="A96485-e100">
      <w lemma="and" pos="cc" xml:id="A96485-001-a-0670">And</w>
      <w lemma="yet" pos="av" xml:id="A96485-001-a-0680">yet</w>
      <w lemma="i" pos="pns" xml:id="A96485-001-a-0690">I</w>
      <w lemma="may" pos="vmb" xml:id="A96485-001-a-0700">may</w>
      <w lemma="swear" pos="vvi" xml:id="A96485-001-a-0710">swear</w>
      <pc xml:id="A96485-001-a-0720">,</pc>
      <w lemma="and" pos="cc" xml:id="A96485-001-a-0730">and</w>
      <w lemma="must" pos="vmb" xml:id="A96485-001-a-0740">must</w>
      <w lemma="too" pos="av" xml:id="A96485-001-a-0750">too</w>
      <pc xml:id="A96485-001-a-0760">,</pc>
      <w join="right" lemma="it" pos="pn" xml:id="A96485-001-a-0770">'t</w>
      <w join="left" lemma="be" pos="vvz" xml:id="A96485-001-a-0771">is</w>
      <w lemma="due" pos="j" xml:id="A96485-001-a-0780">due</w>
     </l>
     <l xml:id="A96485-e110">
      <w lemma="both" pos="av_d" xml:id="A96485-001-a-0790">Both</w>
      <w lemma="to" pos="acp" xml:id="A96485-001-a-0800">to</w>
      <w lemma="my" pos="po" xml:id="A96485-001-a-0810">my</w>
      <w lemma="heavenly" pos="j" reg="Heavenly" xml:id="A96485-001-a-0820">Heav'nly</w>
      <pc xml:id="A96485-001-a-0830">,</pc>
      <w lemma="and" pos="cc" xml:id="A96485-001-a-0840">and</w>
      <w lemma="my" pos="po" xml:id="A96485-001-a-0850">my</w>
      <w lemma="earthly" pos="j" xml:id="A96485-001-a-0860">Earthly</w>
      <w lemma="king" pos="n1" xml:id="A96485-001-a-0870">King</w>
      <pc xml:id="A96485-001-a-0880">:</pc>
     </l>
     <l xml:id="A96485-e120">
      <w lemma="if" pos="cs" xml:id="A96485-001-a-0890">If</w>
      <w lemma="i" pos="pns" xml:id="A96485-001-a-0900">I</w>
      <w lemma="assent" pos="vvi" xml:id="A96485-001-a-0910">assent</w>
      <pc xml:id="A96485-001-a-0920">,</pc>
      <w lemma="it" pos="pn" xml:id="A96485-001-a-0930">it</w>
      <w lemma="must" pos="vmb" xml:id="A96485-001-a-0940">must</w>
      <w lemma="be" pos="vvi" xml:id="A96485-001-a-0950">be</w>
      <w lemma="full" pos="j" xml:id="A96485-001-a-0960">full</w>
      <w lemma="and" pos="cc" xml:id="A96485-001-a-0970">and</w>
      <w lemma="true" pos="j" xml:id="A96485-001-a-0980">true</w>
      <pc xml:id="A96485-001-a-0990">;</pc>
     </l>
     <l xml:id="A96485-e130">
      <w lemma="and" pos="cc" xml:id="A96485-001-a-1000">And</w>
      <w lemma="if" pos="cs" xml:id="A96485-001-a-1010">if</w>
      <w lemma="i" pos="pns" xml:id="A96485-001-a-1020">I</w>
      <w lemma="promise" pos="vvb" xml:id="A96485-001-a-1030">promise</w>
      <pc xml:id="A96485-001-a-1040">,</pc>
      <w lemma="i" pos="pns" xml:id="A96485-001-a-1050">I</w>
      <w lemma="must" pos="vmb" xml:id="A96485-001-a-1060">must</w>
      <w lemma="do" pos="vvi" xml:id="A96485-001-a-1070">do</w>
      <w lemma="the" pos="d" xml:id="A96485-001-a-1080">the</w>
      <w lemma="thing" pos="n1" xml:id="A96485-001-a-1090">thing</w>
      <pc unit="sentence" xml:id="A96485-001-a-1100">.</pc>
     </l>
    </lg>
    <lg xml:id="A96485-e140">
     <l xml:id="A96485-e150">
      <w lemma="i" pos="pns" xml:id="A96485-001-a-1110">I</w>
      <w lemma="be" pos="vvm" xml:id="A96485-001-a-1120">am</w>
      <w lemma="no" pos="d-x" xml:id="A96485-001-a-1130">no</w>
      <w lemma="quaker" pos="n1-nn" rendition="#hi" xml:id="A96485-001-a-1140">Quaker</w>
      <pc xml:id="A96485-001-a-1150">,</pc>
      <w lemma="not" pos="xx" xml:id="A96485-001-a-1160">not</w>
      <w lemma="at" pos="acp" xml:id="A96485-001-a-1170">at</w>
      <w lemma="all" pos="d" xml:id="A96485-001-a-1180">all</w>
      <w lemma="to" pos="to" xml:id="A96485-001-a-1190">to</w>
      <w lemma="swear" pos="vvi" xml:id="A96485-001-a-1200">swear</w>
      <pc xml:id="A96485-001-a-1210">;</pc>
     </l>
     <l xml:id="A96485-e170">
      <w lemma="nor" pos="cc-x" xml:id="A96485-001-a-1220">Nor</w>
      <w lemma="Papist" pos="n1-nn_j" rendition="#hi" xml:id="A96485-001-a-1230">Papist</w>
      <pc xml:id="A96485-001-a-1240">,</pc>
      <w lemma="to" pos="to" xml:id="A96485-001-a-1250">to</w>
      <w lemma="swear" pos="vvi" xml:id="A96485-001-a-1260">swear</w>
      <w lemma="east" pos="n1" xml:id="A96485-001-a-1270">East</w>
      <pc xml:id="A96485-001-a-1280">,</pc>
      <w lemma="and" pos="cc" xml:id="A96485-001-a-1290">and</w>
      <w lemma="mean" pos="vvb" xml:id="A96485-001-a-1300">mean</w>
      <w lemma="the" pos="d" xml:id="A96485-001-a-1310">the</w>
      <w lemma="west" pos="n1" xml:id="A96485-001-a-1320">West</w>
      <pc xml:id="A96485-001-a-1330">;</pc>
     </l>
     <l xml:id="A96485-e190">
      <w lemma="but" pos="acp" xml:id="A96485-001-a-1340">But</w>
      <w lemma="be" pos="vvm" xml:id="A96485-001-a-1350">am</w>
      <w lemma="a" pos="d" xml:id="A96485-001-a-1360">a</w>
      <w lemma="Protestant" pos="n1-nn_j" rendition="#hi" xml:id="A96485-001-a-1370">Protestant</w>
      <pc xml:id="A96485-001-a-1380">,</pc>
      <w lemma="and" pos="cc" xml:id="A96485-001-a-1390">and</w>
      <w lemma="shall" pos="vmb" xml:id="A96485-001-a-1400">shall</w>
      <w lemma="declare" pos="vvi" xml:id="A96485-001-a-1410">declare</w>
     </l>
     <l xml:id="A96485-e210">
      <w lemma="what" pos="crq" xml:id="A96485-001-a-1420">What</w>
      <hi xml:id="A96485-e220">
       <w lemma="i" pos="pns" xml:id="A96485-001-a-1430">I</w>
       <w lemma="can" pos="vmb-x" xml:id="A96485-001-a-1440">cannot</w>
      </hi>
      <pc rendition="#follows-hi" xml:id="A96485-001-a-1450">,</pc>
      <w lemma="and" pos="cc" xml:id="A96485-001-a-1460">and</w>
      <w lemma="what" pos="crq" xml:id="A96485-001-a-1470">what</w>
      <hi xml:id="A96485-e230">
       <w lemma="i" pos="pns" xml:id="A96485-001-a-1480">I</w>
       <w lemma="can" pos="vmb" xml:id="A96485-001-a-1490">can</w>
      </hi>
      <w lemma="protest" pos="vvi" xml:id="A96485-001-a-1500">protest</w>
      <pc unit="sentence" xml:id="A96485-001-a-1510">.</pc>
     </l>
    </lg>
    <lg xml:id="A96485-e240">
     <l xml:id="A96485-e250">
      <w lemma="i" pos="pns" xml:id="A96485-001-a-1520">I</w>
      <w lemma="never" pos="av-x" xml:id="A96485-001-a-1530">never</w>
      <w lemma="will" pos="vmb" xml:id="A96485-001-a-1540">will</w>
      <w lemma="endeavour" pos="vvi" xml:id="A96485-001-a-1550">endeavour</w>
      <w lemma="alteration" pos="n1" xml:id="A96485-001-a-1560">Alteration</w>
     </l>
     <l xml:id="A96485-e260">
      <w lemma="of" pos="acp" xml:id="A96485-001-a-1570">Of</w>
      <w lemma="monarchy" pos="n1" xml:id="A96485-001-a-1580">Monarchy</w>
      <pc xml:id="A96485-001-a-1590">,</pc>
      <w lemma="or" pos="cc" xml:id="A96485-001-a-1600">or</w>
      <w lemma="of" pos="acp" xml:id="A96485-001-a-1610">of</w>
      <w lemma="that" pos="d" xml:id="A96485-001-a-1620">that</w>
      <w lemma="royal" pos="j" xml:id="A96485-001-a-1630">Royal</w>
      <w lemma="name" pos="n1" xml:id="A96485-001-a-1640">Name</w>
      <pc xml:id="A96485-001-a-1650">,</pc>
     </l>
     <l xml:id="A96485-e270">
      <w lemma="which" pos="crq" xml:id="A96485-001-a-1660">Which</w>
      <w lemma="God" pos="n1-nn" xml:id="A96485-001-a-1670">God</w>
      <w lemma="have" pos="vvz" xml:id="A96485-001-a-1680">hath</w>
      <w lemma="choose" pos="vvn" xml:id="A96485-001-a-1690">chosen</w>
      <w lemma="to" pos="to" xml:id="A96485-001-a-1700">to</w>
      <w lemma="command" pos="vvi" reg="command" xml:id="A96485-001-a-1710">cōmand</w>
      <w lemma="this" pos="d" xml:id="A96485-001-a-1720">this</w>
      <w lemma="nation" pos="n1" xml:id="A96485-001-a-1730">Nation</w>
      <pc xml:id="A96485-001-a-1740">,</pc>
     </l>
     <l xml:id="A96485-e280">
      <w lemma="but" pos="acp" xml:id="A96485-001-a-1750">But</w>
      <w lemma="will" pos="vmb" xml:id="A96485-001-a-1760">will</w>
      <w lemma="maintain" pos="vvi" xml:id="A96485-001-a-1770">maintain</w>
      <w lemma="his" pos="po" xml:id="A96485-001-a-1780">his</w>
      <w lemma="person" pos="n1" xml:id="A96485-001-a-1790">Person</w>
      <pc xml:id="A96485-001-a-1800">,</pc>
      <w lemma="crown" pos="n1" xml:id="A96485-001-a-1810">Crown</w>
      <w lemma="&amp;" pos="cc" xml:id="A96485-001-a-1820">&amp;</w>
      <w lemma="fame" pos="n1" xml:id="A96485-001-a-1830">Fame</w>
      <pc xml:id="A96485-001-a-1840">:</pc>
     </l>
    </lg>
    <lg xml:id="A96485-e290">
     <l xml:id="A96485-e300">
      <w lemma="what" pos="crq" xml:id="A96485-001-a-1850">What</w>
      <w lemma="he" pos="pns" xml:id="A96485-001-a-1860">he</w>
      <w lemma="command" pos="vvz" xml:id="A96485-001-a-1870">commands</w>
      <pc xml:id="A96485-001-a-1880">,</pc>
      <w lemma="if" pos="cs" xml:id="A96485-001-a-1890">if</w>
      <w lemma="conscience" pos="n1" rendition="#hi" xml:id="A96485-001-a-1900">Conscience</w>
      <w lemma="say" pos="vvb" xml:id="A96485-001-a-1910">say</w>
      <w lemma="not" pos="xx" xml:id="A96485-001-a-1920">not</w>
      <w lemma="nay" pos="uh-x" xml:id="A96485-001-a-1930">nay</w>
      <pc xml:id="A96485-001-a-1940">,</pc>
     </l>
     <l xml:id="A96485-e320">
      <pc join="right" xml:id="A96485-001-a-1950">(</pc>
      <w lemma="for" pos="acp" xml:id="A96485-001-a-1960">For</w>
      <w lemma="conscience" pos="n1" rendition="#hi" xml:id="A96485-001-a-1970">Conscience</w>
      <w lemma="be" pos="vvz" xml:id="A96485-001-a-1980">is</w>
      <w lemma="a" pos="d" xml:id="A96485-001-a-1990">a</w>
      <w lemma="great" pos="j-c" xml:id="A96485-001-a-2000">greater</w>
      <w lemma="king" pos="n1" xml:id="A96485-001-a-2010">King</w>
      <w lemma="than" pos="cs" xml:id="A96485-001-a-2020">than</w>
      <w lemma="he" pos="pns" xml:id="A96485-001-a-2030">he</w>
      <pc xml:id="A96485-001-a-2040">)</pc>
     </l>
     <l xml:id="A96485-e340">
      <w lemma="for" pos="acp" xml:id="A96485-001-a-2050">For</w>
      <w lemma="conscience-sake" pos="n1" rendition="#hi" xml:id="A96485-001-a-2060">Conscience-sake</w>
      <pc xml:id="A96485-001-a-2070">,</pc>
      <w lemma="not" pos="xx" xml:id="A96485-001-a-2080">not</w>
      <w lemma="fear" pos="n1" rendition="#hi" xml:id="A96485-001-a-2090">Fear</w>
      <pc xml:id="A96485-001-a-2100">,</pc>
      <w lemma="i" pos="pns" xml:id="A96485-001-a-2110">I</w>
      <w lemma="will" pos="vmb" xml:id="A96485-001-a-2120">will</w>
      <w lemma="obey" pos="vvi" xml:id="A96485-001-a-2130">obey</w>
      <pc xml:id="A96485-001-a-2140">;</pc>
     </l>
     <l xml:id="A96485-e370">
      <w lemma="and" pos="cc" xml:id="A96485-001-a-2150">And</w>
      <w lemma="if" pos="cs" xml:id="A96485-001-a-2160">if</w>
      <w lemma="not" pos="xx" xml:id="A96485-001-a-2170">not</w>
      <hi xml:id="A96485-e380">
       <w lemma="active" pos="j" xml:id="A96485-001-a-2180">Active</w>
       <pc xml:id="A96485-001-a-2190">,</pc>
       <w lemma="passive" pos="j" xml:id="A96485-001-a-2200">Passive</w>
      </hi>
      <w lemma="i" pos="pns" xml:id="A96485-001-a-2210">I</w>
      <w lemma="will" pos="vmb" xml:id="A96485-001-a-2220">will</w>
      <w lemma="be" pos="vvi" xml:id="A96485-001-a-2230">be</w>
      <pc unit="sentence" xml:id="A96485-001-a-2240">.</pc>
     </l>
    </lg>
    <lg xml:id="A96485-e390">
     <l xml:id="A96485-e400">
      <w join="right" lemma="i" pos="pns" xml:id="A96485-001-a-2250">I</w>
      <w join="left" lemma="will" pos="vmb" xml:id="A96485-001-a-2251">'ll</w>
      <w lemma="pray" pos="vvb" xml:id="A96485-001-a-2260">pray</w>
      <w lemma="that" pos="cs" xml:id="A96485-001-a-2270">that</w>
      <w lemma="all" pos="d" xml:id="A96485-001-a-2280">all</w>
      <w lemma="his" pos="po" xml:id="A96485-001-a-2290">his</w>
      <w lemma="subject" pos="n2" xml:id="A96485-001-a-2300">Subjects</w>
      <w lemma="may" pos="vmb" xml:id="A96485-001-a-2310">may</w>
      <w lemma="agree" pos="vvi" xml:id="A96485-001-a-2320">agree</w>
      <pc xml:id="A96485-001-a-2330">,</pc>
     </l>
     <l xml:id="A96485-e410">
      <w lemma="and" pos="cc" xml:id="A96485-001-a-2340">And</w>
      <w lemma="never" pos="av-x" xml:id="A96485-001-a-2350">never</w>
      <w lemma="more" pos="av-c_d" xml:id="A96485-001-a-2360">more</w>
      <w lemma="be" pos="vvi" xml:id="A96485-001-a-2370">be</w>
      <w lemma="crumble" pos="vvn" xml:id="A96485-001-a-2380">crumbled</w>
      <w lemma="into" pos="acp" xml:id="A96485-001-a-2390">into</w>
      <w lemma="part" pos="n2" xml:id="A96485-001-a-2400">parts</w>
      <pc xml:id="A96485-001-a-2410">;</pc>
     </l>
     <l xml:id="A96485-e420">
      <w lemma="i" pos="pns" xml:id="A96485-001-a-2420">I</w>
      <w lemma="will" pos="vmb" xml:id="A96485-001-a-2430">will</w>
      <w lemma="endeavour" pos="vvi" xml:id="A96485-001-a-2440">endeavour</w>
      <w lemma="that" pos="cs" xml:id="A96485-001-a-2450">that</w>
      <w lemma="his" pos="po" xml:id="A96485-001-a-2460">his</w>
      <w lemma="majesty" pos="n1" reg="Majesty" xml:id="A96485-001-a-2470">Majestie</w>
     </l>
     <l xml:id="A96485-e430">
      <w lemma="M●y" pos="n1-nn" xml:id="A96485-001-a-2480">M●y</w>
      <w lemma="not" pos="xx" xml:id="A96485-001-a-2490">not</w>
      <w lemma="be" pos="vvi" xml:id="A96485-001-a-2500">be</w>
      <w lemma="king" pos="n1" xml:id="A96485-001-a-2510">King</w>
      <w lemma="of" pos="acp" xml:id="A96485-001-a-2520">of</w>
      <w lemma="club" pos="n2" rendition="#hi" xml:id="A96485-001-a-2530">Clubs</w>
      <pc xml:id="A96485-001-a-2540">,</pc>
      <w lemma="but" pos="acp" xml:id="A96485-001-a-2550">but</w>
      <w lemma="king" pos="n1" xml:id="A96485-001-a-2560">King</w>
      <w lemma="of" pos="acp" xml:id="A96485-001-a-2570">of</w>
      <w lemma="heart" pos="n2" rendition="#hi" xml:id="A96485-001-a-2580">Hearts</w>
      <pc unit="sentence" xml:id="A96485-001-a-2590">.</pc>
     </l>
    </lg>
    <lg xml:id="A96485-e460">
     <l xml:id="A96485-e470">
      <w lemma="the" pos="d" xml:id="A96485-001-a-2600">The</w>
      <hi xml:id="A96485-e480">
       <w lemma="royal" pos="j" xml:id="A96485-001-a-2610">Royal</w>
       <w lemma="Oa●" pos="n1-nn" xml:id="A96485-001-a-2620">Oa●</w>
      </hi>
      <w lemma="i" pos="pns" xml:id="A96485-001-a-2630">I</w>
      <w lemma="swear" pos="vvb" xml:id="A96485-001-a-2640">swear</w>
      <w lemma="i" pos="pns" xml:id="A96485-001-a-2650">I</w>
      <w lemma="will" pos="vmb" xml:id="A96485-001-a-2660">will</w>
      <w lemma="defend" pos="vvi" xml:id="A96485-001-a-2670">defend</w>
      <pc xml:id="A96485-001-a-2680">;</pc>
     </l>
     <l xml:id="A96485-e490">
      <w lemma="but" pos="acp" xml:id="A96485-001-a-2690">But</w>
      <w lemma="〈◊〉" pos="zz" xml:id="A96485-001-a-2700">〈◊〉</w>
      <w lemma="〈◊〉" pos="zz" xml:id="A96485-001-a-2710">〈◊〉</w>
      <w lemma="ivy" pos="n1" rendition="#hi" xml:id="A96485-001-a-2720">Ivy</w>
      <w lemma="which" pos="crq" xml:id="A96485-001-a-2730">which</w>
      <w lemma="do" pos="vvz" xml:id="A96485-001-a-2740">doth</w>
      <w lemma="hug" pos="vvi" xml:id="A96485-001-a-2750">hug</w>
      <w lemma="it" pos="pn" xml:id="A96485-001-a-2760">it</w>
      <w lemma="so" pos="av" xml:id="A96485-001-a-2770">so</w>
      <pc xml:id="A96485-001-a-2780">,</pc>
     </l>
     <l xml:id="A96485-e510">
      <w lemma="i" pos="pns" xml:id="A96485-001-a-2790">I</w>
      <w lemma="swar" pos="n1" xml:id="A96485-001-a-2800">swar</w>
      <w lemma="that" pos="cs" xml:id="A96485-001-a-2810">that</w>
      <w lemma="be" pos="vvz" xml:id="A96485-001-a-2820">is</w>
      <w lemma="a" pos="d" xml:id="A96485-001-a-2830">a</w>
      <w lemma="thief" pos="n1" xml:id="A96485-001-a-2840">Thief</w>
      <pc xml:id="A96485-001-a-2850">,</pc>
      <w lemma="and" pos="cc" xml:id="A96485-001-a-2860">and</w>
      <w lemma="not" pos="xx" xml:id="A96485-001-a-2870">not</w>
      <w lemma="a" pos="d" xml:id="A96485-001-a-2880">a</w>
      <w lemma="friend" pos="n1" xml:id="A96485-001-a-2890">Friend</w>
      <pc xml:id="A96485-001-a-2900">,</pc>
     </l>
     <l xml:id="A96485-e520">
      <w lemma="and" pos="cc" xml:id="A96485-001-a-2910">And</w>
      <w lemma="about" pos="acp" xml:id="A96485-001-a-2920">about</w>
      <w lemma="steeple" pos="n2" xml:id="A96485-001-a-2930">Steeples</w>
      <w lemma="fit" pos="j-c" xml:id="A96485-001-a-2940">fitter</w>
      <w lemma="for" pos="acp" xml:id="A96485-001-a-2950">for</w>
      <w lemma="to" pos="to" xml:id="A96485-001-a-2960">to</w>
      <w lemma="grow" pos="vvi" xml:id="A96485-001-a-2970">grow</w>
      <pc unit="sentence" xml:id="A96485-001-a-2980">.</pc>
     </l>
    </lg>
    <lg xml:id="A96485-e530">
     <l xml:id="A96485-e540">
      <w lemma="the" pos="d" xml:id="A96485-001-a-2990">The</w>
      <w lemma="civil-government" pos="n1" xml:id="A96485-001-a-3000">Civil-Government</w>
      <w lemma="i" pos="pns" xml:id="A96485-001-a-3010">I</w>
      <w lemma="will" pos="vmb" xml:id="A96485-001-a-3020">will</w>
      <w lemma="obey" pos="vvi" xml:id="A96485-001-a-3030">obey</w>
      <pc xml:id="A96485-001-a-3040">;</pc>
     </l>
     <l xml:id="A96485-e550">
      <w lemma="but" pos="acp" xml:id="A96485-001-a-3050">But</w>
      <w lemma="for" pos="acp" xml:id="A96485-001-a-3060">for</w>
      <w lemma="church-policy" pos="n1" xml:id="A96485-001-a-3070">Church-Policy</w>
      <w lemma="i" pos="pns" xml:id="A96485-001-a-3080">I</w>
      <w lemma="swear" pos="vvb" xml:id="A96485-001-a-3090">swear</w>
      <w lemma="i" pos="pns" xml:id="A96485-001-a-3100">I</w>
      <w lemma="doubt" pos="vvb" xml:id="A96485-001-a-3110">doubt</w>
      <w lemma="it" pos="pn" xml:id="A96485-001-a-3120">it</w>
      <pc xml:id="A96485-001-a-3130">;</pc>
     </l>
     <l xml:id="A96485-e560">
      <w lemma="and" pos="cc" xml:id="A96485-001-a-3140">And</w>
      <w lemma="if" pos="cs" xml:id="A96485-001-a-3150">if</w>
      <w lemma="my" pos="po" xml:id="A96485-001-a-3160">my</w>
      <w lemma="bible" pos="n1" xml:id="A96485-001-a-3170">Bible</w>
      <w lemma="want" pos="vvi" xml:id="A96485-001-a-3180">want</w>
      <w lemma="the" pos="d" xml:id="A96485-001-a-3190">th'</w>
      <w lemma="apocrypha" pos="f-la" rendition="#hi" xml:id="A96485-001-a-3200">Apocrypha</w>
      <pc xml:id="A96485-001-a-3210">,</pc>
     </l>
     <l xml:id="A96485-e580">
      <w join="right" lemma="i" pos="pns" xml:id="A96485-001-a-3220">I</w>
      <w join="left" lemma="will" pos="vmb" reg="'ll" xml:id="A96485-001-a-3221">'l</w>
      <w lemma="swear" pos="vvi" xml:id="A96485-001-a-3230">swear</w>
      <w lemma="my" pos="po" xml:id="A96485-001-a-3240">my</w>
      <w lemma="book" pos="n1" xml:id="A96485-001-a-3250">Book</w>
      <w lemma="may" pos="vmb" xml:id="A96485-001-a-3260">may</w>
      <w lemma="be" pos="vvi" xml:id="A96485-001-a-3270">be</w>
      <w lemma="complete" pos="j" reg="complete" xml:id="A96485-001-a-3280">compleat</w>
      <w lemma="without" pos="acp" xml:id="A96485-001-a-3290">without</w>
      <w lemma="it" pos="pn" xml:id="A96485-001-a-3300">it</w>
      <pc unit="sentence" xml:id="A96485-001-a-3310">.</pc>
     </l>
    </lg>
    <lg xml:id="A96485-e590">
     <l xml:id="A96485-e600">
      <w lemma="i" pos="pns" xml:id="A96485-001-a-3320">I</w>
      <w lemma="dare" pos="vvb" xml:id="A96485-001-a-3330">dare</w>
      <w lemma="not" pos="xx" xml:id="A96485-001-a-3340">not</w>
      <w lemma="swear" pos="vvi" xml:id="A96485-001-a-3350">swear</w>
      <w lemma="church-government" pos="n1" xml:id="A96485-001-a-3360">Church-Government</w>
      <w lemma="be" pos="vvz" xml:id="A96485-001-a-3370">is</w>
      <w lemma="right" pos="j" xml:id="A96485-001-a-3380">right</w>
     </l>
     <l xml:id="A96485-e610">
      <w lemma="as" pos="acp" xml:id="A96485-001-a-3390">As</w>
      <w lemma="it" pos="pn" xml:id="A96485-001-a-3400">it</w>
      <w lemma="shall" pos="vmd" xml:id="A96485-001-a-3410">should</w>
      <w lemma="be" pos="vvi" xml:id="A96485-001-a-3420">be</w>
      <pc xml:id="A96485-001-a-3430">;</pc>
      <w lemma="but" pos="acp" xml:id="A96485-001-a-3440">but</w>
      <w lemma="this" pos="d" xml:id="A96485-001-a-3450">this</w>
      <w lemma="i" pos="pns" xml:id="A96485-001-a-3460">I</w>
      <w lemma="dare" pos="vvb" xml:id="A96485-001-a-3470">dare</w>
      <w lemma="to" pos="to" xml:id="A96485-001-a-3480">to</w>
      <w lemma="swear" pos="vvi" xml:id="A96485-001-a-3490">swear</w>
      <pc xml:id="A96485-001-a-3500">,</pc>
     </l>
     <l xml:id="A96485-e620">
      <w lemma="if" pos="cs" xml:id="A96485-001-a-3510">If</w>
      <w lemma="they" pos="pns" xml:id="A96485-001-a-3520">they</w>
      <w lemma="shall" pos="vmd" xml:id="A96485-001-a-3530">should</w>
      <w lemma="put" pos="vvi" xml:id="A96485-001-a-3540">put</w>
      <w lemma="i" pos="pno" xml:id="A96485-001-a-3550">me</w>
      <w join="right" lemma="to" pos="acp" xml:id="A96485-001-a-3560">to</w>
      <w join="left" lemma="it" pos="pn" xml:id="A96485-001-a-3561">'t</w>
      <pc xml:id="A96485-001-a-3570">,</pc>
      <w lemma="the" pos="d" xml:id="A96485-001-a-3580">the</w>
      <w lemma="bishop" pos="n2" xml:id="A96485-001-a-3590">Bishops</w>
      <w lemma="may" pos="vmd" xml:id="A96485-001-a-3600">might</w>
     </l>
     <l xml:id="A96485-e630">
      <w lemma="do" pos="vvi" xml:id="A96485-001-a-3610">Do</w>
      <w lemma="better" pos="av-c_j" xml:id="A96485-001-a-3620">better</w>
      <pc xml:id="A96485-001-a-3630">,</pc>
      <w lemma="and" pos="cc" xml:id="A96485-001-a-3640">and</w>
      <w lemma="be" pos="vvi" xml:id="A96485-001-a-3650">be</w>
      <w lemma="better" pos="av-c_j" xml:id="A96485-001-a-3660">better</w>
      <w lemma="than" pos="cs" xml:id="A96485-001-a-3670">than</w>
      <w lemma="they" pos="pns" xml:id="A96485-001-a-3680">they</w>
      <w lemma="be" pos="vvb" xml:id="A96485-001-a-3690">are</w>
      <pc unit="sentence" xml:id="A96485-001-a-3700">.</pc>
     </l>
    </lg>
    <lg xml:id="A96485-e640">
     <l xml:id="A96485-e650">
      <w lemma="nor" pos="cc-x" xml:id="A96485-001-a-3710">Nor</w>
      <w lemma="will" pos="vmb" xml:id="A96485-001-a-3720">will</w>
      <w lemma="i" pos="pns" xml:id="A96485-001-a-3730">I</w>
      <w lemma="swear" pos="vvi" xml:id="A96485-001-a-3740">swear</w>
      <w lemma="for" pos="acp" xml:id="A96485-001-a-3750">for</w>
      <w lemma="all" pos="d" xml:id="A96485-001-a-3760">all</w>
      <w lemma="that" pos="cs" xml:id="A96485-001-a-3770">that</w>
      <w lemma="they" pos="pns" xml:id="A96485-001-a-3780">they</w>
      <w lemma="be" pos="vvb" xml:id="A96485-001-a-3790">are</w>
      <w lemma="worth" pos="j" xml:id="A96485-001-a-3800">worth</w>
      <pc xml:id="A96485-001-a-3810">,</pc>
     </l>
     <l xml:id="A96485-e660">
      <w lemma="that" pos="cs" xml:id="A96485-001-a-3820">That</w>
      <w lemma="bishopric" pos="n2" reg="Bishoprics" xml:id="A96485-001-a-3830">Bishopricks</w>
      <w lemma="will" pos="vmb" xml:id="A96485-001-a-3840">will</w>
      <w lemma="stand" pos="vvi" xml:id="A96485-001-a-3850">stand</w>
      <pc xml:id="A96485-001-a-3860">,</pc>
      <w lemma="&amp;" pos="cc" xml:id="A96485-001-a-3870">&amp;</w>
      <w lemma="doomsday" pos="n1" xml:id="A96485-001-a-3880">Doomsday</w>
      <w lemma="see" pos="vvi" xml:id="A96485-001-a-3890">see</w>
      <pc xml:id="A96485-001-a-3900">;</pc>
     </l>
     <l xml:id="A96485-e670">
      <w lemma="and" pos="cc" xml:id="A96485-001-a-3910">And</w>
      <w lemma="yet" pos="av" xml:id="A96485-001-a-3920">yet</w>
      <w join="right" lemma="i" pos="pns" xml:id="A96485-001-a-3930">I</w>
      <w join="left" lemma="will" pos="vmb" reg="'ll" xml:id="A96485-001-a-3931">'l</w>
      <w lemma="swear" pos="vvi" xml:id="A96485-001-a-3940">swear</w>
      <w lemma="the" pos="d" xml:id="A96485-001-a-3950">the</w>
      <w lemma="gospel" pos="n1" xml:id="A96485-001-a-3960">Gospel</w>
      <w lemma="hold" pos="vvz" xml:id="A96485-001-a-3970">holdeth</w>
      <w lemma="forth" pos="av" xml:id="A96485-001-a-3980">forth</w>
     </l>
     <l xml:id="A96485-e680">
      <w lemma="Christ" pos="n1-nn" xml:id="A96485-001-a-3990">Christ</w>
      <w lemma="with" pos="acp" xml:id="A96485-001-a-4000">with</w>
      <w lemma="his" pos="po" xml:id="A96485-001-a-4010">his</w>
      <w lemma="minister" pos="n2" xml:id="A96485-001-a-4020">Ministers</w>
      <w lemma="till" pos="acp" xml:id="A96485-001-a-4030">till</w>
      <w lemma="then" pos="av" xml:id="A96485-001-a-4040">then</w>
      <w lemma="will" pos="vmb" xml:id="A96485-001-a-4050">will</w>
      <w lemma="be" pos="vvi" xml:id="A96485-001-a-4060">be</w>
      <pc unit="sentence" xml:id="A96485-001-a-4070">.</pc>
     </l>
    </lg>
    <lg xml:id="A96485-e690">
     <l xml:id="A96485-e700">
      <w lemma="that" pos="cs" xml:id="A96485-001-a-4080">That</w>
      <w lemma="Peter" pos="n1-nn" rendition="#hi" xml:id="A96485-001-a-4090">Peter</w>
      <w lemma="be" pos="vvd" xml:id="A96485-001-a-4100">was</w>
      <w lemma="a" pos="d" xml:id="A96485-001-a-4110">a</w>
      <w lemma="prelate" pos="n1" xml:id="A96485-001-a-4120">Prelate</w>
      <w lemma="they" pos="pns" xml:id="A96485-001-a-4130">they</w>
      <w lemma="aver" pos="vvb" xml:id="A96485-001-a-4140">aver</w>
      <pc xml:id="A96485-001-a-4150">;</pc>
     </l>
     <l xml:id="A96485-e720">
      <w lemma="but" pos="acp" xml:id="A96485-001-a-4160">But</w>
      <w join="right" lemma="i" pos="pns" xml:id="A96485-001-a-4170">I</w>
      <w join="left" lemma="will" pos="vmb" reg="'ll" xml:id="A96485-001-a-4171">'l</w>
      <w lemma="not" pos="xx" xml:id="A96485-001-a-4180">not</w>
      <w join="right" lemma="swear" pos="vvi" xml:id="A96485-001-a-4190">swear</w>
      <w join="left" lemma="it" pos="pn" xml:id="A96485-001-a-4191">'t</w>
      <w lemma="when" pos="crq" xml:id="A96485-001-a-4200">when</w>
      <w lemma="all" pos="d" xml:id="A96485-001-a-4210">all</w>
      <w lemma="be" pos="vvz" xml:id="A96485-001-a-4220">is</w>
      <w lemma="say" pos="vvn" xml:id="A96485-001-a-4230">said</w>
      <w lemma="and" pos="cc" xml:id="A96485-001-a-4240">and</w>
      <w lemma="do" pos="vvn" xml:id="A96485-001-a-4250">done</w>
     </l>
     <l xml:id="A96485-e730">
      <w lemma="but" pos="acp-av" xml:id="A96485-001-a-4260">But</w>
      <w lemma="i" pos="pns" xml:id="A96485-001-a-4270">I</w>
      <w lemma="dare" pos="vvb" xml:id="A96485-001-a-4280">dare</w>
      <w lemma="swear" pos="vvi" xml:id="A96485-001-a-4290">swear</w>
      <pc xml:id="A96485-001-a-4300">,</pc>
      <w lemma="and" pos="cc" xml:id="A96485-001-a-4310">and</w>
      <w lemma="hope" pos="vvb" xml:id="A96485-001-a-4320">hope</w>
      <w lemma="i" pos="pns" xml:id="A96485-001-a-4330">I</w>
      <w lemma="shall" pos="vmb" xml:id="A96485-001-a-4340">shall</w>
      <w lemma="not" pos="xx" xml:id="A96485-001-a-4350">not</w>
      <w lemma="err" pos="vvi" xml:id="A96485-001-a-4360">err</w>
      <pc xml:id="A96485-001-a-4370">,</pc>
     </l>
     <l xml:id="A96485-e740">
      <w lemma="he" pos="pns" xml:id="A96485-001-a-4380">He</w>
      <w lemma="preach" pos="vvd" reg="preached" xml:id="A96485-001-a-4390">preach'd</w>
      <w lemma="a" pos="d" xml:id="A96485-001-a-4400">a</w>
      <w lemma="hundred" pos="crd" xml:id="A96485-001-a-4410">hundred</w>
      <w lemma="sermon" pos="n2" xml:id="A96485-001-a-4420">Sermons</w>
      <w lemma="to" pos="acp" xml:id="A96485-001-a-4430">to</w>
      <w lemma="their" pos="po" xml:id="A96485-001-a-4440">their</w>
      <w lemma="one" pos="crd" xml:id="A96485-001-a-4450">one</w>
      <pc unit="sentence" xml:id="A96485-001-a-4460">.</pc>
     </l>
    </lg>
    <lg xml:id="A96485-e750">
     <l xml:id="A96485-e760">
      <w lemma="Peter" pos="n1-nn" rendition="#hi" xml:id="A96485-001-a-4470">Peter</w>
      <w lemma="a" pos="d" xml:id="A96485-001-a-4480">a</w>
      <w lemma="fisher" pos="n1" xml:id="A96485-001-a-4490">Fisher</w>
      <w lemma="be" pos="vvd" xml:id="A96485-001-a-4500">was</w>
      <pc xml:id="A96485-001-a-4510">,</pc>
      <w lemma="and" pos="cc" xml:id="A96485-001-a-4520">and</w>
      <w lemma="he" pos="pns" xml:id="A96485-001-a-4530">he</w>
      <w lemma="catch" pos="vvn" xml:id="A96485-001-a-4540">caught</w>
      <w lemma="man" pos="n2" xml:id="A96485-001-a-4550">Men</w>
      <pc xml:id="A96485-001-a-4560">:</pc>
     </l>
     <l xml:id="A96485-e780">
      <w lemma="and" pos="cc" xml:id="A96485-001-a-4570">And</w>
      <w lemma="they" pos="pns" xml:id="A96485-001-a-4580">they</w>
      <w lemma="have" pos="vvb" xml:id="A96485-001-a-4590">have</w>
      <w lemma="net" pos="n2" xml:id="A96485-001-a-4600">Nets</w>
      <pc xml:id="A96485-001-a-4610">,</pc>
      <w lemma="&amp;" pos="cc" xml:id="A96485-001-a-4620">&amp;</w>
      <w lemma="in" pos="acp" xml:id="A96485-001-a-4630">in</w>
      <w lemma="they" pos="pno" xml:id="A96485-001-a-4640">them</w>
      <w lemma="catch" pos="vvi" xml:id="A96485-001-a-4650">catch</w>
      <w lemma="man" pos="n2" xml:id="A96485-001-a-4660">Men</w>
      <w lemma="too" pos="av" xml:id="A96485-001-a-4670">too</w>
      <pc xml:id="A96485-001-a-4680">;</pc>
     </l>
     <l xml:id="A96485-e790">
      <w lemma="yet" pos="av" xml:id="A96485-001-a-4690">Yet</w>
      <w join="right" lemma="i" pos="pns" xml:id="A96485-001-a-4700">I</w>
      <w join="left" lemma="will" pos="vmb" reg="'ll" xml:id="A96485-001-a-4701">'l</w>
      <w lemma="not" pos="xx" xml:id="A96485-001-a-4710">not</w>
      <w lemma="swear" pos="vvi" xml:id="A96485-001-a-4720">swear</w>
      <w lemma="they" pos="pns" xml:id="A96485-001-a-4730">they</w>
      <w lemma="be" pos="vvb" xml:id="A96485-001-a-4740">are</w>
      <w lemma="alike" pos="av" xml:id="A96485-001-a-4750">alike</w>
      <pc xml:id="A96485-001-a-4760">,</pc>
      <w lemma="for" pos="acp" xml:id="A96485-001-a-4770">for</w>
      <w lemma="they" pos="pno" xml:id="A96485-001-a-4780">them</w>
     </l>
     <l xml:id="A96485-e800">
      <w lemma="he" pos="pns" xml:id="A96485-001-a-4790">He</w>
      <w lemma="catch" pos="vvd" xml:id="A96485-001-a-4800">caught</w>
      <w lemma="he" pos="pns" xml:id="A96485-001-a-4810">he</w>
      <w lemma="save" pos="vvn" reg="saved" xml:id="A96485-001-a-4820">sav'd</w>
      <pc xml:id="A96485-001-a-4830">:</pc>
      <w lemma="these" pos="d" xml:id="A96485-001-a-4840">these</w>
      <w lemma="catch" pos="n1" xml:id="A96485-001-a-4850">catch</w>
      <pc xml:id="A96485-001-a-4860">,</pc>
      <w lemma="&amp;" pos="cc" xml:id="A96485-001-a-4870">&amp;</w>
      <w lemma="they" pos="pno" xml:id="A96485-001-a-4880">them</w>
      <w lemma="undo" pos="vvi" xml:id="A96485-001-a-4890">undo</w>
      <pc unit="sentence" xml:id="A96485-001-a-4900">.</pc>
     </l>
    </lg>
    <lg xml:id="A96485-e810">
     <l xml:id="A96485-e820">
      <w lemma="i" pos="pns" xml:id="A96485-001-a-4910">I</w>
      <w lemma="dare" pos="vvb" xml:id="A96485-001-a-4920">dare</w>
      <w lemma="not" pos="xx" xml:id="A96485-001-a-4930">not</w>
      <w lemma="swear" pos="vvi" xml:id="A96485-001-a-4940">swear</w>
      <w lemma="that" pos="cs" xml:id="A96485-001-a-4950">that</w>
      <w lemma="court" pos="vvz" xml:id="A96485-001-a-4960">Courts</w>
      <w lemma="ecclesiastic" pos="j" reg="Ecclesiastic" xml:id="A96485-001-a-4970">Ecclesiastick</w>
     </l>
     <l xml:id="A96485-e830">
      <w lemma="do" pos="vvb" xml:id="A96485-001-a-4980">Do</w>
      <w lemma="in" pos="acp" xml:id="A96485-001-a-4990">in</w>
      <w lemma="their" pos="po" xml:id="A96485-001-a-5000">their</w>
      <w lemma="law" pos="n2" xml:id="A96485-001-a-5010">Laws</w>
      <w lemma="make" pos="vvb" xml:id="A96485-001-a-5020">make</w>
      <w lemma="just" pos="j" xml:id="A96485-001-a-5030">just</w>
      <w lemma="and" pos="cc" xml:id="A96485-001-a-5040">and</w>
      <w lemma="gentle" pos="j" xml:id="A96485-001-a-5050">gentle</w>
      <w lemma="vote" pos="n2" xml:id="A96485-001-a-5060">Votes</w>
      <pc xml:id="A96485-001-a-5070">;</pc>
     </l>
     <l xml:id="A96485-e840">
      <w lemma="but" pos="acp" xml:id="A96485-001-a-5080">But</w>
      <w join="right" lemma="i" pos="pns" xml:id="A96485-001-a-5090">I</w>
      <w join="left" lemma="will" pos="vmb" reg="'ll" xml:id="A96485-001-a-5091">'l</w>
      <w lemma="be" pos="vvi" xml:id="A96485-001-a-5100">be</w>
      <w lemma="swear" pos="vvn" xml:id="A96485-001-a-5110">sworn</w>
      <w lemma="that" pos="cs" xml:id="A96485-001-a-5120">that</w>
      <hi xml:id="A96485-e850">
       <w lemma="Burton" pos="n1-nn" xml:id="A96485-001-a-5130">Burton</w>
       <pc xml:id="A96485-001-a-5140">,</pc>
       <w lemma="Pryn" pos="n1-nn" xml:id="A96485-001-a-5150">Pryn</w>
      </hi>
      <w lemma="and" pos="cc" xml:id="A96485-001-a-5160">and</w>
      <w lemma="bastwick" pos="n1-nn" rendition="#hi" xml:id="A96485-001-a-5170">Bastwick</w>
     </l>
     <l xml:id="A96485-e870">
      <w lemma="be" pos="vvd" xml:id="A96485-001-a-5180">Were</w>
      <w lemma="once" pos="acp-av" xml:id="A96485-001-a-5190">once</w>
      <w lemma="ear-witness" pos="n2" rendition="#hi" xml:id="A96485-001-a-5200">Ear-witnesses</w>
      <w lemma="of" pos="acp" xml:id="A96485-001-a-5210">of</w>
      <w lemma="harsh" pos="j-c" xml:id="A96485-001-a-5220">harsher</w>
      <w lemma="note" pos="n2" xml:id="A96485-001-a-5230">Notes</w>
      <pc unit="sentence" xml:id="A96485-001-a-5240">.</pc>
     </l>
    </lg>
    <lg xml:id="A96485-e890">
     <l xml:id="A96485-e900">
      <w lemma="archdeacon" pos="n1g" reg="Archdeacon's" xml:id="A96485-001-a-5250">Archdeacons</w>
      <pc xml:id="A96485-001-a-5260">,</pc>
      <w lemma="dean" pos="n2" xml:id="A96485-001-a-5270">Deans</w>
      <w lemma="&amp;" pos="cc" xml:id="A96485-001-a-5280">&amp;</w>
      <w lemma="chapter" pos="n2" xml:id="A96485-001-a-5290">Chapters</w>
      <w lemma="be" pos="vvb" xml:id="A96485-001-a-5300">are</w>
      <w lemma="brave" pos="j" xml:id="A96485-001-a-5310">brave</w>
      <w lemma="man" pos="n2" xml:id="A96485-001-a-5320">men</w>
      <pc xml:id="A96485-001-a-5330">,</pc>
     </l>
     <l xml:id="A96485-e910">
      <w lemma="by" pos="acp" xml:id="A96485-001-a-5340">By</w>
      <w lemma="canon" pos="n1" xml:id="A96485-001-a-5350">Canon</w>
      <pc xml:id="A96485-001-a-5360">,</pc>
      <w lemma="not" pos="xx" xml:id="A96485-001-a-5370">not</w>
      <w lemma="by" pos="acp" xml:id="A96485-001-a-5380">by</w>
      <w lemma="scripture" pos="n1" xml:id="A96485-001-a-5390">Scripture</w>
      <pc xml:id="A96485-001-a-5400">:</pc>
      <w lemma="but" pos="acp" xml:id="A96485-001-a-5410">but</w>
      <w lemma="to" pos="acp" xml:id="A96485-001-a-5420">to</w>
      <w lemma="this" pos="d" xml:id="A96485-001-a-5430">this</w>
      <pc xml:id="A96485-001-a-5440">,</pc>
     </l>
     <l xml:id="A96485-e920">
      <w lemma="if" pos="cs" xml:id="A96485-001-a-5450">If</w>
      <w lemma="i" pos="pns" xml:id="A96485-001-a-5460">I</w>
      <w lemma="be" pos="vvb" xml:id="A96485-001-a-5470">be</w>
      <w lemma="call" pos="vvn" reg="called" xml:id="A96485-001-a-5480">call'd</w>
      <pc xml:id="A96485-001-a-5490">,</pc>
      <w join="right" lemma="i" pos="pns" xml:id="A96485-001-a-5500">I</w>
      <w join="left" lemma="will" pos="vmb" xml:id="A96485-001-a-5501">'ll</w>
      <w lemma="swear" pos="vvi" xml:id="A96485-001-a-5510">swear</w>
      <pc xml:id="A96485-001-a-5520">,</pc>
      <w lemma="and" pos="cc" xml:id="A96485-001-a-5530">and</w>
      <w lemma="swear" pos="vvi" xml:id="A96485-001-a-5540">swear</w>
      <w lemma="again" pos="av" reg="again" xml:id="A96485-001-a-5550">agen</w>
      <pc xml:id="A96485-001-a-5560">,</pc>
     </l>
     <l xml:id="A96485-e930">
      <w lemma="that" pos="cs" xml:id="A96485-001-a-5570">That</w>
      <w lemma="no" pos="d-x" xml:id="A96485-001-a-5580">no</w>
      <w lemma="such" pos="d" xml:id="A96485-001-a-5590">such</w>
      <w lemma="chapter" pos="n1" rendition="#hi" xml:id="A96485-001-a-5600">Chapter</w>
      <w lemma="in" pos="acp" xml:id="A96485-001-a-5610">in</w>
      <w lemma="my" pos="po" xml:id="A96485-001-a-5620">my</w>
      <w lemma="bible" pos="n1" xml:id="A96485-001-a-5630">Bible</w>
      <w lemma="be" pos="vvz" xml:id="A96485-001-a-5640">is</w>
      <pc unit="sentence" xml:id="A96485-001-a-5650">.</pc>
     </l>
    </lg>
    <lg xml:id="A96485-e950">
     <l xml:id="A96485-e960">
      <w join="right" lemma="i" pos="pns" xml:id="A96485-001-a-5660">I</w>
      <w join="left" lemma="will" pos="vmb" xml:id="A96485-001-a-5661">'ll</w>
      <w lemma="not" pos="xx" xml:id="A96485-001-a-5670">not</w>
      <w lemma="condemn" pos="vvi" xml:id="A96485-001-a-5680">condemn</w>
      <w lemma="those" pos="d" xml:id="A96485-001-a-5690">those</w>
      <w lemma="presbyterian" pos="n2-nn_j" rendition="#hi" xml:id="A96485-001-a-5700">Presbyterians</w>
      <pc xml:id="A96485-001-a-5710">,</pc>
      <w lemma="who" pos="crq" xml:id="A96485-001-a-5720">who</w>
     </l>
     <l xml:id="A96485-e980">
      <w lemma="refuse" pos="vvd" xml:id="A96485-001-a-5730">Refused</w>
      <w lemma="bishopric" pos="n2" reg="Bishoprics" xml:id="A96485-001-a-5740">Bishopricks</w>
      <pc xml:id="A96485-001-a-5750">,</pc>
      <w lemma="and" pos="cc" xml:id="A96485-001-a-5760">and</w>
      <w lemma="may" pos="vmd" xml:id="A96485-001-a-5770">might</w>
      <w lemma="have" pos="vvi" xml:id="A96485-001-a-5780">have</w>
      <w join="right" lemma="have" pos="vvd" xml:id="A96485-001-a-5790">had</w>
      <w join="left" lemma="they" pos="pno" xml:id="A96485-001-a-5791">'em</w>
      <pc xml:id="A96485-001-a-5800">:</pc>
     </l>
     <l xml:id="A96485-e990">
      <w lemma="but" pos="acp" xml:id="A96485-001-a-5810">But</w>
      <w lemma="mistress" pos="n1" reg="Mistress" xml:id="A96485-001-a-5820">Mistris</w>
      <w lemma="calamy" pos="n1-nn" rendition="#hi" xml:id="A96485-001-a-5830">Calamy</w>
      <w join="right" lemma="i" pos="pns" xml:id="A96485-001-a-5840">I</w>
      <w join="left" lemma="will" pos="vmb" xml:id="A96485-001-a-5841">'ll</w>
      <w lemma="swear" pos="vvi" xml:id="A96485-001-a-5850">swear</w>
      <w lemma="do" pos="vvz" xml:id="A96485-001-a-5860">doth</w>
      <w lemma="do" pos="vvi" xml:id="A96485-001-a-5870">do</w>
     </l>
     <l xml:id="A96485-e1010">
      <w lemma="as" pos="acp" xml:id="A96485-001-a-5880">As</w>
      <w lemma="well" pos="av" xml:id="A96485-001-a-5890">well</w>
      <w lemma="as" pos="acp" xml:id="A96485-001-a-5900">as</w>
      <w lemma="if" pos="cs" xml:id="A96485-001-a-5910">if</w>
      <w lemma="she" pos="pns" xml:id="A96485-001-a-5920">she</w>
      <w lemma="be" pos="vvd" xml:id="A96485-001-a-5930">were</w>
      <w lemma="a" pos="d" xml:id="A96485-001-a-5940">a</w>
      <hi xml:id="A96485-e1020">
       <w lemma="spiritual" pos="j" xml:id="A96485-001-a-5950">Spiritual</w>
       <w lemma="madam" pos="n1" xml:id="A96485-001-a-5960">Madam</w>
      </hi>
      <pc rendition="#follows-hi" unit="sentence" xml:id="A96485-001-a-5970">.</pc>
     </l>
    </lg>
    <lg xml:id="A96485-e1030">
     <l xml:id="A96485-e1040">
      <w lemma="for" pos="acp" xml:id="A96485-001-a-5980">For</w>
      <w lemma="holy" pos="j" xml:id="A96485-001-a-5990">Holy</w>
      <w lemma="vestment" pos="n2" xml:id="A96485-001-a-6000">Vestments</w>
      <w join="right" lemma="i" pos="pns" xml:id="A96485-001-a-6010">I</w>
      <w join="left" lemma="will" pos="vmb" xml:id="A96485-001-a-6011">'ll</w>
      <w lemma="not" pos="xx" xml:id="A96485-001-a-6020">not</w>
      <w lemma="take" pos="vvi" xml:id="A96485-001-a-6030">take</w>
      <w lemma="a" pos="d" xml:id="A96485-001-a-6040">an</w>
      <w lemma="oath" pos="n1" xml:id="A96485-001-a-6050">Oath</w>
     </l>
     <l xml:id="A96485-e1050">
      <w lemma="which" pos="crq" xml:id="A96485-001-a-6060">Which</w>
      <w lemma="linen" pos="n1" xml:id="A96485-001-a-6070">Linen</w>
      <w lemma="most" pos="d-s" xml:id="A96485-001-a-6080">most</w>
      <w lemma="canonical" pos="j" xml:id="A96485-001-a-6090">Canonical</w>
      <w lemma="may" pos="vmb" xml:id="A96485-001-a-6100">may</w>
      <w lemma="be" pos="vvi" xml:id="A96485-001-a-6110">be</w>
      <pc xml:id="A96485-001-a-6120">;</pc>
     </l>
     <l xml:id="A96485-e1060">
      <w lemma="some" pos="d" xml:id="A96485-001-a-6130">Some</w>
      <w lemma="be" pos="vvb" xml:id="A96485-001-a-6140">are</w>
      <w lemma="for" pos="acp" xml:id="A96485-001-a-6150">for</w>
      <w lemma="lawn" pos="n1" rendition="#hi" xml:id="A96485-001-a-6160">Lawn</w>
      <pc xml:id="A96485-001-a-6170">,</pc>
      <w lemma="some" pos="d" xml:id="A96485-001-a-6180">some</w>
      <w lemma="holland" pos="n1" rendition="#hi" xml:id="A96485-001-a-6190">Holland</w>
      <pc xml:id="A96485-001-a-6200">,</pc>
      <w lemma="some" pos="d" xml:id="A96485-001-a-6210">some</w>
      <w lemma="scotscloth" pos="n1" rendition="#hi" xml:id="A96485-001-a-6220">Scotscloth</w>
      <pc xml:id="A96485-001-a-6230">;</pc>
     </l>
     <l xml:id="A96485-e1100">
      <w lemma="and" pos="cc" xml:id="A96485-001-a-6240">And</w>
      <w lemma="hemp" pos="n1" rendition="#hi" xml:id="A96485-001-a-6250">Hemp</w>
      <w lemma="for" pos="acp" xml:id="A96485-001-a-6260">for</w>
      <w lemma="some" pos="d" xml:id="A96485-001-a-6270">some</w>
      <w lemma="be" pos="vvz" xml:id="A96485-001-a-6280">is</w>
      <w lemma="fit" pos="j-c" xml:id="A96485-001-a-6290">fitter</w>
      <w lemma="than" pos="cs" xml:id="A96485-001-a-6300">than</w>
      <w lemma="all" pos="d" xml:id="A96485-001-a-6310">all</w>
      <w lemma="three" pos="crd" xml:id="A96485-001-a-6320">three</w>
      <pc unit="sentence" xml:id="A96485-001-a-6330">.</pc>
     </l>
    </lg>
    <lg xml:id="A96485-e1120">
     <l xml:id="A96485-e1130">
      <w lemma="Paul" pos="n1-nn" rendition="#hi" xml:id="A96485-001-a-6340">Paul</w>
      <w lemma="have" pos="vvd" xml:id="A96485-001-a-6350">had</w>
      <w lemma="a" pos="d" xml:id="A96485-001-a-6360">a</w>
      <w lemma="cloak" pos="n1" xml:id="A96485-001-a-6370">Cloak</w>
      <pc xml:id="A96485-001-a-6380">,</pc>
      <w lemma="and" pos="cc" xml:id="A96485-001-a-6390">and</w>
      <w lemma="book" pos="n2" xml:id="A96485-001-a-6400">Books</w>
      <pc xml:id="A96485-001-a-6410">,</pc>
      <w lemma="&amp;" pos="cc" xml:id="A96485-001-a-6420">&amp;</w>
      <w lemma="parchment" pos="n2" xml:id="A96485-001-a-6430">Parchments</w>
      <w lemma="too" pos="av" xml:id="A96485-001-a-6440">too</w>
      <pc xml:id="A96485-001-a-6450">;</pc>
     </l>
     <l xml:id="A96485-e1150">
      <w lemma="but" pos="acp" xml:id="A96485-001-a-6460">But</w>
      <w lemma="that" pos="cs" xml:id="A96485-001-a-6470">that</w>
      <w lemma="he" pos="pns" xml:id="A96485-001-a-6480">he</w>
      <w lemma="wear" pos="vvd" xml:id="A96485-001-a-6490">wore</w>
      <w lemma="a" pos="d" xml:id="A96485-001-a-6500">a</w>
      <w lemma="surplice" pos="n1" rendition="#hi" xml:id="A96485-001-a-6510">Surplice</w>
      <w join="right" lemma="i" pos="pns" xml:id="A96485-001-a-6520">I</w>
      <w join="left" lemma="will" pos="vmb" xml:id="A96485-001-a-6521">'ll</w>
      <w lemma="not" pos="xx" xml:id="A96485-001-a-6530">not</w>
      <w lemma="swear" pos="vvi" xml:id="A96485-001-a-6540">swear</w>
      <pc xml:id="A96485-001-a-6550">,</pc>
     </l>
     <l xml:id="A96485-e1170">
      <w lemma="nor" pos="cc-x" xml:id="A96485-001-a-6560">Nor</w>
      <w lemma="that" pos="d" xml:id="A96485-001-a-6570">that</w>
      <w lemma="his" pos="po" xml:id="A96485-001-a-6580">his</w>
      <w lemma="parchment" pos="n2" xml:id="A96485-001-a-6590">Parchments</w>
      <w lemma="do" pos="vvd" xml:id="A96485-001-a-6600">did</w>
      <w lemma="his" pos="po" xml:id="A96485-001-a-6610">his</w>
      <w lemma="order" pos="n2" rendition="#hi" xml:id="A96485-001-a-6620">Orders</w>
      <w lemma="show" pos="vvi" reg="show" xml:id="A96485-001-a-6630">shew</w>
      <pc xml:id="A96485-001-a-6640">,</pc>
     </l>
     <l xml:id="A96485-e1190">
      <w lemma="or" pos="cc" xml:id="A96485-001-a-6650">Or</w>
      <w lemma="in" pos="acp" xml:id="A96485-001-a-6660">in</w>
      <w lemma="his" pos="po" xml:id="A96485-001-a-6670">his</w>
      <w lemma="book" pos="n2" xml:id="A96485-001-a-6680">Books</w>
      <w lemma="there" pos="av" xml:id="A96485-001-a-6690">there</w>
      <w lemma="be" pos="vvd" xml:id="A96485-001-a-6700">was</w>
      <w lemma="a" pos="d" xml:id="A96485-001-a-6710">a</w>
      <w lemma="common-prayer" pos="n1" rendition="#hi" xml:id="A96485-001-a-6720">Common-Prayer</w>
      <pc unit="sentence" xml:id="A96485-001-a-6730">.</pc>
     </l>
    </lg>
    <lg xml:id="A96485-e1210">
     <l xml:id="A96485-e1220">
      <w lemma="i" pos="pns" xml:id="A96485-001-a-6740">I</w>
      <w lemma="owe" pos="vvb" xml:id="A96485-001-a-6750">owe</w>
      <w lemma="assistance" pos="n1" xml:id="A96485-001-a-6760">assistance</w>
      <w lemma="to" pos="acp" xml:id="A96485-001-a-6770">to</w>
      <w lemma="the" pos="d" xml:id="A96485-001-a-6780">the</w>
      <w lemma="king" pos="n1" xml:id="A96485-001-a-6790">King</w>
      <w lemma="by" pos="acp" xml:id="A96485-001-a-6800">by</w>
      <w lemma="oath" pos="n1" xml:id="A96485-001-a-6810">Oath</w>
      <pc xml:id="A96485-001-a-6820">;</pc>
     </l>
     <l xml:id="A96485-e1230">
      <w lemma="and" pos="cc" xml:id="A96485-001-a-6830">And</w>
      <w lemma="if" pos="cs" xml:id="A96485-001-a-6840">if</w>
      <w lemma="he" pos="pns" xml:id="A96485-001-a-6850">he</w>
      <w lemma="please" pos="vvb" xml:id="A96485-001-a-6860">please</w>
      <w lemma="to" pos="to" xml:id="A96485-001-a-6870">to</w>
      <w lemma="put" pos="vvi" xml:id="A96485-001-a-6880">put</w>
      <w lemma="the" pos="d" xml:id="A96485-001-a-6890">the</w>
      <w lemma="bishop" pos="n2" xml:id="A96485-001-a-6900">Bishops</w>
      <w lemma="down" pos="acp-av" xml:id="A96485-001-a-6910">down</w>
      <pc xml:id="A96485-001-a-6920">,</pc>
     </l>
     <l xml:id="A96485-e1240">
      <w lemma="as" pos="acp" xml:id="A96485-001-a-6930">As</w>
      <w lemma="who" pos="crq" xml:id="A96485-001-a-6940">who</w>
      <w lemma="know" pos="vvz" xml:id="A96485-001-a-6950">knows</w>
      <w lemma="what" pos="crq" xml:id="A96485-001-a-6960">what</w>
      <w lemma="may" pos="vmb" xml:id="A96485-001-a-6970">may</w>
      <w lemma="be" pos="vvi" xml:id="A96485-001-a-6980">be</w>
      <pc xml:id="A96485-001-a-6990">,</pc>
      <w lemma="i" pos="pns" xml:id="A96485-001-a-7000">I</w>
      <w lemma="shall" pos="vmd" xml:id="A96485-001-a-7010">should</w>
      <w lemma="be" pos="vvi" xml:id="A96485-001-a-7020">be</w>
      <w lemma="loath" pos="j" reg="loath" xml:id="A96485-001-a-7030">loth</w>
     </l>
     <l xml:id="A96485-e1250">
      <w lemma="to" pos="to" xml:id="A96485-001-a-7040">To</w>
      <w lemma="see" pos="vvi" xml:id="A96485-001-a-7050">see</w>
      <hi xml:id="A96485-e1260">
       <w lemma="tom" pos="f-mi" xml:id="A96485-001-a-7060">Tom</w>
       <w lemma="becket" pos="n2" xml:id="A96485-001-a-7070">Beckets</w>
      </hi>
      <w lemma="mitre" pos="n1" xml:id="A96485-001-a-7080">Mitre</w>
      <w lemma="push" pos="vvi" xml:id="A96485-001-a-7090">push</w>
      <w lemma="the" pos="d" xml:id="A96485-001-a-7100">the</w>
      <w lemma="crown" pos="n1" xml:id="A96485-001-a-7110">Crown</w>
      <pc unit="sentence" xml:id="A96485-001-a-7120">.</pc>
     </l>
    </lg>
    <lg xml:id="A96485-e1270">
     <l xml:id="A96485-e1280">
      <w lemma="and" pos="cc" xml:id="A96485-001-a-7130">And</w>
      <w lemma="yet" pos="av" xml:id="A96485-001-a-7140">yet</w>
      <w lemma="church-government" pos="n1" xml:id="A96485-001-a-7150">Church-Government</w>
      <w lemma="i" pos="pns" xml:id="A96485-001-a-7160">I</w>
      <w lemma="do" pos="vvb" xml:id="A96485-001-a-7170">do</w>
      <w lemma="allow" pos="vvi" xml:id="A96485-001-a-7180">allow</w>
      <pc xml:id="A96485-001-a-7190">,</pc>
     </l>
     <l xml:id="A96485-e1290">
      <w lemma="and" pos="cc" xml:id="A96485-001-a-7200">And</w>
      <w lemma="be" pos="vvm" xml:id="A96485-001-a-7210">am</w>
      <w lemma="content" pos="vvn" xml:id="A96485-001-a-7220">contented</w>
      <w lemma="bishop" pos="n2" xml:id="A96485-001-a-7230">Bishops</w>
      <w lemma="be" pos="vvi" xml:id="A96485-001-a-7240">be</w>
      <w lemma="the" pos="d" xml:id="A96485-001-a-7250">the</w>
      <w lemma="man" pos="n2" xml:id="A96485-001-a-7260">men</w>
      <pc xml:id="A96485-001-a-7270">;</pc>
     </l>
     <l xml:id="A96485-e1300">
      <w lemma="and" pos="cc" xml:id="A96485-001-a-7280">And</w>
      <w lemma="that" pos="cs" xml:id="A96485-001-a-7290">that</w>
      <w lemma="i" pos="pns" xml:id="A96485-001-a-7300">I</w>
      <w lemma="speak" pos="vvb" xml:id="A96485-001-a-7310">speak</w>
      <w lemma="in" pos="acp" xml:id="A96485-001-a-7320">in</w>
      <w lemma="earnest" pos="n1" xml:id="A96485-001-a-7330">earnest</w>
      <pc xml:id="A96485-001-a-7340">,</pc>
      <w lemma="here" pos="av" xml:id="A96485-001-a-7350">here</w>
      <w lemma="i" pos="pns" xml:id="A96485-001-a-7360">I</w>
      <w lemma="vow" pos="vvb" xml:id="A96485-001-a-7370">vow</w>
     </l>
     <l xml:id="A96485-e1310">
      <w lemma="where" pos="crq" xml:id="A96485-001-a-7380">Where</w>
      <w lemma="we" pos="pns" xml:id="A96485-001-a-7390">we</w>
      <w lemma="have" pos="vvb" xml:id="A96485-001-a-7400">have</w>
      <w lemma="one" pos="pi" xml:id="A96485-001-a-7410">one</w>
      <pc xml:id="A96485-001-a-7420">,</pc>
      <w lemma="i" pos="pns" xml:id="A96485-001-a-7430">I</w>
      <w lemma="wish" pos="vvb" xml:id="A96485-001-a-7440">wish</w>
      <w lemma="we" pos="pns" xml:id="A96485-001-a-7450">we</w>
      <w lemma="may" pos="vmd" xml:id="A96485-001-a-7460">might</w>
      <w lemma="have" pos="vvi" xml:id="A96485-001-a-7470">have</w>
      <w lemma="ten" pos="crd" xml:id="A96485-001-a-7480">ten</w>
      <pc unit="sentence" xml:id="A96485-001-a-7490">.</pc>
     </l>
    </lg>
    <lg xml:id="A96485-e1320">
     <l xml:id="A96485-e1330">
      <w lemma="in" pos="acp" xml:id="A96485-001-a-7500">In</w>
      <w lemma="fine" pos="j" xml:id="A96485-001-a-7510">fine</w>
      <pc xml:id="A96485-001-a-7520">,</pc>
      <w lemma="the" pos="d" xml:id="A96485-001-a-7530">the</w>
      <w lemma="civil" pos="j" xml:id="A96485-001-a-7540">Civil</w>
      <w lemma="power" pos="n1" xml:id="A96485-001-a-7550">Power</w>
      <w join="right" lemma="i" pos="pns" xml:id="A96485-001-a-7560">I</w>
      <w join="left" lemma="will" pos="vmb" reg="'ll" xml:id="A96485-001-a-7561">'le</w>
      <w lemma="obey" pos="vvi" xml:id="A96485-001-a-7570">obey</w>
      <pc xml:id="A96485-001-a-7580">,</pc>
     </l>
     <l xml:id="A96485-e1340">
      <w lemma="and" pos="cc" xml:id="A96485-001-a-7590">And</w>
      <w lemma="seek" pos="vvi" xml:id="A96485-001-a-7600">seek</w>
      <w lemma="the" pos="d" xml:id="A96485-001-a-7610">the</w>
      <w lemma="peace" pos="n1" xml:id="A96485-001-a-7620">Peace</w>
      <w lemma="&amp;" pos="cc" xml:id="A96485-001-a-7630">&amp;</w>
      <w lemma="welfare" pos="n1" xml:id="A96485-001-a-7640">Welfare</w>
      <w lemma="of" pos="acp" xml:id="A96485-001-a-7650">of</w>
      <w lemma="the" pos="d" xml:id="A96485-001-a-7660">the</w>
      <w lemma="nation" pos="n1" xml:id="A96485-001-a-7670">Nation</w>
      <pc xml:id="A96485-001-a-7680">:</pc>
     </l>
     <l xml:id="A96485-e1350">
      <w lemma="if" pos="cs" xml:id="A96485-001-a-7690">If</w>
      <w lemma="this" pos="d" xml:id="A96485-001-a-7700">this</w>
      <w lemma="will" pos="vmb-x" xml:id="A96485-001-a-7710">won't</w>
      <w lemma="do" pos="vvi" xml:id="A96485-001-a-7720">do</w>
      <pc xml:id="A96485-001-a-7730">,</pc>
      <w lemma="i" pos="pns" xml:id="A96485-001-a-7740">I</w>
      <w lemma="know" pos="vvb" xml:id="A96485-001-a-7750">know</w>
      <w lemma="not" pos="xx" xml:id="A96485-001-a-7760">not</w>
      <w lemma="what" pos="crq" xml:id="A96485-001-a-7770">what</w>
      <w lemma="to" pos="to" xml:id="A96485-001-a-7780">to</w>
      <w lemma="say" pos="vvi" xml:id="A96485-001-a-7790">say</w>
      <pc xml:id="A96485-001-a-7800">,</pc>
     </l>
     <l xml:id="A96485-e1360">
      <w lemma="but" pos="acp" xml:id="A96485-001-a-7810">But</w>
      <w lemma="farewell" pos="uh" xml:id="A96485-001-a-7820">farewel</w>
      <w lemma="London" pos="n1-nn" rendition="#hi" xml:id="A96485-001-a-7830">London</w>
      <pc xml:id="A96485-001-a-7840">,</pc>
      <w lemma="farewell" pos="uh" xml:id="A96485-001-a-7850">farewel</w>
      <w lemma="corporation" pos="n1" rendition="#hi" xml:id="A96485-001-a-7860">Corporation</w>
      <pc unit="sentence" xml:id="A96485-001-a-7870">.</pc>
     </l>
    </lg>
    <closer xml:id="A96485-e1390">
     <signed xml:id="A96485-e1400">
      <w lemma="r." pos="ab" xml:id="A96485-001-a-7880">R.</w>
      <w lemma="w." pos="ab" xml:id="A96485-001-a-7890">W.</w>
      <pc unit="sentence" xml:id="A96485-001-a-7900"/>
     </signed>
    </closer>
   </div>
  </body>
  <back xml:id="A96485-e1410">
   <div type="colophon" xml:id="A96485-e1420">
    <p xml:id="A96485-e1430">
     <w lemma="print" pos="j_vn" xml:id="A96485-001-a-7910">Printed</w>
     <w lemma="in" pos="acp" xml:id="A96485-001-a-7920">in</w>
     <w lemma="the" pos="d" xml:id="A96485-001-a-7930">the</w>
     <w lemma="year" pos="n1" xml:id="A96485-001-a-7940">Year</w>
     <pc xml:id="A96485-001-a-7950">,</pc>
     <w lemma="1666." pos="crd" xml:id="A96485-001-a-7960">1666.</w>
     <pc unit="sentence" xml:id="A96485-001-a-7970"/>
    </p>
   </div>
  </back>
 </text>
</TEI>
