<?xml version="1.0" encoding="UTF-8"?>
<?xml-model href="http://schemata.earlyprint.org/schemata/tei_earlyprint.rng" type="application/xml" schematypens="http://relaxng.org/ns/structure/1.0"?>
<TEI xmlns="http://www.tei-c.org/ns/1.0" xml:id="B01661">
 <teiHeader>
  <fileDesc>
   <titleStmt>
    <title>A nevv ballad of a famous German prince and a renowned English duke, who on St. James's day one thousand 666 fought with a beast with seven heads, call'd provinces; not by land, but by water; not to be said but sung; not in high English nor Low Dutch; but to a new French tune, called Monsieur Ragou, or, The dancing hobby-horses.</title>
    <author>Birkenhead, John, Sir, 1616-1679.</author>
   </titleStmt>
   <editionStmt>
    <edition>This text is an enriched version of the TCP digital transcription B01661 of text R221395 in the <ref target="http;//estc.bl.uk">English Short Title Catalog</ref> (Wing B2967AB). Textual changes  and metadata enrichments aim at making the                             text more  computationally tractable, easier to read, and suitable for network-based collaborative                              curation by amateur and professional end users from many walks of life.  The text has been tokenized and linguistically annotated with <ref target="http://morphadorner.northwestern.edu/morphadorner/">MorphAdorner</ref>. The annotation includes standard spellings that support the display of a text in                             a standardized format that preserves archaic forms ('loveth', 'seekest').                              Textual changes aim at restoring the text the author or stationer meant to publish.</edition>
    <respStmt>
     <resp>This text has not been fully proofread</resp>
     <name/>
    </respStmt>
   </editionStmt>
   <extent>Approx. 7 KB of XML-encoded text transcribed from 1 1-bit group-IV TIFF page image.</extent>
   <publicationStmt>
    <publisher>EarlyPrint Project</publisher>
    <pubPlace>Evanston,IL, Notre Dame, IN, St. Louis, MO</pubPlace>
    <date>2018</date>
    <idno type="DLPS">B01661</idno>
    <idno type="STC">Wing B2967AB</idno>
    <idno type="STC">Interim Tract Supplement Guide C.40.m.9.[77]</idno>
    <idno type="EEBO-CITATION">99885281</idno>
    <idno type="PROQUEST">ocm99885281</idno>
    <idno type="VID">182230</idno>
    <availability>
     <p>
            This keyboarded and encoded edition of the work described above is co-owned by the institutions providing financial support to the Early English Books Online Text Creation Partnership. This Phase I text is available for reuse, according to the terms of
            <ref target="https://creativecommons.org/publicdomain/zero/1.0/">Creative Commons 0 1.0 Universal</ref>
            . The text can be copied, modified, distributed and performed, even for commercial purposes, all without asking permission.
          </p>
    </availability>
   </publicationStmt>
   <seriesStmt>
    <title>Early English books online.</title>
   </seriesStmt>
   <notesStmt>
    <note>(EEBO-TCP ; phase 1, no. B01661)</note>
    <note>Transcribed from: (Early English Books Online ; image set 182230)</note>
    <note>Images scanned from microfilm: (Early English books; Tract supplement ; A3:2[78])</note>
   </notesStmt>
   <sourceDesc>
    <biblFull>
     <titleStmt>
      <title>A nevv ballad of a famous German prince and a renowned English duke, who on St. James's day one thousand 666 fought with a beast with seven heads, call'd provinces; not by land, but by water; not to be said but sung; not in high English nor Low Dutch; but to a new French tune, called Monsieur Ragou, or, The dancing hobby-horses.</title>
      <author>Birkenhead, John, Sir, 1616-1679.</author>
     </titleStmt>
     <extent>1 sheet ([1] p.).</extent>
     <publicationStmt>
      <publisher>s.n.],</publisher>
      <pubPlace>[S.l. :</pubPlace>
      <date>Printed in the year, 1666.</date>
     </publicationStmt>
     <notesStmt>
      <note>Attributed to Sir John Birkenhead by Wing.</note>
      <note>Verse: "There happen'd of late a terrible fray ..."</note>
      <note>Printed in two columns.</note>
      <note>Reproduction of original in the British Library.</note>
     </notesStmt>
    </biblFull>
   </sourceDesc>
  </fileDesc>
  <profileDesc>
   <langUsage>
    <language ident="eng">eng</language>
   </langUsage>
   <textClass>
    <keywords scheme="http://authorities.loc.gov/">
     <term>Charles -- II, -- King of England, 1630-1685 -- Early works to 1800.</term>
    </keywords>
   </textClass>
  </profileDesc>
  <xenoData>
   <ep:epHeader xmlns:ep="http://earlyprint.org/ns/1.0">
    <ep:corpus>eebo</ep:corpus>
    <ep:title>A nevv ballad of a famous German prince and a renowned English duke, who on St. James's day one thousand 666 fought with a beast with seven heads, cal</ep:title>
    <ep:author>Birkenhead, John, Sir. </ep:author>
    <ep:publicationYear>1666</ep:publicationYear>
    <ep:creationYear/>
    <ep:curator>
     <ep:name/>
    </ep:curator>
    <ep:pageCount>1</ep:pageCount>
    <ep:wordCount>957</ep:wordCount>
    <ep:defectiveTokenCount>0</ep:defectiveTokenCount>
    <ep:untranscribedForeignCount>0</ep:untranscribedForeignCount>
    <ep:untranscribedMathCount>0</ep:untranscribedMathCount>
    <ep:untranscribedMusicCount>0</ep:untranscribedMusicCount>
    <ep:missingChunkCount>0</ep:missingChunkCount>
    <ep:missingPagesCount>0</ep:missingPagesCount>
    <ep:defectRate>0</ep:defectRate>
    <ep:finalGrade>A</ep:finalGrade>
    <ep:defectRangePerGrade>This text  has no known defects that were recorded as gap elements at the time of transcription. </ep:defectRangePerGrade>
   </ep:epHeader>
  </xenoData>
  <revisionDesc>
   <change><date>2008-07</date><label>TCP</label>
        Assigned for keying and markup
      </change>
   <change><date>2008-08</date><label>SPi Global</label>
        Keyed and coded from ProQuest page images
      </change>
   <change><date>2008-09</date><label>Mona Logarbo</label>
        Sampled and proofread
      </change>
   <change><date>2008-09</date><label>Mona Logarbo</label>
        Text and markup reviewed and edited
      </change>
   <change><date>2009-02</date><label>pfs</label>
        Batch review (QC) and XML conversion
      </change>
  </revisionDesc>
 </teiHeader>
 <text xml:id="B01661-t">
  <body xml:id="B01661-e0">
   <div type="ballad" xml:id="B01661-e10">
    <pb facs="tcp:182230:1" rendition="simple:additions" xml:id="B01661-001-a"/>
    <head xml:id="B01661-e20">
     <w lemma="a" pos="d" xml:id="B01661-001-a-0010">A</w>
     <w lemma="new" pos="j" reg="New" xml:id="B01661-001-a-0020">Nevv</w>
     <w lemma="ballad" pos="n1" xml:id="B01661-001-a-0030">BALLAD</w>
    </head>
    <argument xml:id="B01661-e30">
     <p xml:id="B01661-e40">
      <w lemma="of" pos="acp" xml:id="B01661-001-a-0040">Of</w>
      <w lemma="a" pos="d" xml:id="B01661-001-a-0050">a</w>
      <w lemma="famous" pos="j" xml:id="B01661-001-a-0060">Famous</w>
      <w lemma="german" pos="j-nn" reg="Germane" xml:id="B01661-001-a-0070">German</w>
      <w lemma="prince" pos="n1" rendition="#hi" xml:id="B01661-001-a-0080">PRINCE</w>
      <w lemma="and" pos="cc" xml:id="B01661-001-a-0090">and</w>
      <w lemma="a" pos="d" xml:id="B01661-001-a-0100">a</w>
      <w lemma="renown" pos="j_vn" xml:id="B01661-001-a-0110">renowned</w>
      <w lemma="english" pos="j-nn" xml:id="B01661-001-a-0120">English</w>
      <w lemma="duke" pos="n1" rendition="#hi" xml:id="B01661-001-a-0130">DUKE</w>
      <pc xml:id="B01661-001-a-0140">,</pc>
      <w lemma="who" pos="crq" xml:id="B01661-001-a-0150">who</w>
      <w lemma="on" pos="acp" xml:id="B01661-001-a-0160">on</w>
      <w lemma="st." pos="ab" xml:id="B01661-001-a-0170">St.</w>
      <w lemma="James" pos="n1g-nn" reg="James'" rendition="hi-before-apostr" xml:id="B01661-001-a-0180">James's</w>
      <w lemma="day" pos="n1" xml:id="B01661-001-a-0200">day</w>
      <w lemma="one" pos="crd" xml:id="B01661-001-a-0210">One</w>
      <w lemma="thousand" pos="crd" xml:id="B01661-001-a-0220">thousand</w>
      <w lemma="666" pos="crd" xml:id="B01661-001-a-0230">666</w>
      <w lemma="fight" pos="vvn" xml:id="B01661-001-a-0240">fought</w>
      <w lemma="with" pos="acp" xml:id="B01661-001-a-0250">with</w>
      <w lemma="a" pos="d" xml:id="B01661-001-a-0260">a</w>
      <hi xml:id="B01661-e80">
       <w lemma="beast" pos="n1" xml:id="B01661-001-a-0270">Beast</w>
       <w lemma="with" pos="acp" xml:id="B01661-001-a-0280">with</w>
       <w lemma="seven" pos="crd" xml:id="B01661-001-a-0290">Seven</w>
       <w lemma="head" pos="n2" xml:id="B01661-001-a-0300">Heads</w>
      </hi>
      <pc rendition="#follows-hi" xml:id="B01661-001-a-0310">,</pc>
      <w lemma="call" pos="vvn" reg="called" xml:id="B01661-001-a-0320">call'd</w>
      <w lemma="province" pos="n2" rendition="#hi" xml:id="B01661-001-a-0330">Provinces</w>
      <pc xml:id="B01661-001-a-0340">;</pc>
      <w lemma="not" pos="xx" xml:id="B01661-001-a-0350">not</w>
      <w lemma="by" pos="acp" xml:id="B01661-001-a-0360">by</w>
      <w lemma="land" pos="n1" xml:id="B01661-001-a-0370">Land</w>
      <pc xml:id="B01661-001-a-0380">,</pc>
      <w lemma="but" pos="acp" xml:id="B01661-001-a-0390">but</w>
      <w lemma="by" pos="acp" xml:id="B01661-001-a-0400">by</w>
      <w lemma="water" pos="n1" xml:id="B01661-001-a-0410">Water</w>
      <pc xml:id="B01661-001-a-0420">;</pc>
      <w lemma="not" pos="xx" xml:id="B01661-001-a-0430">not</w>
      <w lemma="to" pos="to" xml:id="B01661-001-a-0440">to</w>
      <w lemma="be" pos="vvi" xml:id="B01661-001-a-0450">be</w>
      <w lemma="say" pos="vvn" xml:id="B01661-001-a-0460">said</w>
      <w lemma="but" pos="acp-av" xml:id="B01661-001-a-0470">but</w>
      <w lemma="sing" pos="vvn" xml:id="B01661-001-a-0480">sung</w>
      <pc xml:id="B01661-001-a-0490">;</pc>
      <w lemma="not" pos="xx" xml:id="B01661-001-a-0500">not</w>
      <w lemma="in" pos="acp" xml:id="B01661-001-a-0510">in</w>
      <w lemma="high" pos="j" xml:id="B01661-001-a-0520">high</w>
      <w lemma="english" pos="j-nn" xml:id="B01661-001-a-0530">English</w>
      <w lemma="nor" pos="cc-x" xml:id="B01661-001-a-0540">nor</w>
      <hi xml:id="B01661-e100">
       <w lemma="low" pos="j" xml:id="B01661-001-a-0550">Low</w>
       <w lemma="dutch" pos="j-nn" xml:id="B01661-001-a-0560">Dutch</w>
      </hi>
      <pc rendition="#follows-hi" xml:id="B01661-001-a-0570">;</pc>
      <w lemma="but" pos="acp" xml:id="B01661-001-a-0580">but</w>
      <w lemma="to" pos="acp" xml:id="B01661-001-a-0590">to</w>
      <w lemma="a" pos="d" xml:id="B01661-001-a-0600">a</w>
      <w lemma="new" pos="j" xml:id="B01661-001-a-0610">new</w>
      <w lemma="french" pos="j-nn" xml:id="B01661-001-a-0620">French</w>
      <w lemma="tune" pos="n1" xml:id="B01661-001-a-0630">Tune</w>
      <pc xml:id="B01661-001-a-0640">,</pc>
      <w lemma="call" pos="vvn" xml:id="B01661-001-a-0650">called</w>
      <hi xml:id="B01661-e110">
       <w lemma="Monsieur" pos="n1-nn" xml:id="B01661-001-a-0660">Monsieur</w>
       <w lemma="Ragou" pos="n1-nn" xml:id="B01661-001-a-0670">Ragou</w>
      </hi>
      <pc rendition="#follows-hi" xml:id="B01661-001-a-0680">,</pc>
      <w lemma="or" pos="cc" xml:id="B01661-001-a-0690">or</w>
      <pc xml:id="B01661-001-a-0700">,</pc>
      <hi xml:id="B01661-e120">
       <w lemma="the" pos="d" xml:id="B01661-001-a-0710">The</w>
       <w lemma="dance" pos="j_vg" xml:id="B01661-001-a-0720">Dancing</w>
       <w lemma="hobby-horse" pos="n2" xml:id="B01661-001-a-0730">Hobby-horses</w>
      </hi>
      <pc rendition="#follows-hi" unit="sentence" xml:id="B01661-001-a-0740">.</pc>
     </p>
    </argument>
    <lg xml:id="B01661-e130">
     <l xml:id="B01661-e140">
      <w lemma="there" pos="av" xml:id="B01661-001-a-0750">THere</w>
      <w lemma="happen" pos="vvd" reg="happened" xml:id="B01661-001-a-0760">happen'd</w>
      <w lemma="of" pos="acp" xml:id="B01661-001-a-0770">of</w>
      <w lemma="late" pos="j" xml:id="B01661-001-a-0780">late</w>
      <w lemma="a" pos="d" xml:id="B01661-001-a-0790">a</w>
      <w lemma="terrible" pos="j" xml:id="B01661-001-a-0800">Terrible</w>
      <w lemma="fray" pos="n1" xml:id="B01661-001-a-0810">Fray</w>
     </l>
     <l xml:id="B01661-e150">
      <w lemma="begin" pos="vvn" xml:id="B01661-001-a-0820">Begun</w>
      <w lemma="upon" pos="acp" xml:id="B01661-001-a-0830">upon</w>
      <w lemma="our" pos="po" xml:id="B01661-001-a-0840">our</w>
      <ref corresp="B01661-e160-b" target="B01661-e160-b" xml:id="B01661-e160-a">*</ref>
      <note corresp="B01661-e160-a" n="*" place="margin" xml:id="B01661-e160-b">
       <w>*</w>
       <w lemma="on" pos="acp" xml:id="B01661-001-a-0850">On</w>
       <w lemma="saint" pos="n1" rendition="#hi" xml:id="B01661-001-a-0860">Saint</w>
       <w lemma="James" pos="n1g-nn" reg="James'" rendition="hi-before-apostr" xml:id="B01661-001-a-0870">James's</w>
       <w lemma="day" pos="n1" xml:id="B01661-001-a-0890">day</w>
       <hi xml:id="B01661-e180">
        <pc join="right" xml:id="B01661-001-a-0900">(</pc>
        <w lemma="1581." pos="crd" reg="1581." xml:id="B01661-001-a-0910">1581</w>
       </hi>
       <pc rendition="#follows-hi" xml:id="B01661-001-a-0920">)</pc>
       <w lemma="the" pos="d" xml:id="B01661-001-a-0930">the</w>
       <hi xml:id="B01661-e190">
        <w lemma="seven" pos="crd" xml:id="B01661-001-a-0940">Seven</w>
        <w lemma="province" pos="n2" xml:id="B01661-001-a-0950">Provinces</w>
       </hi>
       <w lemma="first" pos="ord" xml:id="B01661-001-a-0960">first</w>
       <w lemma="resolve" pos="vvn" xml:id="B01661-001-a-0970">Resolved</w>
       <w lemma="themselves" pos="px" xml:id="B01661-001-a-0980">themselves</w>
       <w lemma="into" pos="acp" xml:id="B01661-001-a-0990">into</w>
       <w lemma="free-state" pos="n2" rendition="#hi" xml:id="B01661-001-a-1000">Free-States</w>
       <pc unit="sentence" xml:id="B01661-001-a-1010">.</pc>
      </note>
      <w lemma="s." pos="ab" xml:id="B01661-001-a-1020">S.</w>
      <w lemma="James" pos="n1g-nn" reg="James'" rendition="hi-before-apostr" xml:id="B01661-001-a-1030">James's</w>
      <w lemma="day" pos="n1" xml:id="B01661-001-a-1050">day</w>
      <pc unit="sentence" xml:id="B01661-001-a-1060">.</pc>
     </l>
     <lg type="refrain" xml:id="B01661-e220">
      <l xml:id="B01661-e230">
       <w lemma="with" pos="acp" xml:id="B01661-001-a-1070">With</w>
       <w lemma="a" pos="d" xml:id="B01661-001-a-1080">a</w>
       <hi xml:id="B01661-e240">
        <w lemma="Thump" pos="n1-nn" xml:id="B01661-001-a-1090">Thump</w>
        <pc xml:id="B01661-001-a-1100">,</pc>
        <w lemma="Thump" pos="n1-nn" xml:id="B01661-001-a-1110">Thump</w>
        <pc xml:id="B01661-001-a-1120">,</pc>
        <w lemma="Thump" pos="n1-nn" xml:id="B01661-001-a-1130">Thump</w>
        <pc xml:id="B01661-001-a-1140">,</pc>
        <w lemma="Thump" pos="n1-nn" xml:id="B01661-001-a-1150">Thump</w>
        <pc xml:id="B01661-001-a-1160">,</pc>
        <w lemma="Thump" pos="n1-nn" xml:id="B01661-001-a-1170">Thump</w>
        <pc xml:id="B01661-001-a-1180">,</pc>
       </hi>
      </l>
      <l xml:id="B01661-e250">
       <hi xml:id="B01661-e260">
        <w lemma="Thump" pos="n1-nn" xml:id="B01661-001-a-1190">Thump</w>
        <pc xml:id="B01661-001-a-1200">,</pc>
        <w lemma="Thump" pos="n1-nn" xml:id="B01661-001-a-1210">Thump</w>
       </hi>
       <pc rendition="#follows-hi" xml:id="B01661-001-a-1220">,</pc>
       <w lemma="a" pos="d" xml:id="B01661-001-a-1230">a</w>
       <hi xml:id="B01661-e270">
        <w lemma="Thump" pos="n1-nn" xml:id="B01661-001-a-1240">Thump</w>
        <pc xml:id="B01661-001-a-1250">,</pc>
        <w lemma="Thump" pos="n1-nn" xml:id="B01661-001-a-1260">Thump</w>
       </hi>
       <pc rendition="#follows-hi" unit="sentence" xml:id="B01661-001-a-1270">.</pc>
      </l>
     </lg>
     <l xml:id="B01661-e280">
      <w lemma="where" pos="crq" xml:id="B01661-001-a-1280">Where</w>
      <w lemma="rupert" pos="n1-nn" rendition="#hi" xml:id="B01661-001-a-1290">Rupert</w>
      <w lemma="and" pos="cc" xml:id="B01661-001-a-1300">and</w>
      <w lemma="George" pos="n1-nn" rendition="#hi" xml:id="B01661-001-a-1310">George</w>
      <w lemma="for" pos="acp" xml:id="B01661-001-a-1320">for</w>
      <w lemma="charlemaign" pos="vvi" xml:id="B01661-001-a-1330">CHARLEMAIGN</w>
     </l>
     <l xml:id="B01661-e310">
      <w lemma="swinge" pos="vvn" reg="Swinged" xml:id="B01661-001-a-1340">Swing'd</w>
      <w lemma="the" pos="d" xml:id="B01661-001-a-1350">the</w>
      <w lemma="dutch" pos="j-nn" rendition="#hi" xml:id="B01661-001-a-1360">Dutch</w>
      <w lemma="again" pos="av" xml:id="B01661-001-a-1370">again</w>
      <w lemma="and" pos="cc" xml:id="B01661-001-a-1380">and</w>
      <w lemma="again" pos="av" xml:id="B01661-001-a-1390">again</w>
      <pc xml:id="B01661-001-a-1400">,</pc>
     </l>
     <l xml:id="B01661-e330">
      <pc join="right" xml:id="B01661-001-a-1410">(</pc>
      <w lemma="as" pos="acp" xml:id="B01661-001-a-1420">As</w>
      <w lemma="if" pos="cs" xml:id="B01661-001-a-1430">if</w>
      <w lemma="they" pos="pns" xml:id="B01661-001-a-1440">they</w>
      <w lemma="have" pos="vvd" xml:id="B01661-001-a-1450">had</w>
      <w lemma="be" pos="vvn" xml:id="B01661-001-a-1460">been</w>
      <w lemma="but" pos="acp-av" xml:id="B01661-001-a-1470">but</w>
      <w lemma="the" pos="d" xml:id="B01661-001-a-1480">the</w>
      <w lemma="french" pos="j-nn" rendition="#hi" xml:id="B01661-001-a-1490">French</w>
      <w lemma="or" pos="cc" xml:id="B01661-001-a-1500">or</w>
      <w lemma="Dane" pos="n1-nn" rendition="#hi" xml:id="B01661-001-a-1510">Dane</w>
      <pc unit="sentence" xml:id="B01661-001-a-1520">)</pc>
     </l>
     <lg type="refrain" xml:id="B01661-e360">
      <l xml:id="B01661-e370">
       <w lemma="with" pos="acp" xml:id="B01661-001-a-1530">With</w>
       <w lemma="a" pos="d" xml:id="B01661-001-a-1540">a</w>
       <w lemma="Thump" pos="n1-nn" rendition="#hi" xml:id="B01661-001-a-1550">Thump</w>
       <pc xml:id="B01661-001-a-1560">,</pc>
       <w lemma="etc." pos="ab" reg="etc." xml:id="B01661-001-a-1570">&amp;c.</w>
       <pc unit="sentence" xml:id="B01661-001-a-1580"/>
      </l>
     </lg>
    </lg>
    <lg xml:id="B01661-e390">
     <l xml:id="B01661-e400">
      <w join="right" lemma="it" pos="pn" xml:id="B01661-001-a-1590">'T</w>
      <w join="left" lemma="be" pos="vvd" xml:id="B01661-001-a-1591">was</w>
      <w lemma="brave" pos="j" xml:id="B01661-001-a-1600">brave</w>
      <hi xml:id="B01661-e410">
       <w lemma="Tom" pos="n1-nn" xml:id="B01661-001-a-1610">Tom</w>
       <w lemma="Allen" pos="n1-nn" xml:id="B01661-001-a-1620">Allen</w>
      </hi>
      <w lemma="lead" pos="vvd" xml:id="B01661-001-a-1630">led</w>
      <w lemma="the" pos="d" xml:id="B01661-001-a-1640">the</w>
      <w lemma="van" pos="n1" xml:id="B01661-001-a-1650">Van</w>
      <pc xml:id="B01661-001-a-1660">,</pc>
     </l>
     <l xml:id="B01661-e420">
      <w lemma="stout" pos="j" xml:id="B01661-001-a-1670">Stout</w>
      <w lemma="Vtber" pos="n1-nn" rendition="#hi" xml:id="B01661-001-a-1680">Vtber</w>
      <pc xml:id="B01661-001-a-1690">,</pc>
      <w lemma="and" pos="cc" xml:id="B01661-001-a-1700">and</w>
      <w lemma="bold" pos="j" xml:id="B01661-001-a-1710">bold</w>
      <w lemma="Tiddiman" pos="n1-nn" rendition="#hi" xml:id="B01661-001-a-1720">Tiddiman</w>
      <pc xml:id="B01661-001-a-1730">,</pc>
     </l>
     <lg type="refrain" xml:id="B01661-e450">
      <l xml:id="B01661-e460">
       <w lemma="with" pos="acp" xml:id="B01661-001-a-1740">With</w>
       <w lemma="a" pos="d" xml:id="B01661-001-a-1750">a</w>
       <w lemma="Thump" pos="n1-nn" rendition="#hi" xml:id="B01661-001-a-1760">Thump</w>
       <pc xml:id="B01661-001-a-1770">,</pc>
       <w lemma="etc." pos="ab" reg="etc." xml:id="B01661-001-a-1780">&amp;c.</w>
       <pc unit="sentence" xml:id="B01661-001-a-1790"/>
      </l>
     </lg>
     <l xml:id="B01661-e480">
      <w lemma="and" pos="cc" xml:id="B01661-001-a-1800">And</w>
      <w lemma="then" pos="av" xml:id="B01661-001-a-1810">then</w>
      <w lemma="our" pos="po" xml:id="B01661-001-a-1820">our</w>
      <w lemma="immortal" pos="j" xml:id="B01661-001-a-1830">Immortal</w>
      <w lemma="general" pos="n2" reg="GENERALS" xml:id="B01661-001-a-1840">GENERALLS</w>
     </l>
     <l xml:id="B01661-e490">
      <w lemma="with" pos="acp" xml:id="B01661-001-a-1850">With</w>
      <w lemma="twenty" pos="crd" xml:id="B01661-001-a-1860">twenty</w>
      <w lemma="thousand" pos="crd" xml:id="B01661-001-a-1870">thousand</w>
      <w lemma="thunderball" pos="n2" reg="Thunderballs" xml:id="B01661-001-a-1880">Thunder-balls</w>
     </l>
     <l xml:id="B01661-e500">
      <w lemma="pierce" pos="vvn" reg="Pierced" xml:id="B01661-001-a-1890">Pierc'd</w>
      <w lemma="their" pos="po" xml:id="B01661-001-a-1900">their</w>
      <w lemma="boggy" pos="j" reg="boggy" xml:id="B01661-001-a-1910">boggie</w>
      <w lemma="flesh-mud-wall" pos="n2" xml:id="B01661-001-a-1920">flesh-mud-walls</w>
     </l>
     <lg type="refrain" xml:id="B01661-e510">
      <l xml:id="B01661-e520">
       <w lemma="with" pos="acp" xml:id="B01661-001-a-1930">With</w>
       <w lemma="a" pos="d" xml:id="B01661-001-a-1940">a</w>
       <hi xml:id="B01661-e530">
        <w lemma="Thump" pos="n1-nn" xml:id="B01661-001-a-1950">Thump</w>
        <pc xml:id="B01661-001-a-1960">,</pc>
        <w lemma="Thump" pos="n1-nn" xml:id="B01661-001-a-1970">Thump</w>
       </hi>
       <pc rendition="#follows-hi" xml:id="B01661-001-a-1980">,</pc>
       <w lemma="etc." pos="ab" reg="etc." xml:id="B01661-001-a-1990">&amp;c.</w>
       <pc unit="sentence" xml:id="B01661-001-a-2000"/>
      </l>
     </lg>
    </lg>
    <lg xml:id="B01661-e540">
     <l xml:id="B01661-e550">
      <w lemma="the" pos="d" xml:id="B01661-001-a-2010">The</w>
      <w lemma="game" pos="n1" xml:id="B01661-001-a-2020">Game</w>
      <w lemma="be" pos="vvd" xml:id="B01661-001-a-2030">was</w>
      <w lemma="hot" pos="j" xml:id="B01661-001-a-2040">hot</w>
      <pc xml:id="B01661-001-a-2050">,</pc>
      <w lemma="and" pos="cc" xml:id="B01661-001-a-2060">and</w>
      <w lemma="then" pos="av" xml:id="B01661-001-a-2070">then</w>
      <w join="right" lemma="you" pos="pn" xml:id="B01661-001-a-2080">you</w>
      <w join="left" lemma="will" pos="vmb" xml:id="B01661-001-a-2081">'ll</w>
      <w lemma="swear" pos="vvi" xml:id="B01661-001-a-2090">swear</w>
     </l>
     <l xml:id="B01661-e560">
      <w lemma="that" pos="cs" xml:id="B01661-001-a-2100">That</w>
      <w lemma="Jordan" pos="n1-nn" rendition="#hi" xml:id="B01661-001-a-2110">Jordan</w>
      <pc join="right" xml:id="B01661-001-a-2120">(</pc>
      <w lemma="heart" pos="n1" xml:id="B01661-001-a-2130">Heart</w>
      <w lemma="of" pos="acp" xml:id="B01661-001-a-2140">of</w>
      <w lemma="oak" pos="n1" xml:id="B01661-001-a-2150">Oak</w>
      <pc xml:id="B01661-001-a-2160">)</pc>
      <w lemma="be" pos="vvd" xml:id="B01661-001-a-2170">was</w>
      <w lemma="there" pos="av" xml:id="B01661-001-a-2180">there</w>
     </l>
     <lg type="refrain" xml:id="B01661-e580">
      <l xml:id="B01661-e590">
       <w lemma="with" pos="acp" xml:id="B01661-001-a-2190">With</w>
       <w lemma="a" pos="d" xml:id="B01661-001-a-2200">a</w>
       <hi xml:id="B01661-e600">
        <w lemma="Thump" pos="n1-nn" xml:id="B01661-001-a-2210">Thump</w>
        <pc xml:id="B01661-001-a-2220">,</pc>
        <w lemma="Thump" pos="n1-nn" xml:id="B01661-001-a-2230">Thump</w>
       </hi>
       <pc rendition="#follows-hi" xml:id="B01661-001-a-2240">,</pc>
       <w lemma="etc." pos="ab" reg="etc." xml:id="B01661-001-a-2250">&amp;c.</w>
       <pc unit="sentence" xml:id="B01661-001-a-2260"/>
      </l>
     </lg>
     <l xml:id="B01661-e610">
      <w lemma="and" pos="cc" xml:id="B01661-001-a-2270">And</w>
      <w lemma="gallant" pos="j" xml:id="B01661-001-a-2280">gallant</w>
      <w lemma="Holmes" pos="n1-nn" rendition="#hi" xml:id="B01661-001-a-2290">Holmes</w>
      <w lemma="that" pos="cs" xml:id="B01661-001-a-2300">that</w>
      <w lemma="never" pos="av-x" xml:id="B01661-001-a-2310">never</w>
      <w lemma="fail" pos="vvz" xml:id="B01661-001-a-2320">fails</w>
      <pc xml:id="B01661-001-a-2330">,</pc>
     </l>
     <l xml:id="B01661-e630">
      <w lemma="tear" pos="vvn" xml:id="B01661-001-a-2340">Torn</w>
      <w lemma="and" pos="cc" xml:id="B01661-001-a-2350">and</w>
      <w lemma="hurt" pos="vvn" xml:id="B01661-001-a-2360">hurt</w>
      <pc xml:id="B01661-001-a-2370">,</pc>
      <w lemma="yet" pos="av" xml:id="B01661-001-a-2380">yet</w>
      <w lemma="still" pos="av" xml:id="B01661-001-a-2390">still</w>
      <w lemma="prevail" pos="vvz" xml:id="B01661-001-a-2400">prevails</w>
      <pc xml:id="B01661-001-a-2410">,</pc>
     </l>
     <l xml:id="B01661-e640">
      <w lemma="valiant" pos="j" xml:id="B01661-001-a-2420">Valiant</w>
      <w lemma="with" pos="acp" xml:id="B01661-001-a-2430">with</w>
      <w lemma="or" pos="cc" xml:id="B01661-001-a-2440">or</w>
      <w lemma="without" pos="acp" xml:id="B01661-001-a-2450">without</w>
      <w lemma="his" pos="po" xml:id="B01661-001-a-2460">his</w>
      <w lemma="sail" pos="n2" xml:id="B01661-001-a-2470">Sails</w>
      <pc xml:id="B01661-001-a-2480">,</pc>
     </l>
     <lg type="refrain" xml:id="B01661-e650">
      <l xml:id="B01661-e660">
       <w lemma="with" pos="acp" xml:id="B01661-001-a-2490">With</w>
       <w lemma="a" pos="d" xml:id="B01661-001-a-2500">a</w>
       <hi xml:id="B01661-e670">
        <w lemma="Thump" pos="n1-nn" xml:id="B01661-001-a-2510">Thump</w>
        <pc xml:id="B01661-001-a-2520">,</pc>
        <w lemma="Thump" pos="n1-nn" xml:id="B01661-001-a-2530">Thump</w>
       </hi>
       <pc rendition="#follows-hi" xml:id="B01661-001-a-2540">,</pc>
       <w lemma="etc." pos="ab" reg="etc." xml:id="B01661-001-a-2550">&amp;c.</w>
       <pc unit="sentence" xml:id="B01661-001-a-2560"/>
      </l>
     </lg>
    </lg>
    <lg xml:id="B01661-e680">
     <l xml:id="B01661-e690">
      <w lemma="the" pos="d" xml:id="B01661-001-a-2570">The</w>
      <hi xml:id="B01661-e700">
       <w lemma="royal" pos="j" xml:id="B01661-001-a-2580">Royal</w>
       <w lemma="Charles" pos="n1-nn" xml:id="B01661-001-a-2590">Charles</w>
      </hi>
      <w lemma="be" pos="vvd" xml:id="B01661-001-a-2600">was</w>
      <w lemma="all" pos="d" xml:id="B01661-001-a-2610">all</w>
      <w lemma="their" pos="po" xml:id="B01661-001-a-2620">their</w>
      <w lemma="aim" pos="n1" xml:id="B01661-001-a-2630">Aim</w>
     </l>
     <l xml:id="B01661-e710">
      <pc join="right" xml:id="B01661-001-a-2640">(</pc>
      <w lemma="for" pos="acp" xml:id="B01661-001-a-2650">For</w>
      <w lemma="there" pos="av" xml:id="B01661-001-a-2660">there</w>
      <w lemma="they" pos="pns" xml:id="B01661-001-a-2670">they</w>
      <w lemma="know" pos="vvd" xml:id="B01661-001-a-2680">knew</w>
      <w lemma="be" pos="vvd" xml:id="B01661-001-a-2690">was</w>
      <w lemma="princely" pos="j" xml:id="B01661-001-a-2700">Princely</w>
      <w lemma="game" pos="n1" xml:id="B01661-001-a-2710">Game</w>
      <pc unit="sentence" xml:id="B01661-001-a-2720">)</pc>
     </l>
     <lg type="refrain" xml:id="B01661-e720">
      <l xml:id="B01661-e730">
       <w lemma="with" pos="acp" xml:id="B01661-001-a-2730">With</w>
       <w lemma="a" pos="d" xml:id="B01661-001-a-2740">a</w>
       <w lemma="Thump" pos="n1-nn" rendition="#hi" xml:id="B01661-001-a-2750">Thump</w>
       <pc xml:id="B01661-001-a-2760">,</pc>
       <w lemma="etc." pos="ab" reg="etc." xml:id="B01661-001-a-2770">&amp;c.</w>
       <pc unit="sentence" xml:id="B01661-001-a-2780"/>
      </l>
     </lg>
     <l xml:id="B01661-e750">
      <hi xml:id="B01661-e760">
       <w lemma="seven" pos="crd" xml:id="B01661-001-a-2790">Seven</w>
       <w lemma="province" pos="n2" xml:id="B01661-001-a-2800">Provinces</w>
      </hi>
      <w lemma="here" pos="av" xml:id="B01661-001-a-2810">here</w>
      <w lemma="spend" pos="vvi" xml:id="B01661-001-a-2820">spend</w>
      <w lemma="their" pos="po" xml:id="B01661-001-a-2830">their</w>
      <w lemma="choir" pos="n1" reg="Choir" xml:id="B01661-001-a-2840">Quire</w>
      <pc xml:id="B01661-001-a-2850">,</pc>
     </l>
     <l xml:id="B01661-e770">
      <pc join="right" xml:id="B01661-001-a-2860">(</pc>
      <w lemma="De" pos="n1-nn" rendition="#hi" xml:id="B01661-001-a-2870">De</w>
      <w lemma="ruyter'" pos="vvz" rendition="hi-before-apostr" xml:id="B01661-001-a-2880">Ruyter's</w>
      <w lemma="mighty" pos="j" xml:id="B01661-001-a-2900">mighty</w>
      <w lemma="triple" pos="j" xml:id="B01661-001-a-2910">Triple</w>
      <w lemma="Tyre" pos="n1-nn" xml:id="B01661-001-a-2920">Tyre</w>
      <pc xml:id="B01661-001-a-2930">)</pc>
     </l>
     <l xml:id="B01661-e790">
      <w lemma="but" pos="acp" xml:id="B01661-001-a-2940">But</w>
      <w lemma="have" pos="vvd" xml:id="B01661-001-a-2950">had</w>
      <w lemma="his" pos="po" xml:id="B01661-001-a-2960">his</w>
      <w lemma="answer" pos="n1" xml:id="B01661-001-a-2970">Answer</w>
      <w lemma="all" pos="av_d" xml:id="B01661-001-a-2980">all</w>
      <w lemma="in" pos="acp" xml:id="B01661-001-a-2990">in</w>
      <w lemma="fire" pos="n1" xml:id="B01661-001-a-3000">Fire</w>
     </l>
     <lg type="refrain" xml:id="B01661-e800">
      <l xml:id="B01661-e810">
       <w lemma="with" pos="acp" xml:id="B01661-001-a-3010">With</w>
       <w lemma="a" pos="d" xml:id="B01661-001-a-3020">a</w>
       <w lemma="Thump" pos="n1-nn" rendition="#hi" xml:id="B01661-001-a-3030">Thump</w>
       <pc xml:id="B01661-001-a-3040">,</pc>
       <w lemma="etc." pos="ab" reg="etc." xml:id="B01661-001-a-3050">&amp;c.</w>
       <pc unit="sentence" xml:id="B01661-001-a-3060"/>
      </l>
     </lg>
    </lg>
    <lg xml:id="B01661-e830">
     <l xml:id="B01661-e840">
      <w lemma="for" pos="acp" xml:id="B01661-001-a-3070">For</w>
      <w lemma="here" pos="av" xml:id="B01661-001-a-3080">here</w>
      <w lemma="our" pos="po" xml:id="B01661-001-a-3090">our</w>
      <w lemma="glorious" pos="j" xml:id="B01661-001-a-3100">glorious</w>
      <w lemma="prince" pos="n1" rendition="#hi" xml:id="B01661-001-a-3110">Prince</w>
      <w lemma="and" pos="cc" xml:id="B01661-001-a-3120">and</w>
      <w lemma="duke" pos="n1" rendition="#hi" xml:id="B01661-001-a-3130">Duke</w>
     </l>
     <l xml:id="B01661-e870">
      <w lemma="give" pos="vvd" xml:id="B01661-001-a-3140">Gave</w>
      <w lemma="he" pos="pno" xml:id="B01661-001-a-3150">him</w>
      <w lemma="such" pos="d" xml:id="B01661-001-a-3160">such</w>
      <w lemma="a" pos="d" xml:id="B01661-001-a-3170">a</w>
      <w lemma="sore" pos="j" xml:id="B01661-001-a-3180">sore</w>
      <w lemma="rebuke" pos="n1" xml:id="B01661-001-a-3190">Rebuke</w>
     </l>
     <lg type="refrain" xml:id="B01661-e880">
      <l xml:id="B01661-e890">
       <w lemma="with" pos="acp" xml:id="B01661-001-a-3200">With</w>
       <w lemma="a" pos="d" xml:id="B01661-001-a-3210">a</w>
       <w lemma="Thump" pos="n1-nn" rendition="#hi" xml:id="B01661-001-a-3220">Thump</w>
       <pc xml:id="B01661-001-a-3230">,</pc>
       <w lemma="etc." pos="ab" reg="etc." xml:id="B01661-001-a-3240">&amp;c.</w>
       <pc unit="sentence" xml:id="B01661-001-a-3250"/>
      </l>
     </lg>
     <l xml:id="B01661-e910">
      <w lemma="that" pos="cs" xml:id="B01661-001-a-3260">That</w>
      <w lemma="now" pos="av" xml:id="B01661-001-a-3270">now</w>
      <hi xml:id="B01661-e920">
       <w lemma="de" pos="f-fr" xml:id="B01661-001-a-3280">De</w>
       <w lemma="Ruyter" pos="n1-nn" xml:id="B01661-001-a-3290">Ruyter</w>
      </hi>
      <w lemma="find" pos="vvz" xml:id="B01661-001-a-3300">finds</w>
      <w lemma="it" pos="pn" xml:id="B01661-001-a-3310">it</w>
      <w lemma="clear" pos="j" xml:id="B01661-001-a-3320">clear</w>
     </l>
     <l xml:id="B01661-e930">
      <w lemma="the" pos="d" xml:id="B01661-001-a-3330">The</w>
      <w lemma="warlike" pos="j" xml:id="B01661-001-a-3340">Warlike</w>
      <w lemma="english" pos="j-nn" rendition="#hi" xml:id="B01661-001-a-3350">English</w>
      <w lemma="have" pos="vvb" xml:id="B01661-001-a-3360">have</w>
      <w lemma="no" pos="d-x" xml:id="B01661-001-a-3370">no</w>
      <w lemma="peer" pos="n1" xml:id="B01661-001-a-3380">peer</w>
      <pc xml:id="B01661-001-a-3390">,</pc>
     </l>
     <l xml:id="B01661-e950">
      <w lemma="who" pos="crq" xml:id="B01661-001-a-3400">Who</w>
      <w lemma="dare" pos="vvb" xml:id="B01661-001-a-3410">dare</w>
      <w lemma="do" pos="vvi" xml:id="B01661-001-a-3420">do</w>
      <w lemma="any" pos="d" xml:id="B01661-001-a-3430">any</w>
      <w lemma="thing" pos="n1" xml:id="B01661-001-a-3440">thing</w>
      <w lemma="but" pos="acp" xml:id="B01661-001-a-3450">but</w>
      <w lemma="fear" pos="vvb" xml:id="B01661-001-a-3460">Fear</w>
     </l>
     <lg type="refrain" xml:id="B01661-e960">
      <l xml:id="B01661-e970">
       <w lemma="a" pos="d" xml:id="B01661-001-a-3470">A</w>
       <hi xml:id="B01661-e980">
        <w lemma="Thump" pos="n1-nn" xml:id="B01661-001-a-3480">Thump</w>
        <pc xml:id="B01661-001-a-3490">,</pc>
        <w lemma="Thump" pos="n1-nn" xml:id="B01661-001-a-3500">Thump</w>
       </hi>
       <pc rendition="#follows-hi" xml:id="B01661-001-a-3510">,</pc>
       <w lemma="etc." pos="ab" reg="etc." xml:id="B01661-001-a-3520">&amp;c.</w>
       <pc unit="sentence" xml:id="B01661-001-a-3530"/>
      </l>
     </lg>
    </lg>
    <lg xml:id="B01661-e990">
     <l xml:id="B01661-e1000">
      <w lemma="the" pos="d" xml:id="B01661-001-a-3540">The</w>
      <w lemma="sovereign" pos="n1_j" reg="Sovereign" rendition="#hi" xml:id="B01661-001-a-3550">Soveraign</w>
      <w lemma="come" pos="vvd" xml:id="B01661-001-a-3560">came</w>
      <w lemma="to" pos="to" xml:id="B01661-001-a-3570">to</w>
      <w lemma="revenge" pos="vvi" xml:id="B01661-001-a-3580">revenge</w>
      <w lemma="her" pos="po" xml:id="B01661-001-a-3590">her</w>
      <w lemma="wrong" pos="n2_j" xml:id="B01661-001-a-3600">Wrongs</w>
      <pc xml:id="B01661-001-a-3610">,</pc>
     </l>
     <l xml:id="B01661-e1020">
      <pc join="right" xml:id="B01661-001-a-3620">(</pc>
      <w lemma="becalm" pos="vvn" reg="Becalmed" xml:id="B01661-001-a-3630">Becalm'd</w>
      <w lemma="a" pos="d" xml:id="B01661-001-a-3640">a</w>
      <w lemma="while" pos="n1" xml:id="B01661-001-a-3650">while</w>
      <w lemma="for" pos="acp" xml:id="B01661-001-a-3660">for</w>
      <w lemma="want" pos="n1" xml:id="B01661-001-a-3670">want</w>
      <w lemma="of" pos="acp" xml:id="B01661-001-a-3680">of</w>
      <w lemma="lung" pos="n2" xml:id="B01661-001-a-3690">Lungs</w>
      <pc xml:id="B01661-001-a-3700">,</pc>
     </l>
     <lg type="refrain" xml:id="B01661-e1030">
      <l xml:id="B01661-e1040">
       <w lemma="without" pos="acp" xml:id="B01661-001-a-3710">Without</w>
       <w lemma="any" pos="d" xml:id="B01661-001-a-3720">any</w>
       <w lemma="Thump" pos="n1-nn" rendition="#hi" xml:id="B01661-001-a-3730">Thump</w>
       <pc xml:id="B01661-001-a-3740">,</pc>
       <w lemma="etc." pos="ab" reg="etc." xml:id="B01661-001-a-3750">&amp;c.</w>
       <pc unit="sentence" xml:id="B01661-001-a-3760">)</pc>
      </l>
     </lg>
     <l xml:id="B01661-e1060">
      <w lemma="but" pos="acp" xml:id="B01661-001-a-3770">But</w>
      <w lemma="soon" pos="av" xml:id="B01661-001-a-3780">soon</w>
      <w lemma="as" pos="acp" xml:id="B01661-001-a-3790">as</w>
      <w lemma="her" pos="po" xml:id="B01661-001-a-3800">her</w>
      <w lemma="dreadful" pos="j" xml:id="B01661-001-a-3810">dreadful</w>
      <w lemma="sail" pos="n1" xml:id="B01661-001-a-3820">Sail</w>
      <w lemma="display" pos="vvn" reg="displayed" xml:id="B01661-001-a-3830">displaid</w>
     </l>
     <l xml:id="B01661-e1070">
      <w lemma="good" pos="j" xml:id="B01661-001-a-3840">Good</w>
      <w lemma="lord" pos="n1" xml:id="B01661-001-a-3850">Lord</w>
      <w lemma="what" pos="crq" xml:id="B01661-001-a-3860">what</w>
      <w lemma="lane" pos="n2" xml:id="B01661-001-a-3870">Lanes</w>
      <w lemma="and" pos="cc" xml:id="B01661-001-a-3880">and</w>
      <w lemma="wreck" pos="n2" xml:id="B01661-001-a-3890">Wrecks</w>
      <w lemma="she" pos="pns" xml:id="B01661-001-a-3900">she</w>
      <w lemma="make" pos="vvd" xml:id="B01661-001-a-3910">made</w>
      <pc unit="sentence" xml:id="B01661-001-a-3920">!</pc>
     </l>
     <l xml:id="B01661-e1080">
      <w lemma="the" pos="d" xml:id="B01661-001-a-3930">The</w>
      <w lemma="devil" pos="n1" reg="Devil" xml:id="B01661-001-a-3940">Devill</w>
      <w lemma="a" pos="d" xml:id="B01661-001-a-3950">a</w>
      <w lemma="dutch" pos="j-nn" rendition="#hi" xml:id="B01661-001-a-3960">Dutch</w>
      <w lemma="come" pos="vvd" xml:id="B01661-001-a-3970">came</w>
      <w lemma="nigh" pos="av_j" xml:id="B01661-001-a-3980">nigh</w>
      <w lemma="or" pos="cc" xml:id="B01661-001-a-3990">or</w>
      <w lemma="stay" pos="vvn" reg="stayed" xml:id="B01661-001-a-4000">staid</w>
      <pc xml:id="B01661-001-a-4010">,</pc>
     </l>
     <lg type="refrain" xml:id="B01661-e1100">
      <l xml:id="B01661-e1110">
       <w lemma="for" pos="acp" xml:id="B01661-001-a-4020">For</w>
       <w lemma="fear" pos="vvi" xml:id="B01661-001-a-4030">fear</w>
       <w lemma="of" pos="acp" xml:id="B01661-001-a-4040">of</w>
       <w lemma="a" pos="d" xml:id="B01661-001-a-4050">a</w>
       <hi xml:id="B01661-e1120">
        <w lemma="Thump" pos="n1-nn" xml:id="B01661-001-a-4060">Thump</w>
        <pc xml:id="B01661-001-a-4070">,</pc>
        <w lemma="Thump" pos="n1-nn" xml:id="B01661-001-a-4080">Thump</w>
       </hi>
       <pc rendition="#follows-hi" xml:id="B01661-001-a-4090">,</pc>
       <w lemma="etc." pos="ab" reg="etc." xml:id="B01661-001-a-4100">&amp;c.</w>
       <pc unit="sentence" xml:id="B01661-001-a-4110"/>
      </l>
     </lg>
    </lg>
    <lg xml:id="B01661-e1130">
     <l xml:id="B01661-e1140">
      <w lemma="her" pos="po" xml:id="B01661-001-a-4120">Her</w>
      <w lemma="ball" pos="n2" xml:id="B01661-001-a-4130">Balls</w>
      <w lemma="of" pos="acp" xml:id="B01661-001-a-4140">of</w>
      <w lemma="fire" pos="n1" xml:id="B01661-001-a-4150">Fire</w>
      <w lemma="the" pos="d" xml:id="B01661-001-a-4160">the</w>
      <w lemma="Fleming" pos="n1-nn" reg="Fleming" rendition="#hi" xml:id="B01661-001-a-4170">Flemming</w>
      <w lemma="see" pos="vvz" xml:id="B01661-001-a-4180">sees</w>
     </l>
     <l xml:id="B01661-e1160">
      <w lemma="be" pos="vvb" xml:id="B01661-001-a-4190">Are</w>
      <w lemma="thrice" pos="av" xml:id="B01661-001-a-4200">thrice</w>
      <w lemma="as" pos="acp" xml:id="B01661-001-a-4210">as</w>
      <w lemma="big" pos="j" xml:id="B01661-001-a-4220">big</w>
      <w lemma="as" pos="acp" xml:id="B01661-001-a-4230">as</w>
      <w lemma="a" pos="d" xml:id="B01661-001-a-4240">a</w>
      <w lemma="holland-cheese" pos="n1" xml:id="B01661-001-a-4250">Holland-Cheese</w>
      <pc xml:id="B01661-001-a-4260">,</pc>
     </l>
     <lg type="refrain" xml:id="B01661-e1170">
      <l xml:id="B01661-e1180">
       <w lemma="with" pos="acp" xml:id="B01661-001-a-4270">With</w>
       <w lemma="a" pos="d" xml:id="B01661-001-a-4280">a</w>
       <w lemma="Thump" pos="n1-nn" rendition="#hi" xml:id="B01661-001-a-4290">Thump</w>
       <pc xml:id="B01661-001-a-4300">,</pc>
       <w lemma="etc." pos="ab" reg="etc." xml:id="B01661-001-a-4310">&amp;c.</w>
       <pc unit="sentence" xml:id="B01661-001-a-4320"/>
      </l>
     </lg>
     <l xml:id="B01661-e1200">
      <w lemma="and" pos="cc" xml:id="B01661-001-a-4330">And</w>
      <w lemma="now" pos="av" xml:id="B01661-001-a-4340">now</w>
      <w lemma="they" pos="pns" xml:id="B01661-001-a-4350">they</w>
      <w lemma="run" pos="vvd" xml:id="B01661-001-a-4360">ran</w>
      <pc xml:id="B01661-001-a-4370">,</pc>
      <w lemma="they" pos="pns" xml:id="B01661-001-a-4380">they</w>
      <w lemma="run" pos="vvd" xml:id="B01661-001-a-4390">ran</w>
      <pc xml:id="B01661-001-a-4400">,</pc>
      <w lemma="they" pos="pns" xml:id="B01661-001-a-4410">they</w>
      <w lemma="run" pos="vvd" xml:id="B01661-001-a-4420">ran</w>
      <pc xml:id="B01661-001-a-4430">,</pc>
     </l>
     <l xml:id="B01661-e1210">
      <w lemma="and" pos="cc" xml:id="B01661-001-a-4440">And</w>
      <w lemma="leave" pos="vvd" xml:id="B01661-001-a-4450">left</w>
      <w lemma="poor" pos="j" xml:id="B01661-001-a-4460">poor</w>
      <w lemma="Zealand" pos="n1-nn" rendition="#hi" xml:id="B01661-001-a-4470">Zealand</w>
      <w lemma="shift" pos="vvi" xml:id="B01661-001-a-4480">shift</w>
      <w lemma="as" pos="acp" xml:id="B01661-001-a-4490">as</w>
      <w lemma="it" pos="pn" xml:id="B01661-001-a-4500">it</w>
      <w lemma="can" pos="vmb" xml:id="B01661-001-a-4510">can</w>
      <pc xml:id="B01661-001-a-4520">;</pc>
     </l>
     <l xml:id="B01661-e1230">
      <w lemma="they" pos="pns" xml:id="B01661-001-a-4530">They</w>
      <w lemma="make" pos="vvd" xml:id="B01661-001-a-4540">made</w>
      <w lemma="he" pos="pno" xml:id="B01661-001-a-4550">him</w>
      <w lemma="the" pos="d" xml:id="B01661-001-a-4560">the</w>
      <w lemma="rear" pos="n1" reg="Rear" xml:id="B01661-001-a-4570">Rere</w>
      <pc xml:id="B01661-001-a-4580">,</pc>
      <w lemma="who" pos="crq" xml:id="B01661-001-a-4590">who</w>
      <w lemma="will" pos="vmd" xml:id="B01661-001-a-4600">would</w>
      <w lemma="be" pos="vvi" xml:id="B01661-001-a-4610">be</w>
      <w lemma="the" pos="d" xml:id="B01661-001-a-4620">the</w>
      <w lemma="van" pos="f-mi" rendition="#hi" xml:id="B01661-001-a-4630">Van</w>
     </l>
     <lg type="refrain" xml:id="B01661-e1250">
      <l xml:id="B01661-e1260">
       <hi xml:id="B01661-e1270">
        <pc xml:id="B01661-001-a-4640">-</pc>
        <w lemma="van" pos="n1" xml:id="B01661-001-a-4650">Van</w>
        <w lemma="trump" pos="n1" xml:id="B01661-001-a-4660">Trump</w>
        <pc xml:id="B01661-001-a-4670">,</pc>
        <w lemma="trump" pos="n1" xml:id="B01661-001-a-4680">Trump</w>
        <pc xml:id="B01661-001-a-4690">,</pc>
        <w lemma="trump" pos="zz" xml:id="B01661-001-a-4700">Trump</w>
        <pc xml:id="B01661-001-a-4710">,</pc>
       </hi>
       <w lemma="etc." pos="ab" reg="etc." xml:id="B01661-001-a-4720">&amp;c.</w>
       <pc unit="sentence" xml:id="B01661-001-a-4730"/>
      </l>
     </lg>
    </lg>
    <lg xml:id="B01661-e1280">
     <l xml:id="B01661-e1290">
      <w lemma="the" pos="d" xml:id="B01661-001-a-4740">The</w>
      <w lemma="king" pos="n2" xml:id="B01661-001-a-4750">Kings</w>
      <w lemma="own" pos="d" xml:id="B01661-001-a-4760">own</w>
      <w lemma="colour" pos="n2" xml:id="B01661-001-a-4770">Colours</w>
      <pc join="right" xml:id="B01661-001-a-4780">(</pc>
      <w lemma="red" pos="j" rendition="#hi" xml:id="B01661-001-a-4790">Red</w>
      <w lemma="and" pos="cc" xml:id="B01661-001-a-4800">and</w>
      <w lemma="white" pos="j" rendition="#hi" xml:id="B01661-001-a-4810">White</w>
      <pc xml:id="B01661-001-a-4820">)</pc>
     </l>
     <l xml:id="B01661-e1320">
      <w lemma="pursue" pos="vvd" reg="Pursued" xml:id="B01661-001-a-4830">Pursu'd</w>
      <w lemma="the" pos="d" xml:id="B01661-001-a-4840">the</w>
      <w lemma="boor" pos="n2" xml:id="B01661-001-a-4850">Boors</w>
      <w lemma="all" pos="d" xml:id="B01661-001-a-4860">all</w>
      <w lemma="day" pos="n1" xml:id="B01661-001-a-4870">day</w>
      <w lemma="and" pos="cc" xml:id="B01661-001-a-4880">and</w>
      <w lemma="night" pos="n1" xml:id="B01661-001-a-4890">night</w>
     </l>
     <lg type="refrain" xml:id="B01661-e1330">
      <l xml:id="B01661-e1340">
       <w lemma="with" pos="acp" xml:id="B01661-001-a-4900">With</w>
       <w lemma="a" pos="d" xml:id="B01661-001-a-4910">a</w>
       <w lemma="Thump" pos="n1-nn" rendition="#hi" xml:id="B01661-001-a-4920">Thump</w>
       <pc xml:id="B01661-001-a-4930">,</pc>
       <w lemma="etc." pos="ab" reg="etc." xml:id="B01661-001-a-4940">&amp;c.</w>
       <pc unit="sentence" xml:id="B01661-001-a-4950"/>
      </l>
     </lg>
     <l xml:id="B01661-e1360">
      <w lemma="o" pos="uh" xml:id="B01661-001-a-4960">O</w>
      <w lemma="how" pos="crq" xml:id="B01661-001-a-4970">how</w>
      <w join="right" lemma="it" pos="pn" xml:id="B01661-001-a-4980">'t</w>
      <w join="left" lemma="will" pos="vmd" xml:id="B01661-001-a-4981">would</w>
      <w lemma="lord" pos="n2" rendition="#hi" xml:id="B01661-001-a-4990">Lords</w>
      <w lemma="and" pos="cc" xml:id="B01661-001-a-5000">and</w>
      <w lemma="commons" pos="n2" rendition="#hi" xml:id="B01661-001-a-5010">Commons</w>
      <w lemma="please" pos="vvb" xml:id="B01661-001-a-5020">please</w>
     </l>
     <l xml:id="B01661-e1390">
      <w lemma="to" pos="to" xml:id="B01661-001-a-5030">To</w>
      <w lemma="see" pos="vvi" xml:id="B01661-001-a-5040">see</w>
      <w lemma="our" pos="po" xml:id="B01661-001-a-5050">our</w>
      <hi xml:id="B01661-e1400">
       <w lemma="sovereign" pos="n1_j" reg="Sovereign" xml:id="B01661-001-a-5060">Soveraign</w>
       <w lemma="of" pos="acp" xml:id="B01661-001-a-5070">of</w>
       <w lemma="the" pos="d" xml:id="B01661-001-a-5080">the</w>
       <w lemma="sea" pos="n2" xml:id="B01661-001-a-5090">Seas</w>
      </hi>
      <pc rendition="#follows-hi" xml:id="B01661-001-a-5100">,</pc>
     </l>
     <l xml:id="B01661-e1410">
      <w lemma="chase" pos="vvg" reg="Chase" xml:id="B01661-001-a-5110">Chasing</w>
      <w lemma="their" pos="po" xml:id="B01661-001-a-5120">their</w>
      <hi xml:id="B01661-e1420">
       <w lemma="seven" pos="crd" xml:id="B01661-001-a-5130">Seven</w>
       <w lemma="province" pos="n2" xml:id="B01661-001-a-5140">Provinces</w>
      </hi>
     </l>
     <lg type="refrain" xml:id="B01661-e1430">
      <l xml:id="B01661-e1440">
       <w lemma="with" pos="acp" xml:id="B01661-001-a-5150">With</w>
       <w lemma="a" pos="d" xml:id="B01661-001-a-5160">a</w>
       <w lemma="Thump" pos="n1-nn" rendition="#hi" xml:id="B01661-001-a-5170">Thump</w>
       <pc xml:id="B01661-001-a-5180">,</pc>
       <w lemma="etc." pos="ab" reg="etc." xml:id="B01661-001-a-5190">&amp;c.</w>
       <pc unit="sentence" xml:id="B01661-001-a-5200"/>
      </l>
     </lg>
    </lg>
    <lg xml:id="B01661-e1460">
     <l xml:id="B01661-e1470">
      <w lemma="over" pos="acp" xml:id="B01661-001-a-5210">Over</w>
      <w lemma="Flatts" pos="n1-nn" xml:id="B01661-001-a-5220">Flatts</w>
      <w lemma="and" pos="cc" xml:id="B01661-001-a-5230">and</w>
      <w lemma="bank" pos="n2" xml:id="B01661-001-a-5240">Banks</w>
      <w lemma="we" pos="pns" xml:id="B01661-001-a-5250">we</w>
      <w lemma="fire" pos="vvn" reg="fired" xml:id="B01661-001-a-5260">fir'd</w>
      <w lemma="their" pos="po" xml:id="B01661-001-a-5270">their</w>
      <w lemma="tail" pos="n2" xml:id="B01661-001-a-5280">tails</w>
     </l>
     <l xml:id="B01661-e1480">
      <pc join="right" xml:id="B01661-001-a-5290">(</pc>
      <w lemma="till" pos="acp" xml:id="B01661-001-a-5300">Till</w>
      <w lemma="we" pos="pns" xml:id="B01661-001-a-5310">we</w>
      <w lemma="hear" pos="vvd" xml:id="B01661-001-a-5320">heard</w>
      <w lemma="their" pos="po" xml:id="B01661-001-a-5330">their</w>
      <w lemma="croak" pos="j_vg" xml:id="B01661-001-a-5340">croaking</w>
      <w lemma="nightingale" pos="n2" xml:id="B01661-001-a-5350">Nightingales</w>
      <pc unit="sentence" xml:id="B01661-001-a-5360">)</pc>
     </l>
     <lg type="refrain" xml:id="B01661-e1490">
      <l xml:id="B01661-e1500">
       <w lemma="with" pos="acp" xml:id="B01661-001-a-5370">With</w>
       <w lemma="a" pos="d" xml:id="B01661-001-a-5380">a</w>
       <w lemma="Thump" pos="n1-nn" rendition="#hi" xml:id="B01661-001-a-5390">Thump</w>
       <pc xml:id="B01661-001-a-5400">,</pc>
       <w lemma="etc." pos="ab" reg="etc." xml:id="B01661-001-a-5410">&amp;c.</w>
       <pc unit="sentence" xml:id="B01661-001-a-5420"/>
      </l>
     </lg>
     <l xml:id="B01661-e1520">
      <w lemma="this" pos="d" xml:id="B01661-001-a-5430">This</w>
      <w lemma="difference" pos="n1" xml:id="B01661-001-a-5440">difference</w>
      <w lemma="betwixt" pos="acp" xml:id="B01661-001-a-5450">'twixt</w>
      <w lemma="two" pos="crd" xml:id="B01661-001-a-5460">two</w>
      <w lemma="navy" pos="n2" xml:id="B01661-001-a-5470">Navies</w>
      <w lemma="stand" pos="vvz" xml:id="B01661-001-a-5480">stands</w>
      <pc xml:id="B01661-001-a-5490">,</pc>
     </l>
     <l xml:id="B01661-e1530">
      <w lemma="we" pos="png" xml:id="B01661-001-a-5500">Ours</w>
      <w lemma="build" pos="vvn" xml:id="B01661-001-a-5510">built</w>
      <w lemma="for" pos="acp" xml:id="B01661-001-a-5520">for</w>
      <w lemma="the" pos="d" xml:id="B01661-001-a-5530">the</w>
      <w lemma="sea" pos="n1" xml:id="B01661-001-a-5540">Sea</w>
      <pc xml:id="B01661-001-a-5550">,</pc>
      <w lemma="and" pos="cc" xml:id="B01661-001-a-5560">and</w>
      <w lemma="they" pos="png" xml:id="B01661-001-a-5570">theirs</w>
      <w lemma="for" pos="acp" xml:id="B01661-001-a-5580">for</w>
      <w lemma="the" pos="d" xml:id="B01661-001-a-5590">the</w>
      <w lemma="sand" pos="n2" xml:id="B01661-001-a-5600">Sands</w>
      <pc xml:id="B01661-001-a-5610">,</pc>
     </l>
     <l xml:id="B01661-e1540">
      <w lemma="we" pos="pns" xml:id="B01661-001-a-5620">We</w>
      <w lemma="have" pos="vvd" xml:id="B01661-001-a-5630">had</w>
      <w lemma="send" pos="vvn" xml:id="B01661-001-a-5640">sent</w>
      <w lemma="they" pos="pno" xml:id="B01661-001-a-5650">them</w>
      <w lemma="else" pos="av" xml:id="B01661-001-a-5660">else</w>
      <w lemma="to" pos="acp" xml:id="B01661-001-a-5670">to</w>
      <w lemma="their" pos="po" xml:id="B01661-001-a-5680">their</w>
      <w lemma="last" pos="ord" xml:id="B01661-001-a-5690">last</w>
      <w lemma="netherlands" pos="n2-nn" rendition="#hi" xml:id="B01661-001-a-5700">Netherlands</w>
     </l>
     <lg type="refrain" xml:id="B01661-e1560">
      <l xml:id="B01661-e1570">
       <w lemma="with" pos="acp" xml:id="B01661-001-a-5710">With</w>
       <w lemma="a" pos="d" xml:id="B01661-001-a-5720">a</w>
       <hi xml:id="B01661-e1580">
        <w lemma="Thump" pos="n1-nn" xml:id="B01661-001-a-5730">Thump</w>
        <pc xml:id="B01661-001-a-5740">,</pc>
        <w lemma="Thump" pos="n1-nn" xml:id="B01661-001-a-5750">Thump</w>
       </hi>
       <pc rendition="#follows-hi" xml:id="B01661-001-a-5760">,</pc>
       <w lemma="etc." pos="ab" reg="etc." xml:id="B01661-001-a-5770">&amp;c.</w>
       <pc unit="sentence" xml:id="B01661-001-a-5780"/>
      </l>
     </lg>
    </lg>
    <lg xml:id="B01661-e1590">
     <l xml:id="B01661-e1600">
      <w lemma="their" pos="po" xml:id="B01661-001-a-5790">Their</w>
      <w lemma="shott" pos="n1-nn" xml:id="B01661-001-a-5800">Shott</w>
      <w lemma="still" pos="av" xml:id="B01661-001-a-5810">still</w>
      <w lemma="at" pos="acp" xml:id="B01661-001-a-5820">at</w>
      <w lemma="our" pos="po" xml:id="B01661-001-a-5830">our</w>
      <w lemma="tackle" pos="n1_vg" xml:id="B01661-001-a-5840">Tackling</w>
      <w lemma="fly" pos="vvd" xml:id="B01661-001-a-5850">flew</w>
      <pc xml:id="B01661-001-a-5860">,</pc>
     </l>
     <l xml:id="B01661-e1610">
      <w lemma="lest" pos="cs" xml:id="B01661-001-a-5870">Lest</w>
      <w lemma="when" pos="crq" xml:id="B01661-001-a-5880">when</w>
      <w lemma="they" pos="pns" xml:id="B01661-001-a-5890">they</w>
      <w lemma="run" pos="vvd" xml:id="B01661-001-a-5900">ran</w>
      <w lemma="we" pos="pns" xml:id="B01661-001-a-5910">we</w>
      <w lemma="shall" pos="vmd" xml:id="B01661-001-a-5920">should</w>
      <w lemma="pursue" pos="vvi" xml:id="B01661-001-a-5930">pursue</w>
     </l>
     <lg type="refrain" xml:id="B01661-e1620">
      <l xml:id="B01661-e1630">
       <w lemma="with" pos="acp" xml:id="B01661-001-a-5940">With</w>
       <w lemma="a" pos="d" xml:id="B01661-001-a-5950">a</w>
       <w lemma="Thump" pos="n1-nn" rendition="#hi" xml:id="B01661-001-a-5960">Thump</w>
       <pc xml:id="B01661-001-a-5970">,</pc>
       <w lemma="etc." pos="ab" reg="etc." xml:id="B01661-001-a-5980">&amp;c.</w>
       <pc unit="sentence" xml:id="B01661-001-a-5990"/>
      </l>
     </lg>
     <l xml:id="B01661-e1650">
      <w lemma="for" pos="acp" xml:id="B01661-001-a-6000">For</w>
      <w lemma="though" pos="cs" xml:id="B01661-001-a-6010">though</w>
      <w lemma="the" pos="d" xml:id="B01661-001-a-6020">the</w>
      <w lemma="dutch" pos="j-nn" rendition="#hi" xml:id="B01661-001-a-6030">Dutch</w>
      <w lemma="be" pos="vvb" xml:id="B01661-001-a-6040">are</w>
      <w lemma="seaman" pos="n2" reg="Seamen" rendition="#hi" xml:id="B01661-001-a-6050">Sea-men</w>
      <w lemma="grow" pos="vvn" xml:id="B01661-001-a-6060">grown</w>
      <pc xml:id="B01661-001-a-6070">,</pc>
     </l>
     <l xml:id="B01661-e1680">
      <w lemma="bold" pos="j" xml:id="B01661-001-a-6080">Bold</w>
      <w lemma="english" pos="j-nn" rendition="#hi" xml:id="B01661-001-a-6090">English</w>
      <w lemma="be" pos="vvb" xml:id="B01661-001-a-6100">are</w>
      <w lemma="the" pos="d" xml:id="B01661-001-a-6110">the</w>
      <w lemma="marks-man" pos="n2" rendition="#hi" xml:id="B01661-001-a-6120">Marks-men</w>
      <w lemma="know" pos="vvn" xml:id="B01661-001-a-6130">known</w>
      <pc xml:id="B01661-001-a-6140">,</pc>
     </l>
     <l xml:id="B01661-e1710">
      <w lemma="and" pos="cc" xml:id="B01661-001-a-6150">And</w>
      <w lemma="therefore" pos="av" xml:id="B01661-001-a-6160">therefore</w>
      <w lemma="kill" pos="vvb" xml:id="B01661-001-a-6170">kill</w>
      <w lemma="they" pos="pno" xml:id="B01661-001-a-6180">them</w>
      <w lemma="six" pos="crd" xml:id="B01661-001-a-6190">six</w>
      <w lemma="for" pos="acp" xml:id="B01661-001-a-6200">for</w>
      <w lemma="one" pos="crd" xml:id="B01661-001-a-6210">one</w>
     </l>
     <lg type="refrain" xml:id="B01661-e1720">
      <l xml:id="B01661-e1730">
       <w lemma="with" pos="acp" xml:id="B01661-001-a-6220">With</w>
       <w lemma="a" pos="d" xml:id="B01661-001-a-6230">a</w>
       <hi xml:id="B01661-e1740">
        <w lemma="Thump" pos="n1-nn" xml:id="B01661-001-a-6240">Thump</w>
        <pc xml:id="B01661-001-a-6250">,</pc>
        <w lemma="Thump" pos="n1-nn" xml:id="B01661-001-a-6260">Thump</w>
       </hi>
       <pc rendition="#follows-hi" xml:id="B01661-001-a-6270">,</pc>
       <w lemma="etc." pos="ab" reg="etc." xml:id="B01661-001-a-6280">&amp;c.</w>
       <pc unit="sentence" xml:id="B01661-001-a-6290"/>
      </l>
     </lg>
    </lg>
    <lg xml:id="B01661-e1750">
     <l xml:id="B01661-e1760">
      <w lemma="our" pos="po" xml:id="B01661-001-a-6300">Our</w>
      <w lemma="rear" pos="n1" reg="Rear" xml:id="B01661-001-a-6310">Rere</w>
      <w lemma="be" pos="vvd" xml:id="B01661-001-a-6320">was</w>
      <w lemma="smith" pos="n1" rendition="#hi" xml:id="B01661-001-a-6330">Smith</w>
      <pc xml:id="B01661-001-a-6340">,</pc>
      <w lemma="with" pos="acp" xml:id="B01661-001-a-6350">with</w>
      <w lemma="other" pos="d" xml:id="B01661-001-a-6360">other</w>
      <w lemma="two" pos="crd" xml:id="B01661-001-a-6370">two</w>
     </l>
     <l xml:id="B01661-e1780">
      <hi xml:id="B01661-e1790">
       <pc join="right" xml:id="B01661-001-a-6380">(</pc>
       <w lemma="spragge" pos="n1" xml:id="B01661-001-a-6390">Spragge</w>
      </hi>
      <w lemma="and" pos="cc" xml:id="B01661-001-a-6400">and</w>
      <w lemma="Kempthorn" pos="n1-nn" rendition="#hi" xml:id="B01661-001-a-6410">Kempthorn</w>
      <pc xml:id="B01661-001-a-6420">)</pc>
      <w lemma="both" pos="d" xml:id="B01661-001-a-6430">both</w>
      <w lemma="true" pos="j" xml:id="B01661-001-a-6440">true</w>
      <w lemma="blue" pos="n1_j" reg="Blue" xml:id="B01661-001-a-6450">Blew</w>
      <pc xml:id="B01661-001-a-6460">,</pc>
     </l>
     <lg type="refrain" xml:id="B01661-e1810">
      <l xml:id="B01661-e1820">
       <w lemma="with" pos="acp" xml:id="B01661-001-a-6470">With</w>
       <w lemma="a" pos="d" xml:id="B01661-001-a-6480">a</w>
       <w lemma="Thump" pos="n1-nn" rendition="#hi" xml:id="B01661-001-a-6490">Thump</w>
       <pc xml:id="B01661-001-a-6500">,</pc>
       <w lemma="etc." pos="ab" reg="etc." xml:id="B01661-001-a-6510">&amp;c.</w>
       <pc unit="sentence" xml:id="B01661-001-a-6520"/>
      </l>
     </lg>
     <l xml:id="B01661-e1840">
      <w lemma="and" pos="cc" xml:id="B01661-001-a-6530">And</w>
      <w lemma="here" pos="av" xml:id="B01661-001-a-6540">here</w>
      <w lemma="the" pos="d" xml:id="B01661-001-a-6550">the</w>
      <w lemma="zealander" pos="n2" rendition="#hi" xml:id="B01661-001-a-6560">Zealanders</w>
      <w lemma="come" pos="vvd" xml:id="B01661-001-a-6570">came</w>
      <w lemma="on" pos="acp-av" xml:id="B01661-001-a-6580">on</w>
      <pc xml:id="B01661-001-a-6590">,</pc>
     </l>
     <l xml:id="B01661-e1860">
      <w lemma="who" pos="crq" xml:id="B01661-001-a-6600">Who</w>
      <w lemma="stout" pos="av_j" xml:id="B01661-001-a-6610">stoutly</w>
      <w lemma="give" pos="vvd" xml:id="B01661-001-a-6620">gave</w>
      <w lemma="we" pos="pno" xml:id="B01661-001-a-6630">us</w>
      <w lemma="gun" pos="n1" xml:id="B01661-001-a-6640">Gun</w>
      <w lemma="for" pos="acp" xml:id="B01661-001-a-6650">for</w>
      <w lemma="gun" pos="n1" xml:id="B01661-001-a-6660">Gun</w>
      <pc xml:id="B01661-001-a-6670">,</pc>
     </l>
     <l xml:id="B01661-e1870">
      <w lemma="till" pos="acp" xml:id="B01661-001-a-6680">Till</w>
      <w lemma="holland-like" pos="j" rendition="hi-before-hyphen" xml:id="B01661-001-a-6690">Holland-like</w>
      <w lemma="they" pos="pns" xml:id="B01661-001-a-6710">they</w>
      <w lemma="also" pos="av" xml:id="B01661-001-a-6720">also</w>
      <w lemma="run" pos="vvi" xml:id="B01661-001-a-6730">run</w>
     </l>
     <lg type="refrain" xml:id="B01661-e1890">
      <l xml:id="B01661-e1900">
       <w lemma="with" pos="acp" xml:id="B01661-001-a-6740">With</w>
       <w lemma="a" pos="d" xml:id="B01661-001-a-6750">a</w>
       <hi xml:id="B01661-e1910">
        <w lemma="Thump" pos="n1-nn" xml:id="B01661-001-a-6760">Thump</w>
        <pc xml:id="B01661-001-a-6770">,</pc>
        <w lemma="Thump" pos="n1-nn" xml:id="B01661-001-a-6780">Thump</w>
       </hi>
       <pc rendition="#follows-hi" xml:id="B01661-001-a-6790">,</pc>
       <w lemma="etc." pos="ab" reg="etc." xml:id="B01661-001-a-6800">&amp;c.</w>
       <pc unit="sentence" xml:id="B01661-001-a-6810"/>
      </l>
     </lg>
    </lg>
    <lg xml:id="B01661-e1920">
     <l xml:id="B01661-e1930">
      <hi xml:id="B01661-e1940">
       <w lemma="in" pos="acp" xml:id="B01661-001-a-6820">In</w>
       <w lemma="in" pos="acp" xml:id="B01661-001-a-6830">In</w>
       <pc xml:id="B01661-001-a-6840">,</pc>
       <w lemma="in" pos="acp" xml:id="B01661-001-a-6850">In</w>
       <w lemma="in" pos="acp" xml:id="B01661-001-a-6860">In</w>
      </hi>
      <pc rendition="#follows-hi" xml:id="B01661-001-a-6870">,</pc>
      <w lemma="say" pos="vvd" xml:id="B01661-001-a-6880">said</w>
      <w lemma="valiant" pos="j" xml:id="B01661-001-a-6890">Valiant</w>
      <w lemma="spragge" pos="n1" rendition="#hi" xml:id="B01661-001-a-6900">Spragge</w>
      <pc xml:id="B01661-001-a-6910">,</pc>
     </l>
     <l xml:id="B01661-e1960">
      <w join="right" lemma="we" pos="pns" reg="we" xml:id="B01661-001-a-6920">Wee</w>
      <w join="left" lemma="will" pos="vmb" xml:id="B01661-001-a-6921">'ll</w>
      <w lemma="beat" pos="vvi" xml:id="B01661-001-a-6930">beat</w>
      <w lemma="this" pos="d" xml:id="B01661-001-a-6940">this</w>
      <w lemma="vapour" pos="j_vg" xml:id="B01661-001-a-6950">vapouring</w>
      <w lemma="trump" pos="n1" rendition="#hi" xml:id="B01661-001-a-6960">Trump</w>
      <w lemma="to" pos="acp" xml:id="B01661-001-a-6970">to</w>
      <w lemma="the" pos="d" xml:id="B01661-001-a-6980">th'</w>
      <w lemma="Hague" pos="n1-nn" rendition="#hi" xml:id="B01661-001-a-6990">Hague</w>
     </l>
     <lg type="refrain" xml:id="B01661-e1990">
      <l xml:id="B01661-e2000">
       <w lemma="with" pos="acp" xml:id="B01661-001-a-7000">With</w>
       <w lemma="a" pos="d" xml:id="B01661-001-a-7010">a</w>
       <w lemma="Thump" pos="n1-nn" rendition="#hi" xml:id="B01661-001-a-7020">Thump</w>
       <pc xml:id="B01661-001-a-7030">,</pc>
       <w lemma="etc." pos="ab" reg="etc." xml:id="B01661-001-a-7040">&amp;c.</w>
       <pc unit="sentence" xml:id="B01661-001-a-7050"/>
      </l>
     </lg>
     <l xml:id="B01661-e2020">
      <w lemma="his" pos="po" xml:id="B01661-001-a-7060">His</w>
      <w lemma="chaplain" pos="n1" xml:id="B01661-001-a-7070">Chaplain</w>
      <w lemma="fall" pos="vvd" xml:id="B01661-001-a-7080">fell</w>
      <w lemma="to" pos="acp" xml:id="B01661-001-a-7090">to</w>
      <w lemma="his" pos="po" xml:id="B01661-001-a-7100">his</w>
      <w lemma="wont" pos="j_vn" reg="wont" xml:id="B01661-001-a-7110">wonted</w>
      <w lemma="work" pos="n1" xml:id="B01661-001-a-7120">work</w>
      <pc unit="sentence" xml:id="B01661-001-a-7130">.</pc>
     </l>
     <l xml:id="B01661-e2030">
      <w lemma="cry" pos="vvd" reg="Cried" xml:id="B01661-001-a-7140">Cry'd</w>
      <hi xml:id="B01661-e2040">
       <w lemma="now" pos="av" xml:id="B01661-001-a-7150">Now</w>
       <w lemma="for" pos="acp" xml:id="B01661-001-a-7160">for</w>
       <w lemma="the" pos="d" xml:id="B01661-001-a-7170">the</w>
       <w lemma="king" pos="n1" xml:id="B01661-001-a-7180">King</w>
       <w lemma="and" pos="cc" xml:id="B01661-001-a-7190">and</w>
       <w lemma="the" pos="d" xml:id="B01661-001-a-7200">the</w>
       <w lemma="duke" pos="n1" xml:id="B01661-001-a-7210">Duke</w>
       <w lemma="of" pos="acp" xml:id="B01661-001-a-7220">of</w>
       <w lemma="York" pos="n1-nn" xml:id="B01661-001-a-7230">York</w>
       <pc unit="sentence" xml:id="B01661-001-a-7240">!</pc>
      </hi>
     </l>
     <l xml:id="B01661-e2050">
      <w lemma="he" pos="pns" xml:id="B01661-001-a-7250">He</w>
      <w lemma="pray" pos="vvd" reg="prayed" xml:id="B01661-001-a-7260">pray'd</w>
      <w lemma="like" pos="acp" xml:id="B01661-001-a-7270">like</w>
      <w lemma="a" pos="d" xml:id="B01661-001-a-7280">a</w>
      <w lemma="christian" pos="j-nn" rendition="#hi" xml:id="B01661-001-a-7290">Christian</w>
      <pc xml:id="B01661-001-a-7300">,</pc>
      <w lemma="and" pos="cc" xml:id="B01661-001-a-7310">and</w>
      <w lemma="fight" pos="vvd" xml:id="B01661-001-a-7320">fought</w>
      <w lemma="like" pos="acp" xml:id="B01661-001-a-7330">like</w>
      <w lemma="a" pos="d" xml:id="B01661-001-a-7340">a</w>
      <w lemma="Turk" pos="n1-nn" rendition="#hi" xml:id="B01661-001-a-7350">Turk</w>
     </l>
     <lg type="refrain" xml:id="B01661-e2080">
      <l xml:id="B01661-e2090">
       <w lemma="with" pos="acp" xml:id="B01661-001-a-7360">With</w>
       <w lemma="a" pos="d" xml:id="B01661-001-a-7370">a</w>
       <hi xml:id="B01661-e2100">
        <w lemma="Thump" pos="n1-nn" xml:id="B01661-001-a-7380">Thump</w>
        <pc xml:id="B01661-001-a-7390">,</pc>
        <w lemma="Thump" pos="n1-nn" xml:id="B01661-001-a-7400">Thump</w>
       </hi>
       <pc rendition="#follows-hi" xml:id="B01661-001-a-7410">,</pc>
       <w lemma="etc." pos="ab" reg="etc." xml:id="B01661-001-a-7420">&amp;c.</w>
       <pc unit="sentence" xml:id="B01661-001-a-7430"/>
      </l>
     </lg>
    </lg>
    <lg xml:id="B01661-e2110">
     <l xml:id="B01661-e2120">
      <w lemma="six" pos="crd" xml:id="B01661-001-a-7440">Six</w>
      <w lemma="thousand" pos="crd" xml:id="B01661-001-a-7450">thousand</w>
      <w lemma="Dutch" pos="j-nn" reg="" rendition="#hi" xml:id="B01661-001-a-7460">Dutch</w>
      <pc join="right" xml:id="B01661-001-a-7470">(</pc>
      <w lemma="a" pos="d" xml:id="B01661-001-a-7480">a</w>
      <w lemma="low-country" pos="n1" xml:id="B01661-001-a-7490">Low-Country</w>
      <w lemma="dish" pos="n1" xml:id="B01661-001-a-7500">Dish</w>
      <pc xml:id="B01661-001-a-7510">)</pc>
     </l>
     <l xml:id="B01661-e2140">
      <w lemma="we" pos="pns" xml:id="B01661-001-a-7520">We</w>
      <w lemma="send" pos="vvd" xml:id="B01661-001-a-7530">sent</w>
      <w lemma="to" pos="acp" xml:id="B01661-001-a-7540">to</w>
      <w lemma="their" pos="po" xml:id="B01661-001-a-7550">their</w>
      <w lemma="own" pos="d" xml:id="B01661-001-a-7560">own</w>
      <w lemma="cousin" pos="n1" reg="Cousin" xml:id="B01661-001-a-7570">Cozen</w>
      <w lemma="the" pos="d" xml:id="B01661-001-a-7580">the</w>
      <w lemma="fish" pos="n1" rendition="#hi" xml:id="B01661-001-a-7590">Fish</w>
     </l>
     <lg type="refrain" xml:id="B01661-e2160">
      <l xml:id="B01661-e2170">
       <w lemma="with" pos="acp" xml:id="B01661-001-a-7600">With</w>
       <w lemma="a" pos="d" xml:id="B01661-001-a-7610">a</w>
       <w lemma="Thump" pos="n1-nn" rendition="#hi" xml:id="B01661-001-a-7620">Thump</w>
       <pc xml:id="B01661-001-a-7630">,</pc>
       <w lemma="etc." pos="ab" reg="etc." xml:id="B01661-001-a-7640">&amp;c.</w>
       <pc unit="sentence" xml:id="B01661-001-a-7650"/>
      </l>
     </lg>
     <l xml:id="B01661-e2190">
      <w lemma="the" pos="d" xml:id="B01661-001-a-7660">The</w>
      <w lemma="rest" pos="n1" xml:id="B01661-001-a-7670">rest</w>
      <w lemma="into" pos="acp" xml:id="B01661-001-a-7680">into</w>
      <w lemma="holes" pos="n1-nn" xml:id="B01661-001-a-7690">Holes</w>
      <w lemma="so" pos="av" xml:id="B01661-001-a-7700">so</w>
      <w lemma="tame" pos="av_j" xml:id="B01661-001-a-7710">tamely</w>
      <w lemma="crawl" pos="vvi" xml:id="B01661-001-a-7720">crawl</w>
     </l>
     <l xml:id="B01661-e2200">
      <w lemma="that" pos="cs" xml:id="B01661-001-a-7730">That</w>
      <w lemma="little" pos="j" xml:id="B01661-001-a-7740">little</w>
      <w lemma="Fanfan" pos="n1-nn" rendition="#hi" xml:id="B01661-001-a-7750">Fanfan</w>
      <w lemma="dare" pos="vvd" reg="dared" xml:id="B01661-001-a-7760">dar'd</w>
      <w lemma="they" pos="pno" xml:id="B01661-001-a-7770">them</w>
      <w lemma="all" pos="d" xml:id="B01661-001-a-7780">all</w>
      <pc xml:id="B01661-001-a-7790">,</pc>
     </l>
     <l xml:id="B01661-e2220">
      <w lemma="great" pos="j" xml:id="B01661-001-a-7800">Great</w>
      <w lemma="rupert" pos="n1g-nn" rendition="hi-before-apostr" xml:id="B01661-001-a-7810">Rupert's</w>
      <w lemma="sloop" pos="n1-nn" xml:id="B01661-001-a-7830">Sloop</w>
      <w lemma="be" pos="vvz" xml:id="B01661-001-a-7840">is</w>
      <w lemma="a" pos="d" xml:id="B01661-001-a-7850">an</w>
      <w lemma="admiral" pos="n1" reg="Admiral" rendition="#hi" xml:id="B01661-001-a-7860">Admirall</w>
      <pc xml:id="B01661-001-a-7870">,</pc>
     </l>
     <lg type="refrain" xml:id="B01661-e2250">
      <l xml:id="B01661-e2260">
       <w lemma="with" pos="acp" xml:id="B01661-001-a-7880">With</w>
       <w lemma="a" pos="d" xml:id="B01661-001-a-7890">a</w>
       <hi xml:id="B01661-e2270">
        <w lemma="Thump" pos="n1-nn" xml:id="B01661-001-a-7900">Thump</w>
        <pc xml:id="B01661-001-a-7910">,</pc>
        <w lemma="Thump" pos="n1-nn" xml:id="B01661-001-a-7920">Thump</w>
       </hi>
       <pc rendition="#follows-hi" xml:id="B01661-001-a-7930">,</pc>
       <w lemma="etc." pos="ab" reg="etc." xml:id="B01661-001-a-7940">&amp;c.</w>
       <pc unit="sentence" xml:id="B01661-001-a-7950"/>
      </l>
     </lg>
    </lg>
    <lg xml:id="B01661-e2280">
     <l xml:id="B01661-e2290">
      <w lemma="what" pos="crq-q" xml:id="B01661-001-a-7960">What</w>
      <w lemma="amsterdamnable" pos="j" rendition="#hi" xml:id="B01661-001-a-7970">Amsterdamnable</w>
      <w lemma="coward" pos="n2" xml:id="B01661-001-a-7980">Cowards</w>
      <w lemma="be" pos="vvb" xml:id="B01661-001-a-7990">are</w>
      <w lemma="these" pos="d" xml:id="B01661-001-a-8000">these</w>
     </l>
     <l xml:id="B01661-e2310">
      <w lemma="to" pos="to" xml:id="B01661-001-a-8010">To</w>
      <w lemma="boast" pos="vvi" xml:id="B01661-001-a-8020">boast</w>
      <w lemma="that" pos="cs" xml:id="B01661-001-a-8030">that</w>
      <w lemma="they" pos="pns" xml:id="B01661-001-a-8040">they</w>
      <w lemma="be" pos="vvd" xml:id="B01661-001-a-8050">were</w>
      <hi xml:id="B01661-e2320">
       <w lemma="lord" pos="n2" xml:id="B01661-001-a-8060">Lords</w>
       <w lemma="of" pos="acp" xml:id="B01661-001-a-8070">of</w>
       <w lemma="the" pos="d" xml:id="B01661-001-a-8080">the</w>
       <w lemma="sea" pos="n2" xml:id="B01661-001-a-8090">Seas</w>
      </hi>
     </l>
     <lg type="refrain" xml:id="B01661-e2330">
      <l xml:id="B01661-e2340">
       <w lemma="with" pos="acp" xml:id="B01661-001-a-8100">With</w>
       <w lemma="a" pos="d" xml:id="B01661-001-a-8110">a</w>
       <w lemma="Thump" pos="n1-nn" rendition="#hi" xml:id="B01661-001-a-8120">Thump</w>
       <pc xml:id="B01661-001-a-8130">,</pc>
       <w lemma="&amp;" pos="cc" xml:id="B01661-001-a-8140">&amp;</w>
       <w lemma="c" pos="sy" xml:id="B01661-001-a-8150">c</w>
       <pc unit="sentence" xml:id="B01661-001-a-8160">!</pc>
      </l>
     </lg>
     <l xml:id="B01661-e2360">
      <w lemma="their" pos="po" xml:id="B01661-001-a-8170">Their</w>
      <w lemma="impudent" pos="j" xml:id="B01661-001-a-8180">Impudent</w>
      <w lemma="gazette" pos="n1-nn" rendition="#hi" xml:id="B01661-001-a-8190">Gazette</w>
      <w lemma="proclaim" pos="vvz" xml:id="B01661-001-a-8200">proclaims</w>
     </l>
     <l xml:id="B01661-e2380">
      <w lemma="how" pos="crq" xml:id="B01661-001-a-8210">How</w>
      <w lemma="brave" pos="av_j" xml:id="B01661-001-a-8220">bravely</w>
      <w lemma="they" pos="pns" xml:id="B01661-001-a-8230">they</w>
      <w lemma="lock" pos="vvn" reg="locked" xml:id="B01661-001-a-8240">lock'd</w>
      <w lemma="up" pos="acp-av" xml:id="B01661-001-a-8250">up</w>
      <w lemma="the" pos="d" xml:id="B01661-001-a-8260">the</w>
      <w lemma="Thames" pos="n1-nn" rendition="#hi" xml:id="B01661-001-a-8270">Thames</w>
      <pc unit="sentence" xml:id="B01661-001-a-8280">!</pc>
     </l>
     <l xml:id="B01661-e2400">
      <w lemma="but" pos="acp" xml:id="B01661-001-a-8290">But</w>
      <w lemma="have" pos="vvd" xml:id="B01661-001-a-8300">had</w>
      <w lemma="no" pos="d-x" xml:id="B01661-001-a-8310">no</w>
      <w lemma="leave" pos="zz" xml:id="B01661-001-a-8320">leave</w>
      <w lemma="from" pos="acp" xml:id="B01661-001-a-8330">from</w>
      <w lemma="CHARLES" pos="n1-nn" xml:id="B01661-001-a-8340">CHARLES</w>
      <w lemma="or" pos="cc" xml:id="B01661-001-a-8350">or</w>
      <w lemma="JAMES" pos="n1-nn" xml:id="B01661-001-a-8360">JAMES</w>
      <pc xml:id="B01661-001-a-8370">,</pc>
     </l>
     <lg type="refrain" xml:id="B01661-e2410">
      <l xml:id="B01661-e2420">
       <w lemma="and" pos="cc" xml:id="B01661-001-a-8380">And</w>
       <w lemma="therefore" pos="av" xml:id="B01661-001-a-8390">therefore</w>
       <w lemma="have" pos="vvd" xml:id="B01661-001-a-8400">had</w>
       <w lemma="a" pos="d" xml:id="B01661-001-a-8410">a</w>
       <hi xml:id="B01661-e2430">
        <w lemma="Thump" pos="n1-nn" xml:id="B01661-001-a-8420">Thump</w>
        <pc xml:id="B01661-001-a-8430">,</pc>
        <w lemma="Thump" pos="n1-nn" xml:id="B01661-001-a-8440">Thump</w>
       </hi>
       <pc rendition="#follows-hi" xml:id="B01661-001-a-8450">,</pc>
       <w lemma="etc." pos="ab" reg="etc." xml:id="B01661-001-a-8460">&amp;c.</w>
       <pc unit="sentence" xml:id="B01661-001-a-8470"/>
      </l>
     </lg>
    </lg>
    <lg xml:id="B01661-e2440">
     <l xml:id="B01661-e2450">
      <w lemma="and" pos="cc" xml:id="B01661-001-a-8480">And</w>
      <w lemma="now" pos="av" xml:id="B01661-001-a-8490">now</w>
      <w lemma="de" pos="f-fr" rendition="#hi" xml:id="B01661-001-a-8500">De</w>
      <w lemma="Wit" pos="n1" reg="Wit" rendition="#hi" xml:id="B01661-001-a-8510">Witt</w>
      <w join="left" lemma="be" pos="vvz" xml:id="B01661-001-a-8520">'s</w>
      <w lemma="new" pos="j" xml:id="B01661-001-a-8530">new</w>
      <hi xml:id="B01661-e2470">
       <w lemma="holland" pos="n1" xml:id="B01661-001-a-8540">Holland</w>
       <w lemma="rump" pos="n1-nn" xml:id="B01661-001-a-8550">Rump</w>
      </hi>
     </l>
     <l xml:id="B01661-e2480">
      <pc join="right" xml:id="B01661-001-a-8560">(</pc>
      <w lemma="who" pos="crq" xml:id="B01661-001-a-8570">Who</w>
      <w lemma="ride" pos="vvz" xml:id="B01661-001-a-8580">rides</w>
      <w lemma="the" pos="d" xml:id="B01661-001-a-8590">the</w>
      <w lemma="state" pos="n2" rendition="#hi" xml:id="B01661-001-a-8600">States</w>
      <pc xml:id="B01661-001-a-8610">)</pc>
      <w lemma="will" pos="vmb" xml:id="B01661-001-a-8620">will</w>
      <w lemma="burn" pos="vvi" xml:id="B01661-001-a-8630">burn</w>
      <w lemma="to" pos="acp" xml:id="B01661-001-a-8640">to</w>
      <w lemma="the" pos="d" xml:id="B01661-001-a-8650">th'</w>
      <w lemma="stump" pos="n1" xml:id="B01661-001-a-8660">Stump</w>
     </l>
     <lg type="refrain" xml:id="B01661-e2500">
      <l xml:id="B01661-e2510">
       <w lemma="with" pos="acp" xml:id="B01661-001-a-8670">With</w>
       <w lemma="a" pos="d" xml:id="B01661-001-a-8680">a</w>
       <w lemma="Thump" pos="n1-nn" rendition="#hi" xml:id="B01661-001-a-8690">Thump</w>
       <pc xml:id="B01661-001-a-8700">,</pc>
       <w lemma="etc." pos="ab" reg="etc." xml:id="B01661-001-a-8710">&amp;c.</w>
       <pc unit="sentence" xml:id="B01661-001-a-8720"/>
      </l>
     </lg>
     <l xml:id="B01661-e2530">
      <w lemma="for" pos="acp" xml:id="B01661-001-a-8730">For</w>
      <w lemma="George" pos="n1-nn" rendition="#hi" xml:id="B01661-001-a-8740">George</w>
      <w lemma="in" pos="acp" xml:id="B01661-001-a-8750">in</w>
      <w lemma="England" pos="n1-nn" rendition="#hi" xml:id="B01661-001-a-8760">England</w>
      <w lemma="once" pos="acp" xml:id="B01661-001-a-8770">once</w>
      <w lemma="before" pos="acp-av" xml:id="B01661-001-a-8780">before</w>
     </l>
     <l xml:id="B01661-e2560">
      <w lemma="have" pos="vvz" xml:id="B01661-001-a-8790">Hath</w>
      <w lemma="fire" pos="vvn" reg="fired" xml:id="B01661-001-a-8800">fir'd</w>
      <w lemma="one" pos="crd" xml:id="B01661-001-a-8810">one</w>
      <w lemma="rump" pos="n1" rendition="#hi" xml:id="B01661-001-a-8820">Rump</w>
      <pc xml:id="B01661-001-a-8830">,</pc>
      <w lemma="and" pos="cc" xml:id="B01661-001-a-8840">and</w>
      <w lemma="will" pos="vmb" xml:id="B01661-001-a-8850">will</w>
      <w lemma="do" pos="vvi" xml:id="B01661-001-a-8860">do</w>
      <w lemma="more" pos="av-c_d" xml:id="B01661-001-a-8870">more</w>
     </l>
     <l xml:id="B01661-e2580">
      <w lemma="till" pos="acp" xml:id="B01661-001-a-8880">Till</w>
      <w lemma="man" pos="n2" xml:id="B01661-001-a-8890">Men</w>
      <w lemma="and" pos="cc" xml:id="B01661-001-a-8900">and</w>
      <w lemma="bell" pos="n2" xml:id="B01661-001-a-8910">Bells</w>
      <w lemma="all" pos="d" xml:id="B01661-001-a-8920">all</w>
      <w lemma="Dutch-land" pos="n1-nn" rendition="#hi" xml:id="B01661-001-a-8930">Dutch-land</w>
      <w lemma="over" pos="acp" reg="o'er" xml:id="B01661-001-a-8940">o're</w>
     </l>
     <lg type="refrain" xml:id="B01661-e2600">
      <l xml:id="B01661-e2610">
       <w lemma="sing" pos="vvg" xml:id="B01661-001-a-8950">Sing</w>
       <hi xml:id="B01661-e2620">
        <w lemma="rump" pos="n1" xml:id="B01661-001-a-8960">Rump</w>
        <pc xml:id="B01661-001-a-8970">,</pc>
        <w lemma="rump" pos="n1-nn" xml:id="B01661-001-a-8980">Rump</w>
       </hi>
       <pc rendition="#follows-hi" xml:id="B01661-001-a-8990">,</pc>
       <w lemma="etc." pos="ab" reg="etc." xml:id="B01661-001-a-9000">&amp;c.</w>
       <pc unit="sentence" xml:id="B01661-001-a-9010"/>
      </l>
     </lg>
    </lg>
    <lg xml:id="B01661-e2630">
     <l xml:id="B01661-e2640">
      <w lemma="then" pos="av" xml:id="B01661-001-a-9020">Then</w>
      <w lemma="let" pos="vvb" xml:id="B01661-001-a-9030">let</w>
      <w lemma="they" pos="pno" xml:id="B01661-001-a-9040">them</w>
      <w lemma="invent" pos="vvi" xml:id="B01661-001-a-9050">invent</w>
      <w lemma="some" pos="d" xml:id="B01661-001-a-9060">some</w>
      <w lemma="other" pos="d" xml:id="B01661-001-a-9070">other</w>
      <w lemma="cheat" pos="n1" xml:id="B01661-001-a-9080">Cheat</w>
      <pc xml:id="B01661-001-a-9090">,</pc>
     </l>
     <l xml:id="B01661-e2650">
      <w lemma="go" pos="vvb" xml:id="B01661-001-a-9100">Go</w>
      <w lemma="hang" pos="vvb" xml:id="B01661-001-a-9110">hang</w>
      <w lemma="their" pos="po" xml:id="B01661-001-a-9120">their</w>
      <w lemma="captain" pos="n2" xml:id="B01661-001-a-9130">Captains</w>
      <w lemma="because" pos="acp" xml:id="B01661-001-a-9140">'cause</w>
      <w join="right" lemma="they" pos="pns" reg="they" xml:id="B01661-001-a-9160">th'</w>
      <w join="left" lemma="be" pos="vvb" xml:id="B01661-001-a-9161">are</w>
      <w lemma="bear" pos="n1" xml:id="B01661-001-a-9170">bear</w>
     </l>
     <lg type="refrain" xml:id="B01661-e2660">
      <l xml:id="B01661-e2670">
       <w lemma="with" pos="acp" xml:id="B01661-001-a-9180">With</w>
       <w lemma="a" pos="d" xml:id="B01661-001-a-9190">a</w>
       <w lemma="Thump" pos="n1-nn" rendition="#hi" xml:id="B01661-001-a-9200">Thump</w>
       <pc xml:id="B01661-001-a-9210">,</pc>
       <w lemma="etc." pos="ab" reg="etc." xml:id="B01661-001-a-9220">&amp;c.</w>
       <pc unit="sentence" xml:id="B01661-001-a-9230"/>
      </l>
     </lg>
     <l xml:id="B01661-e2690">
      <w lemma="let" pos="vvb" xml:id="B01661-001-a-9240">Let</w>
      <w lemma="Monsieur" pos="n1-nn" rendition="#hi" xml:id="B01661-001-a-9250">Monsieur</w>
      <w lemma="or" pos="cc" xml:id="B01661-001-a-9260">or</w>
      <hi xml:id="B01661-e2710">
       <w lemma="i" pos="png" reg="Mine" xml:id="B01661-001-a-9270">Myn</w>
       <w lemma="here" pos="av" reg="Here" xml:id="B01661-001-a-9280">Heer</w>
      </hi>
      <w lemma="that" pos="cs" xml:id="B01661-001-a-9290">that</w>
      <w lemma="snarl" pos="vvz" xml:id="B01661-001-a-9300">snarls</w>
     </l>
     <l xml:id="B01661-e2720">
      <w lemma="at" pos="acp" xml:id="B01661-001-a-9310">At</w>
      <w lemma="our" pos="po" xml:id="B01661-001-a-9320">our</w>
      <w lemma="sovereign" pos="n1_j" reg="Sovereign" rendition="#hi" xml:id="B01661-001-a-9330">Soveraign</w>
      <w lemma="and" pos="cc" xml:id="B01661-001-a-9340">and</w>
      <hi xml:id="B01661-e2740">
       <w lemma="royal" pos="j" xml:id="B01661-001-a-9350">Royal</w>
       <w lemma="Charles" pos="n1-nn" xml:id="B01661-001-a-9360">Charles</w>
      </hi>
      <pc rendition="#follows-hi" xml:id="B01661-001-a-9370">,</pc>
     </l>
     <l xml:id="B01661-e2750">
      <w lemma="beware" pos="vvb" xml:id="B01661-001-a-9380">Beware</w>
      <w lemma="of" pos="acp" xml:id="B01661-001-a-9390">of</w>
      <w lemma="rupert" pos="n1g-nn" reg="rupert's" rendition="#hi" xml:id="B01661-001-a-9400">Ruperts</w>
      <w lemma="and" pos="cc" xml:id="B01661-001-a-9410">and</w>
      <w lemma="Albemarles" pos="n1-nn" rendition="#hi" xml:id="B01661-001-a-9420">Albemarles</w>
     </l>
     <lg type="refrain" xml:id="B01661-e2780">
      <l xml:id="B01661-e2790">
       <w lemma="with" pos="acp" xml:id="B01661-001-a-9430">With</w>
       <w lemma="a" pos="d" xml:id="B01661-001-a-9440">a</w>
       <hi xml:id="B01661-e2800">
        <w lemma="Thump" pos="n1-nn" xml:id="B01661-001-a-9450">Thump</w>
        <pc xml:id="B01661-001-a-9460">,</pc>
        <w lemma="Thump" pos="n1-nn" xml:id="B01661-001-a-9470">Thump</w>
       </hi>
       <pc rendition="#follows-hi" xml:id="B01661-001-a-9480">,</pc>
       <w lemma="etc." pos="ab" reg="etc." xml:id="B01661-001-a-9490">&amp;c.</w>
       <pc unit="sentence" xml:id="B01661-001-a-9500"/>
      </l>
     </lg>
    </lg>
   </div>
  </body>
  <back xml:id="B01661-e2810">
   <div type="colophon" xml:id="B01661-e2820">
    <p xml:id="B01661-e2830">
     <w lemma="print" pos="j_vn" xml:id="B01661-001-a-9510">Printed</w>
     <w lemma="in" pos="acp" xml:id="B01661-001-a-9520">in</w>
     <w lemma="the" pos="d" xml:id="B01661-001-a-9530">the</w>
     <w lemma="year" pos="n1" xml:id="B01661-001-a-9540">Year</w>
     <pc xml:id="B01661-001-a-9550">,</pc>
     <w lemma="1666." pos="crd" xml:id="B01661-001-a-9560">1666.</w>
     <pc unit="sentence" xml:id="B01661-001-a-9570"/>
    </p>
   </div>
  </back>
 </text>
</TEI>
