<?xml version="1.0" encoding="UTF-8"?>
<?xml-model href="http://schemata.earlyprint.org/schemata/tei_earlyprint.rng" type="application/xml" schematypens="http://relaxng.org/ns/structure/1.0"?>
<TEI xmlns="http://www.tei-c.org/ns/1.0" xml:id="B02123">
 <teiHeader>
  <fileDesc>
   <titleStmt>
    <title>Proclamation for the Convention of Estates</title>
    <author>Scotland. Sovereign (1649-1685 : Charles II)</author>
   </titleStmt>
   <editionStmt>
    <edition>This text is an enriched version of the TCP digital transcription B02123 of text R171281 in the <ref target="http;//estc.bl.uk">English Short Title Catalog</ref> (Wing C3462). Textual changes  and metadata enrichments aim at making the                             text more  computationally tractable, easier to read, and suitable for network-based collaborative                              curation by amateur and professional end users from many walks of life.  The text has been tokenized and linguistically annotated with <ref target="http://morphadorner.northwestern.edu/morphadorner/">MorphAdorner</ref>. The annotation includes standard spellings that support the display of a text in                             a standardized format that preserves archaic forms ('loveth', 'seekest').                              Textual changes aim at restoring the text the author or stationer meant to publish.</edition>
    <respStmt>
     <resp>This text has not been fully proofread</resp>
     <name/>
    </respStmt>
   </editionStmt>
   <extent>Approx. 3 KB of XML-encoded text transcribed from 1 1-bit group-IV TIFF page image.</extent>
   <publicationStmt>
    <publisher>EarlyPrint Project</publisher>
    <pubPlace>Evanston,IL, Notre Dame, IN, St. Louis, MO</pubPlace>
    <date>2018</date>
    <idno type="DLPS">B02123</idno>
    <idno type="STC">Wing C3462</idno>
    <idno type="STC">ESTC R171281</idno>
    <idno type="EEBO-CITATION">52612094</idno>
    <idno type="OCLC">ocm 52612094</idno>
    <idno type="VID">179375</idno>
    <availability>
     <p>
            This keyboarded and encoded edition of the work described above is co-owned by the institutions providing financial support to the Early English Books Online Text Creation Partnership. This Phase I text is available for reuse, according to the terms of
            <ref target="https://creativecommons.org/publicdomain/zero/1.0/">Creative Commons 0 1.0 Universal</ref>
            . The text can be copied, modified, distributed and performed, even for commercial purposes, all without asking permission.
          </p>
    </availability>
   </publicationStmt>
   <seriesStmt>
    <title>Early English books online.</title>
   </seriesStmt>
   <notesStmt>
    <note>(EEBO-TCP ; phase 1, no. B02123)</note>
    <note>Transcribed from: (Early English Books Online ; image set 179375)</note>
    <note>Images scanned from microfilm: (Early English Books, 1641-1700 ; 2786:36)</note>
   </notesStmt>
   <sourceDesc>
    <biblFull>
     <titleStmt>
      <title>Proclamation for the Convention of Estates</title>
      <author>Scotland. Sovereign (1649-1685 : Charles II)</author>
      <author>Charles II, King of England, 1630-1685.</author>
      <author>Scotland. Convention of Estates.</author>
     </titleStmt>
     <extent>1 sheet ([1] p.)</extent>
     <publicationStmt>
      <publisher>Printed by Evan Tyler, printer to the Kings most Excellent Majesty,</publisher>
      <pubPlace>Edinbvrgh :</pubPlace>
      <date>1666.</date>
     </publicationStmt>
     <notesStmt>
      <note>Caption title.</note>
      <note>Royal arms at head of text; initial letter.</note>
      <note>Printed in black letter.</note>
      <note>Dated at end: Given at Our Court at Whitehall, the twenty fifth of October, one thousand six hundred and sixty six, and of Our Reign the eighteenth year.</note>
      <note>Reproduction of the original in the National Library of Scotland.</note>
     </notesStmt>
    </biblFull>
   </sourceDesc>
  </fileDesc>
  <profileDesc>
   <langUsage>
    <language ident="eng">eng</language>
   </langUsage>
   <textClass>
    <keywords scheme="http://authorities.loc.gov/">
     <term>Scotland. -- Convention of Estates.</term>
     <term>Anglo-Dutch War, 1664-1667 -- Early works to 1800.</term>
     <term>Scotland -- Politics and government -- 1660-1688 -- Sources.</term>
     <term>Broadsides -- Scotland -- 17th century.</term>
    </keywords>
   </textClass>
  </profileDesc>
  <xenoData>
   <ep:epHeader xmlns:ep="http://earlyprint.org/ns/1.0">
    <ep:corpus>eebo</ep:corpus>
    <ep:title>Proclamation for the Convention of Estates.</ep:title>
    <ep:author>England and Wales. Sovereign </ep:author>
    <ep:publicationYear>1666</ep:publicationYear>
    <ep:creationYear/>
    <ep:curator>
     <ep:name/>
    </ep:curator>
    <ep:pageCount>1</ep:pageCount>
    <ep:wordCount>484</ep:wordCount>
    <ep:defectiveTokenCount>0</ep:defectiveTokenCount>
    <ep:untranscribedForeignCount>0</ep:untranscribedForeignCount>
    <ep:untranscribedMathCount>0</ep:untranscribedMathCount>
    <ep:untranscribedMusicCount>0</ep:untranscribedMusicCount>
    <ep:missingChunkCount>0</ep:missingChunkCount>
    <ep:missingPagesCount>0</ep:missingPagesCount>
    <ep:defectRate>0</ep:defectRate>
    <ep:finalGrade>A</ep:finalGrade>
    <ep:defectRangePerGrade>This text  has no known defects that were recorded as gap elements at the time of transcription. </ep:defectRangePerGrade>
   </ep:epHeader>
  </xenoData>
  <revisionDesc>
   <change><date>2008-07</date><label>TCP</label>
        Assigned for keying and markup
      </change>
   <change><date>2008-08</date><label>SPi Global</label>
        Keyed and coded from ProQuest page images
      </change>
   <change><date>2008-09</date><label>Mona Logarbo</label>
        Sampled and proofread
      </change>
   <change><date>2008-09</date><label>Mona Logarbo</label>
        Text and markup reviewed and edited
      </change>
   <change><date>2009-02</date><label>pfs</label>
        Batch review (QC) and XML conversion
      </change>
  </revisionDesc>
 </teiHeader>
 <text xml:id="B02123-t">
  <body xml:id="B02123-e0">
   <div type="royal_proclamation" xml:id="B02123-e10">
    <pb facs="tcp:179375:1" rendition="simple:additions" xml:id="B02123-001-a"/>
    <head xml:id="B02123-e20">
     <figure xml:id="B02123-e30">
      <p xml:id="B02123-e40">
       <w lemma="c" pos="sy" xml:id="B02123-001-a-0010">C</w>
       <w lemma="r" pos="sy" xml:id="B02123-001-a-0020">R</w>
      </p>
      <p xml:id="B02123-e50">
       <w lemma="honi" pos="f-fr" xml:id="B02123-001-a-0030">HONI</w>
       <w lemma="soit" pos="f-fr" xml:id="B02123-001-a-0040">SOIT</w>
       <w lemma="qvi" pos="f-fr" xml:id="B02123-001-a-0050">QVI</w>
       <w lemma="mal" pos="f-fr" xml:id="B02123-001-a-0060">MAL</w>
       <w lemma="y" pos="f-fr" xml:id="B02123-001-a-0070">Y</w>
       <w lemma="pense" pos="f-fr" xml:id="B02123-001-a-0080">PENSE</w>
      </p>
      <figDesc xml:id="B02123-e60">royal blazon or coat of arms</figDesc>
     </figure>
    </head>
    <head xml:id="B02123-e70">
     <w lemma="proclamation" pos="n1" xml:id="B02123-001-a-0090">PROCLAMATION</w>
     <w lemma="for" pos="acp" xml:id="B02123-001-a-0100">For</w>
     <w lemma="the" pos="d" xml:id="B02123-001-a-0110">the</w>
     <w lemma="convention" pos="n1" xml:id="B02123-001-a-0120">CONVENTION</w>
     <w lemma="of" pos="acp" xml:id="B02123-001-a-0130">of</w>
     <w lemma="estate" pos="n2" xml:id="B02123-001-a-0140">ESTATES</w>
     <pc unit="sentence" xml:id="B02123-001-a-0150">.</pc>
    </head>
    <opener xml:id="B02123-e80">
     <signed xml:id="B02123-e90">
      <hi xml:id="B02123-e100">
       <w lemma="CHARLES" pos="n1-nn" rendition="#decorinit" xml:id="B02123-001-a-0160">CHARLES</w>
       <pc xml:id="B02123-001-a-0170">,</pc>
      </hi>
      <w lemma="by" pos="acp" xml:id="B02123-001-a-0180">by</w>
      <w lemma="the" pos="d" xml:id="B02123-001-a-0190">the</w>
      <w lemma="grace" pos="n1" xml:id="B02123-001-a-0200">Grace</w>
      <w lemma="of" pos="acp" xml:id="B02123-001-a-0210">of</w>
      <w lemma="GOD" pos="n1-nn" xml:id="B02123-001-a-0220">GOD</w>
      <pc xml:id="B02123-001-a-0230">,</pc>
      <w lemma="king" pos="n1" xml:id="B02123-001-a-0240">King</w>
      <w lemma="of" pos="acp" xml:id="B02123-001-a-0250">of</w>
      <hi xml:id="B02123-e110">
       <w lemma="Scotland" pos="n1-nn" xml:id="B02123-001-a-0260">Scotland</w>
       <pc xml:id="B02123-001-a-0270">,</pc>
       <w lemma="England" pos="n1-nn" xml:id="B02123-001-a-0280">England</w>
       <pc xml:id="B02123-001-a-0290">,</pc>
       <w lemma="France" pos="n1-nn" xml:id="B02123-001-a-0300">France</w>
      </hi>
      <w lemma="and" pos="cc" xml:id="B02123-001-a-0310">and</w>
      <hi xml:id="B02123-e120">
       <w lemma="Ireland" pos="n1-nn" xml:id="B02123-001-a-0320">Ireland</w>
       <pc xml:id="B02123-001-a-0330">,</pc>
      </hi>
      <w lemma="defender" pos="n1" xml:id="B02123-001-a-0340">Defender</w>
      <w lemma="of" pos="acp" xml:id="B02123-001-a-0350">of</w>
      <w lemma="the" pos="d" xml:id="B02123-001-a-0360">the</w>
      <w lemma="faith" pos="n1" xml:id="B02123-001-a-0370">Faith</w>
      <pc xml:id="B02123-001-a-0380">,</pc>
      <hi xml:id="B02123-e130">
       <w lemma="etc." pos="ab" reg="etc." xml:id="B02123-001-a-0390">&amp;c.</w>
       <pc unit="sentence" xml:id="B02123-001-a-0400"/>
      </hi>
     </signed>
     <salute xml:id="B02123-e140">
      <w lemma="to" pos="to" xml:id="B02123-001-a-0410">To</w>
      <w lemma="all" pos="d" xml:id="B02123-001-a-0420">all</w>
      <w lemma="and" pos="cc" xml:id="B02123-001-a-0430">and</w>
      <w lemma="sundry" pos="j" xml:id="B02123-001-a-0440">sundry</w>
      <w lemma="our" pos="po" xml:id="B02123-001-a-0450">Our</w>
      <w lemma="good" pos="j" xml:id="B02123-001-a-0460">good</w>
      <w lemma="subject" pos="n2" xml:id="B02123-001-a-0470">Subjects</w>
      <w lemma="who" pos="crq-ro" xml:id="B02123-001-a-0480">Whom</w>
      <w lemma="these" pos="d" xml:id="B02123-001-a-0490">these</w>
      <w lemma="present" pos="n2" xml:id="B02123-001-a-0500">presents</w>
      <w lemma="do" pos="vvb" xml:id="B02123-001-a-0510">do</w>
      <w lemma="or" pos="cc" xml:id="B02123-001-a-0520">or</w>
      <w lemma="may" pos="vmb" xml:id="B02123-001-a-0530">may</w>
      <w lemma="concern" pos="vvi" xml:id="B02123-001-a-0540">concern</w>
      <pc xml:id="B02123-001-a-0550">,</pc>
      <w lemma="greeting" pos="n1" xml:id="B02123-001-a-0560">Greeting</w>
      <pc unit="sentence" xml:id="B02123-001-a-0570">.</pc>
     </salute>
    </opener>
    <p xml:id="B02123-e150">
     <w lemma="the" pos="d" xml:id="B02123-001-a-0580">The</w>
     <w lemma="great" pos="j" xml:id="B02123-001-a-0590">great</w>
     <w lemma="care" pos="n1" xml:id="B02123-001-a-0600">care</w>
     <w lemma="we" pos="pns" xml:id="B02123-001-a-0610">We</w>
     <w lemma="have" pos="vvb" xml:id="B02123-001-a-0620">have</w>
     <w lemma="of" pos="acp" xml:id="B02123-001-a-0630">of</w>
     <w lemma="the" pos="d" xml:id="B02123-001-a-0640">the</w>
     <w lemma="honour" pos="n1" xml:id="B02123-001-a-0650">honour</w>
     <w lemma="and" pos="cc" xml:id="B02123-001-a-0660">and</w>
     <w lemma="safety" pos="n1" xml:id="B02123-001-a-0670">safety</w>
     <w lemma="of" pos="acp" xml:id="B02123-001-a-0680">of</w>
     <w lemma="that" pos="d" xml:id="B02123-001-a-0690">that</w>
     <w lemma="our" pos="po" xml:id="B02123-001-a-0700">Our</w>
     <w lemma="ancient" pos="j" xml:id="B02123-001-a-0710">ancient</w>
     <w lemma="kingdom" pos="n1" xml:id="B02123-001-a-0720">Kingdom</w>
     <pc xml:id="B02123-001-a-0730">,</pc>
     <w lemma="move" pos="vvd" xml:id="B02123-001-a-0740">moved</w>
     <w lemma="we" pos="pno" reg="Us" xml:id="B02123-001-a-0750">Vs</w>
     <w lemma="some" pos="d" xml:id="B02123-001-a-0760">some</w>
     <w lemma="month" pos="n2" reg="months" xml:id="B02123-001-a-0770">moneths</w>
     <w lemma="ago" pos="av" xml:id="B02123-001-a-0780">ago</w>
     <w lemma="to" pos="to" xml:id="B02123-001-a-0790">to</w>
     <w lemma="give" pos="vvi" xml:id="B02123-001-a-0800">give</w>
     <w lemma="order" pos="n1" xml:id="B02123-001-a-0810">Order</w>
     <w lemma="for" pos="acp" xml:id="B02123-001-a-0820">for</w>
     <w lemma="the" pos="d" xml:id="B02123-001-a-0830">the</w>
     <w lemma="raise" pos="n1_vg" xml:id="B02123-001-a-0840">raising</w>
     <w lemma="of" pos="acp" xml:id="B02123-001-a-0850">of</w>
     <w lemma="such" pos="d" xml:id="B02123-001-a-0860">such</w>
     <w lemma="force" pos="n2" xml:id="B02123-001-a-0870">Forces</w>
     <pc xml:id="B02123-001-a-0880">,</pc>
     <w lemma="both" pos="d" xml:id="B02123-001-a-0890">both</w>
     <w lemma="horse" pos="n1" xml:id="B02123-001-a-0900">Horse</w>
     <w lemma="and" pos="cc" xml:id="B02123-001-a-0910">and</w>
     <w lemma="foot" pos="n1" xml:id="B02123-001-a-0920">Foot</w>
     <pc xml:id="B02123-001-a-0930">,</pc>
     <w lemma="as" pos="acp" xml:id="B02123-001-a-0940">as</w>
     <w lemma="we" pos="pns" xml:id="B02123-001-a-0950">We</w>
     <w lemma="conceive" pos="vvd" xml:id="B02123-001-a-0960">conceived</w>
     <w lemma="necessary" pos="j" xml:id="B02123-001-a-0970">necessary</w>
     <w lemma="to" pos="to" xml:id="B02123-001-a-0980">to</w>
     <w lemma="prevent" pos="vvi" xml:id="B02123-001-a-0990">prevent</w>
     <w lemma="a" pos="d" xml:id="B02123-001-a-1000">a</w>
     <w lemma="sudden" pos="j" xml:id="B02123-001-a-1010">sudden</w>
     <w lemma="invasion" pos="n1" xml:id="B02123-001-a-1020">Invasion</w>
     <pc xml:id="B02123-001-a-1030">;</pc>
     <w lemma="and" pos="cc" xml:id="B02123-001-a-1040">And</w>
     <w lemma="see" pos="vvg" reg="seeing" xml:id="B02123-001-a-1050">seing</w>
     <w lemma="that" pos="d" xml:id="B02123-001-a-1060">that</w>
     <w lemma="just" pos="j" xml:id="B02123-001-a-1070">just</w>
     <w lemma="and" pos="cc" xml:id="B02123-001-a-1080">and</w>
     <w lemma="necessary" pos="j" xml:id="B02123-001-a-1090">necessary</w>
     <w lemma="war" pos="n1" xml:id="B02123-001-a-1100">War</w>
     <w lemma="in" pos="acp" xml:id="B02123-001-a-1110">in</w>
     <w lemma="which" pos="crq" xml:id="B02123-001-a-1120">which</w>
     <w lemma="we" pos="pns" xml:id="B02123-001-a-1130">We</w>
     <w lemma="be" pos="vvb" xml:id="B02123-001-a-1140">are</w>
     <w lemma="engage" pos="vvn" xml:id="B02123-001-a-1150">engaged</w>
     <w lemma="do" pos="vvz" xml:id="B02123-001-a-1160">doth</w>
     <w lemma="still" pos="av" xml:id="B02123-001-a-1170">still</w>
     <w lemma="continue" pos="vvi" xml:id="B02123-001-a-1180">continue</w>
     <pc xml:id="B02123-001-a-1190">,</pc>
     <w lemma="we" pos="pns" xml:id="B02123-001-a-1200">We</w>
     <w lemma="do" pos="vvb" xml:id="B02123-001-a-1210">do</w>
     <w lemma="think" pos="vvi" xml:id="B02123-001-a-1220">think</w>
     <w lemma="it" pos="pn" xml:id="B02123-001-a-1230">it</w>
     <w lemma="necessary" pos="j" xml:id="B02123-001-a-1240">necessary</w>
     <w lemma="to" pos="to" xml:id="B02123-001-a-1250">to</w>
     <w lemma="keep" pos="vvi" xml:id="B02123-001-a-1260">keep</w>
     <w lemma="up" pos="acp-av" xml:id="B02123-001-a-1270">up</w>
     <w lemma="these" pos="d" xml:id="B02123-001-a-1280">these</w>
     <w lemma="force" pos="n2" xml:id="B02123-001-a-1290">Forces</w>
     <pc xml:id="B02123-001-a-1300">,</pc>
     <w lemma="for" pos="acp" xml:id="B02123-001-a-1310">for</w>
     <w lemma="the" pos="d" xml:id="B02123-001-a-1320">the</w>
     <w lemma="defence" pos="n1" xml:id="B02123-001-a-1330">defence</w>
     <w lemma="of" pos="acp" xml:id="B02123-001-a-1340">of</w>
     <w lemma="that" pos="d" xml:id="B02123-001-a-1350">that</w>
     <w lemma="our" pos="po" xml:id="B02123-001-a-1360">Our</w>
     <w lemma="kingdom" pos="n1" xml:id="B02123-001-a-1370">Kingdom</w>
     <pc xml:id="B02123-001-a-1380">,</pc>
     <w lemma="as" pos="acp" xml:id="B02123-001-a-1390">as</w>
     <w lemma="long" pos="av_j" xml:id="B02123-001-a-1400">long</w>
     <w lemma="as" pos="acp" xml:id="B02123-001-a-1410">as</w>
     <w lemma="the" pos="d" xml:id="B02123-001-a-1420">the</w>
     <w lemma="present" pos="j" xml:id="B02123-001-a-1430">present</w>
     <w lemma="danger" pos="n1" xml:id="B02123-001-a-1440">danger</w>
     <w lemma="from" pos="acp" xml:id="B02123-001-a-1450">from</w>
     <w lemma="foreign" pos="j" xml:id="B02123-001-a-1460">Foreign</w>
     <w lemma="enemy" pos="n2" xml:id="B02123-001-a-1470">Enemies</w>
     <w lemma="remain" pos="vvz" xml:id="B02123-001-a-1480">remains</w>
     <pc unit="sentence" xml:id="B02123-001-a-1490">.</pc>
     <w lemma="therefore" pos="av" xml:id="B02123-001-a-1500">Therefore</w>
     <pc xml:id="B02123-001-a-1510">,</pc>
     <w lemma="to" pos="to" xml:id="B02123-001-a-1520">to</w>
     <w lemma="the" pos="d" xml:id="B02123-001-a-1530">the</w>
     <w lemma="end" pos="n1" xml:id="B02123-001-a-1540">end</w>
     <pc xml:id="B02123-001-a-1550">,</pc>
     <w lemma="the" pos="d" xml:id="B02123-001-a-1560">the</w>
     <w lemma="easy" pos="j-s" xml:id="B02123-001-a-1570">easiest</w>
     <w lemma="and" pos="cc" xml:id="B02123-001-a-1580">and</w>
     <w lemma="most" pos="av-s_d" xml:id="B02123-001-a-1590">most</w>
     <w lemma="regular" pos="j" xml:id="B02123-001-a-1600">regular</w>
     <w lemma="way" pos="n1" xml:id="B02123-001-a-1610">way</w>
     <w lemma="of" pos="acp" xml:id="B02123-001-a-1620">of</w>
     <w lemma="their" pos="po" xml:id="B02123-001-a-1630">their</w>
     <w lemma="maintenance" pos="n1" xml:id="B02123-001-a-1640">maintenance</w>
     <w lemma="may" pos="vmb" xml:id="B02123-001-a-1650">may</w>
     <w lemma="be" pos="vvi" xml:id="B02123-001-a-1660">be</w>
     <w lemma="agree" pos="vvn" xml:id="B02123-001-a-1670">agreed</w>
     <w lemma="upon" pos="acp" xml:id="B02123-001-a-1680">upon</w>
     <pc xml:id="B02123-001-a-1690">,</pc>
     <w lemma="we" pos="pns" xml:id="B02123-001-a-1700">We</w>
     <w lemma="have" pos="vvb" xml:id="B02123-001-a-1710">have</w>
     <w lemma="think" pos="vvn" xml:id="B02123-001-a-1720">thought</w>
     <w lemma="fit" pos="j" xml:id="B02123-001-a-1730">fit</w>
     <w lemma="to" pos="to" xml:id="B02123-001-a-1740">to</w>
     <w lemma="call" pos="vvi" xml:id="B02123-001-a-1750">call</w>
     <w lemma="a" pos="d" xml:id="B02123-001-a-1760">a</w>
     <w lemma="convention" pos="n1" xml:id="B02123-001-a-1770">Convention</w>
     <w lemma="of" pos="acp" xml:id="B02123-001-a-1780">of</w>
     <w lemma="the" pos="d" xml:id="B02123-001-a-1790">the</w>
     <w lemma="estate" pos="n2" xml:id="B02123-001-a-1800">Estates</w>
     <w lemma="of" pos="acp" xml:id="B02123-001-a-1810">of</w>
     <w lemma="that" pos="d" xml:id="B02123-001-a-1820">that</w>
     <w lemma="our" pos="po" xml:id="B02123-001-a-1830">Our</w>
     <w lemma="ancient" pos="j" xml:id="B02123-001-a-1840">ancient</w>
     <w lemma="kingdom" pos="n1" xml:id="B02123-001-a-1850">Kingdom</w>
     <pc xml:id="B02123-001-a-1860">,</pc>
     <w lemma="to" pos="to" xml:id="B02123-001-a-1870">to</w>
     <w lemma="meet" pos="vvi" xml:id="B02123-001-a-1880">meet</w>
     <w lemma="at" pos="acp" xml:id="B02123-001-a-1890">at</w>
     <hi xml:id="B02123-e160">
      <w lemma="Edinburgh" pos="n1-nn" xml:id="B02123-001-a-1900">Edinburgh</w>
     </hi>
     <w lemma="upon" pos="acp" xml:id="B02123-001-a-1910">upon</w>
     <w lemma="the" pos="d" xml:id="B02123-001-a-1920">the</w>
     <w lemma="nine" pos="ord" xml:id="B02123-001-a-1930">ninth</w>
     <w lemma="day" pos="n1" xml:id="B02123-001-a-1940">day</w>
     <w lemma="of" pos="acp" xml:id="B02123-001-a-1950">of</w>
     <hi xml:id="B02123-e170">
      <w lemma="January" pos="n1-nn" xml:id="B02123-001-a-1960">January</w>
     </hi>
     <w lemma="next" pos="ord" xml:id="B02123-001-a-1970">next</w>
     <w lemma="to" pos="to" xml:id="B02123-001-a-1980">to</w>
     <w lemma="come" pos="vvi" xml:id="B02123-001-a-1990">come</w>
     <pc xml:id="B02123-001-a-2000">;</pc>
     <w lemma="and" pos="cc" xml:id="B02123-001-a-2010">And</w>
     <w lemma="do" pos="vvb" xml:id="B02123-001-a-2020">do</w>
     <w lemma="hereby" pos="av" xml:id="B02123-001-a-2030">hereby</w>
     <w lemma="require" pos="vvi" xml:id="B02123-001-a-2040">require</w>
     <w lemma="and" pos="cc" xml:id="B02123-001-a-2050">and</w>
     <w lemma="command" pos="vvi" xml:id="B02123-001-a-2060">command</w>
     <w lemma="all" pos="d" xml:id="B02123-001-a-2070">all</w>
     <w lemma="archbishop" pos="n2" xml:id="B02123-001-a-2080">Archbishops</w>
     <pc xml:id="B02123-001-a-2090">,</pc>
     <w lemma="duke" pos="n2" xml:id="B02123-001-a-2100">Dukes</w>
     <pc xml:id="B02123-001-a-2110">,</pc>
     <w lemma="marquess" pos="n2" xml:id="B02123-001-a-2120">Marquesses</w>
     <pc xml:id="B02123-001-a-2130">,</pc>
     <w lemma="earl" pos="n2" xml:id="B02123-001-a-2140">Earls</w>
     <pc xml:id="B02123-001-a-2150">,</pc>
     <w lemma="viscount" pos="n2" xml:id="B02123-001-a-2160">Viscounts</w>
     <pc xml:id="B02123-001-a-2170">,</pc>
     <w lemma="bishop" pos="n2" xml:id="B02123-001-a-2180">Bishops</w>
     <pc xml:id="B02123-001-a-2190">,</pc>
     <w lemma="lord" pos="n2" xml:id="B02123-001-a-2200">Lords</w>
     <w lemma="and" pos="cc" xml:id="B02123-001-a-2210">and</w>
     <w lemma="officer" pos="n2" xml:id="B02123-001-a-2220">Officers</w>
     <w lemma="of" pos="acp" xml:id="B02123-001-a-2230">of</w>
     <w lemma="state" pos="n1" xml:id="B02123-001-a-2240">State</w>
     <w lemma="of" pos="acp" xml:id="B02123-001-a-2250">of</w>
     <w lemma="that" pos="d" xml:id="B02123-001-a-2260">that</w>
     <w lemma="our" pos="po" xml:id="B02123-001-a-2270">Our</w>
     <w lemma="kingdom" pos="n1" xml:id="B02123-001-a-2280">Kingdom</w>
     <pc xml:id="B02123-001-a-2290">,</pc>
     <w lemma="to" pos="to" xml:id="B02123-001-a-2300">to</w>
     <w lemma="be" pos="vvi" xml:id="B02123-001-a-2310">be</w>
     <w lemma="present" pos="j" xml:id="B02123-001-a-2320">present</w>
     <w lemma="and" pos="cc" xml:id="B02123-001-a-2330">and</w>
     <w lemma="attend" pos="vvi" xml:id="B02123-001-a-2340">attend</w>
     <w lemma="that" pos="d" xml:id="B02123-001-a-2350">that</w>
     <w lemma="diet" pos="n1" reg="Diet" xml:id="B02123-001-a-2360">Dyet</w>
     <pc xml:id="B02123-001-a-2370">;</pc>
     <w lemma="and" pos="cc" xml:id="B02123-001-a-2380">And</w>
     <w lemma="also" pos="av" xml:id="B02123-001-a-2390">also</w>
     <w lemma="we" pos="pns" xml:id="B02123-001-a-2400">We</w>
     <w lemma="do" pos="vvb" xml:id="B02123-001-a-2410">do</w>
     <w lemma="require" pos="vvi" xml:id="B02123-001-a-2420">require</w>
     <w lemma="all" pos="d" xml:id="B02123-001-a-2430">all</w>
     <w lemma="our" pos="po" xml:id="B02123-001-a-2440">Our</w>
     <w lemma="sheriff" pos="n2" xml:id="B02123-001-a-2450">Sheriffs</w>
     <w lemma="in" pos="acp" xml:id="B02123-001-a-2460">in</w>
     <w lemma="the" pos="d" xml:id="B02123-001-a-2470">the</w>
     <w lemma="several" pos="j" xml:id="B02123-001-a-2480">several</w>
     <w lemma="shire" pos="n2" xml:id="B02123-001-a-2490">Shires</w>
     <w lemma="and" pos="cc" xml:id="B02123-001-a-2500">and</w>
     <w lemma="their" pos="po" xml:id="B02123-001-a-2510">their</w>
     <w lemma="deputy" pos="n2" xml:id="B02123-001-a-2520">Deputies</w>
     <pc xml:id="B02123-001-a-2530">,</pc>
     <w lemma="that" pos="cs" xml:id="B02123-001-a-2540">that</w>
     <w lemma="if" pos="cs" xml:id="B02123-001-a-2550">if</w>
     <w lemma="there" pos="av" xml:id="B02123-001-a-2560">there</w>
     <w lemma="be" pos="vvi" xml:id="B02123-001-a-2570">be</w>
     <w lemma="any" pos="d" xml:id="B02123-001-a-2580">any</w>
     <w lemma="new" pos="j" xml:id="B02123-001-a-2590">new</w>
     <w lemma="election" pos="n2" xml:id="B02123-001-a-2600">Elections</w>
     <w lemma="make" pos="vvn" xml:id="B02123-001-a-2610">made</w>
     <w lemma="for" pos="acp" xml:id="B02123-001-a-2620">for</w>
     <w lemma="this" pos="d" xml:id="B02123-001-a-2630">this</w>
     <w lemma="year" pos="n1" xml:id="B02123-001-a-2640">year</w>
     <w lemma="of" pos="acp" xml:id="B02123-001-a-2650">of</w>
     <w lemma="commissioner" pos="n2" xml:id="B02123-001-a-2660">Commissioners</w>
     <w lemma="to" pos="acp" xml:id="B02123-001-a-2670">to</w>
     <w lemma="parliament" pos="n2" xml:id="B02123-001-a-2680">Parliaments</w>
     <w lemma="or" pos="cc" xml:id="B02123-001-a-2690">or</w>
     <w lemma="convention" pos="n2" xml:id="B02123-001-a-2700">Conventions</w>
     <pc xml:id="B02123-001-a-2710">,</pc>
     <w lemma="they" pos="pns" xml:id="B02123-001-a-2720">they</w>
     <w lemma="make" pos="vvb" xml:id="B02123-001-a-2730">make</w>
     <w lemma="timous" pos="j" xml:id="B02123-001-a-2740">timous</w>
     <w lemma="intimation" pos="n1" xml:id="B02123-001-a-2750">intimation</w>
     <w lemma="to" pos="acp" xml:id="B02123-001-a-2760">to</w>
     <w lemma="those" pos="d" xml:id="B02123-001-a-2770">those</w>
     <w lemma="commissioner" pos="n2" xml:id="B02123-001-a-2780">Commissioners</w>
     <w lemma="to" pos="to" xml:id="B02123-001-a-2790">to</w>
     <w lemma="keep" pos="vvi" xml:id="B02123-001-a-2800">keep</w>
     <w lemma="this" pos="d" xml:id="B02123-001-a-2810">this</w>
     <w lemma="meeting" pos="n1" xml:id="B02123-001-a-2820">Meeting</w>
     <pc xml:id="B02123-001-a-2830">:</pc>
     <w lemma="but" pos="acp" xml:id="B02123-001-a-2840">but</w>
     <w lemma="if" pos="cs" xml:id="B02123-001-a-2850">if</w>
     <w lemma="there" pos="av" xml:id="B02123-001-a-2860">there</w>
     <w lemma="be" pos="vvb" xml:id="B02123-001-a-2870">be</w>
     <w lemma="no" pos="d-x" xml:id="B02123-001-a-2880">no</w>
     <w lemma="election" pos="n2" xml:id="B02123-001-a-2890">Elections</w>
     <w lemma="already" pos="av" xml:id="B02123-001-a-2900">already</w>
     <w lemma="make" pos="vvn" xml:id="B02123-001-a-2910">made</w>
     <pc xml:id="B02123-001-a-2920">,</pc>
     <w lemma="that" pos="cs" xml:id="B02123-001-a-2930">that</w>
     <w lemma="then" pos="av" xml:id="B02123-001-a-2940">then</w>
     <w lemma="they" pos="pns" xml:id="B02123-001-a-2950">they</w>
     <w lemma="forthwith" pos="av" xml:id="B02123-001-a-2960">forthwith</w>
     <w lemma="call" pos="vvi" xml:id="B02123-001-a-2970">call</w>
     <w lemma="and" pos="cc" xml:id="B02123-001-a-2980">and</w>
     <w lemma="conveen" pos="vvi" xml:id="B02123-001-a-2990">conveen</w>
     <w lemma="all" pos="d" xml:id="B02123-001-a-3000">all</w>
     <w lemma="the" pos="d" xml:id="B02123-001-a-3010">the</w>
     <w lemma="freeholders" pos="n1g" reg="Freeholders'" xml:id="B02123-001-a-3020">Free-holders</w>
     <w lemma="in" pos="acp" xml:id="B02123-001-a-3030">in</w>
     <w lemma="the" pos="d" xml:id="B02123-001-a-3040">the</w>
     <w lemma="respective" pos="j" xml:id="B02123-001-a-3050">respective</w>
     <w lemma="shire" pos="n2" xml:id="B02123-001-a-3060">Shires</w>
     <pc xml:id="B02123-001-a-3070">,</pc>
     <w lemma="that" pos="cs" xml:id="B02123-001-a-3080">that</w>
     <w lemma="according" pos="j" xml:id="B02123-001-a-3090">according</w>
     <w lemma="to" pos="acp" xml:id="B02123-001-a-3100">to</w>
     <w lemma="the" pos="d" xml:id="B02123-001-a-3110">the</w>
     <w lemma="law" pos="n2" xml:id="B02123-001-a-3120">Laws</w>
     <w lemma="and" pos="cc" xml:id="B02123-001-a-3130">and</w>
     <w lemma="act" pos="n2" xml:id="B02123-001-a-3140">Acts</w>
     <w lemma="of" pos="acp" xml:id="B02123-001-a-3150">of</w>
     <w lemma="parliament" pos="n1" xml:id="B02123-001-a-3160">Parliament</w>
     <pc xml:id="B02123-001-a-3170">,</pc>
     <w lemma="election" pos="n2" xml:id="B02123-001-a-3180">Elections</w>
     <w lemma="may" pos="vmb" xml:id="B02123-001-a-3190">may</w>
     <w lemma="be" pos="vvi" xml:id="B02123-001-a-3200">be</w>
     <w lemma="make" pos="vvn" xml:id="B02123-001-a-3210">made</w>
     <w lemma="of" pos="acp" xml:id="B02123-001-a-3220">of</w>
     <w lemma="fit" pos="j" xml:id="B02123-001-a-3230">fit</w>
     <w lemma="person" pos="n2" xml:id="B02123-001-a-3240">persons</w>
     <w lemma="to" pos="to" xml:id="B02123-001-a-3250">to</w>
     <w lemma="be" pos="vvi" xml:id="B02123-001-a-3260">be</w>
     <w lemma="commissioner" pos="n2" xml:id="B02123-001-a-3270">Commissioners</w>
     <w lemma="for" pos="acp" xml:id="B02123-001-a-3280">for</w>
     <w lemma="this" pos="d" xml:id="B02123-001-a-3290">this</w>
     <w lemma="convention" pos="n1" xml:id="B02123-001-a-3300">Convention</w>
     <pc xml:id="B02123-001-a-3310">,</pc>
     <w lemma="and" pos="cc" xml:id="B02123-001-a-3320">and</w>
     <w lemma="that" pos="cs" xml:id="B02123-001-a-3330">that</w>
     <w lemma="our" pos="po" xml:id="B02123-001-a-3340">Our</w>
     <w lemma="royal" pos="j" xml:id="B02123-001-a-3350">Royal</w>
     <w lemma="burrough" pos="n2" xml:id="B02123-001-a-3360">Burroughs</w>
     <w lemma="make" pos="vvi" xml:id="B02123-001-a-3370">make</w>
     <w lemma="choice" pos="n1" xml:id="B02123-001-a-3380">choice</w>
     <w lemma="of" pos="acp" xml:id="B02123-001-a-3390">of</w>
     <w lemma="commissioner" pos="n2" xml:id="B02123-001-a-3400">Commissioners</w>
     <w lemma="according" pos="av_j" xml:id="B02123-001-a-3410">accordingly</w>
     <pc xml:id="B02123-001-a-3420">,</pc>
     <w lemma="and" pos="cc" xml:id="B02123-001-a-3430">and</w>
     <w lemma="that" pos="cs" xml:id="B02123-001-a-3440">that</w>
     <w lemma="they" pos="pns" xml:id="B02123-001-a-3450">they</w>
     <pc xml:id="B02123-001-a-3460">,</pc>
     <w lemma="and" pos="cc" xml:id="B02123-001-a-3470">and</w>
     <w lemma="all" pos="d" xml:id="B02123-001-a-3480">all</w>
     <w lemma="other" pos="d" xml:id="B02123-001-a-3490">other</w>
     <w lemma="person" pos="n2" xml:id="B02123-001-a-3500">persons</w>
     <w lemma="have" pos="vvg" xml:id="B02123-001-a-3510">having</w>
     <w lemma="interest" pos="n1" xml:id="B02123-001-a-3520">interest</w>
     <pc xml:id="B02123-001-a-3530">,</pc>
     <w lemma="attend" pos="vvb" xml:id="B02123-001-a-3540">attend</w>
     <w lemma="this" pos="d" xml:id="B02123-001-a-3550">this</w>
     <w lemma="convention" pos="n1" xml:id="B02123-001-a-3560">Convention</w>
     <w lemma="of" pos="acp" xml:id="B02123-001-a-3570">of</w>
     <w lemma="our" pos="po" xml:id="B02123-001-a-3580">Our</w>
     <w lemma="estate" pos="n2" xml:id="B02123-001-a-3590">Estates</w>
     <pc xml:id="B02123-001-a-3600">,</pc>
     <w lemma="under" pos="acp" xml:id="B02123-001-a-3610">under</w>
     <w lemma="the" pos="d" xml:id="B02123-001-a-3620">the</w>
     <w lemma="pain" pos="n2" xml:id="B02123-001-a-3630">pains</w>
     <w lemma="contain" pos="vvn" xml:id="B02123-001-a-3640">contained</w>
     <w lemma="in" pos="acp" xml:id="B02123-001-a-3650">in</w>
     <w lemma="our" pos="po" xml:id="B02123-001-a-3660">Our</w>
     <w lemma="law" pos="n2" xml:id="B02123-001-a-3670">Laws</w>
     <w lemma="make" pos="vvd" xml:id="B02123-001-a-3680">made</w>
     <w lemma="thereanent" pos="j" xml:id="B02123-001-a-3690">thereanent</w>
     <pc unit="sentence" xml:id="B02123-001-a-3700">.</pc>
     <w lemma="and" pos="cc" xml:id="B02123-001-a-3710">And</w>
     <w lemma="that" pos="cs" xml:id="B02123-001-a-3720">that</w>
     <w lemma="all" pos="d" xml:id="B02123-001-a-3730">all</w>
     <w lemma="our" pos="po" xml:id="B02123-001-a-3740">Our</w>
     <w lemma="good" pos="j" xml:id="B02123-001-a-3750">good</w>
     <w lemma="subject" pos="n2" xml:id="B02123-001-a-3760">Subjects</w>
     <w lemma="may" pos="vmb" xml:id="B02123-001-a-3770">may</w>
     <w lemma="have" pos="vvi" xml:id="B02123-001-a-3780">have</w>
     <w lemma="notice" pos="n1" xml:id="B02123-001-a-3790">notice</w>
     <w lemma="of" pos="acp" xml:id="B02123-001-a-3800">of</w>
     <w lemma="this" pos="d" xml:id="B02123-001-a-3810">this</w>
     <w lemma="our" pos="po" xml:id="B02123-001-a-3820">Our</w>
     <w lemma="royal" pos="j" xml:id="B02123-001-a-3830">Royal</w>
     <w lemma="will" pos="n1" xml:id="B02123-001-a-3840">Will</w>
     <w lemma="and" pos="cc" xml:id="B02123-001-a-3850">and</w>
     <w lemma="pleasure" pos="n1" xml:id="B02123-001-a-3860">Pleasure</w>
     <pc xml:id="B02123-001-a-3870">,</pc>
     <w lemma="we" pos="pns" xml:id="B02123-001-a-3880">We</w>
     <w lemma="do" pos="vvb" xml:id="B02123-001-a-3890">do</w>
     <w lemma="hereby" pos="av" xml:id="B02123-001-a-3900">hereby</w>
     <w lemma="command" pos="vvi" xml:id="B02123-001-a-3910">command</w>
     <w lemma="our" pos="po" xml:id="B02123-001-a-3920">Our</w>
     <w lemma="lion" pos="n1" reg="Lion" xml:id="B02123-001-a-3930">Lyon</w>
     <w lemma="king" pos="n1" xml:id="B02123-001-a-3940">King</w>
     <w lemma="at" pos="acp" xml:id="B02123-001-a-3950">at</w>
     <w lemma="arm" pos="n2" reg="Arms" xml:id="B02123-001-a-3960">Armes</w>
     <pc xml:id="B02123-001-a-3970">,</pc>
     <w lemma="and" pos="cc" xml:id="B02123-001-a-3980">and</w>
     <w lemma="his" pos="po" xml:id="B02123-001-a-3990">his</w>
     <w lemma="brethren" pos="n2" xml:id="B02123-001-a-4000">Brethren</w>
     <w lemma="herald" pos="n2" reg="Heralds" xml:id="B02123-001-a-4010">Heraulds</w>
     <pc xml:id="B02123-001-a-4020">,</pc>
     <w lemma="macer" pos="n2" xml:id="B02123-001-a-4030">Macers</w>
     <pc xml:id="B02123-001-a-4040">,</pc>
     <w lemma="pursuivant" pos="n2" reg="Pursuivants" xml:id="B02123-001-a-4050">Pursevants</w>
     <w lemma="and" pos="cc" xml:id="B02123-001-a-4060">and</w>
     <w lemma="messenger" pos="n2" xml:id="B02123-001-a-4070">Messengers</w>
     <w lemma="at" pos="acp" xml:id="B02123-001-a-4080">at</w>
     <w lemma="arm" pos="n2" reg="Arms" xml:id="B02123-001-a-4090">Armes</w>
     <pc xml:id="B02123-001-a-4100">,</pc>
     <w lemma="to" pos="to" xml:id="B02123-001-a-4110">to</w>
     <w lemma="make" pos="vvi" xml:id="B02123-001-a-4120">make</w>
     <w lemma="timous" pos="j" xml:id="B02123-001-a-4130">timous</w>
     <w lemma="proclamation" pos="n1" xml:id="B02123-001-a-4140">Proclamation</w>
     <w lemma="hereof" pos="av" xml:id="B02123-001-a-4150">hereof</w>
     <w lemma="at" pos="acp" xml:id="B02123-001-a-4160">at</w>
     <w lemma="the" pos="d" xml:id="B02123-001-a-4170">the</w>
     <w lemma="mercat-cross" pos="j" xml:id="B02123-001-a-4180">Mercat-cross</w>
     <w lemma="of" pos="acp" xml:id="B02123-001-a-4190">of</w>
     <hi xml:id="B02123-e180">
      <w lemma="Edinburgh" pos="n1-nn" xml:id="B02123-001-a-4200">Edinburgh</w>
      <pc xml:id="B02123-001-a-4210">,</pc>
     </hi>
     <w lemma="and" pos="cc" xml:id="B02123-001-a-4220">and</w>
     <w lemma="at" pos="acp" xml:id="B02123-001-a-4230">at</w>
     <w lemma="the" pos="d" xml:id="B02123-001-a-4240">the</w>
     <w lemma="mercat-cross" pos="n2" xml:id="B02123-001-a-4250">Mercat-crosses</w>
     <w lemma="of" pos="acp" xml:id="B02123-001-a-4260">of</w>
     <w lemma="the" pos="d" xml:id="B02123-001-a-4270">the</w>
     <w lemma="head" pos="n1" xml:id="B02123-001-a-4280">head</w>
     <w lemma="burrough" pos="n2" xml:id="B02123-001-a-4290">Burroughs</w>
     <w lemma="in" pos="acp" xml:id="B02123-001-a-4300">in</w>
     <w lemma="the" pos="d" xml:id="B02123-001-a-4310">the</w>
     <w lemma="several" pos="j" xml:id="B02123-001-a-4320">several</w>
     <w lemma="shire" pos="n2" xml:id="B02123-001-a-4330">Shires</w>
     <w lemma="of" pos="acp" xml:id="B02123-001-a-4340">of</w>
     <w lemma="that" pos="d" xml:id="B02123-001-a-4350">that</w>
     <w lemma="our" pos="po" xml:id="B02123-001-a-4360">Our</w>
     <w lemma="kingdom" pos="n1" xml:id="B02123-001-a-4370">Kingdom</w>
     <pc unit="sentence" xml:id="B02123-001-a-4380">.</pc>
    </p>
    <closer xml:id="B02123-e190">
     <dateline xml:id="B02123-e200">
      <w lemma="give" pos="vvn" xml:id="B02123-001-a-4390">Given</w>
      <w lemma="at" pos="acp" xml:id="B02123-001-a-4400">at</w>
      <w lemma="our" pos="po" xml:id="B02123-001-a-4410">Our</w>
      <w lemma="court" pos="n1" xml:id="B02123-001-a-4420">Court</w>
      <w lemma="at" pos="acp" xml:id="B02123-001-a-4430">at</w>
      <hi xml:id="B02123-e210">
       <w lemma="Whitehall" pos="n1-nn" xml:id="B02123-001-a-4440">Whitehall</w>
       <pc xml:id="B02123-001-a-4450">,</pc>
      </hi>
      <date xml:id="B02123-e220">
       <w lemma="the" pos="d" xml:id="B02123-001-a-4460">the</w>
       <w lemma="twenty" pos="crd" xml:id="B02123-001-a-4470">twenty</w>
       <w lemma="five" pos="ord" xml:id="B02123-001-a-4480">fifth</w>
       <w lemma="of" pos="acp" xml:id="B02123-001-a-4490">of</w>
       <hi xml:id="B02123-e230">
        <w lemma="October" pos="n1-nn" xml:id="B02123-001-a-4500">October</w>
        <pc xml:id="B02123-001-a-4510">,</pc>
       </hi>
       <w lemma="one" pos="crd" xml:id="B02123-001-a-4520">one</w>
       <w lemma="thousand" pos="crd" xml:id="B02123-001-a-4530">thousand</w>
       <w lemma="six" pos="crd" xml:id="B02123-001-a-4540">six</w>
       <w lemma="hundred" pos="crd" xml:id="B02123-001-a-4550">hundred</w>
       <w lemma="and" pos="cc" xml:id="B02123-001-a-4560">and</w>
       <w lemma="sixty" pos="crd" xml:id="B02123-001-a-4570">sixty</w>
       <w lemma="six" pos="crd" xml:id="B02123-001-a-4580">six</w>
       <pc xml:id="B02123-001-a-4590">,</pc>
       <w lemma="and" pos="cc" xml:id="B02123-001-a-4600">and</w>
       <w lemma="of" pos="acp" xml:id="B02123-001-a-4610">of</w>
       <w lemma="our" pos="po" xml:id="B02123-001-a-4620">Our</w>
       <w lemma="reign" pos="n1" xml:id="B02123-001-a-4630">Reign</w>
       <w lemma="the" pos="d" xml:id="B02123-001-a-4640">the</w>
       <w lemma="eighteen" pos="ord" xml:id="B02123-001-a-4650">eighteenth</w>
       <w lemma="year" pos="n1" xml:id="B02123-001-a-4660">year</w>
       <pc unit="sentence" xml:id="B02123-001-a-4670">.</pc>
      </date>
     </dateline>
    </closer>
   </div>
  </body>
  <back xml:id="B02123-e240">
   <div type="colophon" xml:id="B02123-e250">
    <p xml:id="B02123-e260">
     <hi xml:id="B02123-e270">
      <w lemma="Edinburgh" pos="n1-nn" reg="EDINBURGH" xml:id="B02123-001-a-4680">EDINBVRGH</w>
      <pc xml:id="B02123-001-a-4690">,</pc>
     </hi>
     <w lemma="print" pos="vvn" xml:id="B02123-001-a-4700">Printed</w>
     <w lemma="by" pos="acp" xml:id="B02123-001-a-4710">by</w>
     <hi xml:id="B02123-e280">
      <w lemma="Evan" pos="n1-nn" xml:id="B02123-001-a-4720">Evan</w>
      <w lemma="Tyler" pos="n1-nn" xml:id="B02123-001-a-4730">Tyler</w>
      <pc xml:id="B02123-001-a-4740">,</pc>
     </hi>
     <w lemma="printer" pos="n1" xml:id="B02123-001-a-4750">Printer</w>
     <w lemma="to" pos="acp" xml:id="B02123-001-a-4760">to</w>
     <w lemma="the" pos="d" xml:id="B02123-001-a-4770">the</w>
     <w lemma="king" pos="n2" xml:id="B02123-001-a-4780">Kings</w>
     <w lemma="most" pos="av-s_d" xml:id="B02123-001-a-4790">most</w>
     <w lemma="excellent" pos="j" xml:id="B02123-001-a-4800">Excellent</w>
     <w lemma="majesty" pos="n1" xml:id="B02123-001-a-4810">Majesty</w>
     <pc xml:id="B02123-001-a-4820">,</pc>
     <w lemma="1666." pos="crd" xml:id="B02123-001-a-4830">1666.</w>
     <pc unit="sentence" xml:id="B02123-001-a-4840"/>
    </p>
   </div>
  </back>
 </text>
</TEI>
