<?xml version="1.0" encoding="UTF-8"?>
<?xml-model href="http://schemata.earlyprint.org/schemata/tei_earlyprint.rng" type="application/xml" schematypens="http://relaxng.org/ns/structure/1.0"?>
<TEI xmlns="http://www.tei-c.org/ns/1.0" xml:id="B02845">
 <teiHeader>
  <fileDesc>
   <titleStmt>
    <title>The Dutch gazette: or, the sheet of wild-fire, that fired the Dutch fleet.</title>
   </titleStmt>
   <editionStmt>
    <edition>This text is an enriched version of the TCP digital transcription B02845 of text R226317 in the <ref target="http;//estc.bl.uk">English Short Title Catalog</ref> (Wing D2899). Textual changes  and metadata enrichments aim at making the                             text more  computationally tractable, easier to read, and suitable for network-based collaborative                              curation by amateur and professional end users from many walks of life.  The text has been tokenized and linguistically annotated with <ref target="http://morphadorner.northwestern.edu/morphadorner/">MorphAdorner</ref>. The annotation includes standard spellings that support the display of a text in                             a standardized format that preserves archaic forms ('loveth', 'seekest').                              Textual changes aim at restoring the text the author or stationer meant to publish.</edition>
    <respStmt>
     <resp>This text has not been fully proofread</resp>
     <name/>
    </respStmt>
   </editionStmt>
   <extent>Approx. 7 KB of XML-encoded text transcribed from 1 1-bit group-IV TIFF page image.</extent>
   <publicationStmt>
    <publisher>EarlyPrint Project</publisher>
    <pubPlace>Evanston,IL, Notre Dame, IN, St. Louis, MO</pubPlace>
    <date>2018</date>
    <idno type="DLPS">B02845</idno>
    <idno type="STC">Wing D2899</idno>
    <idno type="STC">Interim Tract Supplement Guide Lutt.III[86]</idno>
    <idno type="STC">Interim Tract Supplement Guide C.20.f.2[67]</idno>
    <idno type="EEBO-CITATION">99886648</idno>
    <idno type="PROQUEST">ocm99886648</idno>
    <idno type="VID">181397</idno>
    <availability>
     <p>
            This keyboarded and encoded edition of the work described above is co-owned by the institutions providing financial support to the Early English Books Online Text Creation Partnership. This Phase I text is available for reuse, according to the terms of
            <ref target="https://creativecommons.org/publicdomain/zero/1.0/">Creative Commons 0 1.0 Universal</ref>
            . The text can be copied, modified, distributed and performed, even for commercial purposes, all without asking permission.
          </p>
    </availability>
   </publicationStmt>
   <seriesStmt>
    <title>Early English books online.</title>
   </seriesStmt>
   <notesStmt>
    <note>(EEBO-TCP ; phase 1, no. B02845)</note>
    <note>Transcribed from: (Early English Books Online ; image set 181397)</note>
    <note>Images scanned from microfilm: (Early English books; Tract supplement ; C6:1[88]; A1:1[68])</note>
   </notesStmt>
   <sourceDesc>
    <biblFull>
     <titleStmt>
      <title>The Dutch gazette: or, the sheet of wild-fire, that fired the Dutch fleet.</title>
     </titleStmt>
     <extent>1 sheet ([1] p.).</extent>
     <publicationStmt>
      <publisher>Printed by T[homas]. Leach, in Shooe-Lane,</publisher>
      <pubPlace>London, :</pubPlace>
      <date>1666.</date>
     </publicationStmt>
     <notesStmt>
      <note>Verse: "I'le tell ye not of Etna's Flames, nor Troy's,".</note>
      <note>Imprint from Wing (CD-ROM, 1996).</note>
      <note>Imperfect: cropped, with loss of imprint.</note>
      <note>Reproduction of original in the British Library.</note>
     </notesStmt>
    </biblFull>
   </sourceDesc>
  </fileDesc>
  <profileDesc>
   <langUsage>
    <language ident="eng">eng</language>
   </langUsage>
   <textClass>
    <keywords scheme="http://authorities.loc.gov/">
     <term>Great Britain -- History, Naval -- Stuarts, 16103-1714 -- Poetry -- Early works to 1800.</term>
     <term>Netherlands -- Foreign relations -- England -- Poetry -- Early works to 1800.</term>
     <term>Broadsides -- England -- London -- 17th century.</term>
    </keywords>
   </textClass>
  </profileDesc>
  <xenoData>
   <ep:epHeader xmlns:ep="http://earlyprint.org/ns/1.0">
    <ep:corpus>eebo</ep:corpus>
    <ep:title>The Dutch gazette: or, the sheet of wild-fire, that fired the Dutch fleet.</ep:title>
    <ep:author>anon </ep:author>
    <ep:publicationYear>1666</ep:publicationYear>
    <ep:creationYear/>
    <ep:curator>
     <ep:name/>
    </ep:curator>
    <ep:pageCount>1</ep:pageCount>
    <ep:wordCount>1044</ep:wordCount>
    <ep:defectiveTokenCount>1</ep:defectiveTokenCount>
    <ep:untranscribedForeignCount>0</ep:untranscribedForeignCount>
    <ep:untranscribedMathCount>0</ep:untranscribedMathCount>
    <ep:untranscribedMusicCount>0</ep:untranscribedMusicCount>
    <ep:missingChunkCount>0</ep:missingChunkCount>
    <ep:missingPagesCount>0</ep:missingPagesCount>
    <ep:defectRate>9.58</ep:defectRate>
    <ep:finalGrade>B</ep:finalGrade>
    <ep:defectRangePerGrade> The  rate of 9.58 defects per 10,000 words puts this text in the B category of texts with fewer than 10 defects per 10,000 words.</ep:defectRangePerGrade>
   </ep:epHeader>
  </xenoData>
  <revisionDesc>
   <change><date>2008-05</date><label>TCP</label>
        Assigned for keying and markup
      </change>
   <change><date>2008-09</date><label>SPi Global</label>
        Keyed and coded from ProQuest page images
      </change>
   <change><date>2008-12</date><label>Mona Logarbo</label>
        Sampled and proofread
      </change>
   <change><date>2008-12</date><label>Mona Logarbo</label>
        Text and markup reviewed and edited
      </change>
   <change><date>2009-02</date><label>pfs</label>
        Batch review (QC) and XML conversion
      </change>
  </revisionDesc>
 </teiHeader>
 <text xml:id="B02845-t">
  <body xml:id="B02845-e0">
   <div type="poem" xml:id="B02845-e10">
    <pb facs="tcp:181397:1" rendition="simple:additions" xml:id="B02845-001-a"/>
    <head xml:id="B02845-e20">
     <w lemma="the" pos="d" xml:id="B02845-001-a-0010">THE</w>
     <w lemma="dutch" pos="j-nn" xml:id="B02845-001-a-0020">DUTCH</w>
     <w lemma="gazette" pos="n1-nn" xml:id="B02845-001-a-0030">GAZETTE</w>
     <pc xml:id="B02845-001-a-0040">:</pc>
     <w lemma="or" pos="cc" rendition="#hi" xml:id="B02845-001-a-0050">OR</w>
     <pc xml:id="B02845-001-a-0060">,</pc>
     <w lemma="the" pos="d" xml:id="B02845-001-a-0070">The</w>
     <w lemma="sheet" pos="n1" xml:id="B02845-001-a-0080">Sheet</w>
     <w lemma="of" pos="acp" xml:id="B02845-001-a-0090">of</w>
     <w lemma="wildfire" pos="n1" reg="Wildfire" xml:id="B02845-001-a-0100">Wild-Fire</w>
     <pc xml:id="B02845-001-a-0110">,</pc>
     <w lemma="that" pos="cs" xml:id="B02845-001-a-0120">that</w>
     <w lemma="fire" pos="vvn" xml:id="B02845-001-a-0130">Fired</w>
     <w lemma="the" pos="d" xml:id="B02845-001-a-0140">the</w>
     <w lemma="dutch" pos="j-nn" xml:id="B02845-001-a-0150">DUTCH</w>
     <w lemma="fleet" pos="n1" xml:id="B02845-001-a-0160">FLEET</w>
     <pc unit="sentence" xml:id="B02845-001-a-0170">.</pc>
    </head>
    <lg xml:id="B02845-e40">
     <l xml:id="B02845-e50">
      <w join="right" lemma="i" pos="pns" xml:id="B02845-001-a-0180">I</w>
      <w join="left" lemma="will" pos="vmb" reg="'ll" xml:id="B02845-001-a-0181">'Le</w>
      <w lemma="tell" pos="vvi" xml:id="B02845-001-a-0190">tell</w>
      <w lemma="you" pos="pn" xml:id="B02845-001-a-0200">ye</w>
      <w lemma="not" pos="xx" xml:id="B02845-001-a-0210">not</w>
      <w lemma="of" pos="acp" xml:id="B02845-001-a-0220">of</w>
      <hi xml:id="B02845-e60">
       <w lemma="Aetna" pos="n1g-nn" reg="Aetna's" xml:id="B02845-001-a-0230">Etna's</w>
       <w lemma="flame" pos="n2" xml:id="B02845-001-a-0240">Flames</w>
      </hi>
      <pc rendition="#follows-hi" xml:id="B02845-001-a-0250">,</pc>
      <w lemma="nor" pos="cc-x" xml:id="B02845-001-a-0260">nor</w>
      <w lemma="Troy" pos="n1g-nn" rendition="#hi" xml:id="B02845-001-a-0270">Troy's</w>
      <pc xml:id="B02845-001-a-0280">,</pc>
     </l>
     <l xml:id="B02845-e80">
      <w lemma="that" pos="cs" xml:id="B02845-001-a-0290">That</w>
      <w lemma="long" pos="av_j" xml:id="B02845-001-a-0300">long</w>
      <w lemma="ago" pos="av" reg="ago" xml:id="B02845-001-a-0310">agoe</w>
      <w lemma="have" pos="vvz" xml:id="B02845-001-a-0320">has</w>
      <w lemma="fill" pos="vvn" reg="filled" xml:id="B02845-001-a-0330">fill'd</w>
      <w lemma="the" pos="d" xml:id="B02845-001-a-0340">the</w>
      <w lemma="world" pos="n1" xml:id="B02845-001-a-0350">World</w>
      <w lemma="with" pos="acp" xml:id="B02845-001-a-0360">with</w>
      <w lemma="noise" pos="n1" xml:id="B02845-001-a-0370">noise</w>
      <pc xml:id="B02845-001-a-0380">:</pc>
     </l>
     <l xml:id="B02845-e90">
      <w lemma="nor" pos="cc-x" xml:id="B02845-001-a-0390">Nor</w>
      <w lemma="of" pos="acp" xml:id="B02845-001-a-0400">of</w>
      <w lemma="romance" pos="n2" rendition="#hi" xml:id="B02845-001-a-0410">Romances</w>
      <pc xml:id="B02845-001-a-0420">,</pc>
      <w lemma="nor" pos="cc-x" xml:id="B02845-001-a-0430">nor</w>
      <w lemma="of" pos="acp" xml:id="B02845-001-a-0440">of</w>
      <w lemma="history" pos="n2" rendition="#hi" xml:id="B02845-001-a-0450">Histories</w>
      <pc xml:id="B02845-001-a-0460">,</pc>
     </l>
     <l xml:id="B02845-e120">
      <w lemma="do" pos="vvn" xml:id="B02845-001-a-0470">Done</w>
      <w lemma="age" pos="n2" xml:id="B02845-001-a-0480">Ages</w>
      <w lemma="long" pos="av_j" xml:id="B02845-001-a-0490">long</w>
      <w lemma="before" pos="acp-av" xml:id="B02845-001-a-0500">before</w>
      <pc xml:id="B02845-001-a-0510">,</pc>
      <w lemma="who" pos="crq-rg" xml:id="B02845-001-a-0520">whose</w>
      <w lemma="obsequy" pos="n2" xml:id="B02845-001-a-0530">Obsequies</w>
     </l>
     <l xml:id="B02845-e130">
      <w lemma="be" pos="vvd" xml:id="B02845-001-a-0540">Were</w>
      <w lemma="sing" pos="vvn" xml:id="B02845-001-a-0550">sung</w>
      <w lemma="by" pos="acp" xml:id="B02845-001-a-0560">by</w>
      <hi xml:id="B02845-e140">
       <w lemma="laureate" pos="j" xml:id="B02845-001-a-0570">Laureate</w>
       <w lemma="pen" pos="n2" xml:id="B02845-001-a-0580">Pens</w>
      </hi>
      <pc rendition="#follows-hi" xml:id="B02845-001-a-0590">;</pc>
      <w lemma="that" pos="cs" xml:id="B02845-001-a-0600">that</w>
      <w lemma="which" pos="crq" xml:id="B02845-001-a-0610">which</w>
      <w lemma="i" pos="pns" xml:id="B02845-001-a-0620">I</w>
      <w lemma="tell" pos="vvb" xml:id="B02845-001-a-0630">tell</w>
      <pc xml:id="B02845-001-a-0640">,</pc>
     </l>
     <l xml:id="B02845-e150">
      <w lemma="the" pos="d" xml:id="B02845-001-a-0650">The</w>
      <w lemma="story" pos="n2" reg="Stories" rendition="#hi" xml:id="B02845-001-a-0660">Storyes</w>
      <w lemma="of" pos="acp" xml:id="B02845-001-a-0670">of</w>
      <w lemma="the" pos="d" xml:id="B02845-001-a-0680">the</w>
      <w lemma="world" pos="n1" xml:id="B02845-001-a-0690">World</w>
      <w lemma="can" pos="vmb-x" xml:id="B02845-001-a-0700">can't</w>
      <w lemma="parallel" pos="vvi" xml:id="B02845-001-a-0710">parallel</w>
      <pc unit="sentence" xml:id="B02845-001-a-0720">.</pc>
     </l>
    </lg>
    <lg xml:id="B02845-e170">
     <l xml:id="B02845-e180">
      <w lemma="rupert" pos="n1-nn" rendition="#hi" xml:id="B02845-001-a-0730">Rupert</w>
      <w lemma="i" pos="pns" xml:id="B02845-001-a-0740">I</w>
      <w lemma="sing" pos="vvb" xml:id="B02845-001-a-0750">sing</w>
      <pc xml:id="B02845-001-a-0760">,</pc>
      <w lemma="duke" pos="n1" xml:id="B02845-001-a-0770">Duke</w>
      <w lemma="albemarle" pos="n1-nn" rendition="#hi" xml:id="B02845-001-a-0780">Albemarle</w>
      <pc xml:id="B02845-001-a-0790">,</pc>
      <w lemma="and" pos="cc" xml:id="B02845-001-a-0800">and</w>
      <w lemma="Homes" pos="n1-nn" rendition="#hi" xml:id="B02845-001-a-0810">Homes</w>
      <pc xml:id="B02845-001-a-0820">,</pc>
     </l>
     <l xml:id="B02845-e220">
      <w lemma="and" pos="cc" xml:id="B02845-001-a-0830">And</w>
      <w lemma="of" pos="acp" xml:id="B02845-001-a-0840">of</w>
      <w lemma="the" pos="d" xml:id="B02845-001-a-0850">the</w>
      <w lemma="rest" pos="n1" xml:id="B02845-001-a-0860">rest</w>
      <pc xml:id="B02845-001-a-0870">,</pc>
      <w lemma="that" pos="cs" xml:id="B02845-001-a-0880">that</w>
      <w lemma="send" pos="vvd" xml:id="B02845-001-a-0890">sent</w>
      <w lemma="those" pos="d" xml:id="B02845-001-a-0900">those</w>
      <w lemma="to" pos="acp" xml:id="B02845-001-a-0910">to</w>
      <w lemma="their" pos="po" xml:id="B02845-001-a-0920">their</w>
      <w lemma="home" pos="n2" xml:id="B02845-001-a-0930">homes</w>
      <pc xml:id="B02845-001-a-0940">,</pc>
     </l>
     <l xml:id="B02845-e230">
      <w lemma="who" pos="crq-rg" xml:id="B02845-001-a-0950">Whose</w>
      <w lemma="pride" pos="n1" rendition="#hi" xml:id="B02845-001-a-0960">Pride</w>
      <w lemma="and" pos="cc" xml:id="B02845-001-a-0970">and</w>
      <w lemma="envy" pos="n1" rendition="#hi" xml:id="B02845-001-a-0980">Envy</w>
      <pc xml:id="B02845-001-a-0990">,</pc>
      <w lemma="hell" pos="n1" xml:id="B02845-001-a-1000">Hell</w>
      <w lemma="itself" pos="px" reg="itself" xml:id="B02845-001-a-1010">it self</w>
      <pc join="right" xml:id="B02845-001-a-1030">(</pc>
      <w join="right" lemma="it" pos="pn" xml:id="B02845-001-a-1040">'t</w>
      <w join="left" lemma="be" pos="vvd" xml:id="B02845-001-a-1041">was</w>
      <w lemma="such" pos="d" xml:id="B02845-001-a-1050">such</w>
      <pc xml:id="B02845-001-a-1060">)</pc>
     </l>
     <l xml:id="B02845-e260">
      <w lemma="can" pos="vmb-x" xml:id="B02845-001-a-1070">Can't</w>
      <w lemma="match" pos="vvi" xml:id="B02845-001-a-1080">match</w>
      <pc xml:id="B02845-001-a-1090">,</pc>
      <w lemma="will" pos="vmd" xml:id="B02845-001-a-1100">would</w>
      <w lemma="you" pos="pn" xml:id="B02845-001-a-1110">you</w>
      <w lemma="know" pos="vvi" xml:id="B02845-001-a-1120">know</w>
      <w lemma="who" pos="crq" xml:id="B02845-001-a-1130">who</w>
      <w lemma="i" pos="pns" xml:id="B02845-001-a-1140">I</w>
      <w lemma="mean" pos="vvb" xml:id="B02845-001-a-1150">mean</w>
      <pc xml:id="B02845-001-a-1160">,</pc>
      <w lemma="the" pos="d" xml:id="B02845-001-a-1170">the</w>
      <w lemma="dutch." pos="ab" rendition="#hi" xml:id="B02845-001-a-1180">Dutch.</w>
      <pc unit="sentence" xml:id="B02845-001-a-1190"/>
     </l>
    </lg>
    <lg xml:id="B02845-e280">
     <l xml:id="B02845-e290">
      <w lemma="who" pos="crq" xml:id="B02845-001-a-1200">Who</w>
      <w lemma="have" pos="vvd" xml:id="B02845-001-a-1210">had</w>
      <w lemma="a" pos="d" xml:id="B02845-001-a-1220">a</w>
      <w lemma="hundred" pos="crd" xml:id="B02845-001-a-1230">Hundred</w>
      <w lemma="sixty" pos="crd" xml:id="B02845-001-a-1240">sixty</w>
      <w lemma="ship" pos="n2" xml:id="B02845-001-a-1250">Ships</w>
      <pc xml:id="B02845-001-a-1260">,</pc>
      <w lemma="and" pos="cc" xml:id="B02845-001-a-1270">and</w>
      <w lemma="more" pos="av-c_d" xml:id="B02845-001-a-1280">more</w>
      <pc xml:id="B02845-001-a-1290">,</pc>
     </l>
     <l xml:id="B02845-e300">
      <w lemma="of" pos="acp" xml:id="B02845-001-a-1300">Of</w>
      <w lemma="merchantman" pos="n2" reg="Merchantmen" rendition="#hi" xml:id="B02845-001-a-1310">Merchant-men</w>
      <pc xml:id="B02845-001-a-1320">,</pc>
      <w lemma="lay" pos="vvb" xml:id="B02845-001-a-1330">lay</w>
      <w lemma="sleep" pos="vvg" xml:id="B02845-001-a-1340">sleeping</w>
      <w lemma="on" pos="acp" xml:id="B02845-001-a-1350">on</w>
      <w lemma="their" pos="po" xml:id="B02845-001-a-1360">their</w>
      <w lemma="shore" pos="n1" xml:id="B02845-001-a-1370">Shore</w>
      <pc xml:id="B02845-001-a-1380">,</pc>
     </l>
     <l xml:id="B02845-e320">
      <hi xml:id="B02845-e330">
       <w lemma="and" pos="cc" xml:id="B02845-001-a-1390">And</w>
       <w lemma="never" pos="av-x" xml:id="B02845-001-a-1400">never</w>
       <w lemma="dream" pos="vvd" xml:id="B02845-001-a-1410">dreamt</w>
       <w lemma="of" pos="acp" xml:id="B02845-001-a-1420">of</w>
       <w lemma="danger" pos="n1" xml:id="B02845-001-a-1430">danger</w>
      </hi>
      <pc rendition="#follows-hi" xml:id="B02845-001-a-1440">,</pc>
      <w lemma="till" pos="acp" xml:id="B02845-001-a-1450">till</w>
      <w lemma="we" pos="pns" xml:id="B02845-001-a-1460">we</w>
      <w lemma="come" pos="vvd" xml:id="B02845-001-a-1470">came</w>
      <pc xml:id="B02845-001-a-1480">,</pc>
     </l>
     <l xml:id="B02845-e340">
      <w lemma="and" pos="cc" xml:id="B02845-001-a-1490">And</w>
      <w lemma="take" pos="vvd" xml:id="B02845-001-a-1500">took</w>
      <w lemma="they" pos="pno" xml:id="B02845-001-a-1510">them</w>
      <w lemma="nap" pos="vvg" rendition="#hi" xml:id="B02845-001-a-1520">napping</w>
      <pc xml:id="B02845-001-a-1530">;</pc>
      <w lemma="ask" pos="vvb" xml:id="B02845-001-a-1540">Ask</w>
      <w lemma="but" pos="acp-av" xml:id="B02845-001-a-1550">but</w>
      <w lemma="Amsterdam" pos="n1-nn" rendition="#hi" xml:id="B02845-001-a-1560">Amsterdam</w>
      <pc xml:id="B02845-001-a-1570">,</pc>
     </l>
     <l xml:id="B02845-e370">
      <w lemma="who" pos="crq" xml:id="B02845-001-a-1580">Who</w>
      <w lemma="stand" pos="vvd" xml:id="B02845-001-a-1590">stood</w>
      <w lemma="spectator" pos="n2" xml:id="B02845-001-a-1600">Spectators</w>
      <w lemma="there" pos="av" xml:id="B02845-001-a-1610">there</w>
      <pc xml:id="B02845-001-a-1620">,</pc>
      <w lemma="and" pos="cc" xml:id="B02845-001-a-1630">and</w>
      <w lemma="see" pos="vvd" xml:id="B02845-001-a-1640">saw</w>
      <w lemma="their" pos="po" xml:id="B02845-001-a-1650">their</w>
      <w lemma="sail" pos="n2" reg="Sails" xml:id="B02845-001-a-1660">Sayles</w>
     </l>
     <l xml:id="B02845-e380">
      <w lemma="transform" pos="vvn" reg="Transformed" xml:id="B02845-001-a-1670">Transform'd</w>
      <w lemma="to" pos="acp" xml:id="B02845-001-a-1680">to</w>
      <w lemma="sheet" pos="n2" rendition="#hi" xml:id="B02845-001-a-1690">Sheets</w>
      <w lemma="of" pos="acp" xml:id="B02845-001-a-1700">of</w>
      <w lemma="wildfire" pos="n1" rendition="#hi" xml:id="B02845-001-a-1710">Wildfire</w>
      <pc xml:id="B02845-001-a-1720">,</pc>
      <w lemma="and" pos="cc" xml:id="B02845-001-a-1730">and</w>
      <w lemma="those" pos="d" xml:id="B02845-001-a-1740">those</w>
      <w lemma="gale" pos="n2" xml:id="B02845-001-a-1750">Gales</w>
     </l>
     <l xml:id="B02845-e410">
      <w lemma="that" pos="cs" xml:id="B02845-001-a-1760">That</w>
      <w lemma="use" pos="vvb" xml:id="B02845-001-a-1770">use</w>
      <w lemma="to" pos="to" xml:id="B02845-001-a-1780">to</w>
      <w lemma="swell" pos="vvi" xml:id="B02845-001-a-1790">swell</w>
      <w lemma="and" pos="cc" xml:id="B02845-001-a-1800">and</w>
      <w lemma="spread" pos="vvi" xml:id="B02845-001-a-1810">spread</w>
      <w lemma="abroad" pos="av" xml:id="B02845-001-a-1820">abroad</w>
      <w lemma="their" pos="po" xml:id="B02845-001-a-1830">their</w>
      <w lemma="'" pos="sy" xml:id="B02845-001-a-1840">'</w>
      <w lemma="tire" pos="n1" xml:id="B02845-001-a-1850">tire</w>
      <pc xml:id="B02845-001-a-1860">,</pc>
     </l>
     <l xml:id="B02845-e420">
      <w lemma="serve" pos="vvb" xml:id="B02845-001-a-1870">Serve</w>
      <w lemma="now" pos="av" xml:id="B02845-001-a-1880">now</w>
      <w lemma="as" pos="acp" xml:id="B02845-001-a-1890">as</w>
      <w lemma="bellows" pos="n2" rendition="#hi" xml:id="B02845-001-a-1900">Bellows</w>
      <w lemma="to" pos="to" xml:id="B02845-001-a-1910">to</w>
      <w lemma="set" pos="vvi" xml:id="B02845-001-a-1920">set</w>
      <w lemma="all" pos="d" xml:id="B02845-001-a-1930">all</w>
      <w lemma="on" pos="acp" xml:id="B02845-001-a-1940">on</w>
      <w lemma="fire" pos="n1" xml:id="B02845-001-a-1950">fire</w>
      <pc unit="sentence" xml:id="B02845-001-a-1960">.</pc>
     </l>
     <l xml:id="B02845-e440">
      <w lemma="for" pos="acp" xml:id="B02845-001-a-1970">For</w>
      <w lemma="Guinnae" pos="n1-nn" rendition="#hi" xml:id="B02845-001-a-1980">Guinnae</w>
      <w lemma="some" pos="d" xml:id="B02845-001-a-1990">some</w>
      <pc xml:id="B02845-001-a-2000">,</pc>
      <w lemma="other" pos="pi2" xml:id="B02845-001-a-2010">others</w>
      <w lemma="for" pos="acp" xml:id="B02845-001-a-2020">for</w>
      <w lemma="Russia" pos="n1-nn" rendition="#hi" xml:id="B02845-001-a-2030">Russia</w>
      <w lemma="bind" pos="vvn" xml:id="B02845-001-a-2040">bound</w>
      <pc xml:id="B02845-001-a-2050">,</pc>
     </l>
     <l xml:id="B02845-e470">
      <w lemma="scarce" pos="av_j" xml:id="B02845-001-a-2060">Scarce</w>
      <w lemma="one" pos="crd" xml:id="B02845-001-a-2070">one</w>
      <w lemma="worth" pos="n1" xml:id="B02845-001-a-2080">worth</w>
      <w lemma="less" pos="av-c_d" xml:id="B02845-001-a-2090">less</w>
      <w lemma="than" pos="cs" xml:id="B02845-001-a-2100">than</w>
      <hi xml:id="B02845-e480">
       <w lemma="fifteen" pos="crd" xml:id="B02845-001-a-2110">Fifteen</w>
       <w lemma="thousand" pos="crd" xml:id="B02845-001-a-2120">thousand</w>
       <w lemma="pound" pos="n1" xml:id="B02845-001-a-2130">Pound</w>
      </hi>
      <pc rendition="#follows-hi" unit="sentence" xml:id="B02845-001-a-2140">.</pc>
     </l>
     <l xml:id="B02845-e490">
      <w lemma="do" pos="vvd" xml:id="B02845-001-a-2150">Did</w>
      <w lemma="you" pos="pn" xml:id="B02845-001-a-2160">you</w>
      <w lemma="never" pos="av-x" reg="ne'er" xml:id="B02845-001-a-2170">ne'r</w>
      <w lemma="see" pos="vvi" xml:id="B02845-001-a-2180">see</w>
      <w lemma="the" pos="d" xml:id="B02845-001-a-2190">the</w>
      <hi xml:id="B02845-e500">
       <w lemma="wing" pos="j_vn" xml:id="B02845-001-a-2200">Winged</w>
       <w lemma="troop" pos="n1" xml:id="B02845-001-a-2210">Troop</w>
      </hi>
      <pc rendition="#follows-hi" xml:id="B02845-001-a-2220">,</pc>
      <w lemma="that" pos="cs" xml:id="B02845-001-a-2230">that</w>
      <w lemma="fly" pos="vvz" xml:id="B02845-001-a-2240">flies</w>
     </l>
     <l xml:id="B02845-e510">
      <w lemma="from" pos="acp" xml:id="B02845-001-a-2250">From</w>
      <w lemma="flower" pos="n1" xml:id="B02845-001-a-2260">Flower</w>
      <w lemma="to" pos="acp" xml:id="B02845-001-a-2270">to</w>
      <w lemma="flower" pos="n1" xml:id="B02845-001-a-2280">Flower</w>
      <pc xml:id="B02845-001-a-2290">,</pc>
      <w lemma="until" pos="acp" xml:id="B02845-001-a-2300">until</w>
      <w lemma="their" pos="po" xml:id="B02845-001-a-2310">their</w>
      <w lemma="lade" pos="j_vn" xml:id="B02845-001-a-2320">laden</w>
      <w lemma="thigh" pos="n2" reg="thighs" xml:id="B02845-001-a-2330">thighes</w>
     </l>
     <l xml:id="B02845-e520">
      <w lemma="force" pos="vvb" xml:id="B02845-001-a-2340">Force</w>
      <w lemma="a" pos="d" xml:id="B02845-001-a-2350">a</w>
      <w lemma="retreat" pos="n1" xml:id="B02845-001-a-2360">retreat</w>
      <pc unit="sentence" xml:id="B02845-001-a-2370">?</pc>
      <w lemma="do" pos="vvd" xml:id="B02845-001-a-2380">Did</w>
      <w lemma="you" pos="pn" xml:id="B02845-001-a-2390">you</w>
      <w lemma="never" pos="av-x" reg="ne'er" xml:id="B02845-001-a-2400">ne'r</w>
      <w lemma="see" pos="vvi" xml:id="B02845-001-a-2410">see</w>
      <w lemma="they" pos="pno" xml:id="B02845-001-a-2420">them</w>
      <w lemma="strive" pos="vvi" xml:id="B02845-001-a-2430">strive</w>
      <pc xml:id="B02845-001-a-2440">,</pc>
     </l>
     <l xml:id="B02845-e530">
      <w lemma="which" pos="crq" xml:id="B02845-001-a-2450">Which</w>
      <w lemma="shall" pos="vmd" xml:id="B02845-001-a-2460">should</w>
      <w lemma="go" pos="vvi" reg="go" xml:id="B02845-001-a-2470">goe</w>
      <w lemma="rich" pos="j-s" xml:id="B02845-001-a-2480">richest</w>
      <w lemma="lade" pos="vvn" xml:id="B02845-001-a-2490">laden</w>
      <w lemma="to" pos="acp" xml:id="B02845-001-a-2500">to</w>
      <w lemma="his" pos="po" xml:id="B02845-001-a-2510">his</w>
      <w lemma="hive" pos="n1" rendition="#hi" xml:id="B02845-001-a-2520">Hive</w>
      <pc unit="sentence" xml:id="B02845-001-a-2530">?</pc>
     </l>
     <l xml:id="B02845-e550">
      <w lemma="just" pos="av" xml:id="B02845-001-a-2540">Just</w>
      <w lemma="so" pos="av" xml:id="B02845-001-a-2550">so</w>
      <w lemma="each" pos="d" xml:id="B02845-001-a-2560">each</w>
      <w lemma="soldier" pos="n1" reg="Soldier" rendition="#hi" xml:id="B02845-001-a-2570">Souldier</w>
      <pc xml:id="B02845-001-a-2580">,</pc>
      <w lemma="in" pos="acp" xml:id="B02845-001-a-2590">in</w>
      <w lemma="a" pos="d" xml:id="B02845-001-a-2600">a</w>
      <w lemma="pl●nteous" pos="j" xml:id="B02845-001-a-2610">pl●nteous</w>
      <w lemma="measure" pos="n1" xml:id="B02845-001-a-2620">measure</w>
      <pc xml:id="B02845-001-a-2630">,</pc>
     </l>
     <l xml:id="B02845-e570">
      <w lemma="have" pos="vvz" xml:id="B02845-001-a-2640">Has</w>
      <w lemma="make" pos="vvn" xml:id="B02845-001-a-2650">made</w>
      <w lemma="his" pos="po" xml:id="B02845-001-a-2660">his</w>
      <w lemma="cabb'n" pos="n1" rendition="#hi" xml:id="B02845-001-a-2670">Cabb'n</w>
      <pc xml:id="B02845-001-a-2680">,</pc>
      <w lemma="a" pos="d" xml:id="B02845-001-a-2690">a</w>
      <w lemma="cabinet" pos="n1" rendition="#hi" xml:id="B02845-001-a-2700">Cabinet</w>
      <w lemma="of" pos="acp" xml:id="B02845-001-a-2710">of</w>
      <w lemma="treasure" pos="n1" rendition="#hi" xml:id="B02845-001-a-2720">Treasure</w>
      <pc unit="sentence" xml:id="B02845-001-a-2730">.</pc>
     </l>
     <l xml:id="B02845-e610">
      <w lemma="silk" pos="n2" xml:id="B02845-001-a-2740">Silks</w>
      <pc xml:id="B02845-001-a-2750">,</pc>
      <w lemma="holland" pos="n2" xml:id="B02845-001-a-2760">Hollands</w>
      <pc xml:id="B02845-001-a-2770">,</pc>
      <w lemma="silver-spoon" pos="n2" xml:id="B02845-001-a-2780">Silver-spoons</w>
      <pc xml:id="B02845-001-a-2790">,</pc>
      <w lemma="plate" pos="n1" xml:id="B02845-001-a-2800">Plate</w>
      <pc xml:id="B02845-001-a-2810">,</pc>
      <w lemma="cloth" pos="n1" xml:id="B02845-001-a-2820">Cloth</w>
      <w lemma="of" pos="acp" xml:id="B02845-001-a-2830">of</w>
      <w lemma="gold" pos="n1" xml:id="B02845-001-a-2840">Gold</w>
      <pc xml:id="B02845-001-a-2850">,</pc>
     </l>
     <l xml:id="B02845-e620">
      <w lemma="all" pos="d" xml:id="B02845-001-a-2860">All</w>
      <w lemma="have" pos="vvd" xml:id="B02845-001-a-2870">had</w>
      <w lemma="their" pos="po" xml:id="B02845-001-a-2880">their</w>
      <w lemma="choice" pos="n1" xml:id="B02845-001-a-2890">choice</w>
      <w lemma="to" pos="to" xml:id="B02845-001-a-2900">to</w>
      <w lemma="take" pos="vvi" xml:id="B02845-001-a-2910">take</w>
      <w lemma="what" pos="crq" xml:id="B02845-001-a-2920">what</w>
      <w lemma="ever" pos="av" reg="e'er" xml:id="B02845-001-a-2930">e're</w>
      <w lemma="they" pos="pns" xml:id="B02845-001-a-2940">they</w>
      <w lemma="will" pos="vmd" xml:id="B02845-001-a-2950">would</w>
      <pc unit="sentence" xml:id="B02845-001-a-2960">.</pc>
     </l>
    </lg>
    <lg xml:id="B02845-e630">
     <lg xml:id="B02845-e640">
      <l xml:id="B02845-e650">
       <w lemma="these" pos="d" xml:id="B02845-001-a-2970">These</w>
       <w lemma="be" pos="vvb" xml:id="B02845-001-a-2980">are</w>
       <w lemma="the" pos="d" xml:id="B02845-001-a-2990">the</w>
       <w lemma="dutch" pos="j-nn" rendition="#hi" xml:id="B02845-001-a-3000">Dutch</w>
       <pc xml:id="B02845-001-a-3010">,</pc>
       <w lemma="that" pos="cs" xml:id="B02845-001-a-3020">that</w>
       <w lemma="do" pos="vvd" xml:id="B02845-001-a-3030">did</w>
       <w lemma="but" pos="acp-av" xml:id="B02845-001-a-3040">but</w>
       <w lemma="the" pos="d" xml:id="B02845-001-a-3050">th'</w>
       <w lemma="other" pos="d" xml:id="B02845-001-a-3060">other</w>
       <w lemma="day" pos="n1" xml:id="B02845-001-a-3070">day</w>
      </l>
      <l xml:id="B02845-e670">
       <w lemma="make" pos="vvb" xml:id="B02845-001-a-3080">Make</w>
       <w lemma="bonfire" pos="n2" reg="Bonfires" rendition="#hi" xml:id="B02845-001-a-3090">Bonefires</w>
       <w lemma="over" pos="acp" reg="o'er" xml:id="B02845-001-a-3100">o're</w>
       <w lemma="their" pos="po" xml:id="B02845-001-a-3110">their</w>
       <w lemma="land" pos="n1" xml:id="B02845-001-a-3120">Land</w>
       <w lemma="for" pos="acp" xml:id="B02845-001-a-3130">for</w>
       <w lemma="victory" pos="n1" reg="Victory" xml:id="B02845-001-a-3140">Victorie</w>
       <pc xml:id="B02845-001-a-3150">,</pc>
       <pc xml:id="B02845-001-a-3160">—</pc>
      </l>
      <l xml:id="B02845-e690">
       <w lemma="but" pos="acp" xml:id="B02845-001-a-3170">But</w>
       <w lemma="never" pos="av_j" xml:id="B02845-001-a-3180">never</w>
       <w lemma="think" pos="vvn" xml:id="B02845-001-a-3190">thought</w>
       <w lemma="of" pos="acp" xml:id="B02845-001-a-3200">of</w>
       <w lemma="see" pos="vvg" xml:id="B02845-001-a-3210">seeing</w>
       <w lemma="this" pos="d" rendition="#hi" xml:id="B02845-001-a-3220">This</w>
       <w lemma="by" pos="acp" xml:id="B02845-001-a-3230">by</w>
       <w lemma="Sea" pos="n1" xml:id="B02845-001-a-3240">Sea</w>
       <pc unit="sentence" xml:id="B02845-001-a-3241">.</pc>
       <pc xml:id="B02845-001-a-3250">—</pc>
      </l>
     </lg>
     <l xml:id="B02845-e710">
      <w lemma="where" pos="crq-q" xml:id="B02845-001-a-3260">Where</w>
      <w lemma="helm" pos="n1" rendition="#hi" xml:id="B02845-001-a-3270">Helm</w>
      <w lemma="and" pos="cc" xml:id="B02845-001-a-3280">and</w>
      <hi xml:id="B02845-e730">
       <w lemma="rudder" pos="n1-nn" xml:id="B02845-001-a-3290">Rudder</w>
       <pc xml:id="B02845-001-a-3300">,</pc>
       <w lemma="top" pos="n1-nn" xml:id="B02845-001-a-3310">Top</w>
       <pc xml:id="B02845-001-a-3320">,</pc>
       <w lemma="top-sayl" pos="n1" xml:id="B02845-001-a-3330">Top-sayl</w>
      </hi>
      <pc rendition="#follows-hi" xml:id="B02845-001-a-3340">,</pc>
      <w lemma="and" pos="cc" xml:id="B02845-001-a-3350">and</w>
      <w lemma="all" pos="d" xml:id="B02845-001-a-3360">all</w>
      <pc xml:id="B02845-001-a-3370">,</pc>
     </l>
     <l xml:id="B02845-e740">
      <w lemma="within" pos="acp" xml:id="B02845-001-a-3380">Within</w>
      <w lemma="few" pos="d" xml:id="B02845-001-a-3390">few</w>
      <w lemma="hour" pos="n2" xml:id="B02845-001-a-3400">hours</w>
      <w lemma="to" pos="acp" xml:id="B02845-001-a-3410">to</w>
      <w lemma="dust" pos="n1" xml:id="B02845-001-a-3420">Dust</w>
      <w lemma="and" pos="cc" xml:id="B02845-001-a-3430">and</w>
      <w lemma="ash" pos="n2" xml:id="B02845-001-a-3440">Ashes</w>
      <w lemma="fall" pos="vvi" xml:id="B02845-001-a-3450">fall</w>
      <pc unit="sentence" xml:id="B02845-001-a-3460">.</pc>
     </l>
    </lg>
    <lg xml:id="B02845-e750">
     <l xml:id="B02845-e760">
      <w lemma="have" pos="vvd" xml:id="B02845-001-a-3470">Had</w>
      <w lemma="but" pos="acp-av" xml:id="B02845-001-a-3480">but</w>
      <hi xml:id="B02845-e770">
       <w lemma="Will" pos="n1" xml:id="B02845-001-a-3490">Will</w>
       <pc unit="sentence" xml:id="B02845-001-a-3491">.</pc>
       <w lemma="Lilly" pos="n1-nn" xml:id="B02845-001-a-3500">Lilly</w>
      </hi>
      <w lemma="see" pos="vvn" xml:id="B02845-001-a-3510">seen</w>
      <w lemma="this" pos="d" xml:id="B02845-001-a-3520">this</w>
      <hi xml:id="B02845-e780">
       <w lemma="blaze" pos="j_vg" xml:id="B02845-001-a-3530">Blazing</w>
       <w lemma="comet" pos="n1" xml:id="B02845-001-a-3540">Comet</w>
      </hi>
      <pc rendition="#follows-hi" xml:id="B02845-001-a-3550">,</pc>
     </l>
     <l xml:id="B02845-e790">
      <w join="right" lemma="i" pos="pns" xml:id="B02845-001-a-3560">I</w>
      <w join="left" lemma="will" pos="vmb" reg="'ll" xml:id="B02845-001-a-3561">'le</w>
      <w lemma="lay" pos="vvi" xml:id="B02845-001-a-3570">lay</w>
      <w lemma="my" pos="po" xml:id="B02845-001-a-3580">my</w>
      <w lemma="life" pos="n1" xml:id="B02845-001-a-3590">life</w>
      <w lemma="it" pos="pn" xml:id="B02845-001-a-3600">it</w>
      <w lemma="have" pos="vvd" xml:id="B02845-001-a-3610">had</w>
      <w lemma="portend" pos="vvd" rendition="#hi" xml:id="B02845-001-a-3620">portended</w>
      <w lemma="somewhat" pos="av" xml:id="B02845-001-a-3630">Somewhat</w>
     </l>
     <l xml:id="B02845-e810">
      <w lemma="of" pos="acp" xml:id="B02845-001-a-3640">Of</w>
      <hi xml:id="B02845-e820">
       <w lemma="strange" pos="j" xml:id="B02845-001-a-3650">strange</w>
       <w lemma="event" pos="n1" xml:id="B02845-001-a-3660">event</w>
      </hi>
      <pc rendition="#follows-hi" xml:id="B02845-001-a-3670">,</pc>
      <w lemma="as" pos="acp" xml:id="B02845-001-a-3680">as</w>
      <w join="right" lemma="he" pos="pns" xml:id="B02845-001-a-3690">he</w>
      <w join="left" lemma="will" pos="vmd" xml:id="B02845-001-a-3691">'d</w>
      <w lemma="have" pos="vvi" xml:id="B02845-001-a-3700">have</w>
      <w lemma="make" pos="vvn" xml:id="B02845-001-a-3710">made</w>
      <w lemma="appear" pos="vvi" xml:id="B02845-001-a-3720">appear</w>
     </l>
     <l xml:id="B02845-e830">
      <w lemma="in" pos="acp" xml:id="B02845-001-a-3730">In</w>
      <w lemma="his" pos="po" xml:id="B02845-001-a-3740">his</w>
      <w lemma="prognostication" pos="n1" rendition="#hi" xml:id="B02845-001-a-3750">Prognostication</w>
      <w lemma="for" pos="acp" xml:id="B02845-001-a-3760">for</w>
      <w lemma="next" pos="ord" xml:id="B02845-001-a-3770">next</w>
      <w lemma="year" pos="n1" xml:id="B02845-001-a-3780">Year</w>
      <pc unit="sentence" xml:id="B02845-001-a-3790">.</pc>
     </l>
    </lg>
    <lg xml:id="B02845-e850">
     <l xml:id="B02845-e860">
      <w join="right" lemma="they" pos="pns" xml:id="B02845-001-a-3800">They</w>
      <w join="left" lemma="will" pos="vmb" reg="'ll" xml:id="B02845-001-a-3801">'l</w>
      <w lemma="block" pos="n1" rendition="#hi" xml:id="B02845-001-a-3810">block</w>
      <w lemma="the" pos="d" xml:id="B02845-001-a-3820">the</w>
      <w lemma="sea" pos="n2" xml:id="B02845-001-a-3830">Seas</w>
      <w lemma="up" pos="acp-av" xml:id="B02845-001-a-3840">up</w>
      <pc xml:id="B02845-001-a-3850">,</pc>
      <w lemma="why" pos="crq" xml:id="B02845-001-a-3860">why</w>
      <w lemma="then" pos="av" xml:id="B02845-001-a-3870">then</w>
      <w lemma="so" pos="av" xml:id="B02845-001-a-3880">so</w>
      <w lemma="they" pos="pns" xml:id="B02845-001-a-3890">they</w>
      <w lemma="shall" pos="vmb" xml:id="B02845-001-a-3900">shall</w>
      <pc xml:id="B02845-001-a-3910">,</pc>
     </l>
     <l xml:id="B02845-e880">
      <hi xml:id="B02845-e890">
       <w lemma="no" pos="av-x_d" xml:id="B02845-001-a-3920">No</w>
       <w lemma="fit" pos="j-c" xml:id="B02845-001-a-3930">fitter</w>
       <w lemma="head" pos="n2" xml:id="B02845-001-a-3940">Heads</w>
       <w lemma="than" pos="cs" xml:id="B02845-001-a-3950">than</w>
       <w lemma="they" pos="png" xml:id="B02845-001-a-3960">theirs</w>
       <w lemma="to" pos="to" xml:id="B02845-001-a-3970">to</w>
       <w join="right" lemma="do" pos="vvb" xml:id="B02845-001-a-3980">do</w>
       <w join="left" lemma="it" pos="pn" xml:id="B02845-001-a-3981">'t</w>
       <w lemma="withal" pos="av" reg="withal" xml:id="B02845-001-a-3990">withall</w>
      </hi>
      <pc rendition="#follows-hi" xml:id="B02845-001-a-4000">;</pc>
     </l>
     <l xml:id="B02845-e900">
      <w lemma="where" pos="crq" xml:id="B02845-001-a-4010">Where</w>
      <w lemma="they" pos="pns" xml:id="B02845-001-a-4020">they</w>
      <w lemma="may" pos="vmb" xml:id="B02845-001-a-4030">may</w>
      <hi xml:id="B02845-e910">
       <w lemma="lay'um" pos="vvi" xml:id="B02845-001-a-4040">lay'um</w>
       <w lemma="together" pos="av" xml:id="B02845-001-a-4050">together</w>
      </hi>
      <pc rendition="#follows-hi" xml:id="B02845-001-a-4060">,</pc>
      <w lemma="and" pos="cc" xml:id="B02845-001-a-4070">and</w>
      <w lemma="counsel" pos="n1" rendition="#hi" xml:id="B02845-001-a-4080">counsel</w>
      <w lemma="take" pos="vvi" xml:id="B02845-001-a-4090">take</w>
      <pc xml:id="B02845-001-a-4100">,</pc>
     </l>
     <l xml:id="B02845-e930">
      <hi xml:id="B02845-e940">
       <w lemma="how" pos="crq" xml:id="B02845-001-a-4110">How</w>
       <w lemma="many" pos="d" xml:id="B02845-001-a-4120">many</w>
       <w lemma="bonfire" pos="n2" reg="Bonfires" xml:id="B02845-001-a-4130">Bonefires</w>
      </hi>
      <w lemma="they" pos="pns" xml:id="B02845-001-a-4140">they</w>
      <w lemma="have" pos="vvd" xml:id="B02845-001-a-4150">had</w>
      <w lemma="best" pos="j-s" rendition="#hi" xml:id="B02845-001-a-4160">best</w>
      <w lemma="to" pos="to" xml:id="B02845-001-a-4170">to</w>
      <w lemma="make" pos="vvi" xml:id="B02845-001-a-4180">make</w>
      <pc unit="sentence" xml:id="B02845-001-a-4190">.</pc>
     </l>
    </lg>
    <lg xml:id="B02845-e960">
     <l xml:id="B02845-e970">
      <w lemma="now" pos="av" xml:id="B02845-001-a-4200">Now</w>
      <w lemma="will" pos="vmb" xml:id="B02845-001-a-4210">will</w>
      <w lemma="i" pos="pns" xml:id="B02845-001-a-4220">I</w>
      <w lemma="loose" pos="vvi" reg="lose" xml:id="B02845-001-a-4230">loose</w>
      <w lemma="the" pos="d" xml:id="B02845-001-a-4240">the</w>
      <w lemma="pinion" pos="vvb" xml:id="B02845-001-a-4250">Pinion</w>
      <w lemma="of" pos="acp" xml:id="B02845-001-a-4260">of</w>
      <w lemma="my" pos="po" xml:id="B02845-001-a-4270">my</w>
      <w lemma="quill" pos="n1" xml:id="B02845-001-a-4280">Quill</w>
      <pc xml:id="B02845-001-a-4290">,</pc>
     </l>
     <l xml:id="B02845-e980">
      <w lemma="and" pos="cc" xml:id="B02845-001-a-4300">And</w>
      <w lemma="dictate" pos="vvi" xml:id="B02845-001-a-4310">dictate</w>
      <w lemma="to" pos="acp" xml:id="B02845-001-a-4320">to</w>
      <w lemma="my" pos="po" xml:id="B02845-001-a-4330">my</w>
      <w lemma="muse" pos="n1" rendition="#hi" xml:id="B02845-001-a-4340">Muse</w>
      <w lemma="a" pos="d" xml:id="B02845-001-a-4350">a</w>
      <w lemma="word" pos="n1" xml:id="B02845-001-a-4360">Word</w>
      <w lemma="at" pos="acp" xml:id="B02845-001-a-4370">at</w>
      <w lemma="will" pos="n1" xml:id="B02845-001-a-4380">will</w>
      <pc xml:id="B02845-001-a-4390">;</pc>
     </l>
     <l xml:id="B02845-e1000">
      <w lemma="that" pos="cs" xml:id="B02845-001-a-4400">That</w>
      <w lemma="fame" pos="n1" rendition="#hi" xml:id="B02845-001-a-4410">Fame</w>
      <w lemma="itself" pos="px" reg="itself" xml:id="B02845-001-a-4420">it self</w>
      <pc xml:id="B02845-001-a-4440">,</pc>
      <w lemma="that" pos="cs" xml:id="B02845-001-a-4450">that</w>
      <w lemma="herald" pos="n1" reg="Herald" rendition="#hi" xml:id="B02845-001-a-4460">Herauld</w>
      <pc join="right" xml:id="B02845-001-a-4470">(</pc>
      <w lemma="and" pos="cc" xml:id="B02845-001-a-4480">and</w>
      <w lemma="not" pos="xx" xml:id="B02845-001-a-4490">not</w>
      <w lemma="i" pos="pns" xml:id="B02845-001-a-4500">I</w>
      <pc xml:id="B02845-001-a-4510">)</pc>
     </l>
     <l xml:id="B02845-e1030">
      <w lemma="shall" pos="vmb" xml:id="B02845-001-a-4520">Shall</w>
      <w lemma="show" pos="vvi" reg="show" xml:id="B02845-001-a-4530">shew</w>
      <w lemma="the" pos="d" xml:id="B02845-001-a-4540">the</w>
      <w lemma="blazon" pos="n1" rendition="#hi" xml:id="B02845-001-a-4550">Blazon</w>
      <w lemma="of" pos="acp" xml:id="B02845-001-a-4560">of</w>
      <w lemma="our" pos="po" xml:id="B02845-001-a-4570">our</w>
      <w lemma="victory" pos="n1" xml:id="B02845-001-a-4580">Victory</w>
      <pc unit="sentence" xml:id="B02845-001-a-4590">.</pc>
     </l>
     <l xml:id="B02845-e1050">
      <w lemma="at" pos="acp" xml:id="B02845-001-a-4600">At</w>
      <w lemma="which" pos="crq" xml:id="B02845-001-a-4610">which</w>
      <w lemma="the" pos="d" xml:id="B02845-001-a-4620">the</w>
      <w lemma="world" pos="n1" xml:id="B02845-001-a-4630">World</w>
      <w lemma="distract" pos="vvn" xml:id="B02845-001-a-4640">distracted</w>
      <w lemma="stand" pos="vvz" xml:id="B02845-001-a-4650">stands</w>
      <w lemma="with" pos="acp" xml:id="B02845-001-a-4660">with</w>
      <w lemma="fear" pos="n1" xml:id="B02845-001-a-4670">fear</w>
      <pc xml:id="B02845-001-a-4680">,</pc>
     </l>
     <l xml:id="B02845-e1060">
      <w lemma="and" pos="cc" xml:id="B02845-001-a-4690">And</w>
      <w lemma="will" pos="vmb-x" xml:id="B02845-001-a-4700">won't</w>
      <w lemma="believe" pos="vvi" xml:id="B02845-001-a-4710">believe</w>
      <w lemma="but" pos="acp" xml:id="B02845-001-a-4720">but</w>
      <w lemma="that" pos="cs" xml:id="B02845-001-a-4730">that</w>
      <w lemma="the" pos="d" xml:id="B02845-001-a-4740">the</w>
      <w lemma="god" pos="n2" rendition="#hi" xml:id="B02845-001-a-4750">Gods</w>
      <w lemma="be" pos="vvd" xml:id="B02845-001-a-4760">were</w>
      <w lemma="there" pos="av" xml:id="B02845-001-a-4770">there</w>
      <pc unit="sentence" xml:id="B02845-001-a-4780">.</pc>
     </l>
    </lg>
    <lg xml:id="B02845-e1080">
     <l xml:id="B02845-e1090">
      <w lemma="great" pos="j" xml:id="B02845-001-a-4790">Great</w>
      <w lemma="monk" pos="n1" rendition="#hi" xml:id="B02845-001-a-4800">MONK</w>
      <w lemma="so" pos="av" xml:id="B02845-001-a-4810">so</w>
      <w lemma="thunder" pos="vvd" rendition="#hi" xml:id="B02845-001-a-4820">thundered</w>
      <pc xml:id="B02845-001-a-4830">,</pc>
      <w lemma="that" pos="cs" xml:id="B02845-001-a-4840">that</w>
      <w join="right" lemma="it" pos="pn" xml:id="B02845-001-a-4850">'t</w>
      <w join="left" lemma="be" pos="vvd" xml:id="B02845-001-a-4851">was</w>
      <w lemma="hard" pos="j" xml:id="B02845-001-a-4860">hard</w>
      <w lemma="to" pos="to" xml:id="B02845-001-a-4870">to</w>
      <w lemma="say" pos="vvi" xml:id="B02845-001-a-4880">say</w>
     </l>
     <l xml:id="B02845-e1120">
      <w lemma="whether" pos="cs" xml:id="B02845-001-a-4890">Whether</w>
      <w join="right" lemma="it" pos="pn" xml:id="B02845-001-a-4900">'t</w>
      <w join="left" lemma="be" pos="vvd" xml:id="B02845-001-a-4901">was</w>
      <w lemma="he" pos="pns" rendition="#hi" xml:id="B02845-001-a-4910">He</w>
      <pc xml:id="B02845-001-a-4920">,</pc>
      <w lemma="or" pos="cc" xml:id="B02845-001-a-4930">or</w>
      <w lemma="fate" pos="n1" rendition="#hi" xml:id="B02845-001-a-4940">Fate</w>
      <pc xml:id="B02845-001-a-4950">,</pc>
      <w lemma="that" pos="cs" xml:id="B02845-001-a-4960">that</w>
      <w lemma="get" pos="vvd" xml:id="B02845-001-a-4970">got</w>
      <w lemma="the" pos="d" xml:id="B02845-001-a-4980">the</w>
      <w lemma="day" pos="n1" xml:id="B02845-001-a-4990">Day</w>
      <pc unit="sentence" xml:id="B02845-001-a-5000">.</pc>
     </l>
    </lg>
    <lg xml:id="B02845-e1150">
     <l xml:id="B02845-e1160">
      <w lemma="Smith" pos="n1-nn" rendition="#hi" xml:id="B02845-001-a-5010">Smith</w>
      <w lemma="send" pos="vvd" xml:id="B02845-001-a-5020">sent</w>
      <w lemma="such" pos="d" xml:id="B02845-001-a-5030">such</w>
      <w lemma="thunderbolt" pos="n2" rendition="#hi" xml:id="B02845-001-a-5040">Thunderbolts</w>
      <w lemma="as" pos="acp" xml:id="B02845-001-a-5050">as</w>
      <w lemma="never" pos="av-x" reg="ne'er" xml:id="B02845-001-a-5060">ne'r</w>
      <w lemma="be" pos="vvd" xml:id="B02845-001-a-5070">were</w>
      <w lemma="madey" pos="j" xml:id="B02845-001-a-5080">madey</w>
     </l>
     <l xml:id="B02845-e1190">
      <w lemma="by" pos="acp" xml:id="B02845-001-a-5090">By</w>
      <w lemma="Vulcan" pos="n1-nn" rendition="#hi" xml:id="B02845-001-a-5100">Vulcan</w>
      <pc xml:id="B02845-001-a-5110">,</pc>
      <w lemma="since" pos="acp" xml:id="B02845-001-a-5120">since</w>
      <w lemma="he" pos="pns" xml:id="B02845-001-a-5130">he</w>
      <w lemma="first" pos="ord" xml:id="B02845-001-a-5140">first</w>
      <w lemma="wrought" pos="vvd" xml:id="B02845-001-a-5150">wrought</w>
      <w lemma="of" pos="acp" xml:id="B02845-001-a-5160">of</w>
      <w lemma="his" pos="po" xml:id="B02845-001-a-5170">his</w>
      <w lemma="trade" pos="n1" xml:id="B02845-001-a-5180">Trade</w>
      <pc xml:id="B02845-001-a-5190">;</pc>
     </l>
     <l xml:id="B02845-e1210">
      <w lemma="who" pos="crq" xml:id="B02845-001-a-5200">Who</w>
      <w lemma="gaze" pos="vvd" reg="gazed" xml:id="B02845-001-a-5210">gaz'd</w>
      <pc xml:id="B02845-001-a-5220">,</pc>
      <w lemma="but" pos="acp" xml:id="B02845-001-a-5230">but</w>
      <w lemma="dare" pos="vvd" xml:id="B02845-001-a-5240">durst</w>
      <w lemma="not" pos="xx" xml:id="B02845-001-a-5250">not</w>
      <w lemma="come" pos="vvn" xml:id="B02845-001-a-5260">come</w>
      <w lemma="within" pos="acp" xml:id="B02845-001-a-5270">within</w>
      <w lemma="a" pos="d" xml:id="B02845-001-a-5280">a</w>
      <w lemma="shot" pos="n1" xml:id="B02845-001-a-5290">Shot</w>
      <pc xml:id="B02845-001-a-5300">,</pc>
     </l>
     <l xml:id="B02845-e1220">
      <w lemma="for" pos="acp" xml:id="B02845-001-a-5310">For</w>
      <w lemma="fear" pos="vvi" xml:id="B02845-001-a-5320">fear</w>
      <w lemma="his" pos="po" xml:id="B02845-001-a-5330">his</w>
      <w lemma="other" pos="d" xml:id="B02845-001-a-5340">other</w>
      <w lemma="leg" pos="n1" reg="Leg" rendition="#hi" xml:id="B02845-001-a-5350">Legg</w>
      <w lemma="have" pos="vvd" xml:id="B02845-001-a-5360">had</w>
      <w lemma="go" pos="vvn" xml:id="B02845-001-a-5370">gone</w>
      <w lemma="to" pos="acp" xml:id="B02845-001-a-5380">to</w>
      <w lemma="pott" pos="n1-nn" rendition="#hi" xml:id="B02845-001-a-5390">Pott</w>
      <pc unit="sentence" xml:id="B02845-001-a-5400">.</pc>
     </l>
     <l xml:id="B02845-e1250">
      <w join="right" lemma="it" pos="pn" xml:id="B02845-001-a-5410">'T</w>
      <w join="left" lemma="be" pos="vvd" xml:id="B02845-001-a-5411">was</w>
      <w lemma="smith" pos="n1" rendition="#hi" xml:id="B02845-001-a-5420">Smith</w>
      <pc xml:id="B02845-001-a-5430">,</pc>
      <w lemma="who" pos="crq-rg" xml:id="B02845-001-a-5440">whose</w>
      <w lemma="sword" pos="n1" xml:id="B02845-001-a-5450">Sword</w>
      <w lemma="so" pos="av" xml:id="B02845-001-a-5460">so</w>
      <w lemma="often" pos="av" xml:id="B02845-001-a-5470">often</w>
      <w lemma="quench" pos="vvn" reg="quenched" rendition="#hi" xml:id="B02845-001-a-5480">quench'd</w>
      <w lemma="in" pos="acp" xml:id="B02845-001-a-5490">in</w>
      <w lemma="blood" pos="n1" xml:id="B02845-001-a-5500">Blood</w>
      <pc xml:id="B02845-001-a-5510">,</pc>
     </l>
     <l xml:id="B02845-e1280">
      <w lemma="return" pos="vvd" reg="Returned" xml:id="B02845-001-a-5520">Return'd</w>
      <w lemma="so" pos="av" xml:id="B02845-001-a-5530">so</w>
      <w lemma="hard" pos="av_j" xml:id="B02845-001-a-5540">hard</w>
      <pc xml:id="B02845-001-a-5550">,</pc>
      <w lemma="as" pos="acp" xml:id="B02845-001-a-5560">as</w>
      <w lemma="not" pos="xx" xml:id="B02845-001-a-5570">not</w>
      <w lemma="to" pos="to" xml:id="B02845-001-a-5580">to</w>
      <w lemma="be" pos="vvi" xml:id="B02845-001-a-5590">be</w>
      <w lemma="withstand" pos="vvn" xml:id="B02845-001-a-5600">withstood</w>
      <pc unit="sentence" xml:id="B02845-001-a-5610">.</pc>
      <pc xml:id="B02845-001-a-5620">:</pc>
     </l>
     <l xml:id="B02845-e1290">
      <hi xml:id="B02845-e1300">
       <w lemma="steel" pos="n1" xml:id="B02845-001-a-5630">Steel</w>
       <w lemma="to" pos="acp" xml:id="B02845-001-a-5640">to</w>
       <w lemma="the" pos="d" xml:id="B02845-001-a-5650">the</w>
       <w lemma="hilt" pos="n1" xml:id="B02845-001-a-5660">Hilt</w>
      </hi>
      <pc rendition="#follows-hi" xml:id="B02845-001-a-5670">;</pc>
      <w lemma="this" pos="d" xml:id="B02845-001-a-5680">this</w>
      <w lemma="proverb" pos="n1" xml:id="B02845-001-a-5690">Proverb</w>
      <w lemma="have" pos="vvz" xml:id="B02845-001-a-5700">has</w>
      <w lemma="he" pos="pns" xml:id="B02845-001-a-5710">he</w>
      <w lemma="get" pos="vvn" xml:id="B02845-001-a-5720">got</w>
      <pc xml:id="B02845-001-a-5730">,</pc>
     </l>
     <l xml:id="B02845-e1310">
      <hi xml:id="B02845-e1320">
       <w lemma="he" pos="pns" xml:id="B02845-001-a-5740">He</w>
       <w lemma="never" pos="av-x" reg="ne'er" xml:id="B02845-001-a-5750">ne'r</w>
       <w lemma="strike" pos="vvz" xml:id="B02845-001-a-5760">strikes</w>
       <w lemma="stroke" pos="n1" xml:id="B02845-001-a-5770">stroke</w>
       <w lemma="until" pos="acp" xml:id="B02845-001-a-5780">until</w>
       <w lemma="the" pos="d" xml:id="B02845-001-a-5790">the</w>
       <w join="right" lemma="iron" pos="n1" xml:id="B02845-001-a-5800">Iron</w>
       <w join="left" lemma="be" pos="vvz" xml:id="B02845-001-a-5801">'s</w>
       <w lemma="hot" pos="j" xml:id="B02845-001-a-5810">hot</w>
       <pc unit="sentence" xml:id="B02845-001-a-5820">.</pc>
      </hi>
     </l>
    </lg>
    <lg xml:id="B02845-e1330">
     <lg xml:id="B02845-e1340">
      <l xml:id="B02845-e1350">
       <w lemma="have" pos="vvd" xml:id="B02845-001-a-5830">Had</w>
       <hi xml:id="B02845-e1360">
        <w lemma="Goffe." pos="n1-nn" reg="Goffe." xml:id="B02845-001-a-5840">Goffe</w>
        <pc xml:id="B02845-001-a-5850">,</pc>
        <w lemma="ben." pos="ab" xml:id="B02845-001-a-5860">Ben.</w>
        <w lemma="Johnson" pos="n1-nn" xml:id="B02845-001-a-5870">Johnson</w>
       </hi>
       <pc rendition="#follows-hi" xml:id="B02845-001-a-5880">,</pc>
       <w lemma="or" pos="cc" xml:id="B02845-001-a-5890">or</w>
       <w lemma="have" pos="vvd" xml:id="B02845-001-a-5900">had</w>
       <w lemma="Shakespeare" pos="n1-nn" reg="Shakespeare" rendition="#hi" xml:id="B02845-001-a-5910">Shakespear</w>
       <w lemma="be" pos="vvn" xml:id="B02845-001-a-5920">been</w>
       <pc xml:id="B02845-001-a-5930">—</pc>
      </l>
      <l xml:id="B02845-e1380">
       <w lemma="spectator" pos="n2" rendition="#hi" xml:id="B02845-001-a-5940">Spectators</w>
       <w lemma="there" pos="acp-av" xml:id="B02845-001-a-5950">there</w>
       <pc xml:id="B02845-001-a-5960">,</pc>
       <w lemma="such" pos="d" xml:id="B02845-001-a-5970">such</w>
       <w lemma="act" pos="n2" rendition="#hi" xml:id="B02845-001-a-5980">Acts</w>
       <w lemma="they" pos="pns" xml:id="B02845-001-a-5990">they</w>
       <w lemma="shall" pos="vmd" xml:id="B02845-001-a-6000">should</w>
       <w lemma="have" pos="vvi" xml:id="B02845-001-a-6010">have</w>
       <w lemma="see" pos="vvn" xml:id="B02845-001-a-6020">seen</w>
       <pc xml:id="B02845-001-a-6030">,</pc>
       <pc xml:id="B02845-001-a-6040">—</pc>
      </l>
      <l xml:id="B02845-e1410">
       <w lemma="as" pos="acp" xml:id="B02845-001-a-6050">As</w>
       <w lemma="they" pos="pns" xml:id="B02845-001-a-6060">they</w>
       <w lemma="never" pos="av-x" reg="ne'er" xml:id="B02845-001-a-6070">ne'r</w>
       <w lemma="act" pos="vvd" rendition="#hi" xml:id="B02845-001-a-6080">acted</w>
       <w lemma="in" pos="acp" xml:id="B02845-001-a-6090">in</w>
       <w lemma="a" pos="d" xml:id="B02845-001-a-6100">an</w>
       <hi xml:id="B02845-e1430">
        <w lemma="english" pos="j-nn" xml:id="B02845-001-a-6110">English</w>
        <w lemma="scene" pos="n1" reg="Scene" xml:id="B02845-001-a-6120">Scean</w>
       </hi>
       <pc rendition="#follows-hi" xml:id="B02845-001-a-6130">:</pc>
       <pc xml:id="B02845-001-a-6140">—</pc>
      </l>
     </lg>
     <l xml:id="B02845-e1440">
      <w lemma="these" pos="d" xml:id="B02845-001-a-6150">These</w>
      <w lemma="fight" pos="vvd" xml:id="B02845-001-a-6160">fought</w>
      <w lemma="with" pos="acp" xml:id="B02845-001-a-6170">with</w>
      <w lemma="blow" pos="n2" xml:id="B02845-001-a-6180">Blows</w>
      <pc xml:id="B02845-001-a-6190">,</pc>
      <w lemma="they" pos="pns" xml:id="B02845-001-a-6200">they</w>
      <w lemma="only" pos="av_j" xml:id="B02845-001-a-6210">only</w>
      <w lemma="clash" pos="vvd" reg="clashed" xml:id="B02845-001-a-6220">clash'd</w>
      <w lemma="in" pos="acp" xml:id="B02845-001-a-6230">in</w>
      <w lemma="word" pos="n2" xml:id="B02845-001-a-6240">Words</w>
      <pc xml:id="B02845-001-a-6250">;</pc>
     </l>
     <l xml:id="B02845-e1450">
      <w lemma="they" pos="pns" xml:id="B02845-001-a-6260">They</w>
      <w lemma="fight" pos="vvd" xml:id="B02845-001-a-6270">fought</w>
      <w lemma="with" pos="acp" xml:id="B02845-001-a-6280">with</w>
      <w lemma="foil" pos="n2" reg="foils" xml:id="B02845-001-a-6290">Foyls</w>
      <pc xml:id="B02845-001-a-6300">,</pc>
      <w lemma="but" pos="acp" xml:id="B02845-001-a-6310">but</w>
      <w lemma="these" pos="d" xml:id="B02845-001-a-6320">these</w>
      <w lemma="with" pos="acp" xml:id="B02845-001-a-6330">with</w>
      <w lemma="naked" pos="j" xml:id="B02845-001-a-6340">naked</w>
      <w lemma="sword" pos="n2" xml:id="B02845-001-a-6350">Swords</w>
      <pc unit="sentence" xml:id="B02845-001-a-6360">.</pc>
     </l>
     <l xml:id="B02845-e1460">
      <w lemma="here" pos="av" xml:id="B02845-001-a-6370">Here</w>
      <w lemma="shall" pos="vmd" xml:id="B02845-001-a-6380">should</w>
      <w join="right" lemma="they" pos="pns" reg="" xml:id="B02845-001-a-6390">they</w>
      <w join="left" lemma="have" pos="vvb" xml:id="B02845-001-a-6391">'ve</w>
      <w lemma="see" pos="vvn" xml:id="B02845-001-a-6400">seen</w>
      <w lemma="a" pos="d" xml:id="B02845-001-a-6410">an</w>
      <w lemma="angry" pos="j" xml:id="B02845-001-a-6420">angry</w>
      <w lemma="sea" pos="n1" xml:id="B02845-001-a-6430">Sea</w>
      <w lemma="their" pos="po" xml:id="B02845-001-a-6440">their</w>
      <w lemma="stage" pos="n1" rendition="#hi" xml:id="B02845-001-a-6450">Stage</w>
      <pc xml:id="B02845-001-a-6460">,</pc>
     </l>
     <l xml:id="B02845-e1480">
      <w lemma="cover" pos="vvn" reg="Covered" rendition="#hi" xml:id="B02845-001-a-6470">Cover'd</w>
      <w lemma="with" pos="acp" xml:id="B02845-001-a-6480">with</w>
      <w lemma="roll" pos="j_vg" xml:id="B02845-001-a-6490">rolling</w>
      <w lemma="billow" pos="n2" xml:id="B02845-001-a-6500">Billows</w>
      <pc xml:id="B02845-001-a-6510">,</pc>
      <w lemma="foam" pos="n1" xml:id="B02845-001-a-6520">Foam</w>
      <w lemma="and" pos="cc" xml:id="B02845-001-a-6530">and</w>
      <w lemma="rage" pos="n1" xml:id="B02845-001-a-6540">Rage</w>
      <pc xml:id="B02845-001-a-6550">;</pc>
     </l>
     <l xml:id="B02845-e1500">
      <w lemma="now" pos="av" xml:id="B02845-001-a-6560">Now</w>
      <w lemma="sink" pos="vvn" xml:id="B02845-001-a-6570">sunk</w>
      <w lemma="to" pos="acp" xml:id="B02845-001-a-6580">to</w>
      <w lemma="hell" pos="n1" xml:id="B02845-001-a-6590">Hell</w>
      <pc xml:id="B02845-001-a-6600">,</pc>
      <w lemma="anon" pos="av" xml:id="B02845-001-a-6610">anon</w>
      <w lemma="with" pos="acp" xml:id="B02845-001-a-6620">with</w>
      <w lemma="pride" pos="n1" xml:id="B02845-001-a-6630">Pride</w>
      <w lemma="so" pos="av" xml:id="B02845-001-a-6640">so</w>
      <w lemma="high" pos="j" xml:id="B02845-001-a-6650">high</w>
      <pc xml:id="B02845-001-a-6660">,</pc>
     </l>
     <l xml:id="B02845-e1510">
      <w lemma="as" pos="acp" xml:id="B02845-001-a-6670">As</w>
      <w lemma="if" pos="cs" xml:id="B02845-001-a-6680">if</w>
      <w lemma="it" pos="pn" xml:id="B02845-001-a-6690">it</w>
      <w lemma="give" pos="vvd" xml:id="B02845-001-a-6700">gave</w>
      <w lemma="defiance" pos="n1" xml:id="B02845-001-a-6710">defiance</w>
      <w lemma="to" pos="acp" xml:id="B02845-001-a-6720">to</w>
      <w lemma="the" pos="d" xml:id="B02845-001-a-6730">the</w>
      <w lemma="sky" pos="n1" reg="Sky" xml:id="B02845-001-a-6740">Skie</w>
      <pc unit="sentence" xml:id="B02845-001-a-6750">.</pc>
     </l>
     <l xml:id="B02845-e1520">
      <w lemma="there" pos="av" xml:id="B02845-001-a-6760">There</w>
      <w lemma="shall" pos="vmd" xml:id="B02845-001-a-6770">should</w>
      <w join="right" lemma="they" pos="pns" reg="" xml:id="B02845-001-a-6780">they</w>
      <w join="left" lemma="have" pos="vvb" xml:id="B02845-001-a-6781">'ve</w>
      <w lemma="see" pos="vvn" xml:id="B02845-001-a-6790">seen</w>
      <hi xml:id="B02845-e1530">
       <w lemma="retire" pos="vvg" xml:id="B02845-001-a-6800">retiring</w>
       <w lemma="room" pos="n2" xml:id="B02845-001-a-6810">Rooms</w>
      </hi>
      <w lemma="of" pos="acp" xml:id="B02845-001-a-6820">of</w>
      <w lemma="war" pos="n1" reg="War" xml:id="B02845-001-a-6830">VVar</w>
      <pc xml:id="B02845-001-a-6840">,</pc>
     </l>
     <l xml:id="B02845-e1540">
      <w lemma="such" pos="d" xml:id="B02845-001-a-6850">Such</w>
      <w lemma="room" pos="n2" rendition="#hi" xml:id="B02845-001-a-6860">Rooms</w>
      <w lemma="as" pos="acp" xml:id="B02845-001-a-6870">as</w>
      <w lemma="far" pos="av_j" reg="far" xml:id="B02845-001-a-6880">farr</w>
      <w lemma="excel" pos="vvz" reg="excels" xml:id="B02845-001-a-6890">excells</w>
      <hi xml:id="B02845-e1560">
       <w lemma="Rome" pos="n1g-nn" reg="Rome's" xml:id="B02845-001-a-6900">Romes</w>
       <w lemma="theatre" pos="n1" reg="Theatre" xml:id="B02845-001-a-6910">Theater</w>
      </hi>
      <pc rendition="#follows-hi" xml:id="B02845-001-a-6920">:</pc>
     </l>
     <l xml:id="B02845-e1570">
      <w lemma="a" pos="d" xml:id="B02845-001-a-6930">A</w>
      <w lemma="ghastful" pos="j" xml:id="B02845-001-a-6940">Ghastful</w>
      <w lemma="scene" pos="n1" reg="Scene" rendition="#hi" xml:id="B02845-001-a-6950">Scean</w>
      <pc xml:id="B02845-001-a-6960">,</pc>
      <w lemma="not" pos="xx" xml:id="B02845-001-a-6970">not</w>
      <w lemma="Thebes" pos="n1-nn" rendition="#hi" xml:id="B02845-001-a-6980">Thebes</w>
      <pc xml:id="B02845-001-a-6990">,</pc>
      <w lemma="but" pos="acp" xml:id="B02845-001-a-7000">but</w>
      <w lemma="Thetis" pos="n1-nn" rendition="#hi" xml:id="B02845-001-a-7010">Thetis</w>
      <w lemma="womb" pos="n1" reg="Womb" xml:id="B02845-001-a-7020">VVomb</w>
      <pc xml:id="B02845-001-a-7030">,</pc>
     </l>
     <l xml:id="B02845-e1610">
      <w lemma="wherein" pos="crq" reg="Wherein" xml:id="B02845-001-a-7040">VVherein</w>
      <w lemma="the" pos="d" xml:id="B02845-001-a-7050">the</w>
      <w lemma="actor" pos="n2" rendition="#hi" xml:id="B02845-001-a-7060">Actors</w>
      <w lemma="do" pos="vvd" xml:id="B02845-001-a-7070">did</w>
      <w lemma="themselves" pos="px" xml:id="B02845-001-a-7080">themselves</w>
      <w lemma="entomb" pos="vvi" reg="entomb" xml:id="B02845-001-a-7090">intomb</w>
      <pc unit="sentence" xml:id="B02845-001-a-7100">.</pc>
     </l>
    </lg>
    <lg xml:id="B02845-e1630">
     <l xml:id="B02845-e1640">
      <w lemma="here" pos="av" xml:id="B02845-001-a-7110">Here</w>
      <w lemma="dive" pos="vvz" xml:id="B02845-001-a-7120">dives</w>
      <w lemma="a" pos="d" xml:id="B02845-001-a-7130">a</w>
      <w lemma="corpse" pos="n1" reg="Corpse" rendition="#hi" xml:id="B02845-001-a-7140">Corps</w>
      <pc xml:id="B02845-001-a-7150">,</pc>
      <w lemma="there" pos="av" xml:id="B02845-001-a-7160">there</w>
      <w lemma="struggle" pos="vvz" xml:id="B02845-001-a-7170">struggles</w>
      <w lemma="one" pos="pi" xml:id="B02845-001-a-7180">one</w>
      <w lemma="half" pos="j" xml:id="B02845-001-a-7190">half</w>
      <w lemma="dead" pos="j" xml:id="B02845-001-a-7200">dead</w>
      <pc xml:id="B02845-001-a-7210">;</pc>
     </l>
     <l xml:id="B02845-e1660">
      <w lemma="here" pos="av" xml:id="B02845-001-a-7220">Here</w>
      <w lemma="sink" pos="vvz" xml:id="B02845-001-a-7230">sinks</w>
      <w lemma="a" pos="d" xml:id="B02845-001-a-7240">a</w>
      <w lemma="trunk" pos="n1" rendition="#hi" xml:id="B02845-001-a-7250">Trunk</w>
      <w lemma="cut" pos="vvd" xml:id="B02845-001-a-7260">cut</w>
      <w lemma="short" pos="j-c" xml:id="B02845-001-a-7270">shorter</w>
      <w lemma="by" pos="acp" xml:id="B02845-001-a-7280">by</w>
      <w lemma="the" pos="d" xml:id="B02845-001-a-7290">the</w>
      <w lemma="head" pos="n1" xml:id="B02845-001-a-7300">Head</w>
      <pc xml:id="B02845-001-a-7310">;</pc>
     </l>
     <l xml:id="B02845-e1680">
      <w lemma="here" pos="av" xml:id="B02845-001-a-7320">Here</w>
      <w lemma="one" pos="pi" xml:id="B02845-001-a-7330">one</w>
      <w lemma="betwixt" pos="acp" xml:id="B02845-001-a-7340">'twixt</w>
      <w lemma="hope" pos="n1" xml:id="B02845-001-a-7350">hope</w>
      <w lemma="and" pos="cc" xml:id="B02845-001-a-7360">and</w>
      <w lemma="fear" pos="n1" xml:id="B02845-001-a-7370">fear</w>
      <w lemma="think" pos="vvz" xml:id="B02845-001-a-7380">thinks</w>
      <w join="right" lemma="it" pos="pn" xml:id="B02845-001-a-7390">'t</w>
      <w join="left" lemma="be" pos="vvz" xml:id="B02845-001-a-7391">is</w>
      <w lemma="a" pos="d" xml:id="B02845-001-a-7400">a</w>
      <w lemma="dream" pos="n1" xml:id="B02845-001-a-7410">dream</w>
      <pc xml:id="B02845-001-a-7420">;</pc>
     </l>
     <l xml:id="B02845-e1690">
      <w lemma="and" pos="cc" xml:id="B02845-001-a-7430">And</w>
      <w lemma="there" pos="av" xml:id="B02845-001-a-7440">there</w>
      <w lemma="another" pos="d" xml:id="B02845-001-a-7450">another</w>
      <hi xml:id="B02845-e1700">
       <w lemma="strive" pos="vvz" xml:id="B02845-001-a-7460">strives</w>
       <w lemma="against" pos="acp" xml:id="B02845-001-a-7470">against</w>
       <w lemma="the" pos="d" xml:id="B02845-001-a-7480">the</w>
       <w lemma="stream" pos="n1" xml:id="B02845-001-a-7490">stream</w>
      </hi>
      <pc rendition="#follows-hi" xml:id="B02845-001-a-7500">;</pc>
     </l>
     <l xml:id="B02845-e1710">
      <w lemma="here" pos="av" xml:id="B02845-001-a-7510">Here</w>
      <w lemma="dive" pos="vvb" xml:id="B02845-001-a-7520">dive</w>
      <w lemma="a" pos="d" xml:id="B02845-001-a-7530">a</w>
      <w lemma="hundred" pos="crd" xml:id="B02845-001-a-7540">hundred</w>
      <w lemma="dutch" pos="j-nn" rendition="#hi" xml:id="B02845-001-a-7550">Dutch</w>
      <w lemma="into" pos="acp" xml:id="B02845-001-a-7560">into</w>
      <w lemma="their" pos="po" xml:id="B02845-001-a-7570">their</w>
      <w lemma="grave" pos="n2" xml:id="B02845-001-a-7580">Graves</w>
      <pc xml:id="B02845-001-a-7590">;</pc>
     </l>
     <l xml:id="B02845-e1730">
      <w lemma="there" pos="av" xml:id="B02845-001-a-7600">There</w>
      <w lemma="die" pos="vvb" reg="die" xml:id="B02845-001-a-7610">dye</w>
      <w lemma="as" pos="acp-av" xml:id="B02845-001-a-7620">as</w>
      <w lemma="many" pos="d" xml:id="B02845-001-a-7630">many</w>
      <hi xml:id="B02845-e1740">
       <w lemma="embrace" pos="vvg" xml:id="B02845-001-a-7640">'mbracing</w>
      </hi>
      <w lemma="of" pos="acp" xml:id="B02845-001-a-7660">of</w>
      <w lemma="the" pos="d" xml:id="B02845-001-a-7670">the</w>
      <w lemma="wave" pos="n2" reg="Waves" xml:id="B02845-001-a-7680">VVaves</w>
      <pc xml:id="B02845-001-a-7690">;</pc>
     </l>
     <l xml:id="B02845-e1750">
      <w lemma="here" pos="av" xml:id="B02845-001-a-7700">Here</w>
      <w lemma="one" pos="crd" xml:id="B02845-001-a-7710">one</w>
      <w lemma="turmoil" pos="n2" reg="turmoils" xml:id="B02845-001-a-7720">turmoyls</w>
      <pc xml:id="B02845-001-a-7730">,</pc>
      <w lemma="and" pos="cc" xml:id="B02845-001-a-7740">and</w>
      <w lemma="there" pos="av" xml:id="B02845-001-a-7750">there</w>
      <w lemma="another" pos="d" xml:id="B02845-001-a-7760">another</w>
      <w lemma="strive" pos="vvz" xml:id="B02845-001-a-7770">strives</w>
      <pc xml:id="B02845-001-a-7780">,</pc>
     </l>
     <l xml:id="B02845-e1760">
      <w lemma="yet" pos="av" xml:id="B02845-001-a-7790">Yet</w>
      <w lemma="scarce" pos="av_j" xml:id="B02845-001-a-7800">scarce</w>
      <w lemma="two" pos="crd" xml:id="B02845-001-a-7810">two</w>
      <w lemma="in" pos="acp" xml:id="B02845-001-a-7820">in</w>
      <w lemma="a" pos="d" xml:id="B02845-001-a-7830">a</w>
      <w lemma="hundred" pos="crd" xml:id="B02845-001-a-7840">hundred</w>
      <w lemma="save" pos="vvb" xml:id="B02845-001-a-7850">save</w>
      <w lemma="their" pos="po" xml:id="B02845-001-a-7860">their</w>
      <w lemma="life" pos="n2" xml:id="B02845-001-a-7870">lives</w>
      <pc unit="sentence" xml:id="B02845-001-a-7880">.</pc>
     </l>
    </lg>
    <lg xml:id="B02845-e1770">
     <l xml:id="B02845-e1780">
      <w lemma="such" pos="d" xml:id="B02845-001-a-7890">Such</w>
      <w lemma="music" pos="n1" reg="Music" rendition="#hi" xml:id="B02845-001-a-7900">Musick</w>
      <w lemma="as" pos="acp" xml:id="B02845-001-a-7910">as</w>
      <w lemma="they" pos="pns" xml:id="B02845-001-a-7920">they</w>
      <w lemma="have" pos="vvd" xml:id="B02845-001-a-7930">had</w>
      <pc xml:id="B02845-001-a-7940">,</pc>
      <w lemma="have" pos="vvd" xml:id="B02845-001-a-7950">had</w>
      <w lemma="but" pos="acp-av" xml:id="B02845-001-a-7960">but</w>
      <w lemma="Troy" pos="n1-nn" rendition="#hi" xml:id="B02845-001-a-7970">Troy</w>
      <w lemma="know" pos="vvn" xml:id="B02845-001-a-7980">known</w>
      <pc xml:id="B02845-001-a-7990">,</pc>
     </l>
     <l xml:id="B02845-e1810">
      <w join="right" lemma="it" pos="pn" xml:id="B02845-001-a-8000">'T</w>
      <w join="left" lemma="will" pos="vmd" xml:id="B02845-001-a-8001">would</w>
      <w lemma="quick" pos="av_j" xml:id="B02845-001-a-8010">quickly</w>
      <w lemma="have" pos="vvb" reg="have" xml:id="B02845-001-a-8020">'ve</w>
      <w lemma="make" pos="vvn" xml:id="B02845-001-a-8030">made</w>
      <w lemma="the" pos="d" xml:id="B02845-001-a-8040">the</w>
      <w lemma="grecian" pos="n2-nn_j" rendition="#hi" xml:id="B02845-001-a-8050">Grecians</w>
      <w lemma="flee" pos="vvd" xml:id="B02845-001-a-8060">fled</w>
      <w lemma="their" pos="po" xml:id="B02845-001-a-8070">their</w>
      <w lemma="town" pos="n1" xml:id="B02845-001-a-8080">Town</w>
      <pc unit="sentence" xml:id="B02845-001-a-8090">.</pc>
     </l>
     <l xml:id="B02845-e1830">
      <w lemma="have" pos="vvd" xml:id="B02845-001-a-8100">Had</w>
      <w lemma="poor" pos="j" xml:id="B02845-001-a-8110">poor</w>
      <w lemma="Ulysses" pos="n1-nn" reg="Ulysses" rendition="#hi" xml:id="B02845-001-a-8120">Vlysses</w>
      <w lemma="hear" pos="vvd" xml:id="B02845-001-a-8130">heard</w>
      <w lemma="but" pos="acp-av" xml:id="B02845-001-a-8140">but</w>
      <w lemma="one" pos="crd" xml:id="B02845-001-a-8150">one</w>
      <w lemma="broadside" pos="n1" reg="broadside" rendition="#hi" xml:id="B02845-001-a-8160">broad-side</w>
      <pc xml:id="B02845-001-a-8170">,</pc>
     </l>
     <l xml:id="B02845-e1860">
      <w lemma="it" pos="pn" xml:id="B02845-001-a-8180">'T</w>
      <w lemma="have" pos="vvd" xml:id="B02845-001-a-8190">had</w>
      <w lemma="make" pos="vvn" xml:id="B02845-001-a-8200">made</w>
      <w lemma="he" pos="pno" xml:id="B02845-001-a-8210">him</w>
      <w lemma="quake" pos="vvi" xml:id="B02845-001-a-8220">quake</w>
      <pc xml:id="B02845-001-a-8230">,</pc>
      <w lemma="and" pos="cc" xml:id="B02845-001-a-8240">and</w>
      <w lemma="be" pos="vvn" xml:id="B02845-001-a-8250">been</w>
      <w lemma="afraid" pos="j" xml:id="B02845-001-a-8260">afraid</w>
      <w lemma="to" pos="to" xml:id="B02845-001-a-8270">to</w>
      <w lemma="ride" pos="vvi" xml:id="B02845-001-a-8280">ride</w>
     </l>
     <l xml:id="B02845-e1870">
      <w lemma="the" pos="d" xml:id="B02845-001-a-8290">The</w>
      <hi xml:id="B02845-e1880">
       <w lemma="grecian" pos="j-nn" xml:id="B02845-001-a-8300">Grecian</w>
       <w lemma="horse" pos="n1" xml:id="B02845-001-a-8310">Horse</w>
      </hi>
      <pc rendition="#follows-hi" xml:id="B02845-001-a-8320">,</pc>
      <w lemma="his" pos="po" xml:id="B02845-001-a-8330">his</w>
      <w lemma="wooden" pos="j" reg="wooden" xml:id="B02845-001-a-8340">wood'n</w>
      <w lemma="Bucephalus" pos="n1-nn" rendition="#hi" xml:id="B02845-001-a-8350">Bucephalus</w>
     </l>
     <l xml:id="B02845-e1900">
      <w lemma="have" pos="vvd" xml:id="B02845-001-a-8360">Had</w>
      <w lemma="be" pos="vvn" xml:id="B02845-001-a-8370">been</w>
      <w lemma="transform" pos="vvn" reg="transformed" xml:id="B02845-001-a-8380">transform'd</w>
      <w lemma="into" pos="acp" xml:id="B02845-001-a-8390">into</w>
      <w lemma="a" pos="d" xml:id="B02845-001-a-8400">a</w>
      <w lemma="Pegasus" pos="n1-nn" rendition="#hi" xml:id="B02845-001-a-8410">Pegasus</w>
      <pc unit="sentence" xml:id="B02845-001-a-8420">.</pc>
     </l>
    </lg>
    <lg xml:id="B02845-e1920">
     <l xml:id="B02845-e1930">
      <w lemma="have" pos="vvd" xml:id="B02845-001-a-8430">Had</w>
      <w lemma="monk" pos="n1" rendition="#hi" xml:id="B02845-001-a-8440">Monk</w>
      <w lemma="but" pos="acp-av" xml:id="B02845-001-a-8450">but</w>
      <w lemma="thunder" pos="vvd" reg="Thundered" rendition="#hi" xml:id="B02845-001-a-8460">Thunder'd</w>
      <w lemma="at" pos="acp" xml:id="B02845-001-a-8470">at</w>
      <w lemma="proud" pos="j" xml:id="B02845-001-a-8480">proud</w>
      <w lemma="Babel" pos="n1g-nn" reg="Babel's" rendition="#hi" xml:id="B02845-001-a-8490">Babels</w>
      <w lemma="wall" pos="n1" reg="Wall" xml:id="B02845-001-a-8500">VVall</w>
      <pc xml:id="B02845-001-a-8510">,</pc>
     </l>
     <l xml:id="B02845-e1970">
      <w lemma="Babel" pos="n1g-nn" reg="Babel's" rendition="#hi" xml:id="B02845-001-a-8520">Babels</w>
      <w lemma="proud" pos="j" xml:id="B02845-001-a-8530">proud</w>
      <w lemma="battlement" pos="n2" xml:id="B02845-001-a-8540">Battlements</w>
      <w lemma="have" pos="vvd" xml:id="B02845-001-a-8550">had</w>
      <w lemma="get" pos="vvn" xml:id="B02845-001-a-8560">got</w>
      <w lemma="a" pos="d" xml:id="B02845-001-a-8570">a</w>
      <w lemma="fall" pos="n1" xml:id="B02845-001-a-8580">fall</w>
      <pc xml:id="B02845-001-a-8590">:</pc>
     </l>
     <l xml:id="B02845-e1990">
      <w lemma="have" pos="vvd" xml:id="B02845-001-a-8600">Had</w>
      <w lemma="the" pos="d" xml:id="B02845-001-a-8610">th'</w>
      <hi xml:id="B02845-e2000">
       <w lemma="great" pos="j" xml:id="B02845-001-a-8620">Great</w>
       <w lemma="colossus" pos="n1" reg="Colossus" xml:id="B02845-001-a-8630">Collossus</w>
      </hi>
      <w lemma="stand" pos="vvd" xml:id="B02845-001-a-8640">stood</w>
      <w lemma="where" pos="crq" xml:id="B02845-001-a-8650">where</w>
      <w lemma="he" pos="pns" xml:id="B02845-001-a-8660">he</w>
      <w lemma="discharge" pos="vvz" xml:id="B02845-001-a-8670">discharges</w>
      <pc xml:id="B02845-001-a-8680">,</pc>
     </l>
     <l xml:id="B02845-e2010">
      <w join="right" lemma="he" pos="pns" xml:id="B02845-001-a-8690">He</w>
      <w join="left" lemma="have" pos="vvd" xml:id="B02845-001-a-8691">'d</w>
      <hi xml:id="B02845-e2020">
       <w lemma="veil" pos="vvn" reg="veiled" xml:id="B02845-001-a-8700">veyl'd</w>
       <w lemma="his" pos="po" xml:id="B02845-001-a-8710">his</w>
       <w lemma="bonnet" pos="n1" xml:id="B02845-001-a-8720">Bonnet</w>
      </hi>
      <w lemma="to" pos="acp" xml:id="B02845-001-a-8730">to</w>
      <w lemma="our" pos="po" xml:id="B02845-001-a-8740">our</w>
      <w lemma="boanarge" pos="n2" xml:id="B02845-001-a-8750">Boanarges</w>
      <pc unit="sentence" xml:id="B02845-001-a-8760">.</pc>
     </l>
    </lg>
    <lg xml:id="B02845-e2030">
     <l xml:id="B02845-e2040">
      <w lemma="the" pos="d" xml:id="B02845-001-a-8770">Th'</w>
      <hi xml:id="B02845-e2050">
       <w lemma="egyptian" pos="j-nn" reg="Egyptian" xml:id="B02845-001-a-8780">Aegyptian</w>
       <w lemma="pyramid" pos="n1" xml:id="B02845-001-a-8790">Pyramid</w>
      </hi>
      <pc join="right" xml:id="B02845-001-a-8800">(</pc>
      <w lemma="who" pos="crq-rg" xml:id="B02845-001-a-8810">whose</w>
      <w lemma="massy" pos="j" reg="massy" xml:id="B02845-001-a-8820">massie</w>
      <w lemma="tower" pos="n1" rendition="#hi" xml:id="B02845-001-a-8830">Tower</w>
      <pc xml:id="B02845-001-a-8840">,</pc>
     </l>
     <l xml:id="B02845-e2070">
      <w lemma="the" pos="d" xml:id="B02845-001-a-8850">The</w>
      <w lemma="jaw" pos="n2" reg="Jaws" xml:id="B02845-001-a-8860">Jawes</w>
      <w lemma="of" pos="acp" xml:id="B02845-001-a-8870">of</w>
      <w lemma="time" pos="n1" xml:id="B02845-001-a-8880">Time</w>
      <w lemma="can" pos="vmd" xml:id="B02845-001-a-8890">could</w>
      <w lemma="never" pos="av-x" xml:id="B02845-001-a-8900">never</w>
      <w lemma="yet" pos="av" xml:id="B02845-001-a-8910">yet</w>
      <w lemma="devour" pos="vvi" xml:id="B02845-001-a-8920">devour</w>
      <pc xml:id="B02845-001-a-8930">)</pc>
     </l>
     <l xml:id="B02845-e2080">
      <w lemma="when" pos="crq" reg="When" xml:id="B02845-001-a-8940">VVhen</w>
      <w lemma="he" pos="pns" xml:id="B02845-001-a-8950">he</w>
      <w lemma="discharge" pos="vvz" xml:id="B02845-001-a-8960">discharges</w>
      <pc xml:id="B02845-001-a-8970">,</pc>
      <w lemma="its" pos="po" xml:id="B02845-001-a-8980">its</w>
      <w lemma="proud" pos="j" xml:id="B02845-001-a-8990">proud</w>
      <w lemma="marble" pos="n2" rendition="#hi" xml:id="B02845-001-a-9000">Marbles</w>
      <w lemma="must" pos="vmb" xml:id="B02845-001-a-9010">must</w>
     </l>
     <l xml:id="B02845-e2100">
      <w lemma="lay" pos="vvi" xml:id="B02845-001-a-9020">Lay</w>
      <w lemma="down" pos="acp-av" xml:id="B02845-001-a-9030">down</w>
      <w lemma="their" pos="po" xml:id="B02845-001-a-9040">their</w>
      <w lemma="palsy" pos="n1" reg="palsy" xml:id="B02845-001-a-9050">palsey</w>
      <w lemma="head" pos="n2" rendition="#hi" xml:id="B02845-001-a-9060">Heads</w>
      <w lemma="within" pos="acp" xml:id="B02845-001-a-9070">within</w>
      <w lemma="the" pos="d" xml:id="B02845-001-a-9080">the</w>
      <w lemma="dust" pos="n1" xml:id="B02845-001-a-9090">Dust</w>
      <pc unit="sentence" xml:id="B02845-001-a-9100">.</pc>
     </l>
    </lg>
    <lg xml:id="B02845-e2120">
     <l xml:id="B02845-e2130">
      <w lemma="great" pos="j" xml:id="B02845-001-a-9110">Great</w>
      <w lemma="conqueror" pos="n2" reg="Conquerors" xml:id="B02845-001-a-9120">Conquerours</w>
      <pc xml:id="B02845-001-a-9130">,</pc>
      <w lemma="can" pos="vmd" xml:id="B02845-001-a-9140">could</w>
      <w lemma="i" pos="pns" xml:id="B02845-001-a-9150">I</w>
      <w lemma="your" pos="po" xml:id="B02845-001-a-9160">your</w>
      <w lemma="worth" pos="n1" xml:id="B02845-001-a-9170">Worth</w>
      <w lemma="indite" pos="vvi" xml:id="B02845-001-a-9180">indite</w>
      <pc xml:id="B02845-001-a-9190">,</pc>
     </l>
     <l xml:id="B02845-e2140">
      <w lemma="the" pos="d" xml:id="B02845-001-a-9200">The</w>
      <w lemma="world" pos="n1" xml:id="B02845-001-a-9210">World</w>
      <w lemma="unworthy" pos="j" xml:id="B02845-001-a-9220">unworthy</w>
      <w lemma="be" pos="vvd" xml:id="B02845-001-a-9230">were</w>
      <w lemma="of" pos="acp" xml:id="B02845-001-a-9240">of</w>
      <w lemma="what" pos="crq" xml:id="B02845-001-a-9250">what</w>
      <w join="right" lemma="i" pos="pns" xml:id="B02845-001-a-9260">I</w>
      <w join="left" lemma="will" pos="vmd" reg="'d" xml:id="B02845-001-a-9261">'de</w>
      <w lemma="wtite" pos="n1" xml:id="B02845-001-a-9270">wtite</w>
      <pc unit="sentence" xml:id="B02845-001-a-9280">.</pc>
     </l>
    </lg>
    <lg xml:id="B02845-e2150">
     <l xml:id="B02845-e2160">
      <w lemma="your" pos="po" xml:id="B02845-001-a-9290">Your</w>
      <w lemma="steely" pos="j" rendition="#hi" xml:id="B02845-001-a-9300">steely</w>
      <w lemma="soldier" pos="n2" reg="Soldiers" xml:id="B02845-001-a-9310">Souldiers</w>
      <w lemma="too" pos="av" xml:id="B02845-001-a-9320">too</w>
      <pc xml:id="B02845-001-a-9330">,</pc>
      <w lemma="i" pos="pns" xml:id="B02845-001-a-9340">I</w>
      <w lemma="dare" pos="vvb" xml:id="B02845-001-a-9350">dare</w>
      <w lemma="but" pos="acp" xml:id="B02845-001-a-9360">but</w>
      <w lemma="name" pos="n1" xml:id="B02845-001-a-9370">name</w>
      <pc xml:id="B02845-001-a-9380">,</pc>
     </l>
     <l xml:id="B02845-e2180">
      <w lemma="for" pos="acp" xml:id="B02845-001-a-9390">For</w>
      <w lemma="fear" pos="vvi" xml:id="B02845-001-a-9400">fear</w>
      <w lemma="i" pos="pns" xml:id="B02845-001-a-9410">I</w>
      <w lemma="over-charge" pos="n1" rendition="#hi" xml:id="B02845-001-a-9420">over-charge</w>
      <w lemma="the" pos="d" xml:id="B02845-001-a-9430">the</w>
      <w lemma="trump" pos="n1" rendition="#hi" xml:id="B02845-001-a-9440">Trump</w>
      <w lemma="of" pos="acp" xml:id="B02845-001-a-9450">of</w>
      <w lemma="fame" pos="n1" rendition="#hi" xml:id="B02845-001-a-9460">Fame</w>
      <pc xml:id="B02845-001-a-9470">,</pc>
     </l>
     <l xml:id="B02845-e2220">
      <w lemma="that" pos="cs" xml:id="B02845-001-a-9480">That</w>
      <w lemma="cause" pos="vvd" reg="caused" xml:id="B02845-001-a-9490">caus'd</w>
      <w lemma="the" pos="d" xml:id="B02845-001-a-9500">the</w>
      <w lemma="world" pos="n1" xml:id="B02845-001-a-9510">World</w>
      <w lemma="proverbial" pos="av_j" xml:id="B02845-001-a-9520">proverbially</w>
      <w lemma="to" pos="to" xml:id="B02845-001-a-9530">to</w>
      <w lemma="say" pos="vvi" xml:id="B02845-001-a-9540">say</w>
      <pc xml:id="B02845-001-a-9550">,</pc>
     </l>
     <l xml:id="B02845-e2230">
      <w lemma="they" pos="pns" xml:id="B02845-001-a-9560">THEY</w>
      <hi xml:id="B02845-e2240">
       <w lemma="fight" pos="vvd" xml:id="B02845-001-a-9570">fought</w>
       <w lemma="like" pos="acp" xml:id="B02845-001-a-9580">like</w>
       <w lemma="englishman" pos="n1-nn" xml:id="B02845-001-a-9590">Englishmen</w>
      </hi>
      <pc rendition="#follows-hi" xml:id="B02845-001-a-9600">,</pc>
      <w lemma="and" pos="cc" xml:id="B02845-001-a-9610">and</w>
      <w lemma="win" pos="vvn" reg="won" xml:id="B02845-001-a-9620">wonn</w>
      <w lemma="the" pos="d" xml:id="B02845-001-a-9630">the</w>
      <w lemma="day" pos="n1" xml:id="B02845-001-a-9640">Day</w>
      <pc unit="sentence" xml:id="B02845-001-a-9650">.</pc>
     </l>
    </lg>
    <lg xml:id="B02845-e2250">
     <l xml:id="B02845-e2260">
      <w lemma="return" pos="vvb" xml:id="B02845-001-a-9660">Return</w>
      <pc xml:id="B02845-001-a-9670">,</pc>
      <w lemma="great" pos="j" xml:id="B02845-001-a-9680">Great</w>
      <w lemma="conqueror" pos="n2" reg="Conquerors" xml:id="B02845-001-a-9690">Conquerours</w>
      <pc xml:id="B02845-001-a-9700">,</pc>
      <w lemma="live" pos="vvb" xml:id="B02845-001-a-9710">live</w>
      <w lemma="man" pos="n2" xml:id="B02845-001-a-9720">Men</w>
      <w lemma="of" pos="acp" xml:id="B02845-001-a-9730">of</w>
      <w lemma="mirror" pos="n1" reg="Mirror" xml:id="B02845-001-a-9740">Mirrour</w>
      <pc xml:id="B02845-001-a-9750">,</pc>
     </l>
     <l xml:id="B02845-e2270">
      <w lemma="England" pos="n1g-nn" reg="England's" rendition="#hi" xml:id="B02845-001-a-9760">Englands</w>
      <w lemma="chief" pos="j" xml:id="B02845-001-a-9770">chief</w>
      <w lemma="glory" pos="n1" xml:id="B02845-001-a-9780">Glory</w>
      <pc xml:id="B02845-001-a-9790">,</pc>
      <w lemma="but" pos="acp" xml:id="B02845-001-a-9800">but</w>
      <w lemma="the" pos="d" xml:id="B02845-001-a-9810">the</w>
      <w lemma="duchess" pos="n1" reg="Duchess" rendition="#hi" xml:id="B02845-001-a-9820">Dutches</w>
      <w lemma="terror" pos="n1" reg="Terror" xml:id="B02845-001-a-9830">Terrour</w>
      <pc unit="sentence" xml:id="B02845-001-a-9840">.</pc>
     </l>
    </lg>
    <lg xml:id="B02845-e2300">
     <l xml:id="B02845-e2310">
      <w lemma="who" pos="crq" reg="Who" xml:id="B02845-001-a-9850">VVho</w>
      <w lemma="have" pos="vvb" xml:id="B02845-001-a-9860">have</w>
      <w lemma="a" pos="d" xml:id="B02845-001-a-9870">a</w>
      <w lemma="Tromp" pos="n1-nn" rendition="#hi" xml:id="B02845-001-a-9880">Tromp</w>
      <w lemma="too" pos="av" xml:id="B02845-001-a-9890">too</w>
      <pc xml:id="B02845-001-a-9900">,</pc>
      <w lemma="but" pos="acp" xml:id="B02845-001-a-9910">but</w>
      <w lemma="the" pos="d" xml:id="B02845-001-a-9920">the</w>
      <w lemma="vvorld" pos="n1g" xml:id="B02845-001-a-9930">VVorld's</w>
      <w lemma="to" pos="to" xml:id="B02845-001-a-9940">to</w>
      <w lemma="blame" pos="vvi" xml:id="B02845-001-a-9950">blame</w>
      <pc xml:id="B02845-001-a-9960">,</pc>
     </l>
     <l xml:id="B02845-e2330">
      <w lemma="if" pos="cs" xml:id="B02845-001-a-9970">If</w>
      <w lemma="ever" pos="av" reg="e'er" xml:id="B02845-001-a-9980">e're</w>
      <w lemma="they" pos="pns" xml:id="B02845-001-a-9990">they</w>
      <w lemma="take" pos="vvb" xml:id="B02845-001-a-10000">take</w>
      <w lemma="he" pos="pno" rendition="#hi" xml:id="B02845-001-a-10010">Him</w>
      <w lemma="for" pos="acp" xml:id="B02845-001-a-10020">for</w>
      <w lemma="the" pos="d" xml:id="B02845-001-a-10030">the</w>
      <w lemma="trump" pos="n1" rendition="#hi" xml:id="B02845-001-a-10040">Trump</w>
      <w lemma="of" pos="acp" xml:id="B02845-001-a-10050">of</w>
      <w lemma="fame" pos="n1" rendition="#hi" xml:id="B02845-001-a-10060">Fame</w>
      <pc unit="sentence" xml:id="B02845-001-a-10070">.</pc>
     </l>
    </lg>
    <trailer xml:id="B02845-e2370">
     <w lemma="finis" pos="f-la" xml:id="B02845-001-a-10080">Finis</w>
     <pc unit="sentence" xml:id="B02845-001-a-10090">.</pc>
    </trailer>
   </div>
  </body>
  <back xml:id="B02845-e2380">
   <div type="colophon" xml:id="B02845-e2390">
    <p xml:id="B02845-e2400">
     <w lemma="license" pos="vvn" reg="Licenced" rendition="#hi" xml:id="B02845-001-a-10100">Licensed</w>
     <w lemma="Aug." pos="n1-nn" xml:id="B02845-001-a-10110">Aug.</w>
     <w lemma="20." pos="crd" xml:id="B02845-001-a-10120">20.</w>
     <pc unit="sentence" xml:id="B02845-001-a-10130"/>
     <hi xml:id="B02845-e2420">
      <w lemma="Roger" pos="n1-nn" xml:id="B02845-001-a-10140">Roger</w>
      <w lemma="L'Estrange" pos="n1-nn" xml:id="B02845-001-a-10150">L'Estrange</w>
      <pc unit="sentence" xml:id="B02845-001-a-10160">.</pc>
      <w lemma="LONDON" pos="n1-nn" xml:id="B02845-001-a-10170">LONDON</w>
     </hi>
     <pc rendition="#follows-hi" xml:id="B02845-001-a-10180">,</pc>
     <w lemma="print" pos="vvn" xml:id="B02845-001-a-10190">Printed</w>
     <w lemma="by" pos="acp" xml:id="B02845-001-a-10200">by</w>
     <hi xml:id="B02845-e2430">
      <w lemma="t." pos="ab" xml:id="B02845-001-a-10210">T.</w>
      <w lemma="Leach" pos="n1-nn" xml:id="B02845-001-a-10220">Leach</w>
     </hi>
     <pc rendition="#follows-hi" xml:id="B02845-001-a-10230">,</pc>
     <w lemma="in" pos="acp" xml:id="B02845-001-a-10240">in</w>
     <w lemma="shooe-lane" pos="n1" rendition="#hi" xml:id="B02845-001-a-10250">Shooe-Lane</w>
     <pc xml:id="B02845-001-a-10260">,</pc>
     <w lemma="1666." pos="crd" xml:id="B02845-001-a-10270">1666.</w>
     <pc unit="sentence" xml:id="B02845-001-a-10280"/>
    </p>
   </div>
  </back>
 </text>
</TEI>
