<?xml version="1.0" encoding="UTF-8"?>
<?xml-model href="http://schemata.earlyprint.org/schemata/tei_earlyprint.rng" type="application/xml" schematypens="http://relaxng.org/ns/structure/1.0"?>
<TEI xmlns="http://www.tei-c.org/ns/1.0" xml:id="B03109">
 <teiHeader>
  <fileDesc>
   <titleStmt>
    <title>Englands tryumph, and Hollands downfall; or, the second royal victory, obtained upon the Hollanders fleet, in a sea-fight, by the King of Great Brittains [sic] Royal Navy, under the conduct of his Highness Prince Rupert, and his Grace, George Duke of Albemarle; as it was heroically fought, and undoubtfully disputed on the 1, 2d, 3d, &amp; 4th of June, 1666. To the tune of, A fig for France and Holland too, &amp;c.</title>
   </titleStmt>
   <editionStmt>
    <edition>This text is an enriched version of the TCP digital transcription B03109 of text R176717 in the <ref target="http;//estc.bl.uk">English Short Title Catalog</ref> (Wing E3060A). Textual changes  and metadata enrichments aim at making the                             text more  computationally tractable, easier to read, and suitable for network-based collaborative                              curation by amateur and professional end users from many walks of life.  The text has been tokenized and linguistically annotated with <ref target="http://morphadorner.northwestern.edu/morphadorner/">MorphAdorner</ref>. The annotation includes standard spellings that support the display of a text in                             a standardized format that preserves archaic forms ('loveth', 'seekest').                              Textual changes aim at restoring the text the author or stationer meant to publish.</edition>
    <respStmt>
     <resp>This text has not been fully proofread</resp>
     <name/>
    </respStmt>
   </editionStmt>
   <extent>Approx. 7 KB of XML-encoded text transcribed from 1 1-bit group-IV TIFF page image.</extent>
   <publicationStmt>
    <publisher>EarlyPrint Project</publisher>
    <pubPlace>Evanston,IL, Notre Dame, IN, St. Louis, MO</pubPlace>
    <date>2018</date>
    <idno type="DLPS">B03109</idno>
    <idno type="STC">Wing E3060A</idno>
    <idno type="STC">ESTC R176717</idno>
    <idno type="EEBO-CITATION">47012426</idno>
    <idno type="OCLC">ocm 47012426</idno>
    <idno type="VID">174395</idno>
    <availability>
     <p>
            This keyboarded and encoded edition of the work described above is co-owned by the institutions providing financial support to the Early English Books Online Text Creation Partnership. This Phase I text is available for reuse, according to the terms of
            <ref target="https://creativecommons.org/publicdomain/zero/1.0/">Creative Commons 0 1.0 Universal</ref>
            . The text can be copied, modified, distributed and performed, even for commercial purposes, all without asking permission.
          </p>
    </availability>
   </publicationStmt>
   <seriesStmt>
    <title>Early English books online.</title>
   </seriesStmt>
   <notesStmt>
    <note>(EEBO-TCP ; phase 1, no. B03109)</note>
    <note>Transcribed from: (Early English Books Online ; image set 174395)</note>
    <note>Images scanned from microfilm: (Early English Books, 1641-1700 ; 2687:12)</note>
   </notesStmt>
   <sourceDesc>
    <biblFull>
     <titleStmt>
      <title>Englands tryumph, and Hollands downfall; or, the second royal victory, obtained upon the Hollanders fleet, in a sea-fight, by the King of Great Brittains [sic] Royal Navy, under the conduct of his Highness Prince Rupert, and his Grace, George Duke of Albemarle; as it was heroically fought, and undoubtfully disputed on the 1, 2d, 3d, &amp; 4th of June, 1666. To the tune of, A fig for France and Holland too, &amp;c.</title>
     </titleStmt>
     <extent>1 sheet ([1] p.) : ill.</extent>
     <publicationStmt>
      <publisher>Printed for F. Coles, T. Vere, and J. Wright.,</publisher>
      <pubPlace>London, :</pubPlace>
      <date>[1666?]</date>
     </publicationStmt>
     <notesStmt>
      <note>Contains 4 illustrations.</note>
      <note>Date of publication taken from Wing (2nd ed.)</note>
      <note>Right half sheet contains "The second part, to the same tune."</note>
      <note>Reproduction of original in: University of Glasgow. Library.</note>
     </notesStmt>
    </biblFull>
   </sourceDesc>
  </fileDesc>
  <profileDesc>
   <langUsage>
    <language ident="eng">eng</language>
   </langUsage>
   <textClass>
    <keywords scheme="http://authorities.loc.gov/">
     <term>Rupert, -- Prince, Count Palatine, 1619-1682 -- Poetry.</term>
     <term>Albemarle, George Monck, -- Duke of, 1608-1670 -- Poetry.</term>
     <term>Ballads, English -- 17th century.</term>
     <term>Four Days' Battle, England, 1666 -- Poetry.</term>
     <term>Anglo-Dutch War, 1664-1667 -- Campaigns -- North Sea.</term>
     <term>Great Britain -- History, Naval -- Stuarts, 1603-1714 -- Poetry.</term>
     <term>Broadsides -- England -- 17th century.</term>
    </keywords>
   </textClass>
  </profileDesc>
  <xenoData>
   <ep:epHeader xmlns:ep="http://earlyprint.org/ns/1.0">
    <ep:corpus>eebo</ep:corpus>
    <ep:title>Englands tryumph, and Hollands downfall; or, The second royal victory, obtained upon the Hollanders fleet, in a sea-fight, by the King of Great Britta</ep:title>
    <ep:author>[no entry]</ep:author>
    <ep:publicationYear>1666</ep:publicationYear>
    <ep:creationYear/>
    <ep:curator>
     <ep:name/>
    </ep:curator>
    <ep:pageCount>1</ep:pageCount>
    <ep:wordCount>934</ep:wordCount>
    <ep:defectiveTokenCount>2</ep:defectiveTokenCount>
    <ep:untranscribedForeignCount>0</ep:untranscribedForeignCount>
    <ep:untranscribedMathCount>0</ep:untranscribedMathCount>
    <ep:untranscribedMusicCount>0</ep:untranscribedMusicCount>
    <ep:missingChunkCount>0</ep:missingChunkCount>
    <ep:missingPagesCount>0</ep:missingPagesCount>
    <ep:defectRate>21.41</ep:defectRate>
    <ep:finalGrade>C</ep:finalGrade>
    <ep:defectRangePerGrade> The  rate of 21.41 defects per 10,000 words puts this text in the C category of texts with between 10 and 35 defects per 10,000 words.</ep:defectRangePerGrade>
   </ep:epHeader>
  </xenoData>
  <revisionDesc>
   <change><date>2008-09</date><label>TCP</label>
        Assigned for keying and markup
      </change>
   <change><date>2008-11</date><label>SPi Global</label>
        Keyed and coded from ProQuest page images
      </change>
   <change><date>2009-01</date><label>Mona Logarbo</label>
        Sampled and proofread
      </change>
   <change><date>2009-01</date><label>Mona Logarbo</label>
        Text and markup reviewed and edited
      </change>
   <change><date>2009-02</date><label>pfs</label>
        Batch review (QC) and XML conversion
      </change>
  </revisionDesc>
 </teiHeader>
 <text xml:id="B03109-t">
  <body xml:id="B03109-e0">
   <div type="ballad" xml:id="B03109-e10">
    <pb facs="tcp:174395:1" xml:id="B03109-001-a"/>
    <head xml:id="B03109-e20">
     <w lemma="England" pos="n1g-nn" reg="England's" xml:id="B03109-001-a-0010">Englands</w>
     <w lemma="triumph" pos="n1" reg="Triumph" xml:id="B03109-001-a-0020">Tryumph</w>
     <pc xml:id="B03109-001-a-0030">,</pc>
     <w lemma="and" pos="cc" xml:id="B03109-001-a-0040">and</w>
     <w lemma="Holland" pos="n1g-nn" reg="Holland's" xml:id="B03109-001-a-0050">Hollands</w>
     <w lemma="downfall" pos="n1" xml:id="B03109-001-a-0060">Downfall</w>
     <pc xml:id="B03109-001-a-0070">;</pc>
    </head>
    <head type="sub" xml:id="B03109-e30">
     <w lemma="or" pos="cc" xml:id="B03109-001-a-0080">OR</w>
     <pc xml:id="B03109-001-a-0090">,</pc>
     <w lemma="the" pos="d" xml:id="B03109-001-a-0100">The</w>
     <w lemma="second" pos="ord" xml:id="B03109-001-a-0110">Second</w>
     <w lemma="royal" pos="j" xml:id="B03109-001-a-0120">Royal</w>
     <w lemma="victory" pos="n1" xml:id="B03109-001-a-0130">VICTORY</w>
     <pc xml:id="B03109-001-a-0140">,</pc>
     <w lemma="obtain" pos="vvn" xml:id="B03109-001-a-0150">Obtained</w>
     <w lemma="upon" pos="acp" xml:id="B03109-001-a-0160">upon</w>
     <w lemma="the" pos="d" xml:id="B03109-001-a-0170">the</w>
     <w lemma="hollander" pos="n2-nn" rendition="#hi" xml:id="B03109-001-a-0180">Hollanders</w>
     <w lemma="fleet" pos="n1" xml:id="B03109-001-a-0190">Fleet</w>
     <pc xml:id="B03109-001-a-0200">,</pc>
     <w lemma="in" pos="acp" xml:id="B03109-001-a-0210">in</w>
     <w lemma="a" pos="d" xml:id="B03109-001-a-0220">a</w>
     <w lemma="sea-fight" pos="n1" xml:id="B03109-001-a-0230">Sea-Fight</w>
     <pc xml:id="B03109-001-a-0240">,</pc>
     <w lemma="by" pos="acp" xml:id="B03109-001-a-0250">by</w>
     <w lemma="the" pos="d" xml:id="B03109-001-a-0260">the</w>
     <w lemma="king" pos="n1" xml:id="B03109-001-a-0270">King</w>
     <w lemma="of" pos="acp" xml:id="B03109-001-a-0280">of</w>
     <w lemma="great" pos="j" xml:id="B03109-001-a-0290">Great</w>
     <w lemma="Britain" pos="n1g-nn" reg="Britain's" rendition="#hi" xml:id="B03109-001-a-0300">Brittains</w>
     <w lemma="royal" pos="j" xml:id="B03109-001-a-0310">Royal</w>
     <w lemma="navy" pos="n1" xml:id="B03109-001-a-0320">Navy</w>
     <pc xml:id="B03109-001-a-0330">,</pc>
     <w lemma="under" pos="acp" xml:id="B03109-001-a-0340">under</w>
     <w lemma="the" pos="d" xml:id="B03109-001-a-0350">the</w>
     <w lemma="conduct" pos="n1" xml:id="B03109-001-a-0360">Conduct</w>
     <w lemma="of" pos="acp" xml:id="B03109-001-a-0370">of</w>
     <w lemma="his" pos="po" xml:id="B03109-001-a-0380">his</w>
     <w lemma="highness" pos="n1g" reg="Highness'" xml:id="B03109-001-a-0390">Highness</w>
     <w lemma="prince" pos="n1" xml:id="B03109-001-a-0400">Prince</w>
     <w lemma="rupert" pos="n1-nn" rendition="#hi" xml:id="B03109-001-a-0410">Rupert</w>
     <pc xml:id="B03109-001-a-0420">,</pc>
     <w lemma="and" pos="cc" xml:id="B03109-001-a-0430">and</w>
     <w lemma="his" pos="po" xml:id="B03109-001-a-0440">his</w>
     <w lemma="grace" pos="n1" xml:id="B03109-001-a-0450">Grace</w>
     <pc xml:id="B03109-001-a-0460">,</pc>
     <w lemma="George" pos="n1-nn" rendition="#hi" xml:id="B03109-001-a-0470">George</w>
     <w lemma="duke" pos="n1" xml:id="B03109-001-a-0480">Duke</w>
     <w lemma="of" pos="acp" xml:id="B03109-001-a-0490">of</w>
     <w lemma="albemarle" pos="n1-nn" rendition="#hi" xml:id="B03109-001-a-0500">Albemarle</w>
     <pc xml:id="B03109-001-a-0510">;</pc>
     <w lemma="as" pos="acp" xml:id="B03109-001-a-0520">as</w>
     <w lemma="it" pos="pn" xml:id="B03109-001-a-0530">it</w>
     <w lemma="be" pos="vvd" xml:id="B03109-001-a-0540">was</w>
     <w lemma="heroical" pos="av_j" xml:id="B03109-001-a-0550">Heroically</w>
     <w lemma="fight" pos="vvn" xml:id="B03109-001-a-0560">Fought</w>
     <pc xml:id="B03109-001-a-0570">,</pc>
     <w lemma="and" pos="cc" xml:id="B03109-001-a-0580">and</w>
     <w lemma="undoubtful" pos="av_j" xml:id="B03109-001-a-0590">undoubtfully</w>
     <w lemma="dispute" pos="vvn" xml:id="B03109-001-a-0600">Disputed</w>
     <w lemma="on" pos="acp" xml:id="B03109-001-a-0610">on</w>
     <date xml:id="B03109-e90">
      <w lemma="the" pos="d" xml:id="B03109-001-a-0620">the</w>
      <w lemma="1" pos="crd" xml:id="B03109-001-a-0630">1</w>
      <pc xml:id="B03109-001-a-0640">,</pc>
      <w lemma="2d" pos="crd" xml:id="B03109-001-a-0650">2d</w>
      <pc xml:id="B03109-001-a-0660">,</pc>
      <w lemma="3d" pos="crd" xml:id="B03109-001-a-0670">3d</w>
      <pc xml:id="B03109-001-a-0680">,</pc>
      <w lemma="&amp;" pos="cc" xml:id="B03109-001-a-0690">&amp;</w>
      <w lemma="four" pos="ord" xml:id="B03109-001-a-0700">4th</w>
      <w lemma="of" pos="acp" xml:id="B03109-001-a-0710">of</w>
      <w lemma="June" pos="n1-nn" rendition="#hi" xml:id="B03109-001-a-0720">June</w>
      <pc xml:id="B03109-001-a-0730">,</pc>
      <w lemma="1666." pos="crd" xml:id="B03109-001-a-0740">1666.</w>
      <pc unit="sentence" xml:id="B03109-001-a-0750"/>
     </date>
    </head>
    <opener xml:id="B03109-e110">
     <w lemma="to" pos="to" xml:id="B03109-001-a-0760">To</w>
     <w lemma="the" pos="d" xml:id="B03109-001-a-0770">the</w>
     <w lemma="tune" pos="n1" xml:id="B03109-001-a-0780">tune</w>
     <w lemma="of" pos="acp" xml:id="B03109-001-a-0790">of</w>
     <pc xml:id="B03109-001-a-0800">,</pc>
     <hi xml:id="B03109-e120">
      <w lemma="a" pos="d" xml:id="B03109-001-a-0810">A</w>
      <w lemma="fig" pos="n1" xml:id="B03109-001-a-0820">Fig</w>
      <w lemma="for" pos="acp" xml:id="B03109-001-a-0830">for</w>
      <w lemma="France" pos="n1-nn" xml:id="B03109-001-a-0840">France</w>
      <w lemma="and" pos="cc" xml:id="B03109-001-a-0850">and</w>
      <w lemma="Holland" pos="n1-nn" xml:id="B03109-001-a-0860">Holland</w>
      <w lemma="too" pos="av" xml:id="B03109-001-a-0870">too</w>
      <pc xml:id="B03109-001-a-0880">,</pc>
      <w lemma="etc." pos="ab" reg="etc." xml:id="B03109-001-a-0890">&amp;c.</w>
      <pc unit="sentence" xml:id="B03109-001-a-0900"/>
     </hi>
    </opener>
    <div n="1" type="part" xml:id="B03109-e130">
     <p xml:id="B03109-e140">
      <figure xml:id="B03109-e150"/>
      <figure xml:id="B03109-e160"/>
     </p>
     <lg xml:id="B03109-e170">
      <l xml:id="B03109-e180">
       <w lemma="string" pos="n1" xml:id="B03109-001-a-0910">STring</w>
       <w lemma="up" pos="acp-av" xml:id="B03109-001-a-0920">up</w>
       <w lemma="your" pos="po" xml:id="B03109-001-a-0930">your</w>
       <w lemma="heart" pos="n2" xml:id="B03109-001-a-0940">hearts</w>
       <pc xml:id="B03109-001-a-0950">,</pc>
       <w lemma="&amp;" pos="cc" xml:id="B03109-001-a-0960">&amp;</w>
       <w lemma="tune" pos="vvi" xml:id="B03109-001-a-0970">tune</w>
       <w lemma="your" pos="po" xml:id="B03109-001-a-0980">your</w>
       <w lemma="throat" pos="n2" xml:id="B03109-001-a-0990">throats</w>
       <pc xml:id="B03109-001-a-1000">,</pc>
      </l>
      <l xml:id="B03109-e190">
       <w lemma="with" pos="acp" xml:id="B03109-001-a-1010">With</w>
       <w lemma="merry" pos="j" xml:id="B03109-001-a-1020">merry</w>
       <w lemma="and" pos="cc" xml:id="B03109-001-a-1030">and</w>
       <w lemma="triumphant" pos="j" xml:id="B03109-001-a-1040">triumphant</w>
       <w lemma="note" pos="n2" xml:id="B03109-001-a-1050">Notes</w>
       <pc xml:id="B03109-001-a-1060">;</pc>
      </l>
      <l xml:id="B03109-e200">
       <w lemma="send" pos="vvb" xml:id="B03109-001-a-1070">Send</w>
       <w lemma="sorrow" pos="n1" xml:id="B03109-001-a-1080">sorrow</w>
       <w lemma="from" pos="acp" xml:id="B03109-001-a-1090">from</w>
       <w lemma="your" pos="po" xml:id="B03109-001-a-1100">your</w>
       <w lemma="soul" pos="n2" xml:id="B03109-001-a-1110">Souls</w>
       <w lemma="away" pos="av" xml:id="B03109-001-a-1120">away</w>
       <pc xml:id="B03109-001-a-1130">,</pc>
      </l>
      <l xml:id="B03109-e210">
       <w lemma="you" pos="pn" xml:id="B03109-001-a-1140">You</w>
       <w lemma="never" pos="av-x" xml:id="B03109-001-a-1150">never</w>
       <w lemma="have" pos="vvd" xml:id="B03109-001-a-1160">had</w>
       <w lemma="more" pos="d-c" xml:id="B03109-001-a-1170">more</w>
       <w lemma="cause" pos="n1" xml:id="B03109-001-a-1180">cause</w>
       <w lemma="for" pos="acp" xml:id="B03109-001-a-1190">for</w>
       <w lemma="joy" pos="n1" reg="joy" xml:id="B03109-001-a-1200">Ioy</w>
       <pc xml:id="B03109-001-a-1210">:</pc>
      </l>
      <l xml:id="B03109-e220">
       <w lemma="the" pos="d" xml:id="B03109-001-a-1220">The</w>
       <w lemma="créeple" pos="n1" xml:id="B03109-001-a-1230">Créeple</w>
       <w lemma="may" pos="vmb" xml:id="B03109-001-a-1240">may</w>
       <w lemma="cast" pos="vvi" xml:id="B03109-001-a-1250">cast</w>
       <w lemma="away" pos="av" xml:id="B03109-001-a-1260">away</w>
       <w lemma="his" pos="po" xml:id="B03109-001-a-1270">his</w>
       <w lemma="crutch" pos="n1" xml:id="B03109-001-a-1280">Crutch</w>
       <pc xml:id="B03109-001-a-1290">,</pc>
      </l>
      <l xml:id="B03109-e230">
       <w lemma="and" pos="cc" xml:id="B03109-001-a-1300">And</w>
       <w lemma="dance" pos="vvi" xml:id="B03109-001-a-1310">dance</w>
       <w lemma="the" pos="d" xml:id="B03109-001-a-1320">the</w>
       <w lemma="downfall" pos="n1" reg="Downfall" xml:id="B03109-001-a-1330">Downfal</w>
       <w lemma="of" pos="acp" xml:id="B03109-001-a-1340">of</w>
       <w lemma="the" pos="d" xml:id="B03109-001-a-1350">the</w>
       <w lemma="dutch" pos="j-nn" rendition="#hi" xml:id="B03109-001-a-1360">Dutch</w>
      </l>
      <lg type="refrain" xml:id="B03109-e250">
       <l xml:id="B03109-e260">
        <hi xml:id="B03109-e270">
         <w lemma="great" pos="j" xml:id="B03109-001-a-1370">Great</w>
         <w lemma="Britain" pos="n1-nn" reg="Britain" rendition="#hi" xml:id="B03109-001-a-1380">Brittain</w>
         <w lemma="now" pos="av" xml:id="B03109-001-a-1390">now</w>
         <w lemma="may" pos="vmb" xml:id="B03109-001-a-1400">may</w>
         <w lemma="take" pos="vvi" xml:id="B03109-001-a-1410">take</w>
         <w lemma="its" pos="po" reg="its" xml:id="B03109-001-a-1420">it's</w>
         <w lemma="ease" pos="n1" xml:id="B03109-001-a-1430">ease</w>
         <pc xml:id="B03109-001-a-1440">,</pc>
        </hi>
       </l>
       <l xml:id="B03109-e290">
        <hi xml:id="B03109-e300">
         <w lemma="king" pos="n1" xml:id="B03109-001-a-1450">King</w>
         <w lemma="Charles" pos="n1-nn" rendition="#hi" xml:id="B03109-001-a-1460">Charles</w>
         <w lemma="be" pos="vvz" xml:id="B03109-001-a-1470">is</w>
         <w lemma="sovereign" pos="j" reg="Sovereign" xml:id="B03109-001-a-1480">Soveraign</w>
         <w lemma="of" pos="acp" xml:id="B03109-001-a-1490">of</w>
         <w lemma="the" pos="d" xml:id="B03109-001-a-1500">the</w>
         <w lemma="sea" pos="n2" xml:id="B03109-001-a-1510">Seas</w>
         <pc unit="sentence" xml:id="B03109-001-a-1520">.</pc>
        </hi>
       </l>
      </lg>
     </lg>
     <lg xml:id="B03109-e320">
      <l xml:id="B03109-e330">
       <w lemma="the" pos="d" xml:id="B03109-001-a-1530">The</w>
       <w lemma="first" pos="ord" xml:id="B03109-001-a-1540">First</w>
       <w lemma="and" pos="cc" xml:id="B03109-001-a-1550">and</w>
       <w lemma="second" pos="ord" xml:id="B03109-001-a-1560">Second</w>
       <w lemma="day" pos="n1" xml:id="B03109-001-a-1570">day</w>
       <w lemma="of" pos="acp" xml:id="B03109-001-a-1580">of</w>
       <w lemma="June" pos="n1-nn" rendition="#hi" xml:id="B03109-001-a-1590">June</w>
       <pc xml:id="B03109-001-a-1600">,</pc>
      </l>
      <l xml:id="B03109-e350">
       <w lemma="put" pos="vvb" xml:id="B03109-001-a-1610">Put</w>
       <w lemma="Holland" pos="n1g-nn" rendition="#hi" xml:id="B03109-001-a-1620">Holland's</w>
       <w lemma="trumpet" pos="n2" xml:id="B03109-001-a-1630">Trumpets</w>
       <w lemma="out" pos="av" xml:id="B03109-001-a-1640">out</w>
       <w lemma="of" pos="acp" xml:id="B03109-001-a-1650">of</w>
       <w lemma="tune" pos="n1" xml:id="B03109-001-a-1660">Tune</w>
       <pc xml:id="B03109-001-a-1670">;</pc>
      </l>
      <l xml:id="B03109-e370">
       <w lemma="prince" pos="n1" xml:id="B03109-001-a-1680">Prince</w>
       <w lemma="rupert" pos="n1-nn" rendition="#hi" xml:id="B03109-001-a-1690">Rupert</w>
       <w lemma="and" pos="cc" xml:id="B03109-001-a-1700">and</w>
       <w lemma="the" pos="d" xml:id="B03109-001-a-1710">the</w>
       <w lemma="duke" pos="n1" rendition="#hi" xml:id="B03109-001-a-1720">Duke</w>
       <w lemma="too" pos="av" xml:id="B03109-001-a-1730">too</w>
       <w lemma="boot" pos="n1" xml:id="B03109-001-a-1740">boot</w>
       <pc xml:id="B03109-001-a-1750">,</pc>
      </l>
      <l xml:id="B03109-e400">
       <w lemma="have" pos="vvb" xml:id="B03109-001-a-1760">Have</w>
       <w lemma="give" pos="vvn" xml:id="B03109-001-a-1770">given</w>
       <w lemma="the" pos="d" xml:id="B03109-001-a-1780">the</w>
       <w lemma="dutchman" pos="n2-nn" reg="Dutchmen" rendition="#hi" xml:id="B03109-001-a-1790">Dutch-men</w>
       <w lemma="all" pos="vvb" xml:id="B03109-001-a-1800">all</w>
       <w lemma="the" pos="d" xml:id="B03109-001-a-1810">the</w>
       <w lemma="rout" pos="n1" xml:id="B03109-001-a-1820">Rout</w>
       <pc xml:id="B03109-001-a-1830">:</pc>
      </l>
      <l xml:id="B03109-e420">
       <w lemma="so" pos="av" xml:id="B03109-001-a-1840">So</w>
       <w lemma="bloody" pos="av_j" reg="bloodily" xml:id="B03109-001-a-1850">bloudily</w>
       <w lemma="they" pos="pns" xml:id="B03109-001-a-1860">they</w>
       <w lemma="cut" pos="vvd" xml:id="B03109-001-a-1870">cut</w>
       <w lemma="their" pos="po" xml:id="B03109-001-a-1880">their</w>
       <w lemma="coat" pos="n2" xml:id="B03109-001-a-1890">Coats</w>
       <pc xml:id="B03109-001-a-1900">,</pc>
      </l>
      <l xml:id="B03109-e430">
       <w lemma="and" pos="cc" xml:id="B03109-001-a-1910">And</w>
       <w lemma="bruise" pos="vvn" reg="bruised" xml:id="B03109-001-a-1920">bruis'd</w>
       <w lemma="&amp;" pos="cc" xml:id="B03109-001-a-1930">&amp;</w>
       <w lemma="bang" pos="vvn" reg="banged" xml:id="B03109-001-a-1940">bang'd</w>
       <pc xml:id="B03109-001-a-1950">,</pc>
       <w lemma="&amp;" pos="cc" xml:id="B03109-001-a-1960">&amp;</w>
       <w lemma="burn" pos="vvd" reg="burned" xml:id="B03109-001-a-1970">burn'd</w>
       <w lemma="their" pos="po" xml:id="B03109-001-a-1980">their</w>
       <w lemma="boat" pos="n2" xml:id="B03109-001-a-1990">Boats</w>
       <pc xml:id="B03109-001-a-2000">,</pc>
      </l>
      <lg type="refrain" xml:id="B03109-e440">
       <l xml:id="B03109-e450">
        <hi xml:id="B03109-e460">
         <w lemma="they" pos="pns" xml:id="B03109-001-a-2010">They</w>
         <w lemma="never" pos="av-x" reg="ne'er" xml:id="B03109-001-a-2020">ne're</w>
         <w lemma="will" pos="vmb" xml:id="B03109-001-a-2030">will</w>
         <w lemma="offer" pos="vvi" xml:id="B03109-001-a-2040">offer</w>
         <w lemma="to" pos="to" xml:id="B03109-001-a-2050">to</w>
         <w lemma="displease" pos="vvi" xml:id="B03109-001-a-2060">displease</w>
         <pc xml:id="B03109-001-a-2070">,</pc>
        </hi>
       </l>
       <l xml:id="B03109-e470">
        <hi xml:id="B03109-e480">
         <w lemma="king" pos="n1" xml:id="B03109-001-a-2080">King</w>
         <w lemma="Charles" pos="n1-nn" rendition="#hi" xml:id="B03109-001-a-2090">Charles</w>
         <w lemma="their" pos="po" xml:id="B03109-001-a-2100">their</w>
         <w lemma="sovereign" pos="n1_j" reg="Sovereign" xml:id="B03109-001-a-2110">Soveraign</w>
         <w lemma="of" pos="acp" xml:id="B03109-001-a-2120">of</w>
         <w lemma="the" pos="d" xml:id="B03109-001-a-2130">the</w>
         <w lemma="sea" pos="n2" xml:id="B03109-001-a-2140">Seas</w>
         <pc unit="sentence" xml:id="B03109-001-a-2150">.</pc>
        </hi>
       </l>
      </lg>
     </lg>
     <lg xml:id="B03109-e500">
      <l xml:id="B03109-e510">
       <w lemma="if" pos="cs" xml:id="B03109-001-a-2160">If</w>
       <w lemma="number" pos="n1" xml:id="B03109-001-a-2170">Number</w>
       <w lemma="will" pos="vmd" xml:id="B03109-001-a-2180">would</w>
       <w lemma="have" pos="vvi" xml:id="B03109-001-a-2190">have</w>
       <w lemma="win" pos="vvn" xml:id="B03109-001-a-2200">won</w>
       <w lemma="the" pos="d" xml:id="B03109-001-a-2210">the</w>
       <w lemma="day" pos="n1" xml:id="B03109-001-a-2220">Day</w>
       <pc xml:id="B03109-001-a-2230">,</pc>
      </l>
      <l xml:id="B03109-e520">
       <w lemma="we" pos="pns" xml:id="B03109-001-a-2240">We</w>
       <w lemma="be" pos="vvd" xml:id="B03109-001-a-2250">were</w>
       <w lemma="less" pos="av-c_d" xml:id="B03109-001-a-2260">less</w>
       <w lemma="numerous" pos="j" xml:id="B03109-001-a-2270">Numerous</w>
       <w lemma="than" pos="cs" reg="than" xml:id="B03109-001-a-2280">then</w>
       <w lemma="they" pos="pns" xml:id="B03109-001-a-2290">they</w>
       <pc xml:id="B03109-001-a-2300">;</pc>
      </l>
      <l xml:id="B03109-e530">
       <w lemma="when" pos="crq" xml:id="B03109-001-a-2310">When</w>
       <w lemma="sixtéen" pos="j" xml:id="B03109-001-a-2320">Sixtéen</w>
       <w lemma="Zealand" pos="n1-nn" rendition="#hi" xml:id="B03109-001-a-2330">Zealand</w>
       <w lemma="ship" pos="n2" xml:id="B03109-001-a-2340">Ships</w>
       <w lemma="come" pos="vvd" xml:id="B03109-001-a-2350">came</w>
       <w lemma="in" pos="acp" xml:id="B03109-001-a-2360">in</w>
       <pc xml:id="B03109-001-a-2370">,</pc>
      </l>
      <l xml:id="B03109-e550">
       <w lemma="if" pos="cs" xml:id="B03109-001-a-2380">If</w>
       <w lemma="odds" pos="n2" xml:id="B03109-001-a-2390">odds</w>
       <w lemma="will" pos="vmd" xml:id="B03109-001-a-2400">would</w>
       <w join="right" lemma="do" pos="vvi" reg="do" xml:id="B03109-001-a-2410">doo</w>
       <w join="left" lemma="it" pos="pn" xml:id="B03109-001-a-2411">'t</w>
       <pc xml:id="B03109-001-a-2420">,</pc>
       <w lemma="they" pos="pns" xml:id="B03109-001-a-2430">they</w>
       <w lemma="needs" pos="av" reg="needs" xml:id="B03109-001-a-2440">néeds</w>
       <w lemma="must" pos="vmb" xml:id="B03109-001-a-2450">must</w>
       <w lemma="win" pos="vvi" xml:id="B03109-001-a-2460">win</w>
       <pc xml:id="B03109-001-a-2470">:</pc>
      </l>
      <l xml:id="B03109-e560">
       <w lemma="for" pos="acp" xml:id="B03109-001-a-2480">For</w>
       <w lemma="they" pos="pns" xml:id="B03109-001-a-2490">they</w>
       <w lemma="be" pos="vvd" xml:id="B03109-001-a-2500">were</w>
       <w lemma="ninety" pos="crd" xml:id="B03109-001-a-2510">Ninety</w>
       <w lemma="six" pos="crd" xml:id="B03109-001-a-2520">Six</w>
       <w lemma="complete" pos="j" reg="complete" xml:id="B03109-001-a-2530">compleate</w>
       <pc xml:id="B03109-001-a-2540">,</pc>
      </l>
      <l xml:id="B03109-e570">
       <w lemma="but" pos="acp" xml:id="B03109-001-a-2550">But</w>
       <w lemma="who" pos="crq-q" xml:id="B03109-001-a-2560">who</w>
       <w lemma="can" pos="vmb" xml:id="B03109-001-a-2570">can</w>
       <w lemma="save" pos="vvi" xml:id="B03109-001-a-2580">save</w>
       <pc xml:id="B03109-001-a-2590">,</pc>
       <w lemma="who" pos="crq-ro" xml:id="B03109-001-a-2600">whom</w>
       <w lemma="heaven" pos="n1" xml:id="B03109-001-a-2610">Heaven</w>
       <w lemma="will" pos="vmb" xml:id="B03109-001-a-2620">will</w>
       <w lemma="beat" pos="vvi" xml:id="B03109-001-a-2630">beat</w>
       <pc unit="sentence" xml:id="B03109-001-a-2640">.</pc>
      </l>
      <lg type="refrain" xml:id="B03109-e580">
       <l xml:id="B03109-e590">
        <hi xml:id="B03109-e600">
         <w lemma="when" pos="crq" xml:id="B03109-001-a-2650">When</w>
         <w lemma="God" pos="n1-nn" xml:id="B03109-001-a-2660">God</w>
         <w lemma="his" pos="po" xml:id="B03109-001-a-2670">his</w>
         <w lemma="mercy" pos="n1" xml:id="B03109-001-a-2680">Mercy</w>
         <w lemma="will" pos="vmb" xml:id="B03109-001-a-2690">will</w>
         <w lemma="express" pos="vvi" xml:id="B03109-001-a-2700">express</w>
         <pc xml:id="B03109-001-a-2710">,</pc>
        </hi>
       </l>
       <l xml:id="B03109-e610">
        <hi xml:id="B03109-e620">
         <w lemma="unto" pos="acp" xml:id="B03109-001-a-2720">Unto</w>
         <w lemma="the" pos="d" xml:id="B03109-001-a-2730">the</w>
         <w lemma="sovereign" pos="n1_j" reg="Sovereign" xml:id="B03109-001-a-2740">Soveraign</w>
         <w lemma="of" pos="acp" xml:id="B03109-001-a-2750">of</w>
         <w lemma="the" pos="d" xml:id="B03109-001-a-2760">the</w>
         <w lemma="sea" pos="n2" xml:id="B03109-001-a-2770">Seas</w>
         <pc unit="sentence" xml:id="B03109-001-a-2780">.</pc>
        </hi>
       </l>
      </lg>
     </lg>
     <lg xml:id="B03109-e630">
      <l xml:id="B03109-e640">
       <w lemma="the" pos="d" xml:id="B03109-001-a-2790">The</w>
       <w lemma="duke" pos="n1" rendition="#hi" xml:id="B03109-001-a-2800">Duke</w>
       <w lemma="with" pos="acp" xml:id="B03109-001-a-2810">with</w>
       <w lemma="loyalty" pos="n1" xml:id="B03109-001-a-2820">Loyalty</w>
       <w lemma="enrage" pos="vvd" reg="enraged" xml:id="B03109-001-a-2830">inrag'd</w>
       <pc xml:id="B03109-001-a-2840">,</pc>
      </l>
      <l xml:id="B03109-e660">
       <w lemma="with" pos="acp" xml:id="B03109-001-a-2850">With</w>
       <pc join="right" xml:id="B03109-001-a-2860">(</pc>
       <w lemma="fifty" pos="crd" xml:id="B03109-001-a-2870">Fifty</w>
       <pc xml:id="B03109-001-a-2880">)</pc>
       <w lemma="ninety" pos="crd" xml:id="B03109-001-a-2890">Ninety</w>
       <w lemma="six" pos="crd" xml:id="B03109-001-a-2900">Six</w>
       <w lemma="engage" pos="vvn" reg="engaged" xml:id="B03109-001-a-2910">ingag'd</w>
       <pc xml:id="B03109-001-a-2920">;</pc>
      </l>
      <l xml:id="B03109-e670">
       <w lemma="but" pos="acp" xml:id="B03109-001-a-2930">But</w>
       <w lemma="thirty" pos="crd" xml:id="B03109-001-a-2940">Thirty</w>
       <w lemma="of" pos="acp" xml:id="B03109-001-a-2950">of</w>
       <w lemma="the" pos="d" xml:id="B03109-001-a-2960">the</w>
       <w lemma="dutch" pos="j-nn" rendition="#hi" xml:id="B03109-001-a-2970">Dutch</w>
       <pc join="right" xml:id="B03109-001-a-2980">(</pc>
       <w lemma="to" pos="to" xml:id="B03109-001-a-2990">to</w>
       <w lemma="meet" pos="j" reg="meet" xml:id="B03109-001-a-3000">méet</w>
      </l>
      <l xml:id="B03109-e690">
       <w lemma="prince" pos="n1" xml:id="B03109-001-a-3010">Prince</w>
       <w lemma="rupert" pos="n1-nn" rendition="#hi" xml:id="B03109-001-a-3020">Rupert</w>
       <pc xml:id="B03109-001-a-3030">)</pc>
       <w lemma="then" pos="av" xml:id="B03109-001-a-3040">then</w>
       <w lemma="do" pos="vvd" xml:id="B03109-001-a-3050">did</w>
       <w lemma="quit" pos="vvi" xml:id="B03109-001-a-3060">quit</w>
       <w lemma="their" pos="po" xml:id="B03109-001-a-3070">their</w>
       <w lemma="fleet" pos="n1" reg="Fleet" xml:id="B03109-001-a-3080">Fléet</w>
       <pc xml:id="B03109-001-a-3090">,</pc>
      </l>
      <l xml:id="B03109-e710">
       <w lemma="think" pos="vvg" xml:id="B03109-001-a-3100">Thinking</w>
       <w lemma="to" pos="to" xml:id="B03109-001-a-3110">to</w>
       <w lemma="seize" pos="vvi" xml:id="B03109-001-a-3120">seize</w>
       <w lemma="the" pos="d" xml:id="B03109-001-a-3130">the</w>
       <w lemma="prince" pos="n1" xml:id="B03109-001-a-3140">Prince</w>
       <w lemma="by" pos="acp" xml:id="B03109-001-a-3150">by</w>
       <w lemma="slight" pos="j" xml:id="B03109-001-a-3160">slight</w>
       <pc xml:id="B03109-001-a-3170">,</pc>
      </l>
      <l xml:id="B03109-e720">
       <w lemma="before" pos="acp" xml:id="B03109-001-a-3180">Before</w>
       <w lemma="their" pos="po" xml:id="B03109-001-a-3190">their</w>
       <w lemma="force" pos="n2" xml:id="B03109-001-a-3200">Forces</w>
       <w lemma="can" pos="vmd" xml:id="B03109-001-a-3210">could</w>
       <w lemma="unite" pos="vvb" reg="Unite" xml:id="B03109-001-a-3220">Vnite</w>
       <pc xml:id="B03109-001-a-3230">:</pc>
      </l>
      <lg type="refrain" xml:id="B03109-e730">
       <l xml:id="B03109-e740">
        <hi xml:id="B03109-e750">
         <w lemma="but" pos="acp" xml:id="B03109-001-a-3240">But</w>
         <w lemma="no" pos="d-x" xml:id="B03109-001-a-3250">no</w>
         <w lemma="such" pos="d" xml:id="B03109-001-a-3260">such</w>
         <w lemma="shallow" pos="j" xml:id="B03109-001-a-3270">shallow</w>
         <w lemma="plot" pos="n2" xml:id="B03109-001-a-3280">Plots</w>
         <w lemma="as" pos="acp" xml:id="B03109-001-a-3290">as</w>
         <w lemma="these" pos="d" xml:id="B03109-001-a-3300">these</w>
         <pc xml:id="B03109-001-a-3310">,</pc>
        </hi>
       </l>
       <l xml:id="B03109-e760">
        <hi xml:id="B03109-e770">
         <w lemma="can" pos="vmb" xml:id="B03109-001-a-3320">Can</w>
         <w lemma="cheat" pos="vvi" xml:id="B03109-001-a-3330">Cheat</w>
         <w lemma="the" pos="d" xml:id="B03109-001-a-3340">the</w>
         <w lemma="sovereign" pos="n1_j" reg="Sovereign" xml:id="B03109-001-a-3350">Soveraign</w>
         <w lemma="of" pos="acp" xml:id="B03109-001-a-3360">of</w>
         <w lemma="the" pos="d" xml:id="B03109-001-a-3370">the</w>
         <w lemma="sea" pos="n2" xml:id="B03109-001-a-3380">Seas</w>
         <pc unit="sentence" xml:id="B03109-001-a-3390">.</pc>
        </hi>
       </l>
      </lg>
     </lg>
     <lg xml:id="B03109-e780">
      <l xml:id="B03109-e790">
       <w lemma="the" pos="d" xml:id="B03109-001-a-3400">The</w>
       <w lemma="prince" pos="n1" xml:id="B03109-001-a-3410">Prince</w>
       <w lemma="and" pos="cc" xml:id="B03109-001-a-3420">and</w>
       <w lemma="duke" pos="n1" rendition="#hi" xml:id="B03109-001-a-3430">Duke</w>
       <w lemma="do" pos="vvd" xml:id="B03109-001-a-3440">did</w>
       <w lemma="noble" pos="av_j" xml:id="B03109-001-a-3450">nobly</w>
       <w lemma="join" pos="vvi" reg="join" xml:id="B03109-001-a-3460">joyn</w>
       <pc xml:id="B03109-001-a-3470">,</pc>
      </l>
      <l xml:id="B03109-e810">
       <w lemma="their" pos="po" xml:id="B03109-001-a-3480">Their</w>
       <w lemma="loyal" pos="j" xml:id="B03109-001-a-3490">Loyal</w>
       <w lemma="force" pos="n2" xml:id="B03109-001-a-3500">Forces</w>
       <w lemma="both" pos="av_d" xml:id="B03109-001-a-3510">both</w>
       <w lemma="combine" pos="vvi" xml:id="B03109-001-a-3520">combine</w>
       <pc xml:id="B03109-001-a-3530">;</pc>
      </l>
      <l xml:id="B03109-e820">
       <w lemma="and" pos="cc" xml:id="B03109-001-a-3540">And</w>
       <w lemma="on" pos="acp" xml:id="B03109-001-a-3550">on</w>
       <w lemma="the" pos="d" xml:id="B03109-001-a-3560">the</w>
       <w lemma="foam" pos="j_vg" xml:id="B03109-001-a-3570">foaming</w>
       <w lemma="billow" pos="n2" xml:id="B03109-001-a-3580">Billows</w>
       <w lemma="curl" pos="vvn" reg="curled" xml:id="B03109-001-a-3590">curl'd</w>
       <pc xml:id="B03109-001-a-3600">,</pc>
      </l>
      <l xml:id="B03109-e830">
       <w lemma="they" pos="pns" xml:id="B03109-001-a-3610">They</w>
       <w lemma="bid" pos="vvb" xml:id="B03109-001-a-3620">bid</w>
       <w lemma="defiance" pos="n1" xml:id="B03109-001-a-3630">Defiance</w>
       <w lemma="to" pos="acp" xml:id="B03109-001-a-3640">to</w>
       <w lemma="the" pos="d" xml:id="B03109-001-a-3650">the</w>
       <w lemma="world" pos="n1" xml:id="B03109-001-a-3660">world</w>
       <pc xml:id="B03109-001-a-3670">:</pc>
      </l>
      <l xml:id="B03109-e840">
       <w lemma="the" pos="d" xml:id="B03109-001-a-3680">The</w>
       <w lemma="dutch" pos="j-nn" rendition="#hi" xml:id="B03109-001-a-3690">Dutch</w>
       <w lemma="engage" pos="vvi" reg="engage" xml:id="B03109-001-a-3700">ingage</w>
       <w lemma="with" pos="acp" xml:id="B03109-001-a-3710">with</w>
       <w lemma="all" pos="d" xml:id="B03109-001-a-3720">all</w>
       <w lemma="their" pos="po" xml:id="B03109-001-a-3730">their</w>
       <w lemma="power" pos="n2" xml:id="B03109-001-a-3740">Powers</w>
       <pc xml:id="B03109-001-a-3750">,</pc>
      </l>
      <l xml:id="B03109-e860">
       <w lemma="and" pos="cc" xml:id="B03109-001-a-3760">And</w>
       <w lemma="scatter" pos="vvi" xml:id="B03109-001-a-3770">scatter</w>
       <w lemma="on" pos="acp" xml:id="B03109-001-a-3780">on</w>
       <w lemma="we" pos="pno" xml:id="B03109-001-a-3790">us</w>
       <w lemma="shoot" pos="vvn" xml:id="B03109-001-a-3800">Shot</w>
       <w lemma="like" pos="acp" xml:id="B03109-001-a-3810">like</w>
       <w lemma="shower" pos="n2" xml:id="B03109-001-a-3820">showers</w>
       <pc unit="sentence" xml:id="B03109-001-a-3830">.</pc>
      </l>
      <lg type="refrain" xml:id="B03109-e870">
       <l xml:id="B03109-e880">
        <hi xml:id="B03109-e890">
         <w lemma="but" pos="acp" xml:id="B03109-001-a-3840">But</w>
         <w join="right" lemma="it" pos="pn" xml:id="B03109-001-a-3850">'t</w>
         <w join="left" lemma="be" pos="vvz" xml:id="B03109-001-a-3851">is</w>
         <w lemma="not" pos="xx" xml:id="B03109-001-a-3860">not</w>
         <w lemma="such" pos="d" xml:id="B03109-001-a-3870">such</w>
         <w lemma="poor" pos="j" xml:id="B03109-001-a-3880">poor</w>
         <w lemma="power" pos="n2" xml:id="B03109-001-a-3890">Powers</w>
         <w lemma="as" pos="acp" xml:id="B03109-001-a-3900">as</w>
         <w lemma="these" pos="d" xml:id="B03109-001-a-3910">these</w>
         <pc xml:id="B03109-001-a-3920">,</pc>
        </hi>
       </l>
       <l xml:id="B03109-e900">
        <hi xml:id="B03109-e910">
         <w lemma="can" pos="vmb" xml:id="B03109-001-a-3930">Can</w>
         <w lemma="quell" pos="vvi" xml:id="B03109-001-a-3940">quell</w>
         <w lemma="the" pos="d" xml:id="B03109-001-a-3950">the</w>
         <w lemma="sovereign" pos="n1_j" reg="Sovereign" xml:id="B03109-001-a-3960">Soveraign</w>
         <w lemma="of" pos="acp" xml:id="B03109-001-a-3970">of</w>
         <w lemma="the" pos="d" xml:id="B03109-001-a-3980">the</w>
         <w lemma="sea" pos="n2" xml:id="B03109-001-a-3990">Seas</w>
         <pc unit="sentence" xml:id="B03109-001-a-4000">.</pc>
        </hi>
       </l>
      </lg>
     </lg>
     <lg xml:id="B03109-e920">
      <l xml:id="B03109-e930">
       <w lemma="almost" pos="av" xml:id="B03109-001-a-4010">Almost</w>
       <w lemma="as" pos="acp" xml:id="B03109-001-a-4020">as</w>
       <w lemma="swift" pos="av_j" xml:id="B03109-001-a-4030">swiftly</w>
       <w lemma="as" pos="acp" xml:id="B03109-001-a-4040">as</w>
       <w lemma="desire" pos="vvn" reg="desired" xml:id="B03109-001-a-4050">desir'd</w>
       <pc xml:id="B03109-001-a-4060">,</pc>
      </l>
      <l xml:id="B03109-e940">
       <w lemma="fourtéen" pos="vvn" xml:id="B03109-001-a-4070">Fourtéen</w>
       <w lemma="of" pos="acp" xml:id="B03109-001-a-4080">of</w>
       <w lemma="they" pos="png" xml:id="B03109-001-a-4090">theirs</w>
       <w lemma="be" pos="vvd" xml:id="B03109-001-a-4100">were</w>
       <w lemma="Took" pos="n1-nn" xml:id="B03109-001-a-4110">Took</w>
       <w lemma="and" pos="cc" xml:id="B03109-001-a-4120">and</w>
       <w lemma="fire" pos="vvn" reg="Fired" xml:id="B03109-001-a-4130">Fir'd</w>
       <pc xml:id="B03109-001-a-4140">;</pc>
      </l>
      <l xml:id="B03109-e950">
       <w lemma="but" pos="acp" xml:id="B03109-001-a-4150">But</w>
       <w lemma="their" pos="po" xml:id="B03109-001-a-4160">their</w>
       <w lemma="vice-admiral" pos="n1" xml:id="B03109-001-a-4170">Vice-Admiral</w>
       <w lemma="do" pos="vvd" xml:id="B03109-001-a-4180">did</w>
       <w lemma="meet" pos="vvi" reg="meet" xml:id="B03109-001-a-4190">méet</w>
       <pc xml:id="B03109-001-a-4200">,</pc>
      </l>
      <l xml:id="B03109-e960">
       <w lemma="our" pos="po" xml:id="B03109-001-a-4210">Our</w>
       <w lemma="duke" pos="n1" rendition="#hi" xml:id="B03109-001-a-4220">Duke</w>
       <w join="right" lemma="in" pos="acp" xml:id="B03109-001-a-4230">i'</w>
       <w join="left" lemma="the" pos="d" xml:id="B03109-001-a-4231">th'</w>
       <w lemma="front" pos="n1" xml:id="B03109-001-a-4240">Front</w>
       <w lemma="of" pos="acp" xml:id="B03109-001-a-4250">of</w>
       <w lemma="all" pos="d" xml:id="B03109-001-a-4260">all</w>
       <w lemma="his" pos="po" xml:id="B03109-001-a-4270">his</w>
       <w lemma="fleet" pos="n1" reg="Fleet" xml:id="B03109-001-a-4280">Fléet</w>
       <pc xml:id="B03109-001-a-4290">:</pc>
      </l>
      <l xml:id="B03109-e980">
       <w lemma="they" pos="pns" xml:id="B03109-001-a-4300">They</w>
       <w lemma="be" pos="vvd" xml:id="B03109-001-a-4310">were</w>
       <w lemma="so" pos="av" xml:id="B03109-001-a-4320">so</w>
       <w lemma="near" pos="av_j" xml:id="B03109-001-a-4330">near</w>
       <w lemma="they" pos="pns" xml:id="B03109-001-a-4340">they</w>
       <w lemma="may" pos="vmd" xml:id="B03109-001-a-4350">might</w>
       <w lemma="have" pos="vvi" xml:id="B03109-001-a-4360">have</w>
       <w lemma="clutch" pos="vvn" reg="clutched" xml:id="B03109-001-a-4370">clutcht</w>
       <pc xml:id="B03109-001-a-4380">,</pc>
      </l>
      <l xml:id="B03109-e990">
       <w lemma="almost" pos="av" xml:id="B03109-001-a-4390">Almost</w>
       <w lemma="shake" pos="vvd" xml:id="B03109-001-a-4400">shook</w>
       <w lemma="hand" pos="n2" xml:id="B03109-001-a-4410">hands</w>
       <pc xml:id="B03109-001-a-4420">,</pc>
       <w lemma="their" pos="po" xml:id="B03109-001-a-4430">their</w>
       <w lemma="yard-arm" pos="n2" xml:id="B03109-001-a-4440">Yard-Arms</w>
       <w lemma="touch" pos="vvn" reg="touched" xml:id="B03109-001-a-4450">touch'd</w>
       <pc unit="sentence" xml:id="B03109-001-a-4460">.</pc>
      </l>
      <lg type="refrain" xml:id="B03109-e1000">
       <l xml:id="B03109-e1010">
        <hi xml:id="B03109-e1020">
         <w lemma="but" pos="acp" xml:id="B03109-001-a-4470">But</w>
         <w lemma="George" pos="n1g-nn" xml:id="B03109-001-a-4480">George's</w>
         <w lemma="broadside" pos="n1" reg="Broadside" xml:id="B03109-001-a-4490">Broad-side</w>
         <w lemma="do" pos="vvd" xml:id="B03109-001-a-4500">did</w>
         <w lemma="displease" pos="vvi" xml:id="B03109-001-a-4510">displease</w>
        </hi>
        <pc rendition="#follows-hi" xml:id="B03109-001-a-4520">,</pc>
       </l>
       <l xml:id="B03109-e1030">
        <hi xml:id="B03109-e1040">
         <w lemma="the" pos="d" xml:id="B03109-001-a-4530">The</w>
         <w lemma="foe" pos="n1" xml:id="B03109-001-a-4540">Foe</w>
         <w lemma="to" pos="acp" xml:id="B03109-001-a-4550">to</w>
         <w lemma="the" pos="d" xml:id="B03109-001-a-4560">th'</w>
         <w lemma="sovereign" pos="n1_j" reg="Sovereign" xml:id="B03109-001-a-4570">Soveraign</w>
         <w lemma="of" pos="acp" xml:id="B03109-001-a-4580">of</w>
         <w lemma="the" pos="d" xml:id="B03109-001-a-4590">the</w>
         <w lemma="sea" pos="n2" xml:id="B03109-001-a-4600">Seas</w>
         <pc unit="sentence" xml:id="B03109-001-a-4610">.</pc>
        </hi>
       </l>
      </lg>
     </lg>
    </div>
    <div n="2" type="part" xml:id="B03109-e1050">
     <head xml:id="B03109-e1060">
      <w lemma="the" pos="d" xml:id="B03109-001-a-4620">The</w>
      <w lemma="second" pos="ord" xml:id="B03109-001-a-4630">second</w>
      <w lemma="part" pos="n1" xml:id="B03109-001-a-4640">part</w>
      <pc xml:id="B03109-001-a-4650">,</pc>
     </head>
     <opener xml:id="B03109-e1070">
      <w lemma="to" pos="to" xml:id="B03109-001-a-4660">to</w>
      <w lemma="the" pos="d" xml:id="B03109-001-a-4670">the</w>
      <w lemma="same" pos="d" xml:id="B03109-001-a-4680">same</w>
      <w lemma="tune" pos="n1" xml:id="B03109-001-a-4690">tune</w>
      <pc unit="sentence" xml:id="B03109-001-a-4700">.</pc>
     </opener>
     <p xml:id="B03109-e1080">
      <figure xml:id="B03109-e1090"/>
      <figure xml:id="B03109-e1100"/>
     </p>
     <lg xml:id="B03109-e1110">
      <l xml:id="B03109-e1120">
       <w lemma="the" pos="d" xml:id="B03109-001-a-4710">THe</w>
       <w lemma="first" pos="ord" xml:id="B03109-001-a-4720">First</w>
       <w lemma="be" pos="vvd" xml:id="B03109-001-a-4730">was</w>
       <w lemma="then" pos="av" xml:id="B03109-001-a-4740">then</w>
       <w lemma="so" pos="av" xml:id="B03109-001-a-4750">so</w>
       <w lemma="fierce" pos="j" xml:id="B03109-001-a-4760">fierce</w>
       <w lemma="and" pos="cc" xml:id="B03109-001-a-4770">and</w>
       <w lemma="hot" pos="j" xml:id="B03109-001-a-4780">hot</w>
       <pc xml:id="B03109-001-a-4790">,</pc>
      </l>
      <l xml:id="B03109-e1130">
       <w lemma="his" pos="po" xml:id="B03109-001-a-4800">His</w>
       <w lemma="hand" pos="n1" xml:id="B03109-001-a-4810">Hand</w>
       <w lemma="be" pos="vvd" xml:id="B03109-001-a-4820">was</w>
       <w lemma="bruise" pos="vvn" reg="bruised" xml:id="B03109-001-a-4830">bruis'd</w>
       <pc xml:id="B03109-001-a-4840">,</pc>
       <w lemma="his" pos="po" xml:id="B03109-001-a-4850">his</w>
       <w lemma="breeches" pos="n2" reg="Breeches" xml:id="B03109-001-a-4860">Bréeches</w>
       <w lemma="shoot" pos="vvn" xml:id="B03109-001-a-4870">shot</w>
       <pc xml:id="B03109-001-a-4880">;</pc>
      </l>
      <l xml:id="B03109-e1140">
       <w lemma="yet" pos="av" xml:id="B03109-001-a-4890">Yet</w>
       <w lemma="though" pos="cs" xml:id="B03109-001-a-4900">though</w>
       <w lemma="they" pos="pns" xml:id="B03109-001-a-4910">they</w>
       <w lemma="come" pos="vvd" xml:id="B03109-001-a-4920">came</w>
       <w lemma="so" pos="av" xml:id="B03109-001-a-4930">so</w>
       <w lemma="hot" pos="av_j" xml:id="B03109-001-a-4940">hotly</w>
       <w lemma="on" pos="acp-av" xml:id="B03109-001-a-4950">on</w>
       <pc xml:id="B03109-001-a-4960">,</pc>
      </l>
      <l xml:id="B03109-e1150">
       <w lemma="as" pos="acp" xml:id="B03109-001-a-4970">As</w>
       <w lemma="soon" pos="av" xml:id="B03109-001-a-4980">soon</w>
       <w lemma="they" pos="pns" xml:id="B03109-001-a-4990">they</w>
       <w lemma="vanish" pos="vvd" reg="vanished" xml:id="B03109-001-a-5000">vanish'd</w>
       <w lemma="and" pos="cc" xml:id="B03109-001-a-5010">and</w>
       <w lemma="be" pos="vvd" xml:id="B03109-001-a-5020">were</w>
       <w lemma="go" pos="vvn" reg="gone" xml:id="B03109-001-a-5030">gon</w>
       <pc xml:id="B03109-001-a-5040">:</pc>
      </l>
      <l xml:id="B03109-e1160">
       <w lemma="forty" pos="crd" xml:id="B03109-001-a-5050">Forty</w>
       <w lemma="or" pos="cc" xml:id="B03109-001-a-5060">or</w>
       <w lemma="fifty" pos="crd" xml:id="B03109-001-a-5070">Fifty</w>
       <w lemma="man" pos="n2" xml:id="B03109-001-a-5080">men</w>
       <w lemma="of" pos="acp" xml:id="B03109-001-a-5090">of</w>
       <w lemma="we" pos="png" xml:id="B03109-001-a-5100">ours</w>
       <pc xml:id="B03109-001-a-5110">,</pc>
      </l>
      <l xml:id="B03109-e1170">
       <w lemma="be" pos="vvd" xml:id="B03109-001-a-5120">Were</w>
       <w lemma="kill" pos="vvn" reg="killed" xml:id="B03109-001-a-5130">kill'd</w>
       <w lemma="&amp;" pos="cc" xml:id="B03109-001-a-5140">&amp;</w>
       <w lemma="knock" pos="vvn" reg="knocked" xml:id="B03109-001-a-5150">knock'd</w>
       <w lemma="down" pos="acp-av" xml:id="B03109-001-a-5160">down</w>
       <w lemma="by" pos="acp" xml:id="B03109-001-a-5170">by</w>
       <w lemma="their" pos="po" xml:id="B03109-001-a-5180">their</w>
       <w lemma="power" pos="n2" xml:id="B03109-001-a-5190">powers</w>
       <pc unit="sentence" xml:id="B03109-001-a-5200">.</pc>
      </l>
      <lg type="refrain" xml:id="B03109-e1180">
       <l xml:id="B03109-e1190">
        <hi xml:id="B03109-e1200">
         <w lemma="yet" pos="av" xml:id="B03109-001-a-5210">Yet</w>
         <w lemma="some" pos="d" xml:id="B03109-001-a-5220">some</w>
         <w lemma="of" pos="acp" xml:id="B03109-001-a-5230">of</w>
         <w lemma="these" pos="d" xml:id="B03109-001-a-5240">these</w>
         <pc join="right" xml:id="B03109-001-a-5250">(</pc>
         <w lemma="though" pos="cs" xml:id="B03109-001-a-5260">though</w>
         <w lemma="with" pos="acp" xml:id="B03109-001-a-5270">with</w>
         <w lemma="much" pos="d" xml:id="B03109-001-a-5280">much</w>
         <w lemma="pain" pos="n1" xml:id="B03109-001-a-5290">pain</w>
         <pc xml:id="B03109-001-a-5300">)</pc>
        </hi>
       </l>
       <l xml:id="B03109-e1210">
        <hi xml:id="B03109-e1220">
         <w lemma="appear" pos="vvd" reg="Appeared" xml:id="B03109-001-a-5310">Appear'd</w>
         <w lemma="upon" pos="acp" xml:id="B03109-001-a-5320">upon</w>
         <w lemma="the" pos="d" xml:id="B03109-001-a-5330">the</w>
         <w lemma="dec●s" pos="vvz" xml:id="B03109-001-a-5340">Dec●s</w>
         <w lemma="again" pos="av" xml:id="B03109-001-a-5350">again</w>
        </hi>
        <pc rendition="#follows-hi" unit="sentence" xml:id="B03109-001-a-5360">.</pc>
       </l>
      </lg>
     </lg>
     <lg xml:id="B03109-e1230">
      <l xml:id="B03109-e1240">
       <w lemma="prince" pos="n1" xml:id="B03109-001-a-5370">Prince</w>
       <w lemma="rupert" pos="n1-nn" rendition="#hi" xml:id="B03109-001-a-5380">Rupert</w>
       <w lemma="like" pos="acp" xml:id="B03109-001-a-5390">like</w>
       <w lemma="the" pos="d" xml:id="B03109-001-a-5400">the</w>
       <w lemma="god" pos="n1" xml:id="B03109-001-a-5410">God</w>
       <w lemma="of" pos="acp" xml:id="B03109-001-a-5420">of</w>
       <w lemma="war" pos="n1" xml:id="B03109-001-a-5430">War</w>
       <pc xml:id="B03109-001-a-5440">,</pc>
      </l>
      <l xml:id="B03109-e1260">
       <w lemma="through" pos="acp" reg="Through" xml:id="B03109-001-a-5450">Thorough</w>
       <w lemma="their" pos="po" xml:id="B03109-001-a-5460">their</w>
       <w lemma="fleet" pos="n1" reg="Fleet" xml:id="B03109-001-a-5470">Fléet</w>
       <w lemma="shoot" pos="vvn" xml:id="B03109-001-a-5480">shot</w>
       <w lemma="like" pos="acp" xml:id="B03109-001-a-5490">like</w>
       <w lemma="a" pos="d" xml:id="B03109-001-a-5500">a</w>
       <w lemma="star" pos="n1" xml:id="B03109-001-a-5510">Star</w>
       <pc xml:id="B03109-001-a-5520">;</pc>
      </l>
      <l xml:id="B03109-e1270">
       <w lemma="who" pos="crq-rg" xml:id="B03109-001-a-5530">Whose</w>
       <w lemma="influence" pos="n1" xml:id="B03109-001-a-5540">Influence</w>
       <w lemma="like" pos="acp" xml:id="B03109-001-a-5550">like</w>
       <w lemma="lightning" pos="n1" xml:id="B03109-001-a-5560">Lightning</w>
       <w lemma="shine" pos="vvd" xml:id="B03109-001-a-5570">shone</w>
       <pc xml:id="B03109-001-a-5580">,</pc>
      </l>
      <l xml:id="B03109-e1280">
       <w lemma="and" pos="cc" xml:id="B03109-001-a-5590">And</w>
       <w lemma="pierce" pos="vvn" reg="pierced" xml:id="B03109-001-a-5600">pierc'd</w>
       <w lemma="the" pos="d" xml:id="B03109-001-a-5610">the</w>
       <w lemma="marrow" pos="n1" xml:id="B03109-001-a-5620">marrow</w>
       <w lemma="through" pos="acp" xml:id="B03109-001-a-5630">through</w>
       <w lemma="the" pos="d" xml:id="B03109-001-a-5640">the</w>
       <w lemma="bone" pos="n1" xml:id="B03109-001-a-5650">bone</w>
       <pc xml:id="B03109-001-a-5660">:</pc>
      </l>
      <l xml:id="B03109-e1290">
       <w lemma="the" pos="d" xml:id="B03109-001-a-5670">The</w>
       <w lemma="sea" pos="n2" xml:id="B03109-001-a-5680">Seas</w>
       <w lemma="with" pos="acp" xml:id="B03109-001-a-5690">with</w>
       <w lemma="blood" pos="n1" reg="blood" xml:id="B03109-001-a-5700">bloud</w>
       <w lemma="be" pos="vvd" xml:id="B03109-001-a-5710">were</w>
       <w lemma="much" pos="av_d" xml:id="B03109-001-a-5720">much</w>
       <w lemma="imbrue" pos="vvn" reg="imbrued" xml:id="B03109-001-a-5730">imbru'd</w>
       <pc xml:id="B03109-001-a-5740">,</pc>
      </l>
      <l xml:id="B03109-e1300">
       <w lemma="the" pos="d" xml:id="B03109-001-a-5750">The</w>
       <w lemma="dutchman" pos="n2-nn" reg="Dutchmen" rendition="#hi" xml:id="B03109-001-a-5760">Dutch-men</w>
       <w lemma="flee" pos="vvd" xml:id="B03109-001-a-5770">fled</w>
       <pc xml:id="B03109-001-a-5780">,</pc>
       <w lemma="our" pos="po" xml:id="B03109-001-a-5790">our</w>
       <w lemma="man" pos="n2" xml:id="B03109-001-a-5800">Men</w>
       <w lemma="pursue" pos="vvn" reg="pursued" xml:id="B03109-001-a-5810">pursu'd</w>
       <pc unit="sentence" xml:id="B03109-001-a-5820">.</pc>
      </l>
      <lg type="refrain" xml:id="B03109-e1320">
       <l xml:id="B03109-e1330">
        <hi xml:id="B03109-e1340">
         <w lemma="till" pos="acp" reg="Till" xml:id="B03109-001-a-5830">'Till</w>
         <w lemma="none" pos="pi-x" xml:id="B03109-001-a-5840">none</w>
         <w lemma="be" pos="vvd" xml:id="B03109-001-a-5850">were</w>
         <w lemma="see" pos="vvn" xml:id="B03109-001-a-5860">seen</w>
         <w lemma="that" pos="cs" xml:id="B03109-001-a-5870">that</w>
         <w lemma="can" pos="vmd" xml:id="B03109-001-a-5880">could</w>
         <w lemma="displease" pos="vvi" xml:id="B03109-001-a-5890">displease</w>
         <pc xml:id="B03109-001-a-5900">,</pc>
        </hi>
       </l>
       <l xml:id="B03109-e1350">
        <hi xml:id="B03109-e1360">
         <w lemma="king" pos="n1" xml:id="B03109-001-a-5910">King</w>
         <w lemma="Charles" pos="n1-nn" xml:id="B03109-001-a-5920">Charles</w>
         <w lemma="the" pos="d" xml:id="B03109-001-a-5930">the</w>
         <w lemma="sovereign" pos="n1_j" reg="Sovereign" xml:id="B03109-001-a-5940">Soveraign</w>
         <w lemma="of" pos="acp" xml:id="B03109-001-a-5950">of</w>
         <w lemma="the" pos="d" xml:id="B03109-001-a-5960">the</w>
         <w lemma="sea" pos="n2" xml:id="B03109-001-a-5970">Seas</w>
         <pc unit="sentence" xml:id="B03109-001-a-5980">.</pc>
        </hi>
       </l>
      </lg>
     </lg>
     <lg xml:id="B03109-e1370">
      <l xml:id="B03109-e1380">
       <w lemma="so" pos="av" xml:id="B03109-001-a-5990">So</w>
       <w lemma="long" pos="av_j" xml:id="B03109-001-a-6000">long</w>
       <w lemma="as" pos="acp" xml:id="B03109-001-a-6010">as</w>
       <w lemma="we" pos="pns" xml:id="B03109-001-a-6020">we</w>
       <w lemma="have" pos="vvd" xml:id="B03109-001-a-6030">had</w>
       <w lemma="powder" pos="n1" xml:id="B03109-001-a-6040">Powder</w>
       <pc xml:id="B03109-001-a-6050">,</pc>
       <w lemma="we" pos="pns" xml:id="B03109-001-a-6060">we</w>
      </l>
      <l xml:id="B03109-e1390">
       <w lemma="pursue" pos="vvd" reg="Pursued" xml:id="B03109-001-a-6070">Pursu'd</w>
       <w lemma="the" pos="d" xml:id="B03109-001-a-6080">the</w>
       <w lemma="dutchman" pos="n2-nn" reg="Dutchmen" rendition="#hi" xml:id="B03109-001-a-6090">Dutch-men</w>
       <w lemma="through" pos="acp" xml:id="B03109-001-a-6100">through</w>
       <w lemma="the" pos="d" xml:id="B03109-001-a-6110">the</w>
       <w lemma="sea" pos="n1" xml:id="B03109-001-a-6120">Sea</w>
       <pc xml:id="B03109-001-a-6130">;</pc>
      </l>
      <l xml:id="B03109-e1410">
       <w lemma="and" pos="cc" xml:id="B03109-001-a-6140">And</w>
       <w lemma="their" pos="po" xml:id="B03109-001-a-6150">their</w>
       <hi xml:id="B03109-e1420">
        <w lemma="du" pos="f-fr" xml:id="B03109-001-a-6160">du</w>
        <w lemma="Ruiter" pos="n1-nn" xml:id="B03109-001-a-6170">Ruiter</w>
       </hi>
       <pc rendition="#follows-hi" xml:id="B03109-001-a-6180">,</pc>
       <w lemma="he" pos="pns" xml:id="B03109-001-a-6190">he</w>
       <w lemma="in" pos="acp" xml:id="B03109-001-a-6200">in</w>
       <w lemma="who" pos="crq-ro" xml:id="B03109-001-a-6210">whom</w>
       <pc xml:id="B03109-001-a-6220">,</pc>
      </l>
      <l xml:id="B03109-e1430">
       <w lemma="they" pos="pns" xml:id="B03109-001-a-6230">They</w>
       <w lemma="build" pos="vvd" xml:id="B03109-001-a-6240">builded</w>
       <w lemma="all" pos="d" xml:id="B03109-001-a-6250">all</w>
       <w lemma="their" pos="po" xml:id="B03109-001-a-6260">their</w>
       <w lemma="hope" pos="n2" xml:id="B03109-001-a-6270">hopes</w>
       <w lemma="to" pos="to" xml:id="B03109-001-a-6280">to</w>
       <w lemma="come" pos="vvi" xml:id="B03109-001-a-6290">come</w>
       <pc xml:id="B03109-001-a-6300">:</pc>
      </l>
      <l xml:id="B03109-e1440">
       <w lemma="four" pos="crd" xml:id="B03109-001-a-6310">Four</w>
       <w lemma="of" pos="acp" xml:id="B03109-001-a-6320">of</w>
       <w lemma="their" pos="po" xml:id="B03109-001-a-6330">their</w>
       <w lemma="great" pos="j-s" xml:id="B03109-001-a-6340">greatest</w>
       <w lemma="ship" pos="n2" xml:id="B03109-001-a-6350">Ships</w>
       <w lemma="be" pos="vvd" xml:id="B03109-001-a-6360">were</w>
       <w lemma="sink" pos="vvn" reg="sunk" xml:id="B03109-001-a-6370">sunck</w>
       <pc xml:id="B03109-001-a-6380">,</pc>
      </l>
      <l xml:id="B03109-e1450">
       <w lemma="they" pos="pns" xml:id="B03109-001-a-6390">They</w>
       <w lemma="cry" pos="vvb" xml:id="B03109-001-a-6400">cry</w>
       <pc xml:id="B03109-001-a-6410">,</pc>
       <w lemma="the" pos="d" xml:id="B03109-001-a-6420">The</w>
       <w join="right" lemma="devil" pos="n1" xml:id="B03109-001-a-6430">Devil</w>
       <w join="left" lemma="be" pos="vvz" xml:id="B03109-001-a-6431">'s</w>
       <w lemma="in" pos="acp" xml:id="B03109-001-a-6440">in</w>
       <w lemma="the" pos="d" xml:id="B03109-001-a-6450">the</w>
       <w lemma="monk" pos="n1" reg="Monk" rendition="#hi" xml:id="B03109-001-a-6460">Monck</w>
       <pc unit="sentence" xml:id="B03109-001-a-6470">.</pc>
      </l>
      <lg type="refrain" xml:id="B03109-e1470">
       <l xml:id="B03109-e1480">
        <hi xml:id="B03109-e1490">
         <w lemma="never" pos="av-x" xml:id="B03109-001-a-6480">Never</w>
         <w lemma="such" pos="d" xml:id="B03109-001-a-6490">such</w>
         <w lemma="man" pos="n2" xml:id="B03109-001-a-6500">men</w>
         <w lemma="appear" pos="vvd" reg="appeared" xml:id="B03109-001-a-6510">appear'd</w>
         <w lemma="like" pos="acp" xml:id="B03109-001-a-6520">like</w>
         <w lemma="these" pos="d" xml:id="B03109-001-a-6530">these</w>
         <pc xml:id="B03109-001-a-6540">,</pc>
        </hi>
       </l>
       <l xml:id="B03109-e1500">
        <hi xml:id="B03109-e1510">
         <w lemma="to" pos="to" xml:id="B03109-001-a-6550">To</w>
         <w lemma="guard" pos="n1" xml:id="B03109-001-a-6560">Guard</w>
         <w lemma="the" pos="d" xml:id="B03109-001-a-6570">the</w>
         <w lemma="sovereign" pos="n1_j" reg="Sovereign" xml:id="B03109-001-a-6580">Soveraign</w>
         <w lemma="of" pos="acp" xml:id="B03109-001-a-6590">of</w>
         <w lemma="the" pos="d" xml:id="B03109-001-a-6600">the</w>
         <w lemma="sea" pos="n2" xml:id="B03109-001-a-6610">Seas</w>
         <pc unit="sentence" xml:id="B03109-001-a-6620">.</pc>
        </hi>
       </l>
      </lg>
     </lg>
     <lg xml:id="B03109-e1520">
      <l xml:id="B03109-e1530">
       <w lemma="a" pos="d" xml:id="B03109-001-a-6630">A</w>
       <w lemma="gallant" pos="j" xml:id="B03109-001-a-6640">gallant</w>
       <w lemma="ship" pos="n1" xml:id="B03109-001-a-6650">Ship</w>
       <w lemma="of" pos="acp" xml:id="B03109-001-a-6660">of</w>
       <w lemma="they" pos="png" xml:id="B03109-001-a-6670">theirs</w>
       <w lemma="be" pos="vvd" xml:id="B03109-001-a-6680">was</w>
       <w lemma="fire" pos="vvn" reg="Fired" xml:id="B03109-001-a-6690">Fyr'd</w>
       <pc xml:id="B03109-001-a-6700">,</pc>
      </l>
      <l xml:id="B03109-e1540">
       <w lemma="with" pos="acp" xml:id="B03109-001-a-6710">With</w>
       <w lemma="seventy" pos="crd" xml:id="B03109-001-a-6720">Seventy</w>
       <w lemma="six" pos="crd" xml:id="B03109-001-a-6730">six</w>
       <w lemma="gun" pos="n2" xml:id="B03109-001-a-6740">Guns</w>
       <w lemma="double" pos="vvb" xml:id="B03109-001-a-6750">double</w>
       <w lemma="tire" pos="vvn" reg="Tired" xml:id="B03109-001-a-6760">Tyr'd</w>
       <pc xml:id="B03109-001-a-6770">;</pc>
      </l>
      <l xml:id="B03109-e1550">
       <w lemma="our" pos="po" xml:id="B03109-001-a-6780">Our</w>
       <w lemma="henery" pos="n1-nn" rendition="#hi" xml:id="B03109-001-a-6790">Henery</w>
       <pc xml:id="B03109-001-a-6800">,</pc>
       <w lemma="a" pos="d" xml:id="B03109-001-a-6810">a</w>
       <w lemma="ship" pos="n1" xml:id="B03109-001-a-6820">Ship</w>
       <w lemma="of" pos="acp" xml:id="B03109-001-a-6830">of</w>
       <w lemma="fame" pos="n1" xml:id="B03109-001-a-6840">Fame</w>
       <pc xml:id="B03109-001-a-6850">,</pc>
      </l>
      <l xml:id="B03109-e1570">
       <w lemma="from" pos="acp" xml:id="B03109-001-a-6860">From</w>
       <w lemma="three" pos="crd" reg="three" xml:id="B03109-001-a-6870">thrée</w>
       <w lemma="fireship" pos="n2" reg="Fireships" xml:id="B03109-001-a-6880">Fire-Ships</w>
       <w lemma="escape" pos="vvd" reg="escaped" xml:id="B03109-001-a-6890">escap'd</w>
       <w lemma="the" pos="d" xml:id="B03109-001-a-6900">the</w>
       <w lemma="flame" pos="n1" xml:id="B03109-001-a-6910">Flame</w>
       <pc xml:id="B03109-001-a-6920">:</pc>
      </l>
      <l xml:id="B03109-e1580">
       <w lemma="and" pos="cc" xml:id="B03109-001-a-6930">And</w>
       <w lemma="be" pos="vvd" xml:id="B03109-001-a-6940">was</w>
       <w lemma="so" pos="av" xml:id="B03109-001-a-6950">so</w>
       <w lemma="strong" pos="j" xml:id="B03109-001-a-6960">strong</w>
       <w lemma="beset" pos="vvn" xml:id="B03109-001-a-6970">beset</w>
       <pc xml:id="B03109-001-a-6980">,</pc>
       <w lemma="that" pos="cs" xml:id="B03109-001-a-6990">that</w>
       <w lemma="then" pos="av" xml:id="B03109-001-a-7000">then</w>
      </l>
      <l xml:id="B03109-e1590">
       <w lemma="he" pos="pns" xml:id="B03109-001-a-7010">He</w>
       <w lemma="lose" pos="vvd" xml:id="B03109-001-a-7020">lost</w>
       <w lemma="at" pos="acp" xml:id="B03109-001-a-7030">at</w>
       <w lemma="least" pos="d-s" xml:id="B03109-001-a-7040">least</w>
       <w lemma="one" pos="crd" xml:id="B03109-001-a-7050">One</w>
       <w lemma="hundred" pos="crd" xml:id="B03109-001-a-7060">hundred</w>
       <w lemma="man" pos="n2" xml:id="B03109-001-a-7070">men</w>
       <pc unit="sentence" xml:id="B03109-001-a-7080">.</pc>
      </l>
      <lg type="refrain" xml:id="B03109-e1600">
       <l xml:id="B03109-e1610">
        <hi xml:id="B03109-e1620">
         <w lemma="we" pos="pns" xml:id="B03109-001-a-7090">We</w>
         <w lemma="must" pos="vmb" xml:id="B03109-001-a-7100">must</w>
         <w lemma="endure" pos="vvi" reg="endure" xml:id="B03109-001-a-7110">indure</w>
         <w lemma="such" pos="d" xml:id="B03109-001-a-7120">such</w>
         <w lemma="hurt" pos="n2" xml:id="B03109-001-a-7130">hurts</w>
         <w lemma="as" pos="acp" xml:id="B03109-001-a-7140">as</w>
         <w lemma="these" pos="d" xml:id="B03109-001-a-7150">these</w>
         <pc xml:id="B03109-001-a-7160">,</pc>
        </hi>
       </l>
       <l xml:id="B03109-e1630">
        <hi xml:id="B03109-e1640">
         <w lemma="to" pos="to" xml:id="B03109-001-a-7170">To</w>
         <w lemma="guard" pos="vvi" xml:id="B03109-001-a-7180">guard</w>
         <w lemma="the" pos="d" xml:id="B03109-001-a-7190">the</w>
         <w lemma="sovereign" pos="n1_j" reg="Sovereign" xml:id="B03109-001-a-7200">Soveraign</w>
         <w lemma="of" pos="acp" xml:id="B03109-001-a-7210">of</w>
         <w lemma="the" pos="d" xml:id="B03109-001-a-7220">the</w>
         <w lemma="sea" pos="n2" xml:id="B03109-001-a-7230">Seas</w>
         <pc unit="sentence" xml:id="B03109-001-a-7240">.</pc>
        </hi>
       </l>
      </lg>
     </lg>
     <lg xml:id="B03109-e1650">
      <l xml:id="B03109-e1660">
       <w lemma="by" pos="acp" xml:id="B03109-001-a-7250">By</w>
       <w lemma="sea" pos="n1" xml:id="B03109-001-a-7260">Sea</w>
       <pc xml:id="B03109-001-a-7270">,</pc>
       <w lemma="so" pos="av" xml:id="B03109-001-a-7280">so</w>
       <w lemma="black" pos="j" xml:id="B03109-001-a-7290">black</w>
       <w lemma="and" pos="cc" xml:id="B03109-001-a-7300">and</w>
       <w lemma="red" pos="j" xml:id="B03109-001-a-7310">red</w>
       <w lemma="a" pos="d" xml:id="B03109-001-a-7320">a</w>
       <w lemma="fight" pos="n1" xml:id="B03109-001-a-7330">Fight</w>
       <pc xml:id="B03109-001-a-7340">,</pc>
      </l>
      <l xml:id="B03109-e1670">
       <w lemma="no" pos="d-x" xml:id="B03109-001-a-7350">No</w>
       <w lemma="time" pos="n1" xml:id="B03109-001-a-7360">Time</w>
       <w lemma="or" pos="cc" xml:id="B03109-001-a-7370">or</w>
       <w lemma="age" pos="n1" xml:id="B03109-001-a-7380">Age</w>
       <w lemma="ever" pos="av" reg="e'er" xml:id="B03109-001-a-7390">e're</w>
       <w lemma="bring" pos="vvn" xml:id="B03109-001-a-7400">brought</w>
       <w lemma="to" pos="acp" xml:id="B03109-001-a-7410">to</w>
       <w lemma="light" pos="n1" xml:id="B03109-001-a-7420">light</w>
       <pc xml:id="B03109-001-a-7430">;</pc>
      </l>
      <l xml:id="B03109-e1680">
       <w lemma="the" pos="d" xml:id="B03109-001-a-7440">The</w>
       <w lemma="fire" pos="n1" xml:id="B03109-001-a-7450">Fire</w>
       <w lemma="and" pos="cc" xml:id="B03109-001-a-7460">and</w>
       <w lemma="water" pos="n1" xml:id="B03109-001-a-7470">Water</w>
       <w lemma="do" pos="vvd" xml:id="B03109-001-a-7480">did</w>
       <w lemma="contend" pos="vvi" xml:id="B03109-001-a-7490">contend</w>
       <pc xml:id="B03109-001-a-7500">,</pc>
      </l>
      <l xml:id="B03109-e1690">
       <w lemma="which" pos="crq" xml:id="B03109-001-a-7510">Which</w>
       <w lemma="shall" pos="vmd" xml:id="B03109-001-a-7520">should</w>
       <w lemma="first" pos="ord" xml:id="B03109-001-a-7530">first</w>
       <w lemma="bring" pos="vvi" xml:id="B03109-001-a-7540">bring</w>
       <w lemma="they" pos="pno" xml:id="B03109-001-a-7550">them</w>
       <w lemma="to" pos="acp" xml:id="B03109-001-a-7560">to</w>
       <w lemma="their" pos="po" xml:id="B03109-001-a-7570">their</w>
       <w lemma="end" pos="n1" xml:id="B03109-001-a-7580">end</w>
       <pc xml:id="B03109-001-a-7590">:</pc>
      </l>
      <l xml:id="B03109-e1700">
       <w lemma="more" pos="av-c_d" xml:id="B03109-001-a-7600">More</w>
       <w lemma="valiant" pos="j" xml:id="B03109-001-a-7610">valiant</w>
       <w lemma="man" pos="n2" xml:id="B03109-001-a-7620">Men</w>
       <w lemma="kill" pos="vvn" reg="killed" xml:id="B03109-001-a-7630">kill'd</w>
       <w lemma="in" pos="acp" xml:id="B03109-001-a-7640">in</w>
       <w lemma="three" pos="crd" reg="three" xml:id="B03109-001-a-7650">thrée</w>
       <w lemma="day" pos="n2" reg="days" xml:id="B03109-001-a-7660">dayes</w>
       <pc xml:id="B03109-001-a-7670">,</pc>
      </l>
      <l xml:id="B03109-e1710">
       <w lemma="then" pos="av" xml:id="B03109-001-a-7680">Then</w>
       <w lemma="three" pos="crd" reg="three" xml:id="B03109-001-a-7690">thrée</w>
       <w lemma="and" pos="cc" xml:id="B03109-001-a-7700">and</w>
       <w lemma="twenty" pos="crd" xml:id="B03109-001-a-7710">twenty</w>
       <w lemma="year" pos="n2" xml:id="B03109-001-a-7720">years</w>
       <w lemma="can" pos="vmb" xml:id="B03109-001-a-7730">can</w>
       <w lemma="raise" pos="vvi" xml:id="B03109-001-a-7740">raise</w>
       <pc unit="sentence" xml:id="B03109-001-a-7750">.</pc>
      </l>
      <lg type="refrain" xml:id="B03109-e1720">
       <l xml:id="B03109-e1730">
        <hi xml:id="B03109-e1740">
         <w lemma="we" pos="pns" xml:id="B03109-001-a-7760">We</w>
         <w lemma="can" pos="vmb-x" xml:id="B03109-001-a-7770">can't</w>
         <w lemma="avoid" pos="vvi" xml:id="B03109-001-a-7780">avoid</w>
         <w lemma="such" pos="d" xml:id="B03109-001-a-7790">such</w>
         <w lemma="brunt" pos="n2" xml:id="B03109-001-a-7800">brunts</w>
         <w lemma="as" pos="acp" xml:id="B03109-001-a-7810">as</w>
         <w lemma="these" pos="d" xml:id="B03109-001-a-7820">these</w>
         <pc xml:id="B03109-001-a-7830">,</pc>
        </hi>
       </l>
       <l xml:id="B03109-e1750">
        <hi xml:id="B03109-e1760">
         <w lemma="to" pos="to" xml:id="B03109-001-a-7840">To</w>
         <w lemma="guard" pos="vvi" xml:id="B03109-001-a-7850">guard</w>
         <w lemma="the" pos="d" xml:id="B03109-001-a-7860">the</w>
         <w lemma="sovereign" pos="n1_j" reg="Sovereign" xml:id="B03109-001-a-7870">Soveraign</w>
         <w lemma="of" pos="acp" xml:id="B03109-001-a-7880">of</w>
         <w lemma="the" pos="d" xml:id="B03109-001-a-7890">the</w>
         <w lemma="sea" pos="n2" xml:id="B03109-001-a-7900">Seas</w>
         <pc unit="sentence" xml:id="B03109-001-a-7910">.</pc>
        </hi>
       </l>
      </lg>
     </lg>
     <lg xml:id="B03109-e1770">
      <l xml:id="B03109-e1780">
       <w lemma="on" pos="acp" xml:id="B03109-001-a-7920">On</w>
       <w lemma="Whitsonday" pos="n1-nn" xml:id="B03109-001-a-7930">Whitsonday</w>
       <w lemma="the" pos="d" xml:id="B03109-001-a-7940">the</w>
       <w lemma="duke" pos="n1" rendition="#hi" xml:id="B03109-001-a-7950">Duke</w>
       <w lemma="do" pos="vvd" xml:id="B03109-001-a-7960">did</w>
       <w lemma="send" pos="vvi" xml:id="B03109-001-a-7970">send</w>
       <pc xml:id="B03109-001-a-7980">,</pc>
      </l>
      <l xml:id="B03109-e1800">
       <w lemma="his" pos="po" xml:id="B03109-001-a-7990">His</w>
       <w lemma="man" pos="n2" xml:id="B03109-001-a-8000">Men</w>
       <w lemma="for" pos="acp" xml:id="B03109-001-a-8010">for</w>
       <w lemma="cure" pos="n1" xml:id="B03109-001-a-8020">Cure</w>
       <pc xml:id="B03109-001-a-8030">,</pc>
       <w lemma="and" pos="cc" xml:id="B03109-001-a-8040">and</w>
       <w lemma="ship" pos="n2" xml:id="B03109-001-a-8050">Ships</w>
       <w lemma="to" pos="to" xml:id="B03109-001-a-8060">to</w>
       <w lemma="mend" pos="vvi" xml:id="B03109-001-a-8070">mend</w>
      </l>
      <l xml:id="B03109-e1810">
       <w lemma="unto" pos="acp" reg="Unto" xml:id="B03109-001-a-8080">Vnto</w>
       <w lemma="our" pos="po" xml:id="B03109-001-a-8090">our</w>
       <w lemma="english" pos="j-nn" xml:id="B03109-001-a-8100">English</w>
       <w lemma="coast" pos="n1" xml:id="B03109-001-a-8110">Coast</w>
       <pc xml:id="B03109-001-a-8120">,</pc>
       <w lemma="where" pos="crq" xml:id="B03109-001-a-8130">where</w>
       <w lemma="care" pos="n1" xml:id="B03109-001-a-8140">care</w>
      </l>
      <l xml:id="B03109-e1820">
       <w lemma="be" pos="vvz" xml:id="B03109-001-a-8150">Is</w>
       <w lemma="take" pos="vvn" xml:id="B03109-001-a-8160">taken</w>
       <w lemma="for" pos="acp" xml:id="B03109-001-a-8170">for</w>
       <w lemma="their" pos="po" xml:id="B03109-001-a-8180">their</w>
       <w lemma="swift" pos="j" xml:id="B03109-001-a-8190">swift</w>
       <w lemma="repair" pos="n1" xml:id="B03109-001-a-8200">Repair</w>
       <pc xml:id="B03109-001-a-8210">:</pc>
      </l>
      <l xml:id="B03109-e1830">
       <w lemma="these" pos="d" xml:id="B03109-001-a-8220">These</w>
       <w lemma="card" pos="n2" xml:id="B03109-001-a-8230">Cards</w>
       <w lemma="thus" pos="av" xml:id="B03109-001-a-8240">thus</w>
       <w lemma="deal" pos="vvn" xml:id="B03109-001-a-8250">dealt</w>
       <pc xml:id="B03109-001-a-8260">,</pc>
       <w lemma="out" pos="av" xml:id="B03109-001-a-8270">out</w>
       <w lemma="of" pos="acp" xml:id="B03109-001-a-8280">of</w>
       <w lemma="the" pos="d" xml:id="B03109-001-a-8290">the</w>
       <w lemma="lump" pos="n1" xml:id="B03109-001-a-8300">Lump</w>
       <pc xml:id="B03109-001-a-8310">,</pc>
      </l>
      <l xml:id="B03109-e1840">
       <w lemma="the" pos="d" xml:id="B03109-001-a-8320">The</w>
       <w lemma="royal" pos="j" xml:id="B03109-001-a-8330">Royal</w>
       <w lemma="Katherine" pos="n1-nn" rendition="#hi" xml:id="B03109-001-a-8340">Katherine</w>
       <w lemma="turn" pos="vvd" reg="turned" xml:id="B03109-001-a-8350">turn'd</w>
       <w lemma="up" pos="acp-av" xml:id="B03109-001-a-8360">up</w>
       <w lemma="trump" pos="n1" rendition="#hi" xml:id="B03109-001-a-8370">Trump</w>
       <pc unit="sentence" xml:id="B03109-001-a-8380">.</pc>
      </l>
      <lg type="refrain" xml:id="B03109-e1870">
       <l xml:id="B03109-e1880">
        <hi xml:id="B03109-e1890">
         <w lemma="a" pos="d" xml:id="B03109-001-a-8390">A</w>
         <w lemma="sacrifice" pos="n1" xml:id="B03109-001-a-8400">Sacrifice</w>
         <w lemma="which" pos="crq" xml:id="B03109-001-a-8410">which</w>
         <w lemma="do" pos="vvz" xml:id="B03109-001-a-8420">doth</w>
         <w lemma="appease" pos="vvi" xml:id="B03109-001-a-8430">appease</w>
        </hi>
        <pc rendition="#follows-hi" xml:id="B03109-001-a-8440">,</pc>
       </l>
       <l xml:id="B03109-e1900">
        <hi xml:id="B03109-e1910">
         <w lemma="the" pos="d" xml:id="B03109-001-a-8450">The</w>
         <w lemma="royal" pos="j" xml:id="B03109-001-a-8460">Royal</w>
         <w lemma="sovereign" pos="n1_j" reg="Sovereign" xml:id="B03109-001-a-8470">Soveraign</w>
         <w lemma="of" pos="acp" xml:id="B03109-001-a-8480">of</w>
         <w lemma="the" pos="d" xml:id="B03109-001-a-8490">the</w>
         <w lemma="sea" pos="n2" xml:id="B03109-001-a-8500">Seas</w>
         <pc unit="sentence" xml:id="B03109-001-a-8510">.</pc>
        </hi>
       </l>
      </lg>
     </lg>
     <lg xml:id="B03109-e1920">
      <l xml:id="B03109-e1930">
       <w lemma="to" pos="acp" xml:id="B03109-001-a-8520">To</w>
       <w lemma="sum" pos="n1" reg="sum" xml:id="B03109-001-a-8530">summe</w>
       <w lemma="up" pos="acp" xml:id="B03109-001-a-8540">up</w>
       <w lemma="all" pos="d" xml:id="B03109-001-a-8550">all</w>
       <pc xml:id="B03109-001-a-8560">,</pc>
       <w join="right" lemma="it" pos="pn" xml:id="B03109-001-a-8570">'t</w>
       <w join="left" lemma="be" pos="vvz" xml:id="B03109-001-a-8571">is</w>
       <w lemma="though" pos="cs" xml:id="B03109-001-a-8580">though</w>
       <w lemma="they" pos="pns" xml:id="B03109-001-a-8590">they</w>
       <w lemma="be" pos="vvb" xml:id="B03109-001-a-8600">are</w>
       <pc xml:id="B03109-001-a-8610">,</pc>
      </l>
      <l xml:id="B03109-e1940">
       <w lemma="unfit" pos="j" reg="Unfit" xml:id="B03109-001-a-8620">Vnfit</w>
       <w lemma="to" pos="to" xml:id="B03109-001-a-8630">to</w>
       <w lemma="raise" pos="vvi" xml:id="B03109-001-a-8640">raise</w>
       <w lemma="another" pos="d" xml:id="B03109-001-a-8650">another</w>
       <w lemma="war" pos="n1" xml:id="B03109-001-a-8660">War</w>
       <pc xml:id="B03109-001-a-8670">;</pc>
      </l>
      <l xml:id="B03109-e1950">
       <w join="right" lemma="it" pos="pn" xml:id="B03109-001-a-8680">'T</w>
       <w join="left" lemma="be" pos="vvz" xml:id="B03109-001-a-8681">is</w>
       <w lemma="much" pos="av_d" xml:id="B03109-001-a-8690">much</w>
       <w lemma="presume" pos="vvn" reg="presumed" xml:id="B03109-001-a-8700">presum'd</w>
       <pc xml:id="B03109-001-a-8710">,</pc>
       <w lemma="because" pos="acp" xml:id="B03109-001-a-8720">'cause</w>
       <w lemma="they" pos="pns" xml:id="B03109-001-a-8740">they</w>
       <w lemma="do" pos="vvd" xml:id="B03109-001-a-8750">did</w>
       <w lemma="fail" pos="vvi" xml:id="B03109-001-a-8760">fail</w>
       <pc xml:id="B03109-001-a-8770">,</pc>
      </l>
      <l xml:id="B03109-e1960">
       <w lemma="when" pos="crq" xml:id="B03109-001-a-8780">When</w>
       <w lemma="they" pos="pns" xml:id="B03109-001-a-8790">they</w>
       <w lemma="have" pos="vvd" xml:id="B03109-001-a-8800">had</w>
       <w lemma="make" pos="vvn" xml:id="B03109-001-a-8810">made</w>
       <w lemma="out" pos="av" xml:id="B03109-001-a-8820">out</w>
       <w lemma="all" pos="d" xml:id="B03109-001-a-8830">all</w>
       <w lemma="their" pos="po" xml:id="B03109-001-a-8840">their</w>
       <w lemma="sail" pos="n1" reg="Sail" xml:id="B03109-001-a-8850">Sayl</w>
       <pc xml:id="B03109-001-a-8860">:</pc>
      </l>
      <l xml:id="B03109-e1970">
       <w lemma="these" pos="d" xml:id="B03109-001-a-8870">These</w>
       <w lemma="be" pos="vvb" xml:id="B03109-001-a-8880">are</w>
       <w lemma="some" pos="d" xml:id="B03109-001-a-8890">some</w>
       <w lemma="of" pos="acp" xml:id="B03109-001-a-8900">of</w>
       <w lemma="those" pos="d" xml:id="B03109-001-a-8910">those</w>
       <w lemma="warlike" pos="j" xml:id="B03109-001-a-8920">warlike</w>
       <w lemma="trick" pos="n2" xml:id="B03109-001-a-8930">Tricks</w>
       <pc xml:id="B03109-001-a-8940">,</pc>
      </l>
      <l xml:id="B03109-e1980">
       <w lemma="Becket" pos="n1-nn" rendition="#hi" xml:id="B03109-001-a-8950">Becket</w>
       <w lemma="presage" pos="vvd" reg="Presaged" xml:id="B03109-001-a-8960">Presag'd</w>
       <w lemma="in" pos="acp" xml:id="B03109-001-a-8970">in</w>
       <w lemma="sixty" pos="crd" xml:id="B03109-001-a-8980">Sixty</w>
       <w lemma="six" pos="crd" xml:id="B03109-001-a-8990">Six</w>
       <pc unit="sentence" xml:id="B03109-001-a-9000">.</pc>
      </l>
      <lg type="refrain" xml:id="B03109-e2000">
       <l xml:id="B03109-e2010">
        <hi xml:id="B03109-e2020">
         <w lemma="〈…〉" pos="zz" xml:id="B03109-001-a-9010">〈…〉</w>
         <w lemma="way" pos="n2" reg="ways" xml:id="B03109-001-a-9020">wayes</w>
         <w lemma="such" pos="d" xml:id="B03109-001-a-9030">such</w>
         <w lemma="event" pos="n2" xml:id="B03109-001-a-9040">Events</w>
         <w lemma="as" pos="acp" xml:id="B03109-001-a-9050">as</w>
         <w lemma="these" pos="d" xml:id="B03109-001-a-9060">these</w>
         <pc xml:id="B03109-001-a-9070">,</pc>
        </hi>
       </l>
       <l xml:id="B03109-e2030">
        <hi xml:id="B03109-e2040">
         <w lemma="secure" pos="vvb" xml:id="B03109-001-a-9080">Secure</w>
         <w lemma="the" pos="d" xml:id="B03109-001-a-9090">the</w>
         <w lemma="sovereign" pos="n1_j" reg="Sovereign" xml:id="B03109-001-a-9100">Soveraign</w>
         <w lemma="of" pos="acp" xml:id="B03109-001-a-9110">of</w>
         <w lemma="the" pos="d" xml:id="B03109-001-a-9120">the</w>
         <w lemma="sea" pos="n2" xml:id="B03109-001-a-9130">Seas</w>
         <pc unit="sentence" xml:id="B03109-001-a-9140">.</pc>
        </hi>
       </l>
      </lg>
     </lg>
    </div>
   </div>
  </body>
  <back xml:id="B03109-e2050">
   <div type="colophon" xml:id="B03109-e2060">
    <p xml:id="B03109-e2070">
     <w lemma="London" pos="n1-nn" rendition="#hi" xml:id="B03109-001-a-9150">London</w>
     <pc xml:id="B03109-001-a-9160">,</pc>
     <w lemma="print" pos="vvn" xml:id="B03109-001-a-9170">Printed</w>
     <w lemma="for" pos="acp" xml:id="B03109-001-a-9180">for</w>
     <w lemma="f." pos="ab" xml:id="B03109-001-a-9190">F.</w>
     <hi xml:id="B03109-e2090">
      <w lemma="Coles" pos="n1-nn" xml:id="B03109-001-a-9200">Coles</w>
      <pc xml:id="B03109-001-a-9210">,</pc>
      <w lemma="t." pos="ab" xml:id="B03109-001-a-9220">T.</w>
      <w lemma="Vere" pos="n1-nn" xml:id="B03109-001-a-9230">Vere</w>
     </hi>
     <pc rendition="#follows-hi" xml:id="B03109-001-a-9240">,</pc>
     <w lemma="and" pos="cc" xml:id="B03109-001-a-9250">and</w>
     <w lemma="j." pos="ab" xml:id="B03109-001-a-9260">J.</w>
     <w lemma="Wright" pos="n1-nn" rendition="#hi" xml:id="B03109-001-a-9270">Wright</w>
     <pc unit="sentence" xml:id="B03109-001-a-9280">.</pc>
    </p>
   </div>
  </back>
 </text>
</TEI>
