<?xml version="1.0" encoding="UTF-8"?>
<?xml-model href="http://schemata.earlyprint.org/schemata/tei_earlyprint.rng" type="application/xml" schematypens="http://relaxng.org/ns/structure/1.0"?>
<TEI xmlns="http://www.tei-c.org/ns/1.0" xml:id="B03114">
 <teiHeader>
  <fileDesc>
   <titleStmt>
    <title>Englands valor, and Hollands terrour: being an encouragement for seamen and souldiers to serve his Majesty in his wars against the Dutch, &amp;c. Dutchmen beware, we have a fleet ... To the tune of, The stormy winds do blow.</title>
   </titleStmt>
   <editionStmt>
    <edition>This text is an enriched version of the TCP digital transcription B03114 of text R176718 in the <ref target="http;//estc.bl.uk">English Short Title Catalog</ref> (Wing E3068A). Textual changes  and metadata enrichments aim at making the                             text more  computationally tractable, easier to read, and suitable for network-based collaborative                              curation by amateur and professional end users from many walks of life.  The text has been tokenized and linguistically annotated with <ref target="http://morphadorner.northwestern.edu/morphadorner/">MorphAdorner</ref>. The annotation includes standard spellings that support the display of a text in                             a standardized format that preserves archaic forms ('loveth', 'seekest').                              Textual changes aim at restoring the text the author or stationer meant to publish.</edition>
    <respStmt>
     <resp>This text has not been fully proofread</resp>
     <name/>
    </respStmt>
   </editionStmt>
   <extent>Approx. 5 KB of XML-encoded text transcribed from 1 1-bit group-IV TIFF page image.</extent>
   <publicationStmt>
    <publisher>EarlyPrint Project</publisher>
    <pubPlace>Evanston,IL, Notre Dame, IN, St. Louis, MO</pubPlace>
    <date>2018</date>
    <idno type="DLPS">B03114</idno>
    <idno type="STC">Wing E3068A</idno>
    <idno type="STC">ESTC R176718</idno>
    <idno type="EEBO-CITATION">47012427</idno>
    <idno type="OCLC">ocm 47012427</idno>
    <idno type="VID">174396</idno>
    <availability>
     <p>
            This keyboarded and encoded edition of the work described above is co-owned by the institutions providing financial support to the Early English Books Online Text Creation Partnership. This Phase I text is available for reuse, according to the terms of
            <ref target="https://creativecommons.org/publicdomain/zero/1.0/">Creative Commons 0 1.0 Universal</ref>
            . The text can be copied, modified, distributed and performed, even for commercial purposes, all without asking permission.
          </p>
    </availability>
   </publicationStmt>
   <seriesStmt>
    <title>Early English books online.</title>
   </seriesStmt>
   <notesStmt>
    <note>(EEBO-TCP ; phase 1, no. B03114)</note>
    <note>Transcribed from: (Early English Books Online ; image set 174396)</note>
    <note>Images scanned from microfilm: (Early English Books, 1641-1700 ; 2687:13)</note>
   </notesStmt>
   <sourceDesc>
    <biblFull>
     <titleStmt>
      <title>Englands valor, and Hollands terrour: being an encouragement for seamen and souldiers to serve his Majesty in his wars against the Dutch, &amp;c. Dutchmen beware, we have a fleet ... To the tune of, The stormy winds do blow.</title>
     </titleStmt>
     <extent>1 sheet ([1] p.) : ill.</extent>
     <publicationStmt>
      <publisher>Printed for F. Coles, T. Vere, W. Gilbertson, and I Wright.</publisher>
      <pubPlace>[London] :</pubPlace>
      <date>[1666?]</date>
     </publicationStmt>
     <notesStmt>
      <note>Contains 4 illustrations.</note>
      <note>Right half sheet contains "The second part, to the same tune."</note>
      <note>Place and date of publication taken from Wing (2nd ed.)</note>
      <note>"VVith allowance."</note>
      <note>Reproduction of original in: University of Glasgow. Library.</note>
     </notesStmt>
    </biblFull>
   </sourceDesc>
  </fileDesc>
  <profileDesc>
   <langUsage>
    <language ident="eng">eng</language>
   </langUsage>
   <textClass>
    <keywords scheme="http://authorities.loc.gov/">
     <term>Ballads, English -- 17th century.</term>
     <term>Great Britain -- History, Naval -- Stuarts, 1603-1714 -- Poetry.</term>
     <term>Great Britain -- Foreign relations -- Netherlands -- 17th century.</term>
     <term>Broadsides -- England -- 17th century.</term>
    </keywords>
   </textClass>
  </profileDesc>
  <xenoData>
   <ep:epHeader xmlns:ep="http://earlyprint.org/ns/1.0">
    <ep:corpus>eebo</ep:corpus>
    <ep:title>Englands valour, and Hollands terrour: being an encouragement for seamen and souldiers to serve his Majesty in his wars against the Dutch, &amp;c. Dutchme</ep:title>
    <ep:author>[no entry]</ep:author>
    <ep:publicationYear>1663</ep:publicationYear>
    <ep:creationYear/>
    <ep:curator>
     <ep:name/>
    </ep:curator>
    <ep:pageCount>1</ep:pageCount>
    <ep:wordCount>747</ep:wordCount>
    <ep:defectiveTokenCount>0</ep:defectiveTokenCount>
    <ep:untranscribedForeignCount>0</ep:untranscribedForeignCount>
    <ep:untranscribedMathCount>0</ep:untranscribedMathCount>
    <ep:untranscribedMusicCount>0</ep:untranscribedMusicCount>
    <ep:missingChunkCount>0</ep:missingChunkCount>
    <ep:missingPagesCount>0</ep:missingPagesCount>
    <ep:defectRate>0</ep:defectRate>
    <ep:finalGrade>A</ep:finalGrade>
    <ep:defectRangePerGrade>This text  has no known defects that were recorded as gap elements at the time of transcription. </ep:defectRangePerGrade>
   </ep:epHeader>
  </xenoData>
  <revisionDesc>
   <change><date>2008-09</date><label>TCP</label>
        Assigned for keying and markup
      </change>
   <change><date>2008-11</date><label>SPi Global</label>
        Keyed and coded from ProQuest page images
      </change>
   <change><date>2009-01</date><label>Mona Logarbo</label>
        Sampled and proofread
      </change>
   <change><date>2009-01</date><label>Mona Logarbo</label>
        Text and markup reviewed and edited
      </change>
   <change><date>2009-02</date><label>pfs</label>
        Batch review (QC) and XML conversion
      </change>
  </revisionDesc>
 </teiHeader>
 <text xml:id="B03114-t">
  <body xml:id="B03114-e0">
   <div type="ballad" xml:id="B03114-e10">
    <pb facs="tcp:174396:1" xml:id="B03114-001-a"/>
    <head xml:id="B03114-e20">
     <w lemma="England" pos="n1g-nn" reg="England's" xml:id="B03114-001-a-0010">Englands</w>
     <w lemma="valour" pos="n1" xml:id="B03114-001-a-0020">Valour</w>
     <pc xml:id="B03114-001-a-0030">,</pc>
     <w lemma="and" pos="cc" xml:id="B03114-001-a-0040">and</w>
     <w lemma="Holland" pos="n1g-nn" reg="Holland's" xml:id="B03114-001-a-0050">Hollands</w>
     <w lemma="terror" pos="n1" reg="Terror" xml:id="B03114-001-a-0060">Terrour</w>
     <pc xml:id="B03114-001-a-0070">:</pc>
     <w lemma="be" pos="vvg" xml:id="B03114-001-a-0080">BEING</w>
     <w lemma="a" pos="d" xml:id="B03114-001-a-0090">An</w>
     <w lemma="encouragement" pos="n1" xml:id="B03114-001-a-0100">encouragement</w>
     <w lemma="for" pos="acp" xml:id="B03114-001-a-0110">for</w>
     <w lemma="seaman" pos="n2" xml:id="B03114-001-a-0120">Seamen</w>
     <w lemma="and" pos="cc" xml:id="B03114-001-a-0130">and</w>
     <w lemma="soldier" pos="n2" reg="Soldiers" xml:id="B03114-001-a-0140">Souldiers</w>
     <w lemma="to" pos="to" xml:id="B03114-001-a-0150">to</w>
     <w lemma="serve" pos="vvi" xml:id="B03114-001-a-0160">serve</w>
     <w lemma="his" pos="po" xml:id="B03114-001-a-0170">his</w>
     <w lemma="majesty" pos="n1" xml:id="B03114-001-a-0180">Majesty</w>
     <w lemma="in" pos="acp" xml:id="B03114-001-a-0190">in</w>
     <w lemma="his" pos="po" xml:id="B03114-001-a-0200">his</w>
     <w lemma="war" pos="n2" rendition="#hi" xml:id="B03114-001-a-0210">Wars</w>
     <w lemma="against" pos="acp" xml:id="B03114-001-a-0220">against</w>
     <w lemma="the" pos="d" xml:id="B03114-001-a-0230">the</w>
     <w lemma="dutch" pos="j-nn" rendition="#hi" xml:id="B03114-001-a-0240">Dutch</w>
     <pc xml:id="B03114-001-a-0250">,</pc>
     <w lemma="etc." pos="ab" reg="etc." xml:id="B03114-001-a-0260">&amp;c.</w>
     <pc unit="sentence" xml:id="B03114-001-a-0270"/>
    </head>
    <argument xml:id="B03114-e50">
     <l xml:id="B03114-e60">
      <w lemma="dutchman" pos="n2-nn" rendition="#hi" xml:id="B03114-001-a-0280">Dutchmen</w>
      <w lemma="beware" pos="vvb" xml:id="B03114-001-a-0290">beware</w>
      <pc xml:id="B03114-001-a-0300">,</pc>
      <w lemma="we" pos="pns" xml:id="B03114-001-a-0310">we</w>
      <w lemma="have" pos="vvb" xml:id="B03114-001-a-0320">have</w>
      <w lemma="a" pos="d" xml:id="B03114-001-a-0330">a</w>
      <w lemma="fleet" pos="n1" xml:id="B03114-001-a-0340">Fleet</w>
      <pc xml:id="B03114-001-a-0350">,</pc>
     </l>
     <l xml:id="B03114-e80">
      <w lemma="will" pos="vmb" reg="Will" xml:id="B03114-001-a-0360">VVill</w>
      <w lemma="make" pos="vvi" xml:id="B03114-001-a-0370">make</w>
      <w lemma="you" pos="pn" xml:id="B03114-001-a-0380">you</w>
      <w lemma="tremble" pos="vvb" xml:id="B03114-001-a-0390">tremble</w>
      <w lemma="when" pos="crq" xml:id="B03114-001-a-0400">when</w>
      <w lemma="you" pos="pn" xml:id="B03114-001-a-0410">you</w>
      <w join="right" lemma="see" pos="vvi" xml:id="B03114-001-a-0420">see</w>
      <w join="left" lemma="it" pos="pn" xml:id="B03114-001-a-0421">'t</w>
      <pc xml:id="B03114-001-a-0430">,</pc>
     </l>
     <l xml:id="B03114-e90">
      <w lemma="man" pos="vvn" reg="Manned" xml:id="B03114-001-a-0440">Mann'd</w>
      <w lemma="with" pos="acp" xml:id="B03114-001-a-0450">with</w>
      <w lemma="brave" pos="j" xml:id="B03114-001-a-0460">brave</w>
      <w lemma="englishman" pos="n2-nn" rendition="#hi" xml:id="B03114-001-a-0470">Englishmen</w>
      <w lemma="of" pos="acp" xml:id="B03114-001-a-0480">of</w>
      <w lemma="high" pos="j" xml:id="B03114-001-a-0490">high</w>
      <w lemma="renown" pos="n1" xml:id="B03114-001-a-0500">renown</w>
      <pc xml:id="B03114-001-a-0510">,</pc>
     </l>
     <l xml:id="B03114-e110">
      <w lemma="who" pos="crq" xml:id="B03114-001-a-0520">Who</w>
      <w lemma="can" pos="vmb" xml:id="B03114-001-a-0530">can</w>
      <w lemma="and" pos="cc" xml:id="B03114-001-a-0540">and</w>
      <w lemma="will" pos="vmb" xml:id="B03114-001-a-0550">will</w>
      <w lemma="your" pos="po" xml:id="B03114-001-a-0560">your</w>
      <w lemma="peacock" pos="n1g" reg="Peacock's" xml:id="B03114-001-a-0570">Peacocks</w>
      <w lemma="plume" pos="n2" xml:id="B03114-001-a-0580">Plumes</w>
      <w lemma="pull" pos="vvb" xml:id="B03114-001-a-0590">pull</w>
      <w lemma="down" pos="acp-av" xml:id="B03114-001-a-0600">down</w>
      <pc xml:id="B03114-001-a-0610">;</pc>
     </l>
     <l xml:id="B03114-e120">
      <w lemma="then" pos="av" xml:id="B03114-001-a-0620">Then</w>
      <w lemma="cease" pos="vvb" xml:id="B03114-001-a-0630">cease</w>
      <w lemma="your" pos="po" xml:id="B03114-001-a-0640">your</w>
      <w lemma="boast" pos="n1_vg" xml:id="B03114-001-a-0650">boasting</w>
      <pc xml:id="B03114-001-a-0660">,</pc>
      <w lemma="it" pos="pn" xml:id="B03114-001-a-0670">it</w>
      <w lemma="will" pos="vmb" xml:id="B03114-001-a-0680">will</w>
      <w lemma="nought" pos="pi-x" xml:id="B03114-001-a-0690">nought</w>
      <w lemma="avail" pos="vvi" reg="avail" xml:id="B03114-001-a-0700">availe</w>
      <pc xml:id="B03114-001-a-0710">,</pc>
     </l>
     <l xml:id="B03114-e130">
      <w lemma="you" pos="pn" xml:id="B03114-001-a-0720">You</w>
      <w lemma="know" pos="vvb" xml:id="B03114-001-a-0730">know</w>
      <w join="right" lemma="it" pos="pn" xml:id="B03114-001-a-0740">it</w>
      <w join="left" lemma="be" pos="vvz" reg="'s" xml:id="B03114-001-a-0741">s</w>
      <w lemma="but" pos="acp-av" xml:id="B03114-001-a-0750">but</w>
      <w lemma="your" pos="po" xml:id="B03114-001-a-0760">your</w>
      <w lemma="duty" pos="n1" xml:id="B03114-001-a-0770">duty</w>
      <w lemma="to" pos="to" xml:id="B03114-001-a-0780">to</w>
      <w lemma="strike" pos="vvi" xml:id="B03114-001-a-0790">strike</w>
      <w lemma="sail" pos="n1" reg="sail" xml:id="B03114-001-a-0800">sayle</w>
      <pc unit="sentence" xml:id="B03114-001-a-0810">.</pc>
     </l>
    </argument>
    <opener xml:id="B03114-e140">
     <w lemma="to" pos="to" xml:id="B03114-001-a-0820">To</w>
     <w lemma="the" pos="d" xml:id="B03114-001-a-0830">the</w>
     <w lemma="tune" pos="n1" xml:id="B03114-001-a-0840">tune</w>
     <w lemma="of" pos="acp" xml:id="B03114-001-a-0850">of</w>
     <pc xml:id="B03114-001-a-0860">,</pc>
     <w lemma="the" pos="d" xml:id="B03114-001-a-0870">The</w>
     <w lemma="stormy" pos="j" xml:id="B03114-001-a-0880">stormy</w>
     <w lemma="wind" pos="n2" xml:id="B03114-001-a-0890">winds</w>
     <w lemma="do" pos="vvb" xml:id="B03114-001-a-0900">do</w>
     <w lemma="blow" pos="vvi" xml:id="B03114-001-a-0910">blow</w>
     <pc unit="sentence" xml:id="B03114-001-a-0920">.</pc>
    </opener>
    <p xml:id="B03114-e150">
     <figure xml:id="B03114-e160"/>
     <figure xml:id="B03114-e170"/>
    </p>
    <lg xml:id="B03114-e180">
     <l xml:id="B03114-e190">
      <w lemma="brave" pos="j" xml:id="B03114-001-a-0930">BRave</w>
      <w lemma="loyal" pos="j" xml:id="B03114-001-a-0940">Loyal</w>
      <w lemma="heart" pos="j_vn" xml:id="B03114-001-a-0950">Hearted</w>
      <w lemma="englishman" pos="n2-nn" reg="Englishmen" rendition="#hi" xml:id="B03114-001-a-0960">English-men</w>
      <pc xml:id="B03114-001-a-0970">,</pc>
     </l>
     <l xml:id="B03114-e210">
      <w lemma="attend" pos="vvb" xml:id="B03114-001-a-0980">attend</w>
      <w lemma="whilst" pos="cs" xml:id="B03114-001-a-0990">whilst</w>
      <w lemma="i" pos="pns" xml:id="B03114-001-a-1000">I</w>
      <w lemma="declare" pos="vvb" xml:id="B03114-001-a-1010">declare</w>
      <pc xml:id="B03114-001-a-1020">,</pc>
     </l>
     <l xml:id="B03114-e220">
      <w lemma="what" pos="crq-q" xml:id="B03114-001-a-1030">What</w>
      <w lemma="noble" pos="j" xml:id="B03114-001-a-1040">noble</w>
      <w lemma="preparation" pos="n2" xml:id="B03114-001-a-1050">preparations</w>
      <w lemma="be" pos="vvz" xml:id="B03114-001-a-1060">is</w>
     </l>
     <l xml:id="B03114-e230">
      <w lemma="make" pos="vvn" xml:id="B03114-001-a-1070">made</w>
      <w lemma="for" pos="acp" xml:id="B03114-001-a-1080">for</w>
      <w lemma="the" pos="d" xml:id="B03114-001-a-1090">the</w>
      <w lemma="Holland" pos="n1g-nn" reg="Holland's" rendition="#hi" xml:id="B03114-001-a-1100">Hollands</w>
      <w lemma="war" pos="n1" xml:id="B03114-001-a-1110">War</w>
      <pc xml:id="B03114-001-a-1120">;</pc>
     </l>
     <l xml:id="B03114-e250">
      <w lemma="for" pos="acp" xml:id="B03114-001-a-1130">For</w>
      <w lemma="certain" pos="j" xml:id="B03114-001-a-1140">certain</w>
      <w lemma="such" pos="d" xml:id="B03114-001-a-1150">such</w>
      <w lemma="a" pos="d" xml:id="B03114-001-a-1160">a</w>
      <w lemma="bloody" pos="j" xml:id="B03114-001-a-1170">Bloody</w>
      <w lemma="fight" pos="n1" xml:id="B03114-001-a-1180">Fight</w>
     </l>
     <l xml:id="B03114-e260">
      <w lemma="have" pos="vvz" xml:id="B03114-001-a-1190">hath</w>
      <w lemma="never" pos="av-x" xml:id="B03114-001-a-1200">never</w>
      <w lemma="be" pos="vvn" xml:id="B03114-001-a-1210">been</w>
      <w lemma="before" pos="acp-av" xml:id="B03114-001-a-1220">before</w>
      <pc xml:id="B03114-001-a-1230">,</pc>
     </l>
     <l xml:id="B03114-e270">
      <w lemma="as" pos="acp" xml:id="B03114-001-a-1240">As</w>
      <w lemma="be" pos="vvz" xml:id="B03114-001-a-1250">is</w>
      <w lemma="near" pos="av_j" xml:id="B03114-001-a-1260">near</w>
      <pc xml:id="B03114-001-a-1270">,</pc>
      <w lemma="you" pos="pn" xml:id="B03114-001-a-1280">you</w>
      <w lemma="shall" pos="vmb" xml:id="B03114-001-a-1290">shall</w>
      <w lemma="hear" pos="vvi" xml:id="B03114-001-a-1300">hear</w>
      <pc xml:id="B03114-001-a-1310">,</pc>
     </l>
     <lg type="refrain" xml:id="B03114-e280">
      <l xml:id="B03114-e290">
       <hi xml:id="B03114-e300">
        <w lemma="when" pos="crq" xml:id="B03114-001-a-1320">when</w>
        <w lemma="the" pos="d" xml:id="B03114-001-a-1330">the</w>
        <w lemma="cannon" pos="n2" xml:id="B03114-001-a-1340">Cannons</w>
        <w lemma="loud" pos="av_j" xml:id="B03114-001-a-1350">loud</w>
        <w lemma="do" pos="vvb" xml:id="B03114-001-a-1360">do</w>
        <w lemma="roar" pos="vvi" xml:id="B03114-001-a-1370">roar</w>
        <pc unit="sentence" xml:id="B03114-001-a-1380">.</pc>
       </hi>
      </l>
     </lg>
    </lg>
    <lg xml:id="B03114-e310">
     <l xml:id="B03114-e320">
      <w lemma="view" pos="vvb" xml:id="B03114-001-a-1390">View</w>
      <w lemma="but" pos="acp-av" xml:id="B03114-001-a-1400">but</w>
      <w lemma="our" pos="po" xml:id="B03114-001-a-1410">our</w>
      <w lemma="navy" pos="n1" xml:id="B03114-001-a-1420">Navy</w>
      <w lemma="royal" pos="j" xml:id="B03114-001-a-1430">Royal</w>
      <pc xml:id="B03114-001-a-1440">,</pc>
     </l>
     <l xml:id="B03114-e330">
      <w lemma="and" pos="cc" xml:id="B03114-001-a-1450">and</w>
      <w lemma="you" pos="pn" xml:id="B03114-001-a-1460">you</w>
      <w lemma="will" pos="vmb" xml:id="B03114-001-a-1470">will</w>
      <w lemma="find" pos="vvi" xml:id="B03114-001-a-1480">find</w>
      <w lemma="it" pos="pn" xml:id="B03114-001-a-1490">it</w>
      <w lemma="plain" pos="j" xml:id="B03114-001-a-1500">plain</w>
      <pc xml:id="B03114-001-a-1510">,</pc>
     </l>
     <l xml:id="B03114-e340">
      <w lemma="the" pos="d" xml:id="B03114-001-a-1520">The</w>
      <w lemma="like" pos="j" xml:id="B03114-001-a-1530">like</w>
      <w lemma="thereof" pos="av" xml:id="B03114-001-a-1540">thereof</w>
      <w lemma="be" pos="vvd" xml:id="B03114-001-a-1550">was</w>
      <w lemma="never" pos="av-x" xml:id="B03114-001-a-1560">never</w>
      <w lemma="see" pos="vvn" reg="seen" xml:id="B03114-001-a-1570">séen</w>
     </l>
     <l xml:id="B03114-e350">
      <w lemma="to" pos="to" xml:id="B03114-001-a-1580">to</w>
      <w lemma="sail" pos="vvi" reg="sail" xml:id="B03114-001-a-1590">sayle</w>
      <w lemma="upon" pos="acp" xml:id="B03114-001-a-1600">upon</w>
      <w lemma="the" pos="d" xml:id="B03114-001-a-1610">the</w>
      <w lemma="main" pos="j" reg="Main" xml:id="B03114-001-a-1620">Maine</w>
      <pc xml:id="B03114-001-a-1630">:</pc>
     </l>
     <l xml:id="B03114-e360">
      <w lemma="the" pos="d" xml:id="B03114-001-a-1640">The</w>
      <w lemma="duke" pos="n1" xml:id="B03114-001-a-1650">Duke</w>
      <w lemma="of" pos="acp" xml:id="B03114-001-a-1660">of</w>
      <w lemma="York" pos="n1-nn" rendition="#hi" xml:id="B03114-001-a-1670">York</w>
      <w lemma="high" pos="j" xml:id="B03114-001-a-1680">high</w>
      <w lemma="admiral" pos="n1" xml:id="B03114-001-a-1690">Admiral</w>
      <pc xml:id="B03114-001-a-1700">,</pc>
     </l>
     <l xml:id="B03114-e380">
      <w lemma="will" pos="vmb" xml:id="B03114-001-a-1710">will</w>
      <w lemma="daunt" pos="vvi" xml:id="B03114-001-a-1720">daunt</w>
      <w lemma="the" pos="d" xml:id="B03114-001-a-1730">the</w>
      <w lemma="Dutchman" pos="n1-nn" rendition="#hi" xml:id="B03114-001-a-1740">Dutchman</w>
      <w lemma="sore" pos="av_j" xml:id="B03114-001-a-1750">sore</w>
     </l>
     <l xml:id="B03114-e400">
      <w lemma="with" pos="acp" xml:id="B03114-001-a-1760">With</w>
      <w lemma="his" pos="po" xml:id="B03114-001-a-1770">his</w>
      <w lemma="name" pos="n1" xml:id="B03114-001-a-1780">name</w>
      <pc xml:id="B03114-001-a-1790">,</pc>
      <w lemma="and" pos="cc" xml:id="B03114-001-a-1800">and</w>
      <w lemma="his" pos="po" xml:id="B03114-001-a-1810">his</w>
      <w lemma="fame" pos="n1" xml:id="B03114-001-a-1820">fame</w>
      <pc xml:id="B03114-001-a-1830">,</pc>
     </l>
     <lg type="refrain" xml:id="B03114-e410">
      <l xml:id="B03114-e420">
       <hi xml:id="B03114-e430">
        <w lemma="when" pos="crq" xml:id="B03114-001-a-1840">when</w>
        <w lemma="the" pos="d" xml:id="B03114-001-a-1850">the</w>
        <w lemma="cannon" pos="n2" xml:id="B03114-001-a-1860">Cannons</w>
        <w lemma="loud" pos="av_j" xml:id="B03114-001-a-1870">loud</w>
        <w lemma="do" pos="vvb" xml:id="B03114-001-a-1880">do</w>
        <w lemma="roar" pos="vvi" xml:id="B03114-001-a-1890">roar</w>
        <pc unit="sentence" xml:id="B03114-001-a-1900">.</pc>
       </hi>
      </l>
     </lg>
    </lg>
    <lg xml:id="B03114-e440">
     <l xml:id="B03114-e450">
      <w lemma="our" pos="po" xml:id="B03114-001-a-1910">Our</w>
      <w lemma="ship" pos="n2" xml:id="B03114-001-a-1920">Ships</w>
      <w lemma="be" pos="vvb" xml:id="B03114-001-a-1930">are</w>
      <w lemma="brave" pos="av_j" xml:id="B03114-001-a-1940">bravely</w>
      <w lemma="rig" pos="vvn" xml:id="B03114-001-a-1950">rigged</w>
      <pc xml:id="B03114-001-a-1960">,</pc>
     </l>
     <l xml:id="B03114-e460">
      <w lemma="and" pos="cc" xml:id="B03114-001-a-1970">and</w>
      <w lemma="man" pos="vvn" reg="manned" xml:id="B03114-001-a-1980">mann'd</w>
      <w lemma="with" pos="acp" xml:id="B03114-001-a-1990">with</w>
      <w lemma="seaman" pos="n2" xml:id="B03114-001-a-2000">Seamen</w>
      <w lemma="stout" pos="j" xml:id="B03114-001-a-2010">stout</w>
      <pc xml:id="B03114-001-a-2020">,</pc>
     </l>
     <l xml:id="B03114-e470">
      <w lemma="and" pos="cc" xml:id="B03114-001-a-2030">And</w>
      <w lemma="soldier" pos="n2" reg="Soldiers" xml:id="B03114-001-a-2040">Souldiers</w>
      <w lemma="good" pos="j" xml:id="B03114-001-a-2050">good</w>
      <w lemma="will" pos="vmb" xml:id="B03114-001-a-2060">will</w>
      <w lemma="spend" pos="vvi" xml:id="B03114-001-a-2070">spend</w>
      <w lemma="their" pos="po" xml:id="B03114-001-a-2080">their</w>
      <w lemma="blood" pos="n1" xml:id="B03114-001-a-2090">blood</w>
     </l>
     <l xml:id="B03114-e480">
      <w lemma="to" pos="acp" xml:id="B03114-001-a-2100">to</w>
      <w lemma="bang" pos="n1" xml:id="B03114-001-a-2110">bang</w>
      <w lemma="their" pos="po" xml:id="B03114-001-a-2120">their</w>
      <w lemma="foe" pos="n2" xml:id="B03114-001-a-2130">Foes</w>
      <w lemma="about" pos="acp-av" xml:id="B03114-001-a-2140">about</w>
      <pc xml:id="B03114-001-a-2150">:</pc>
     </l>
     <l xml:id="B03114-e490">
      <w lemma="they" pos="pns" xml:id="B03114-001-a-2160">They</w>
      <w lemma="long" pos="av_j" xml:id="B03114-001-a-2170">long</w>
      <w lemma="to" pos="to" xml:id="B03114-001-a-2180">to</w>
      <w lemma="be" pos="vvi" xml:id="B03114-001-a-2190">be</w>
      <w lemma="a" pos="d" xml:id="B03114-001-a-2200">a</w>
      <w lemma="deal" pos="n1_vg" xml:id="B03114-001-a-2210">dealing</w>
      <w lemma="blow" pos="n2" xml:id="B03114-001-a-2220">blows</w>
      <pc xml:id="B03114-001-a-2230">,</pc>
     </l>
     <l xml:id="B03114-e500">
      <w lemma="delay" pos="n1" xml:id="B03114-001-a-2240">delay</w>
      <w lemma="do" pos="vvz" xml:id="B03114-001-a-2250">doth</w>
      <w lemma="vex" pos="vvi" xml:id="B03114-001-a-2260">vex</w>
      <w lemma="they" pos="pno" xml:id="B03114-001-a-2270">them</w>
      <w lemma="sore" pos="av_j" xml:id="B03114-001-a-2280">sore</w>
      <pc xml:id="B03114-001-a-2290">,</pc>
     </l>
     <l xml:id="B03114-e510">
      <w lemma="with" pos="acp" xml:id="B03114-001-a-2300">With</w>
      <w lemma="delight" pos="n1" xml:id="B03114-001-a-2310">delight</w>
      <pc xml:id="B03114-001-a-2320">,</pc>
      <w lemma="they" pos="pns" xml:id="B03114-001-a-2330">they</w>
      <w lemma="will" pos="vmb" xml:id="B03114-001-a-2340">will</w>
      <w lemma="fight" pos="vvi" xml:id="B03114-001-a-2350">fight</w>
      <pc xml:id="B03114-001-a-2360">,</pc>
     </l>
     <lg type="refrain" xml:id="B03114-e520">
      <l xml:id="B03114-e530">
       <hi xml:id="B03114-e540">
        <w lemma="when" pos="crq" xml:id="B03114-001-a-2370">when</w>
        <w lemma="the" pos="d" xml:id="B03114-001-a-2380">the</w>
        <w lemma="cannon" pos="n2" xml:id="B03114-001-a-2390">Cannons</w>
        <w lemma="loud" pos="av_j" xml:id="B03114-001-a-2400">loud</w>
        <w lemma="do" pos="vvb" xml:id="B03114-001-a-2410">do</w>
        <w lemma="roar" pos="vvi" xml:id="B03114-001-a-2420">roar</w>
        <pc xml:id="B03114-001-a-2430">,</pc>
       </hi>
      </l>
     </lg>
    </lg>
    <lg xml:id="B03114-e550">
     <l xml:id="B03114-e560">
      <w lemma="the" pos="d" xml:id="B03114-001-a-2440">The</w>
      <w lemma="care" pos="n1" xml:id="B03114-001-a-2450">care</w>
      <w lemma="and" pos="cc" xml:id="B03114-001-a-2460">and</w>
      <w lemma="good" pos="j" xml:id="B03114-001-a-2470">good</w>
      <w lemma="provision" pos="n1" xml:id="B03114-001-a-2480">provision</w>
     </l>
     <l xml:id="B03114-e570">
      <w lemma="for" pos="acp" xml:id="B03114-001-a-2490">for</w>
      <w lemma="seaman" pos="n2" xml:id="B03114-001-a-2500">Seamen</w>
      <w lemma="that" pos="cs" xml:id="B03114-001-a-2510">that</w>
      <w lemma="be" pos="vvz" xml:id="B03114-001-a-2520">is</w>
      <w lemma="make" pos="vvn" xml:id="B03114-001-a-2530">made</w>
      <pc xml:id="B03114-001-a-2540">,</pc>
     </l>
     <l xml:id="B03114-e580">
      <w lemma="will" pos="vmb" xml:id="B03114-001-a-2550">Will</w>
      <w lemma="make" pos="vvi" xml:id="B03114-001-a-2560">make</w>
      <w lemma="they" pos="pno" xml:id="B03114-001-a-2570">them</w>
      <w lemma="fight" pos="vvi" xml:id="B03114-001-a-2580">fight</w>
      <w lemma="for" pos="acp" xml:id="B03114-001-a-2590">for</w>
      <w lemma="England" pos="n1g-nn" reg="England's" rendition="#hi" xml:id="B03114-001-a-2600">Englands</w>
      <w lemma="right" pos="j" xml:id="B03114-001-a-2610">right</w>
     </l>
     <l xml:id="B03114-e600">
      <w lemma="and" pos="cc" xml:id="B03114-001-a-2620">and</w>
      <w lemma="never" pos="av-x" xml:id="B03114-001-a-2630">never</w>
      <w lemma="be" pos="vvi" xml:id="B03114-001-a-2640">be</w>
      <w lemma="afraid" pos="j" xml:id="B03114-001-a-2650">afraid</w>
      <pc xml:id="B03114-001-a-2660">:</pc>
     </l>
     <l xml:id="B03114-e610">
      <w join="right" lemma="they" pos="pns" xml:id="B03114-001-a-2670">They</w>
      <w join="left" lemma="will" pos="vmb" reg="'ll" xml:id="B03114-001-a-2671">'l</w>
      <w lemma="find" pos="vvi" xml:id="B03114-001-a-2680">find</w>
      <w lemma="far" pos="av_j" xml:id="B03114-001-a-2690">far</w>
      <w lemma="rich" pos="j-c" xml:id="B03114-001-a-2700">richer</w>
      <w lemma="plunder" pos="vvb" xml:id="B03114-001-a-2710">plunder</w>
     </l>
     <l xml:id="B03114-e620">
      <w lemma="then" pos="av" xml:id="B03114-001-a-2720">then</w>
      <w lemma="ever" pos="av" reg="e'er" xml:id="B03114-001-a-2730">e're</w>
      <w lemma="they" pos="pns" xml:id="B03114-001-a-2740">they</w>
      <w lemma="do" pos="vvd" xml:id="B03114-001-a-2750">did</w>
      <w lemma="before" pos="acp-av" xml:id="B03114-001-a-2760">before</w>
      <pc xml:id="B03114-001-a-2770">:</pc>
     </l>
     <l xml:id="B03114-e630">
      <w lemma="every" pos="d" xml:id="B03114-001-a-2780">Every</w>
      <w lemma="day" pos="n1" xml:id="B03114-001-a-2790">day</w>
      <pc xml:id="B03114-001-a-2800">,</pc>
      <w lemma="in" pos="acp" xml:id="B03114-001-a-2810">in</w>
      <w lemma="the" pos="d" xml:id="B03114-001-a-2820">the</w>
      <w lemma="fray" pos="n1" xml:id="B03114-001-a-2830">fray</w>
      <pc xml:id="B03114-001-a-2840">,</pc>
     </l>
     <lg type="refrain" xml:id="B03114-e640">
      <l xml:id="B03114-e650">
       <hi xml:id="B03114-e660">
        <w lemma="when" pos="crq" xml:id="B03114-001-a-2850">when</w>
        <w lemma="the" pos="d" xml:id="B03114-001-a-2860">the</w>
        <w lemma="cannon" pos="n2" xml:id="B03114-001-a-2870">Cannons</w>
        <w lemma="loud" pos="av_j" xml:id="B03114-001-a-2880">loud</w>
        <w lemma="do" pos="vvb" xml:id="B03114-001-a-2890">do</w>
        <w lemma="roar" pos="vvi" xml:id="B03114-001-a-2900">roar</w>
        <pc unit="sentence" xml:id="B03114-001-a-2910">.</pc>
       </hi>
      </l>
     </lg>
    </lg>
    <p xml:id="B03114-e670">
     <figure xml:id="B03114-e680"/>
     <figure xml:id="B03114-e690"/>
    </p>
    <lg xml:id="B03114-e700">
     <l xml:id="B03114-e710">
      <w lemma="hark" pos="vvb" xml:id="B03114-001-a-2920">HArk</w>
      <w lemma="how" pos="crq" xml:id="B03114-001-a-2930">how</w>
      <w lemma="the" pos="d" xml:id="B03114-001-a-2940">the</w>
      <w lemma="dutchman" pos="n2-nn" rendition="#hi" xml:id="B03114-001-a-2950">Dutchmen</w>
      <w lemma="bluster" pos="n1" xml:id="B03114-001-a-2960">bluster</w>
      <pc xml:id="B03114-001-a-2970">,</pc>
     </l>
     <l xml:id="B03114-e730">
      <w lemma="they" pos="pns" xml:id="B03114-001-a-2980">they</w>
      <w lemma="prate" pos="vvb" xml:id="B03114-001-a-2990">prate</w>
      <w lemma="and" pos="cc" xml:id="B03114-001-a-3000">and</w>
      <w lemma="dominéer" pos="av" xml:id="B03114-001-a-3010">Dominéer</w>
      <pc xml:id="B03114-001-a-3020">,</pc>
     </l>
     <l xml:id="B03114-e740">
      <w lemma="they" pos="pns" xml:id="B03114-001-a-3030">They</w>
      <w lemma="stamp" pos="vvb" xml:id="B03114-001-a-3040">stamp</w>
      <w lemma="and" pos="cc" xml:id="B03114-001-a-3050">and</w>
      <w lemma="sweat" pos="n1" xml:id="B03114-001-a-3060">sweat</w>
      <pc xml:id="B03114-001-a-3070">,</pc>
      <w lemma="they" pos="pns" xml:id="B03114-001-a-3080">they</w>
      <w lemma="fume" pos="vvb" xml:id="B03114-001-a-3090">fume</w>
      <w lemma="&amp;" pos="cc" xml:id="B03114-001-a-3100">&amp;</w>
      <w lemma="fret" pos="vvi" xml:id="B03114-001-a-3110">fret</w>
      <pc xml:id="B03114-001-a-3120">,</pc>
     </l>
     <l xml:id="B03114-e750">
      <w lemma="will" pos="vmd" xml:id="B03114-001-a-3130">would</w>
      <w lemma="make" pos="vvi" xml:id="B03114-001-a-3140">make</w>
      <w lemma="one" pos="crd" xml:id="B03114-001-a-3150">one</w>
      <w lemma="laugh" pos="vvb" xml:id="B03114-001-a-3160">laugh</w>
      <w lemma="to" pos="to" xml:id="B03114-001-a-3170">to</w>
      <w lemma="hear" pos="vvi" xml:id="B03114-001-a-3180">hear</w>
      <pc xml:id="B03114-001-a-3190">:</pc>
     </l>
     <l xml:id="B03114-e760">
      <w lemma="their" pos="po" xml:id="B03114-001-a-3200">Their</w>
      <w lemma="merchant" pos="n1g" reg="Merchant's" xml:id="B03114-001-a-3210">Merchants</w>
      <w lemma="ship" pos="n2" xml:id="B03114-001-a-3220">ships</w>
      <w lemma="be" pos="vvb" xml:id="B03114-001-a-3230">are</w>
      <w lemma="take" pos="vvn" xml:id="B03114-001-a-3240">taken</w>
     </l>
     <l xml:id="B03114-e770">
      <w lemma="for" pos="acp" xml:id="B03114-001-a-3250">for</w>
      <w lemma="prize" pos="n2" xml:id="B03114-001-a-3260">prizes</w>
      <pc xml:id="B03114-001-a-3270">,</pc>
      <w lemma="grive" pos="vvz" xml:id="B03114-001-a-3280">grives</w>
      <w lemma="they" pos="pno" xml:id="B03114-001-a-3290">them</w>
      <w lemma="sore" pos="av_j" xml:id="B03114-001-a-3300">sore</w>
      <pc xml:id="B03114-001-a-3310">:</pc>
     </l>
     <l xml:id="B03114-e780">
      <w lemma="but" pos="acp" xml:id="B03114-001-a-3320">But</w>
      <w lemma="in" pos="acp" xml:id="B03114-001-a-3330">in</w>
      <w lemma="vain" pos="j" xml:id="B03114-001-a-3340">vain</w>
      <pc xml:id="B03114-001-a-3350">,</pc>
      <w lemma="they" pos="pns" xml:id="B03114-001-a-3360">they</w>
      <w lemma="complain" pos="vvb" xml:id="B03114-001-a-3370">complain</w>
      <pc xml:id="B03114-001-a-3380">,</pc>
     </l>
     <lg type="refrain" xml:id="B03114-e790">
      <l xml:id="B03114-e800">
       <hi xml:id="B03114-e810">
        <w lemma="when" pos="crq" xml:id="B03114-001-a-3390">when</w>
        <w lemma="the" pos="d" xml:id="B03114-001-a-3400">the</w>
        <w lemma="cannon" pos="n2" xml:id="B03114-001-a-3410">Cannons</w>
        <w lemma="loud" pos="av_j" xml:id="B03114-001-a-3420">loud</w>
        <w lemma="do" pos="vvb" xml:id="B03114-001-a-3430">do</w>
        <w lemma="roar" pos="vvi" xml:id="B03114-001-a-3440">roar</w>
        <pc unit="sentence" xml:id="B03114-001-a-3450">.</pc>
       </hi>
      </l>
     </lg>
    </lg>
    <lg xml:id="B03114-e820">
     <l xml:id="B03114-e830">
      <w lemma="although" pos="cs" xml:id="B03114-001-a-3460">Although</w>
      <w lemma="they" pos="pns" xml:id="B03114-001-a-3470">they</w>
      <w lemma="be" pos="vvb" xml:id="B03114-001-a-3480">be</w>
      <w lemma="rebellious" pos="j" xml:id="B03114-001-a-3490">Rebellious</w>
      <pc xml:id="B03114-001-a-3500">,</pc>
     </l>
     <l xml:id="B03114-e840">
      <w lemma="yet" pos="av" xml:id="B03114-001-a-3510">yet</w>
      <w lemma="we" pos="pns" xml:id="B03114-001-a-3520">we</w>
      <w lemma="shall" pos="vmb" xml:id="B03114-001-a-3530">shall</w>
      <w lemma="pull" pos="vvi" xml:id="B03114-001-a-3540">pull</w>
      <w lemma="they" pos="pno" xml:id="B03114-001-a-3550">them</w>
      <w lemma="down" pos="acp-av" xml:id="B03114-001-a-3560">down</w>
      <pc xml:id="B03114-001-a-3570">,</pc>
     </l>
     <l xml:id="B03114-e850">
      <w lemma="and" pos="cc" xml:id="B03114-001-a-3580">And</w>
      <w lemma="teach" pos="vvi" xml:id="B03114-001-a-3590">teach</w>
      <w lemma="they" pos="pno" xml:id="B03114-001-a-3600">them</w>
      <w lemma="how" pos="crq" xml:id="B03114-001-a-3610">how</w>
      <w lemma="they" pos="pns" xml:id="B03114-001-a-3620">they</w>
      <w lemma="shall" pos="vmb" xml:id="B03114-001-a-3630">shall</w>
      <w lemma="submit" pos="vvi" xml:id="B03114-001-a-3640">submit</w>
     </l>
     <l xml:id="B03114-e860">
      <w lemma="to" pos="acp" xml:id="B03114-001-a-3650">to</w>
      <w lemma="England" pos="n1g-nn" reg="England's" rendition="#hi" xml:id="B03114-001-a-3660">Englands</w>
      <w lemma="royal" pos="j" xml:id="B03114-001-a-3670">Royal</w>
      <w lemma="crown" pos="n1" xml:id="B03114-001-a-3680">Crown</w>
      <pc xml:id="B03114-001-a-3690">:</pc>
     </l>
     <l xml:id="B03114-e880">
      <w join="right" lemma="we" pos="pns" reg="we" xml:id="B03114-001-a-3700">Wée</w>
      <w join="left" lemma="will" pos="vmb" reg="'ll" xml:id="B03114-001-a-3701">'le</w>
      <w lemma="thump" pos="vvi" xml:id="B03114-001-a-3710">thump</w>
      <w lemma="their" pos="po" xml:id="B03114-001-a-3720">their</w>
      <w lemma="side" pos="n2" xml:id="B03114-001-a-3730">sides</w>
      <w lemma="most" pos="av-s_d" xml:id="B03114-001-a-3740">most</w>
      <w lemma="sound" pos="av_j" reg="sound" xml:id="B03114-001-a-3750">soundly</w>
     </l>
     <l xml:id="B03114-e890">
      <w lemma="and" pos="cc" xml:id="B03114-001-a-3760">and</w>
      <w lemma="beat" pos="vvi" xml:id="B03114-001-a-3770">beat</w>
      <w lemma="they" pos="pno" xml:id="B03114-001-a-3780">them</w>
      <w lemma="over" pos="acp-av" reg="o'er" xml:id="B03114-001-a-3790">ore</w>
      <w lemma="and" pos="cc" xml:id="B03114-001-a-3800">and</w>
      <w lemma="over" pos="acp-av" reg="o'er" xml:id="B03114-001-a-3810">ore</w>
      <pc xml:id="B03114-001-a-3820">,</pc>
     </l>
     <l xml:id="B03114-e900">
      <w lemma="in" pos="acp" xml:id="B03114-001-a-3830">In</w>
      <w lemma="each" pos="d" xml:id="B03114-001-a-3840">each</w>
      <w lemma="fight" pos="n1" xml:id="B03114-001-a-3850">fight</w>
      <pc xml:id="B03114-001-a-3860">,</pc>
      <w lemma="for" pos="acp" xml:id="B03114-001-a-3870">for</w>
      <w lemma="our" pos="po" xml:id="B03114-001-a-3880">our</w>
      <w lemma="right" pos="n1_j" xml:id="B03114-001-a-3890">right</w>
      <pc xml:id="B03114-001-a-3900">,</pc>
     </l>
     <lg type="refrain" xml:id="B03114-e910">
      <l xml:id="B03114-e920">
       <hi xml:id="B03114-e930">
        <w lemma="when" pos="crq" xml:id="B03114-001-a-3910">when</w>
        <w lemma="the" pos="d" xml:id="B03114-001-a-3920">the</w>
        <w lemma="cannon" pos="n2" xml:id="B03114-001-a-3930">Cannons</w>
        <w lemma="loud" pos="av_j" xml:id="B03114-001-a-3940">loud</w>
        <w lemma="do" pos="vvb" xml:id="B03114-001-a-3950">do</w>
        <w lemma="roar" pos="vvi" xml:id="B03114-001-a-3960">roar</w>
        <pc unit="sentence" xml:id="B03114-001-a-3970">.</pc>
       </hi>
      </l>
     </lg>
    </lg>
    <lg xml:id="B03114-e940">
     <l xml:id="B03114-e950">
      <w lemma="there" pos="av" xml:id="B03114-001-a-3980">There</w>
      <w lemma="will" pos="vmb" xml:id="B03114-001-a-3990">will</w>
      <w lemma="be" pos="vvi" xml:id="B03114-001-a-4000">be</w>
      <w lemma="noble" pos="j" xml:id="B03114-001-a-4010">noble</w>
      <w lemma="knock" pos="n1_vg" xml:id="B03114-001-a-4020">Knocking</w>
      <pc xml:id="B03114-001-a-4030">,</pc>
     </l>
     <l xml:id="B03114-e960">
      <w lemma="when" pos="crq" xml:id="B03114-001-a-4040">when</w>
      <w lemma="once" pos="acp-av" xml:id="B03114-001-a-4050">once</w>
      <w lemma="the" pos="d" xml:id="B03114-001-a-4060">the</w>
      <w lemma="navy" pos="n1g-nn" xml:id="B03114-001-a-4070">Navy's</w>
      <w lemma="meet" pos="j" reg="meet" xml:id="B03114-001-a-4080">méet</w>
      <pc xml:id="B03114-001-a-4090">,</pc>
     </l>
     <l xml:id="B03114-e970">
      <w lemma="then" pos="av" xml:id="B03114-001-a-4100">Then</w>
      <hi xml:id="B03114-e980">
       <w lemma="Holland" pos="n1g-nn" reg="Holland's" xml:id="B03114-001-a-4110">Hollands</w>
       <w lemma="state" pos="n2" xml:id="B03114-001-a-4120">States</w>
      </hi>
      <w lemma="beware" pos="vvb" xml:id="B03114-001-a-4130">beware</w>
      <w lemma="your" pos="po" xml:id="B03114-001-a-4140">your</w>
      <w lemma="pate" pos="n2" xml:id="B03114-001-a-4150">pates</w>
     </l>
     <l xml:id="B03114-e990">
      <w lemma="we" pos="pns" xml:id="B03114-001-a-4160">we</w>
      <w lemma="shall" pos="vmb" xml:id="B03114-001-a-4170">shall</w>
      <w lemma="you" pos="pn" xml:id="B03114-001-a-4180">you</w>
      <w lemma="rough" pos="av_j" xml:id="B03114-001-a-4190">roughly</w>
      <w lemma="greet" pos="vvi" reg="greet" xml:id="B03114-001-a-4200">gréet</w>
      <pc xml:id="B03114-001-a-4210">:</pc>
     </l>
     <l xml:id="B03114-e1000">
      <w lemma="your" pos="po" xml:id="B03114-001-a-4220">Your</w>
      <w lemma="treachery" pos="n1" xml:id="B03114-001-a-4230">treachery</w>
      <w lemma="at" pos="acp" xml:id="B03114-001-a-4240">at</w>
      <w lemma="guiny" pos="n1" rendition="#hi" xml:id="B03114-001-a-4250">Guiny</w>
     </l>
     <l xml:id="B03114-e1020">
      <w lemma="stand" pos="vvz" xml:id="B03114-001-a-4260">stands</w>
      <w lemma="yet" pos="av" xml:id="B03114-001-a-4270">yet</w>
      <w lemma="upon" pos="acp" xml:id="B03114-001-a-4280">upon</w>
      <w lemma="the" pos="d" xml:id="B03114-001-a-4290">the</w>
      <w lemma="score" pos="n1" xml:id="B03114-001-a-4300">score</w>
      <pc xml:id="B03114-001-a-4310">:</pc>
     </l>
     <l xml:id="B03114-e1030">
      <w lemma="you" pos="pn" xml:id="B03114-001-a-4320">You</w>
      <w lemma="shall" pos="vmb" xml:id="B03114-001-a-4330">shall</w>
      <w lemma="pay" pos="vvi" xml:id="B03114-001-a-4340">pay</w>
      <pc xml:id="B03114-001-a-4350">,</pc>
      <w lemma="at" pos="acp" xml:id="B03114-001-a-4360">at</w>
      <w lemma="the" pos="d" xml:id="B03114-001-a-4370">the</w>
      <w lemma="day" pos="n1" xml:id="B03114-001-a-4380">day</w>
     </l>
     <lg type="refrain" xml:id="B03114-e1040">
      <l xml:id="B03114-e1050">
       <hi xml:id="B03114-e1060">
        <w lemma="when" pos="crq" xml:id="B03114-001-a-4390">when</w>
        <w lemma="the" pos="d" xml:id="B03114-001-a-4400">the</w>
        <w lemma="cannon" pos="n2" xml:id="B03114-001-a-4410">Cannons</w>
        <w lemma="loud" pos="av_j" xml:id="B03114-001-a-4420">loud</w>
        <w lemma="do" pos="vvb" xml:id="B03114-001-a-4430">do</w>
        <w lemma="roar" pos="vvi" xml:id="B03114-001-a-4440">roar</w>
        <pc unit="sentence" xml:id="B03114-001-a-4450">.</pc>
       </hi>
      </l>
     </lg>
    </lg>
    <lg xml:id="B03114-e1070">
     <l xml:id="B03114-e1080">
      <w lemma="then" pos="av" xml:id="B03114-001-a-4460">Then</w>
      <w lemma="volontier" pos="n2" xml:id="B03114-001-a-4470">Volontiers</w>
      <w lemma="come" pos="vvb" xml:id="B03114-001-a-4480">come</w>
      <w lemma="in" pos="acp" xml:id="B03114-001-a-4490">in</w>
      <w lemma="amain" pos="av" xml:id="B03114-001-a-4500">amain</w>
     </l>
     <l xml:id="B03114-e1090">
      <w lemma="to" pos="to" xml:id="B03114-001-a-4510">to</w>
      <w lemma="fight" pos="vvi" xml:id="B03114-001-a-4520">fight</w>
      <w lemma="against" pos="acp" xml:id="B03114-001-a-4530">against</w>
      <w lemma="the" pos="d" xml:id="B03114-001-a-4540">the</w>
      <w lemma="foe" pos="n1" xml:id="B03114-001-a-4550">Foe</w>
      <pc xml:id="B03114-001-a-4560">,</pc>
     </l>
     <l xml:id="B03114-e1100">
      <w lemma="for" pos="acp" xml:id="B03114-001-a-4570">For</w>
      <w lemma="your" pos="po" xml:id="B03114-001-a-4580">your</w>
      <w lemma="reward" pos="n1" xml:id="B03114-001-a-4590">reward</w>
      <pc xml:id="B03114-001-a-4600">,</pc>
      <w lemma="you" pos="pn" xml:id="B03114-001-a-4610">you</w>
      <w lemma="shall" pos="vmb" xml:id="B03114-001-a-4620">shall</w>
      <w lemma="have" pos="vvi" xml:id="B03114-001-a-4630">have</w>
      <w lemma="gain" pos="n1" reg="gain" xml:id="B03114-001-a-4640">gaine</w>
      <pc xml:id="B03114-001-a-4650">,</pc>
     </l>
     <l xml:id="B03114-e1110">
      <w lemma="when" pos="crq" xml:id="B03114-001-a-4660">when</w>
      <w lemma="to" pos="acp" xml:id="B03114-001-a-4670">to</w>
      <w lemma="the" pos="d" xml:id="B03114-001-a-4680">the</w>
      <w lemma="war" pos="n2" xml:id="B03114-001-a-4690">Wars</w>
      <w lemma="you" pos="pn" xml:id="B03114-001-a-4700">you</w>
      <w lemma="go" pos="vvb" xml:id="B03114-001-a-4710">go</w>
      <pc xml:id="B03114-001-a-4720">;</pc>
     </l>
     <l xml:id="B03114-e1120">
      <w lemma="the" pos="d" xml:id="B03114-001-a-4730">The</w>
      <hi xml:id="B03114-e1130">
       <w lemma="hogan" pos="n1-nn" xml:id="B03114-001-a-4740">Hogan</w>
       <w lemma="mogan" pos="n1g-nn" xml:id="B03114-001-a-4750">Mogan's</w>
      </hi>
      <w lemma="for" pos="acp" xml:id="B03114-001-a-4760">for</w>
      <w lemma="we" pos="pno" xml:id="B03114-001-a-4770">us</w>
      <w lemma="all" pos="d" xml:id="B03114-001-a-4780">all</w>
      <pc xml:id="B03114-001-a-4790">,</pc>
     </l>
     <l xml:id="B03114-e1140">
      <w lemma="their" pos="po" xml:id="B03114-001-a-4800">their</w>
      <w lemma="riches" pos="n2" xml:id="B03114-001-a-4810">riches</w>
      <w lemma="keep" pos="vvb" reg="keep" xml:id="B03114-001-a-4820">kéep</w>
      <w lemma="in" pos="acp" xml:id="B03114-001-a-4830">in</w>
      <w lemma="store" pos="n1" xml:id="B03114-001-a-4840">store</w>
      <pc xml:id="B03114-001-a-4850">:</pc>
     </l>
     <l xml:id="B03114-e1150">
      <w lemma="then" pos="av" xml:id="B03114-001-a-4860">Then</w>
      <w lemma="be" pos="vvb" xml:id="B03114-001-a-4870">be</w>
      <w lemma="bold" pos="j" xml:id="B03114-001-a-4880">bold</w>
      <pc xml:id="B03114-001-a-4890">,</pc>
      <w lemma="fight" pos="vvb" xml:id="B03114-001-a-4900">fight</w>
      <w lemma="for" pos="acp" xml:id="B03114-001-a-4910">for</w>
      <w lemma="gold" pos="n1" xml:id="B03114-001-a-4920">Gold</w>
      <pc xml:id="B03114-001-a-4930">,</pc>
     </l>
     <lg type="refrain" xml:id="B03114-e1160">
      <l xml:id="B03114-e1170">
       <hi xml:id="B03114-e1180">
        <w lemma="when" pos="crq" xml:id="B03114-001-a-4940">when</w>
        <w lemma="the" pos="d" xml:id="B03114-001-a-4950">the</w>
        <w lemma="cannon" pos="n2" xml:id="B03114-001-a-4960">Cannons</w>
        <w lemma="loud" pos="av_j" xml:id="B03114-001-a-4970">loud</w>
        <w lemma="do" pos="vvb" xml:id="B03114-001-a-4980">do</w>
        <w lemma="roar" pos="vvi" xml:id="B03114-001-a-4990">roar</w>
        <pc unit="sentence" xml:id="B03114-001-a-5000">.</pc>
       </hi>
      </l>
     </lg>
    </lg>
    <lg xml:id="B03114-e1190">
     <l xml:id="B03114-e1200">
      <w lemma="brave" pos="j" xml:id="B03114-001-a-5010">Brave</w>
      <w lemma="Allen" pos="n1-nn" rendition="#hi" xml:id="B03114-001-a-5020">Allen</w>
      <w lemma="our" pos="po" xml:id="B03114-001-a-5030">our</w>
      <w lemma="rear" pos="n1" xml:id="B03114-001-a-5040">Rear</w>
      <w lemma="admiral" pos="n1" xml:id="B03114-001-a-5050">Admiral</w>
      <pc xml:id="B03114-001-a-5060">,</pc>
     </l>
     <l xml:id="B03114-e1220">
      <w lemma="it" pos="pn" xml:id="B03114-001-a-5070">it</w>
      <w lemma="be" pos="vvd" xml:id="B03114-001-a-5080">was</w>
      <w lemma="his" pos="po" xml:id="B03114-001-a-5090">his</w>
      <w lemma="hap" pos="n1" xml:id="B03114-001-a-5100">hap</w>
      <w lemma="to" pos="to" xml:id="B03114-001-a-5110">to</w>
      <w lemma="meet" pos="vvi" reg="meet" xml:id="B03114-001-a-5120">méet</w>
      <pc xml:id="B03114-001-a-5130">,</pc>
     </l>
     <l xml:id="B03114-e1230">
      <w lemma="near" pos="j" xml:id="B03114-001-a-5140">Near</w>
      <w lemma="Cadiz" pos="n1-nn" rendition="#hi" xml:id="B03114-001-a-5150">Cadiz</w>
      <pc xml:id="B03114-001-a-5160">,</pc>
      <w lemma="on" pos="acp" xml:id="B03114-001-a-5170">on</w>
      <w lemma="the" pos="d" xml:id="B03114-001-a-5180">the</w>
      <w lemma="spanish" pos="j-nn" rendition="#hi" xml:id="B03114-001-a-5190">Spanish</w>
      <w lemma="coast" pos="n1" xml:id="B03114-001-a-5200">coast</w>
      <pc xml:id="B03114-001-a-5210">,</pc>
     </l>
     <l xml:id="B03114-e1260">
      <w lemma="part" pos="n1" xml:id="B03114-001-a-5220">part</w>
      <w lemma="of" pos="acp" xml:id="B03114-001-a-5230">of</w>
      <w lemma="their" pos="po" xml:id="B03114-001-a-5240">their</w>
      <w lemma="Smyrna" pos="n1-nn" rendition="#hi" xml:id="B03114-001-a-5250">Smyrna</w>
      <w lemma="fleet" pos="n1" reg="Fleet" xml:id="B03114-001-a-5260">Fléet</w>
      <pc xml:id="B03114-001-a-5270">:</pc>
     </l>
     <l xml:id="B03114-e1280">
      <w lemma="where" pos="crq" xml:id="B03114-001-a-5280">Where</w>
      <w lemma="some" pos="d" xml:id="B03114-001-a-5290">some</w>
      <w lemma="he" pos="pns" xml:id="B03114-001-a-5300">he</w>
      <w lemma="take" pos="vvd" xml:id="B03114-001-a-5310">took</w>
      <pc xml:id="B03114-001-a-5320">,</pc>
      <w lemma="and" pos="cc" xml:id="B03114-001-a-5330">and</w>
      <w lemma="other" pos="pi2_d" xml:id="B03114-001-a-5340">others</w>
      <w lemma="sink" pos="vvn" xml:id="B03114-001-a-5350">sunk</w>
      <pc xml:id="B03114-001-a-5360">,</pc>
     </l>
     <l xml:id="B03114-e1290">
      <w lemma="the" pos="d" xml:id="B03114-001-a-5370">the</w>
      <w lemma="rest" pos="n1" xml:id="B03114-001-a-5380">rest</w>
      <w lemma="he" pos="pns" xml:id="B03114-001-a-5390">he</w>
      <w lemma="batter" pos="vvn" xml:id="B03114-001-a-5400">battered</w>
      <w lemma="sore" pos="av_j" xml:id="B03114-001-a-5410">sore</w>
      <pc xml:id="B03114-001-a-5420">,</pc>
     </l>
     <l xml:id="B03114-e1300">
      <w lemma="thus" pos="av" xml:id="B03114-001-a-5430">Thus</w>
      <w lemma="they" pos="pns" xml:id="B03114-001-a-5440">they</w>
      <w lemma="lose" pos="vvd" xml:id="B03114-001-a-5450">lost</w>
      <pc xml:id="B03114-001-a-5460">,</pc>
      <w lemma="and" pos="cc" xml:id="B03114-001-a-5470">and</w>
      <w lemma="be" pos="vvd" xml:id="B03114-001-a-5480">were</w>
      <w lemma="cross" pos="vvn" reg="crossed" xml:id="B03114-001-a-5490">crost</w>
      <pc xml:id="B03114-001-a-5500">,</pc>
     </l>
     <lg type="refrain" xml:id="B03114-e1310">
      <l xml:id="B03114-e1320">
       <hi xml:id="B03114-e1330">
        <w lemma="when" pos="crq" xml:id="B03114-001-a-5510">when</w>
        <w lemma="the" pos="d" xml:id="B03114-001-a-5520">the</w>
        <w lemma="cannon" pos="n2" xml:id="B03114-001-a-5530">Cannons</w>
        <w lemma="loud" pos="av_j" xml:id="B03114-001-a-5540">loud</w>
        <w lemma="do" pos="vvd" xml:id="B03114-001-a-5550">did</w>
        <w lemma="roar" pos="vvi" xml:id="B03114-001-a-5560">roar</w>
        <pc unit="sentence" xml:id="B03114-001-a-5570">.</pc>
       </hi>
      </l>
     </lg>
    </lg>
    <lg xml:id="B03114-e1340">
     <l xml:id="B03114-e1350">
      <w lemma="then" pos="av" xml:id="B03114-001-a-5580">Then</w>
      <w lemma="butter-box" pos="n2" rendition="#hi" xml:id="B03114-001-a-5590">Butter-boxes</w>
      <w lemma="mark" pos="vvb" xml:id="B03114-001-a-5600">mark</w>
      <w lemma="your" pos="po" xml:id="B03114-001-a-5610">your</w>
      <w lemma="hit" pos="vvz" reg="hits" xml:id="B03114-001-a-5620">hitts</w>
      <pc xml:id="B03114-001-a-5630">,</pc>
     </l>
     <l xml:id="B03114-e1370">
      <w lemma="for" pos="acp" xml:id="B03114-001-a-5640">for</w>
      <w lemma="all" pos="d" xml:id="B03114-001-a-5650">all</w>
      <w lemma="your" pos="po" xml:id="B03114-001-a-5660">your</w>
      <w lemma="wit" pos="n2" xml:id="B03114-001-a-5670">wits</w>
      <w lemma="be" pos="vvb" xml:id="B03114-001-a-5680">are</w>
      <w lemma="dull" pos="j" xml:id="B03114-001-a-5690">dull</w>
      <pc xml:id="B03114-001-a-5700">,</pc>
     </l>
     <l xml:id="B03114-e1380">
      <w join="right" lemma="we" pos="pns" reg="we" xml:id="B03114-001-a-5710">Wée</w>
      <w join="left" lemma="will" pos="vmb" reg="'ll" xml:id="B03114-001-a-5711">'le</w>
      <w lemma="teach" pos="vvi" xml:id="B03114-001-a-5720">teach</w>
      <w lemma="you" pos="pn" xml:id="B03114-001-a-5730">you</w>
      <w lemma="better" pos="j-c" xml:id="B03114-001-a-5740">better</w>
      <w lemma="manner" pos="n2" xml:id="B03114-001-a-5750">manners</w>
      <w lemma="yet" pos="av" xml:id="B03114-001-a-5760">yet</w>
      <pc xml:id="B03114-001-a-5770">,</pc>
     </l>
     <l xml:id="B03114-e1390">
      <w lemma="then" pos="av" xml:id="B03114-001-a-5780">then</w>
      <w lemma="ever" pos="av" xml:id="B03114-001-a-5790">ever</w>
      <w lemma="do" pos="vvd" xml:id="B03114-001-a-5800">did</w>
      <w lemma="old" pos="j" xml:id="B03114-001-a-5810">Old</w>
      <w lemma="noll" pos="n1-nn" rendition="#hi" xml:id="B03114-001-a-5820">Noll</w>
      <pc xml:id="B03114-001-a-5830">:</pc>
     </l>
     <l xml:id="B03114-e1410">
      <w lemma="you" pos="pn" xml:id="B03114-001-a-5840">You</w>
      <w lemma="than" pos="cs" reg="than" xml:id="B03114-001-a-5850">then</w>
      <w lemma="be" pos="vvd" xml:id="B03114-001-a-5860">were</w>
      <w lemma="baste" pos="vvn" xml:id="B03114-001-a-5870">basted</w>
      <w lemma="pretty" pos="j" xml:id="B03114-001-a-5880">pretty</w>
      <w lemma="well" pos="av" xml:id="B03114-001-a-5890">well</w>
      <pc xml:id="B03114-001-a-5900">,</pc>
     </l>
     <l xml:id="B03114-e1420">
      <w lemma="and" pos="cc" xml:id="B03114-001-a-5910">and</w>
      <w lemma="force" pos="vvd" reg="forced" xml:id="B03114-001-a-5920">forc't</w>
      <w lemma="to" pos="to" xml:id="B03114-001-a-5930">to</w>
      <w lemma="cry" pos="vvi" xml:id="B03114-001-a-5940">cry</w>
      <w lemma="and" pos="cc" xml:id="B03114-001-a-5950">and</w>
      <w lemma="lower" pos="vvi" xml:id="B03114-001-a-5960">lower</w>
      <pc xml:id="B03114-001-a-5970">:</pc>
     </l>
     <l xml:id="B03114-e1430">
      <w lemma="and" pos="cc" xml:id="B03114-001-a-5980">And</w>
      <w lemma="to" pos="to" xml:id="B03114-001-a-5990">to</w>
      <w lemma="weep" pos="vvb" reg="weep" xml:id="B03114-001-a-6000">wéep</w>
      <pc xml:id="B03114-001-a-6010">,</pc>
      <w lemma="on" pos="acp" xml:id="B03114-001-a-6020">on</w>
      <w lemma="the" pos="d" xml:id="B03114-001-a-6030">the</w>
      <w lemma="deep" pos="j" reg="deep" xml:id="B03114-001-a-6040">déep</w>
      <pc xml:id="B03114-001-a-6050">,</pc>
     </l>
     <lg type="refrain" xml:id="B03114-e1440">
      <l xml:id="B03114-e1450">
       <hi xml:id="B03114-e1460">
        <w lemma="when" pos="crq" xml:id="B03114-001-a-6060">when</w>
        <w lemma="the" pos="d" xml:id="B03114-001-a-6070">the</w>
        <w lemma="cannon" pos="n2" xml:id="B03114-001-a-6080">Cannons</w>
        <w lemma="loud" pos="av_j" xml:id="B03114-001-a-6090">loud</w>
        <w lemma="do" pos="vvd" xml:id="B03114-001-a-6100">did</w>
        <w lemma="roar" pos="vvi" xml:id="B03114-001-a-6110">roar</w>
        <pc unit="sentence" xml:id="B03114-001-a-6120">.</pc>
       </hi>
      </l>
     </lg>
    </lg>
    <lg xml:id="B03114-e1470">
     <l xml:id="B03114-e1480">
      <w lemma="we" pos="pns" xml:id="B03114-001-a-6130">We</w>
      <w lemma="have" pos="vvb" xml:id="B03114-001-a-6140">have</w>
      <w lemma="tall" pos="j" xml:id="B03114-001-a-6150">tall</w>
      <w lemma="ship" pos="n2" xml:id="B03114-001-a-6160">Ships</w>
      <pc xml:id="B03114-001-a-6170">,</pc>
      <w join="right" lemma="that" pos="d" xml:id="B03114-001-a-6180">that</w>
      <w join="left" lemma="be" pos="vvz" xml:id="B03114-001-a-6181">'s</w>
      <w lemma="new" pos="av_j" xml:id="B03114-001-a-6190">newly</w>
      <w lemma="build" pos="vvn" xml:id="B03114-001-a-6200">built</w>
     </l>
     <l xml:id="B03114-e1490">
      <w lemma="the" pos="d" xml:id="B03114-001-a-6210">the</w>
      <w lemma="best" pos="j-s" xml:id="B03114-001-a-6220">best</w>
      <w lemma="that" pos="cs" xml:id="B03114-001-a-6230">that</w>
      <w lemma="ere" pos="acp" xml:id="B03114-001-a-6240">ere</w>
      <w lemma="do" pos="vvd" xml:id="B03114-001-a-6250">did</w>
      <w lemma="sail" pos="vvi" reg="sail" xml:id="B03114-001-a-6260">sayl</w>
      <pc xml:id="B03114-001-a-6270">,</pc>
     </l>
     <l xml:id="B03114-e1500">
      <w lemma="we" pos="pns" xml:id="B03114-001-a-6280">We</w>
      <w lemma="shall" pos="vmb" xml:id="B03114-001-a-6290">shall</w>
      <w lemma="the" pos="d" xml:id="B03114-001-a-6300">the</w>
      <w lemma="flemish" pos="j-nn" xml:id="B03114-001-a-6310">Flemish</w>
      <w lemma="vessel" pos="n2" xml:id="B03114-001-a-6320">Vessels</w>
      <w lemma="pelt" pos="vvi" xml:id="B03114-001-a-6330">pelt</w>
      <pc xml:id="B03114-001-a-6340">,</pc>
     </l>
     <l xml:id="B03114-e1510">
      <w lemma="no" pos="d-x" xml:id="B03114-001-a-6350">no</w>
      <w lemma="doubt" pos="n1" xml:id="B03114-001-a-6360">doubt</w>
      <w lemma="we" pos="pns" xml:id="B03114-001-a-6370">we</w>
      <w lemma="shall" pos="vmb" xml:id="B03114-001-a-6380">shall</w>
      <w lemma="prevail" pos="vvi" xml:id="B03114-001-a-6390">prevail</w>
      <pc xml:id="B03114-001-a-6400">:</pc>
     </l>
     <l xml:id="B03114-e1520">
      <w lemma="our" pos="po" xml:id="B03114-001-a-6410">Our</w>
      <w lemma="oaken" pos="j" xml:id="B03114-001-a-6420">Oaken</w>
      <w lemma="board" pos="n2" xml:id="B03114-001-a-6430">boards</w>
      <w lemma="will" pos="vmb" xml:id="B03114-001-a-6440">will</w>
      <w lemma="hold" pos="vvi" xml:id="B03114-001-a-6450">hold</w>
      <w lemma="it" pos="pn" xml:id="B03114-001-a-6460">it</w>
      <w lemma="out" pos="av" xml:id="B03114-001-a-6470">out</w>
     </l>
     <l xml:id="B03114-e1530">
      <w lemma="as" pos="acp" xml:id="B03114-001-a-6480">as</w>
      <w lemma="well" pos="av" xml:id="B03114-001-a-6490">well</w>
      <w lemma="now" pos="av" xml:id="B03114-001-a-6500">now</w>
      <w lemma="as" pos="acp" xml:id="B03114-001-a-6510">as</w>
      <w lemma="before" pos="acp-av" xml:id="B03114-001-a-6520">before</w>
      <pc xml:id="B03114-001-a-6530">;</pc>
     </l>
     <l xml:id="B03114-e1540">
      <w lemma="we" pos="pns" reg="We" xml:id="B03114-001-a-6540">Wée</w>
      <w lemma="'" pos="sy" xml:id="B03114-001-a-6550">'</w>
      <w lemma="le" pos="wd" xml:id="B03114-001-a-6560">le</w>
      <w lemma="not" pos="xx" xml:id="B03114-001-a-6570">not</w>
      <w lemma="flinch" pos="vvi" xml:id="B03114-001-a-6580">flinch</w>
      <pc xml:id="B03114-001-a-6590">,</pc>
      <w lemma="not" pos="xx" xml:id="B03114-001-a-6600">not</w>
      <w lemma="a" pos="d" xml:id="B03114-001-a-6610">an</w>
      <w lemma="inch" pos="n1" xml:id="B03114-001-a-6620">inch</w>
      <pc xml:id="B03114-001-a-6630">,</pc>
     </l>
     <lg type="refrain" xml:id="B03114-e1550">
      <l xml:id="B03114-e1560">
       <hi xml:id="B03114-e1570">
        <w lemma="when" pos="crq" xml:id="B03114-001-a-6640">when</w>
        <w lemma="the" pos="d" xml:id="B03114-001-a-6650">the</w>
        <w lemma="cannon" pos="n2" xml:id="B03114-001-a-6660">Cannons</w>
        <w lemma="loud" pos="av_j" xml:id="B03114-001-a-6670">loud</w>
        <w lemma="do" pos="vvb" xml:id="B03114-001-a-6680">do</w>
        <w lemma="roar" pos="vvi" xml:id="B03114-001-a-6690">roar</w>
        <pc unit="sentence" xml:id="B03114-001-a-6700">.</pc>
       </hi>
      </l>
     </lg>
    </lg>
    <lg xml:id="B03114-e1580">
     <l xml:id="B03114-e1590">
      <w lemma="then" pos="av" xml:id="B03114-001-a-6710">Then</w>
      <w lemma="courage" pos="n1" xml:id="B03114-001-a-6720">courage</w>
      <w lemma="all" pos="d" xml:id="B03114-001-a-6730">all</w>
      <w lemma="brave" pos="j" xml:id="B03114-001-a-6740">brave</w>
      <w lemma="englishman" pos="n2-nn" reg="Englishmen" rendition="#hi" xml:id="B03114-001-a-6750">English-men</w>
      <pc xml:id="B03114-001-a-6760">,</pc>
     </l>
     <l xml:id="B03114-e1610">
      <w lemma="and" pos="cc" xml:id="B03114-001-a-6770">and</w>
      <w lemma="never" pos="av-x" xml:id="B03114-001-a-6780">never</w>
      <w lemma="be" pos="vvi" xml:id="B03114-001-a-6790">be</w>
      <w lemma="dismay" pos="vvn" reg="dismayed" xml:id="B03114-001-a-6800">dismaid</w>
      <pc xml:id="B03114-001-a-6810">,</pc>
     </l>
     <l xml:id="B03114-e1620">
      <w lemma="but" pos="acp" xml:id="B03114-001-a-6820">But</w>
      <w lemma="fight" pos="vvb" xml:id="B03114-001-a-6830">fight</w>
      <w lemma="it" pos="pn" xml:id="B03114-001-a-6840">it</w>
      <w lemma="out" pos="av" xml:id="B03114-001-a-6850">out</w>
      <w lemma="most" pos="av-s_d" xml:id="B03114-001-a-6860">most</w>
      <w lemma="gallant" pos="av_j" xml:id="B03114-001-a-6870">gallantly</w>
      <pc xml:id="B03114-001-a-6880">,</pc>
     </l>
     <l xml:id="B03114-e1630">
      <w lemma="we" pos="pns" xml:id="B03114-001-a-6890">we</w>
      <w lemma="shall" pos="vmb" xml:id="B03114-001-a-6900">shall</w>
      <w lemma="be" pos="vvi" xml:id="B03114-001-a-6910">be</w>
      <w lemma="noble" pos="av_j" xml:id="B03114-001-a-6920">nobly</w>
      <w lemma="pay" pos="vvn" xml:id="B03114-001-a-6930">paid</w>
      <pc xml:id="B03114-001-a-6940">:</pc>
     </l>
     <l xml:id="B03114-e1640">
      <w lemma="when" pos="crq" xml:id="B03114-001-a-6950">When</w>
      <w lemma="we" pos="pns" xml:id="B03114-001-a-6960">we</w>
      <w lemma="return" pos="vvb" xml:id="B03114-001-a-6970">return</w>
      <w lemma="with" pos="acp" xml:id="B03114-001-a-6980">with</w>
      <w lemma="victory" pos="n1" xml:id="B03114-001-a-6990">Victory</w>
      <pc xml:id="B03114-001-a-7000">,</pc>
     </l>
     <l xml:id="B03114-e1650">
      <w lemma="with" pos="acp" xml:id="B03114-001-a-7010">with</w>
      <w lemma="gold" pos="n1" xml:id="B03114-001-a-7020">Gold</w>
      <w lemma="and" pos="cc" xml:id="B03114-001-a-7030">and</w>
      <w lemma="silver" pos="n1" xml:id="B03114-001-a-7040">Silver</w>
      <w lemma="store" pos="n1" xml:id="B03114-001-a-7050">store</w>
      <pc xml:id="B03114-001-a-7060">,</pc>
     </l>
     <l xml:id="B03114-e1660">
      <w lemma="bell" pos="n2" xml:id="B03114-001-a-7070">Bells</w>
      <w lemma="shall" pos="vmb" xml:id="B03114-001-a-7080">shall</w>
      <w lemma="ring" pos="n1" xml:id="B03114-001-a-7090">Ring</w>
      <pc xml:id="B03114-001-a-7100">,</pc>
      <w lemma="whilst" pos="cs" xml:id="B03114-001-a-7110">whilst</w>
      <w lemma="we" pos="pns" xml:id="B03114-001-a-7120">we</w>
      <w lemma="sing" pos="vvb" xml:id="B03114-001-a-7130">Sing</w>
      <pc xml:id="B03114-001-a-7140">,</pc>
     </l>
     <lg type="refrain" xml:id="B03114-e1670">
      <l xml:id="B03114-e1680">
       <hi xml:id="B03114-e1690">
        <w lemma="and" pos="cc" xml:id="B03114-001-a-7150">and</w>
        <w lemma="the" pos="d" xml:id="B03114-001-a-7160">the</w>
        <w lemma="cannon" pos="n2" xml:id="B03114-001-a-7170">Cannons</w>
        <w lemma="loud" pos="av_j" xml:id="B03114-001-a-7180">loud</w>
        <w lemma="shall" pos="vmb" xml:id="B03114-001-a-7190">shall</w>
        <w lemma="roar" pos="vvi" xml:id="B03114-001-a-7200">roar</w>
        <pc unit="sentence" xml:id="B03114-001-a-7210">.</pc>
       </hi>
      </l>
     </lg>
    </lg>
    <trailer xml:id="B03114-e1700">
     <w lemma="finis" pos="f-la" xml:id="B03114-001-a-7220">FINIS</w>
     <pc unit="sentence" xml:id="B03114-001-a-7230">.</pc>
    </trailer>
   </div>
  </body>
  <back xml:id="B03114-e1710">
   <div type="license" xml:id="B03114-e1720">
    <p xml:id="B03114-e1730">
     <w lemma="with" pos="acp" reg="With" xml:id="B03114-001-a-7240">VVith</w>
     <w lemma="allowance" pos="n1" xml:id="B03114-001-a-7250">Allowance</w>
     <pc unit="sentence" xml:id="B03114-001-a-7260">.</pc>
    </p>
   </div>
   <div type="colophon" xml:id="B03114-e1740">
    <p xml:id="B03114-e1750">
     <w lemma="print" pos="j_vn" xml:id="B03114-001-a-7270">Printed</w>
     <w lemma="for" pos="acp" xml:id="B03114-001-a-7280">for</w>
     <w lemma="f." pos="ab" xml:id="B03114-001-a-7290">F.</w>
     <w lemma="Coles" pos="n1-nn" xml:id="B03114-001-a-7300">Coles</w>
     <pc xml:id="B03114-001-a-7310">,</pc>
     <w lemma="t." pos="ab" xml:id="B03114-001-a-7320">T.</w>
     <w lemma="Vere" pos="n1-nn" xml:id="B03114-001-a-7330">Vere</w>
     <pc xml:id="B03114-001-a-7340">,</pc>
     <w lemma="w." pos="ab" xml:id="B03114-001-a-7350">W.</w>
     <w lemma="Silbertson" pos="n1-nn" xml:id="B03114-001-a-7360">Silbertson</w>
     <pc xml:id="B03114-001-a-7370">,</pc>
     <w lemma="and" pos="cc" xml:id="B03114-001-a-7380">and</w>
     <w lemma="i." pos="ord" rendition="#hi" xml:id="B03114-001-a-7390">I.</w>
     <w lemma="wright" pos="n1" xml:id="B03114-001-a-7400">Wright</w>
     <pc unit="sentence" xml:id="B03114-001-a-7410">.</pc>
    </p>
   </div>
  </back>
 </text>
</TEI>
