<?xml version="1.0" encoding="UTF-8"?>
<?xml-model href="http://schemata.earlyprint.org/schemata/tei_earlyprint.rng" type="application/xml" schematypens="http://relaxng.org/ns/structure/1.0"?>
<TEI xmlns="http://www.tei-c.org/ns/1.0" xml:id="B03106">
 <teiHeader>
  <fileDesc>
   <titleStmt>
    <title>Englands royall conquest. Truely manifested in a happy victory obtained against the Dutch fleet by his Majesties Royal Navy, under the conduct of his Highness Prince Rupert, and his Grace the Duke of Albemarle upon the 25. and 26. of July 1666. In which naval fight we put the Dutch to a total rout, burnt and sunk several of their best ships, and in conclusion forc't them to shamefully to run away. Our own loss being very inconsiderable ... The tune is, A fig for France and Holland too, or Round about the hollow tree.</title>
   </titleStmt>
   <editionStmt>
    <edition>This text is an enriched version of the TCP digital transcription B03106 of text R176714 in the <ref target="http;//estc.bl.uk">English Short Title Catalog</ref> (Wing E3041A). Textual changes  and metadata enrichments aim at making the                             text more  computationally tractable, easier to read, and suitable for network-based collaborative                              curation by amateur and professional end users from many walks of life.  The text has been tokenized and linguistically annotated with <ref target="http://morphadorner.northwestern.edu/morphadorner/">MorphAdorner</ref>. The annotation includes standard spellings that support the display of a text in                             a standardized format that preserves archaic forms ('loveth', 'seekest').                              Textual changes aim at restoring the text the author or stationer meant to publish.</edition>
    <respStmt>
     <resp>This text has not been fully proofread</resp>
     <name/>
    </respStmt>
   </editionStmt>
   <extent>Approx. 6 KB of XML-encoded text transcribed from 1 1-bit group-IV TIFF page image.</extent>
   <publicationStmt>
    <publisher>EarlyPrint Project</publisher>
    <pubPlace>Evanston,IL, Notre Dame, IN, St. Louis, MO</pubPlace>
    <date>2018</date>
    <idno type="DLPS">B03106</idno>
    <idno type="STC">Wing E3041A</idno>
    <idno type="STC">ESTC R176714</idno>
    <idno type="EEBO-CITATION">47012425</idno>
    <idno type="OCLC">ocm 47012425</idno>
    <idno type="VID">174394</idno>
    <availability>
     <p>
            This keyboarded and encoded edition of the work described above is co-owned by the institutions providing financial support to the Early English Books Online Text Creation Partnership. This Phase I text is available for reuse, according to the terms of
            <ref target="https://creativecommons.org/publicdomain/zero/1.0/">Creative Commons 0 1.0 Universal</ref>
            . The text can be copied, modified, distributed and performed, even for commercial purposes, all without asking permission.
          </p>
    </availability>
   </publicationStmt>
   <seriesStmt>
    <title>Early English books online.</title>
   </seriesStmt>
   <notesStmt>
    <note>(EEBO-TCP ; phase 1, no. B03106)</note>
    <note>Transcribed from: (Early English Books Online ; image set 174394)</note>
    <note>Images scanned from microfilm: (Early English Books, 1641-1700 ; 2687:11)</note>
   </notesStmt>
   <sourceDesc>
    <biblFull>
     <titleStmt>
      <title>Englands royall conquest. Truely manifested in a happy victory obtained against the Dutch fleet by his Majesties Royal Navy, under the conduct of his Highness Prince Rupert, and his Grace the Duke of Albemarle upon the 25. and 26. of July 1666. In which naval fight we put the Dutch to a total rout, burnt and sunk several of their best ships, and in conclusion forc't them to shamefully to run away. Our own loss being very inconsiderable ... The tune is, A fig for France and Holland too, or Round about the hollow tree.</title>
     </titleStmt>
     <extent>1 sheet ([1] p.) : ill.</extent>
     <publicationStmt>
      <publisher>Printed for Richard Burton ...,</publisher>
      <pubPlace>London, :</pubPlace>
      <date>[1666]</date>
     </publicationStmt>
     <notesStmt>
      <note>Contains 2 illustrations.</note>
      <note>Date of publication taken from Wing (2nd ed.)</note>
      <note>Reproduction of original in: University of Glasgow Library.</note>
     </notesStmt>
    </biblFull>
   </sourceDesc>
  </fileDesc>
  <profileDesc>
   <langUsage>
    <language ident="eng">eng</language>
   </langUsage>
   <textClass>
    <keywords scheme="http://authorities.loc.gov/">
     <term>Rupert, -- Prince, Count Palatine, 1619-1682.</term>
     <term>Albemarle, George Monck, -- Duke of, 1608-1670 -- Poetry.</term>
     <term>Ballads, English -- 17th century.</term>
     <term>Great Britain -- History, Naval -- Stuarts, 1603-1714 -- Poetry.</term>
     <term>Broadsides -- England -- 17th century.</term>
    </keywords>
   </textClass>
  </profileDesc>
  <xenoData>
   <ep:epHeader xmlns:ep="http://earlyprint.org/ns/1.0">
    <ep:corpus>eebo</ep:corpus>
    <ep:title>Englands royall conquest. Truely manifested in a happy victory obtained against the Dutch fleet, by his Majesties Royal Navy, under the conduct of his</ep:title>
    <ep:author>[no entry]</ep:author>
    <ep:publicationYear>1666</ep:publicationYear>
    <ep:creationYear/>
    <ep:curator>
     <ep:name/>
    </ep:curator>
    <ep:pageCount>1</ep:pageCount>
    <ep:wordCount>912</ep:wordCount>
    <ep:defectiveTokenCount>0</ep:defectiveTokenCount>
    <ep:untranscribedForeignCount>0</ep:untranscribedForeignCount>
    <ep:untranscribedMathCount>0</ep:untranscribedMathCount>
    <ep:untranscribedMusicCount>0</ep:untranscribedMusicCount>
    <ep:missingChunkCount>0</ep:missingChunkCount>
    <ep:missingPagesCount>0</ep:missingPagesCount>
    <ep:defectRate>0</ep:defectRate>
    <ep:finalGrade>A</ep:finalGrade>
    <ep:defectRangePerGrade>This text  has no known defects that were recorded as gap elements at the time of transcription. </ep:defectRangePerGrade>
   </ep:epHeader>
  </xenoData>
  <revisionDesc>
   <change><date>2008-09</date><label>TCP</label>
        Assigned for keying and markup
      </change>
   <change><date>2008-11</date><label>SPi Global</label>
        Keyed and coded from ProQuest page images
      </change>
   <change><date>2009-01</date><label>Mona Logarbo</label>
        Sampled and proofread
      </change>
   <change><date>2009-01</date><label>Mona Logarbo</label>
        Text and markup reviewed and edited
      </change>
   <change><date>2009-02</date><label>pfs</label>
        Batch review (QC) and XML conversion
      </change>
  </revisionDesc>
 </teiHeader>
 <text xml:id="B03106-t">
  <body xml:id="B03106-e0">
   <div type="ballad" xml:id="B03106-e10">
    <pb facs="tcp:174394:1" xml:id="B03106-001-a"/>
    <head xml:id="B03106-e20">
     <w lemma="England" pos="n1g-nn" reg="ENGLAND'S" rendition="#hi" xml:id="B03106-001-a-0010">ENGLANDS</w>
     <w lemma="royal" pos="j" reg="Royal" xml:id="B03106-001-a-0020">Royall</w>
     <w lemma="conquest" pos="n1" xml:id="B03106-001-a-0030">Conquest</w>
     <pc unit="sentence" xml:id="B03106-001-a-0040">.</pc>
    </head>
    <head type="sub" xml:id="B03106-e40">
     <w lemma="true" pos="av_j" reg="Truly" xml:id="B03106-001-a-0050">Truely</w>
     <w lemma="manifest" pos="vvn" xml:id="B03106-001-a-0060">manifested</w>
     <w lemma="in" pos="acp" xml:id="B03106-001-a-0070">in</w>
     <w lemma="a" pos="d" xml:id="B03106-001-a-0080">a</w>
     <w lemma="happy" pos="j" xml:id="B03106-001-a-0090">happy</w>
     <w lemma="victory" pos="n1" xml:id="B03106-001-a-0100">Victory</w>
     <w lemma="obtain" pos="vvn" xml:id="B03106-001-a-0110">obtained</w>
     <w lemma="against" pos="acp" xml:id="B03106-001-a-0120">against</w>
     <w lemma="the" pos="d" xml:id="B03106-001-a-0130">the</w>
     <w lemma="dutch" pos="j-nn" xml:id="B03106-001-a-0140">Dutch</w>
     <w lemma="fleet" pos="n1" xml:id="B03106-001-a-0150">Fleet</w>
     <pc xml:id="B03106-001-a-0160">,</pc>
     <w lemma="by" pos="acp" xml:id="B03106-001-a-0170">by</w>
     <w lemma="his" pos="po" xml:id="B03106-001-a-0180">his</w>
     <w lemma="majesty" pos="n1g" reg="Majesty's" xml:id="B03106-001-a-0190">Majesties</w>
     <w lemma="royal" pos="j" xml:id="B03106-001-a-0200">Royal</w>
     <w lemma="navy" pos="n1" xml:id="B03106-001-a-0210">Navy</w>
     <pc xml:id="B03106-001-a-0220">,</pc>
     <w lemma="under" pos="acp" xml:id="B03106-001-a-0230">under</w>
     <w lemma="the" pos="d" xml:id="B03106-001-a-0240">the</w>
     <w lemma="conduct" pos="n1" xml:id="B03106-001-a-0250">Conduct</w>
     <w lemma="of" pos="acp" xml:id="B03106-001-a-0260">of</w>
     <w lemma="his" pos="po" xml:id="B03106-001-a-0270">his</w>
     <w lemma="highness" pos="n1g" reg="Highness'" xml:id="B03106-001-a-0280">Highness</w>
     <w lemma="prince" pos="n1" xml:id="B03106-001-a-0290">Prince</w>
     <w lemma="rupert" pos="n1-nn" rendition="#hi" xml:id="B03106-001-a-0300">Rupert</w>
     <pc xml:id="B03106-001-a-0310">,</pc>
     <w lemma="and" pos="cc" xml:id="B03106-001-a-0320">and</w>
     <w lemma="his" pos="po" xml:id="B03106-001-a-0330">his</w>
     <w lemma="grace" pos="n1" xml:id="B03106-001-a-0340">Grace</w>
     <w lemma="the" pos="d" xml:id="B03106-001-a-0350">the</w>
     <w lemma="duke" pos="n1" xml:id="B03106-001-a-0360">Duke</w>
     <w lemma="of" pos="acp" xml:id="B03106-001-a-0370">of</w>
     <w lemma="albemarle" pos="n1-nn" rendition="#hi" xml:id="B03106-001-a-0380">Albemarle</w>
     <w lemma="upon" pos="acp" xml:id="B03106-001-a-0390">upon</w>
     <date xml:id="B03106-e70">
      <w lemma="the" pos="d" xml:id="B03106-001-a-0400">the</w>
      <w lemma="25." pos="crd" xml:id="B03106-001-a-0410">25.</w>
      <w lemma="and" pos="cc" xml:id="B03106-001-a-0420">and</w>
      <w lemma="26." pos="crd" xml:id="B03106-001-a-0430">26.</w>
      <w lemma="of" pos="acp" xml:id="B03106-001-a-0440">of</w>
      <w lemma="July" pos="n1-nn" rendition="#hi" xml:id="B03106-001-a-0450">July</w>
      <w lemma="1666." pos="crd" xml:id="B03106-001-a-0460">1666.</w>
      <pc unit="sentence" xml:id="B03106-001-a-0470"/>
     </date>
     <w lemma="in" pos="acp" xml:id="B03106-001-a-0480">In</w>
     <w lemma="which" pos="crq" xml:id="B03106-001-a-0490">which</w>
     <w lemma="naval" pos="j" xml:id="B03106-001-a-0500">Naval</w>
     <w lemma="fight" pos="n1" xml:id="B03106-001-a-0510">Fight</w>
     <w lemma="we" pos="pns" xml:id="B03106-001-a-0520">we</w>
     <w lemma="put" pos="vvd" xml:id="B03106-001-a-0530">put</w>
     <w lemma="the" pos="d" xml:id="B03106-001-a-0540">the</w>
     <w lemma="dutch" pos="j-nn" xml:id="B03106-001-a-0550">Dutch</w>
     <w lemma="to" pos="acp" xml:id="B03106-001-a-0560">to</w>
     <w lemma="a" pos="d" xml:id="B03106-001-a-0570">a</w>
     <w lemma="total" pos="j" xml:id="B03106-001-a-0580">total</w>
     <w lemma="rout" pos="n1" xml:id="B03106-001-a-0590">rout</w>
     <pc xml:id="B03106-001-a-0600">,</pc>
     <w lemma="burn" pos="vvn" xml:id="B03106-001-a-0610">burnt</w>
     <w lemma="and" pos="cc" xml:id="B03106-001-a-0620">and</w>
     <w lemma="sink" pos="vvn" xml:id="B03106-001-a-0630">sunk</w>
     <w lemma="several" pos="j" xml:id="B03106-001-a-0640">several</w>
     <w lemma="of" pos="acp" xml:id="B03106-001-a-0650">of</w>
     <w lemma="their" pos="po" xml:id="B03106-001-a-0660">their</w>
     <w lemma="best" pos="j-s" xml:id="B03106-001-a-0670">best</w>
     <w lemma="ship" pos="n2" xml:id="B03106-001-a-0680">ships</w>
     <pc xml:id="B03106-001-a-0690">,</pc>
     <w lemma="and" pos="cc" xml:id="B03106-001-a-0700">and</w>
     <w lemma="in" pos="acp" xml:id="B03106-001-a-0710">in</w>
     <w lemma="conclusion" pos="n1" xml:id="B03106-001-a-0720">conclusion</w>
     <w lemma="force" pos="vvd" reg="forced" xml:id="B03106-001-a-0730">forc't</w>
     <w lemma="they" pos="pno" xml:id="B03106-001-a-0740">them</w>
     <w lemma="shameful" pos="av_j" xml:id="B03106-001-a-0750">shamefully</w>
     <w lemma="to" pos="to" xml:id="B03106-001-a-0760">to</w>
     <w lemma="run" pos="vvi" xml:id="B03106-001-a-0770">run</w>
     <w lemma="away" pos="av" xml:id="B03106-001-a-0780">away</w>
     <pc unit="sentence" xml:id="B03106-001-a-0790">.</pc>
    </head>
    <head type="sub" xml:id="B03106-e90">
     <w lemma="our" pos="po" xml:id="B03106-001-a-0800">Our</w>
     <w lemma="own" pos="d" xml:id="B03106-001-a-0810">own</w>
     <w lemma="loss" pos="n2" xml:id="B03106-001-a-0820">losses</w>
     <w lemma="be" pos="vvg" xml:id="B03106-001-a-0830">being</w>
     <w lemma="very" pos="av" xml:id="B03106-001-a-0840">very</w>
     <w lemma="inconsiderable" pos="j" xml:id="B03106-001-a-0850">inconsiderable</w>
     <pc xml:id="B03106-001-a-0860">,</pc>
     <w lemma="only" pos="av_j" reg="only" xml:id="B03106-001-a-0870">onely</w>
     <w lemma="the" pos="d" xml:id="B03106-001-a-0880">the</w>
     <w lemma="resolution" pos="n1" rendition="#hi" xml:id="B03106-001-a-0890">Resolution</w>
     <w lemma="burn" pos="vvn" xml:id="B03106-001-a-0900">burnt</w>
     <w lemma="and" pos="cc" xml:id="B03106-001-a-0910">and</w>
     <w lemma="two" pos="crd" xml:id="B03106-001-a-0920">two</w>
     <w lemma="captain" pos="n2" xml:id="B03106-001-a-0930">Captains</w>
     <w lemma="kill" pos="vvn" reg="killed" xml:id="B03106-001-a-0940">kill'd</w>
     <pc xml:id="B03106-001-a-0950">:</pc>
     <w lemma="our" pos="po" xml:id="B03106-001-a-0960">Our</w>
     <w lemma="general" pos="n2" xml:id="B03106-001-a-0970">Generals</w>
     <w lemma="and" pos="cc" xml:id="B03106-001-a-0980">and</w>
     <w lemma="all" pos="d" xml:id="B03106-001-a-0990">all</w>
     <w lemma="the" pos="d" xml:id="B03106-001-a-1000">the</w>
     <w lemma="rest" pos="n1" xml:id="B03106-001-a-1010">rest</w>
     <w lemma="of" pos="acp" xml:id="B03106-001-a-1020">of</w>
     <w lemma="our" pos="po" xml:id="B03106-001-a-1030">our</w>
     <w lemma="fleet" pos="n1" xml:id="B03106-001-a-1040">Fleet</w>
     <pc xml:id="B03106-001-a-1050">,</pc>
     <w lemma="be" pos="vvg" xml:id="B03106-001-a-1060">being</w>
     <w lemma="safe" pos="j" xml:id="B03106-001-a-1070">safe</w>
     <w lemma="and" pos="cc" xml:id="B03106-001-a-1080">and</w>
     <w lemma="in" pos="acp" xml:id="B03106-001-a-1090">in</w>
     <w lemma="a" pos="d" xml:id="B03106-001-a-1100">a</w>
     <w lemma="very" pos="j" xml:id="B03106-001-a-1110">very</w>
     <w lemma="good" pos="j" xml:id="B03106-001-a-1120">good</w>
     <w lemma="condition" pos="n1" xml:id="B03106-001-a-1130">Condition</w>
     <pc unit="sentence" xml:id="B03106-001-a-1140">.</pc>
    </head>
    <opener xml:id="B03106-e110">
     <w lemma="the" pos="d" xml:id="B03106-001-a-1150">The</w>
     <w lemma="tune" pos="n1" xml:id="B03106-001-a-1160">Tune</w>
     <w lemma="be" pos="vvz" xml:id="B03106-001-a-1170">is</w>
     <pc xml:id="B03106-001-a-1180">,</pc>
     <hi xml:id="B03106-e120">
      <w lemma="a" pos="d" xml:id="B03106-001-a-1190">A</w>
      <w lemma="fig" pos="n1" xml:id="B03106-001-a-1200">Fig</w>
      <w lemma="for" pos="acp" xml:id="B03106-001-a-1210">for</w>
      <w lemma="France" pos="n1-nn" rendition="#hi" xml:id="B03106-001-a-1220">France</w>
      <w lemma="and" pos="cc" xml:id="B03106-001-a-1230">and</w>
      <w lemma="Holland" pos="n1-nn" rendition="#hi" xml:id="B03106-001-a-1240">Holland</w>
      <w lemma="too" pos="av" xml:id="B03106-001-a-1250">too</w>
      <pc xml:id="B03106-001-a-1260">,</pc>
      <w lemma="or" pos="cc" rendition="#hi" xml:id="B03106-001-a-1270">or</w>
      <pc xml:id="B03106-001-a-1280">,</pc>
      <w lemma="round" pos="av_j" xml:id="B03106-001-a-1290">Round</w>
      <w lemma="about" pos="acp" xml:id="B03106-001-a-1300">about</w>
      <w lemma="the" pos="d" xml:id="B03106-001-a-1310">the</w>
      <w lemma="hollow" pos="j" xml:id="B03106-001-a-1320">Hollow</w>
      <w lemma="tree" pos="n1" xml:id="B03106-001-a-1330">Tree</w>
      <pc unit="sentence" xml:id="B03106-001-a-1340">.</pc>
     </hi>
    </opener>
    <p xml:id="B03106-e160">
     <figure xml:id="B03106-e170"/>
    </p>
    <p xml:id="B03106-e180">
     <figure xml:id="B03106-e190"/>
    </p>
    <div n="1" type="part" xml:id="B03106-e200">
     <lg xml:id="B03106-e210">
      <l xml:id="B03106-e220">
       <w lemma="rejoice" pos="vvb" reg="Rejoice" xml:id="B03106-001-a-1350">REjoyce</w>
       <pc xml:id="B03106-001-a-1360">,</pc>
       <w lemma="rejoice" pos="vvb" reg="Rejoice" xml:id="B03106-001-a-1370">Rejoyce</w>
       <pc xml:id="B03106-001-a-1380">,</pc>
       <w lemma="brave" pos="j" xml:id="B03106-001-a-1390">brave</w>
       <w lemma="english" pos="j-nn" xml:id="B03106-001-a-1400">English</w>
       <w lemma="boy" pos="n2" xml:id="B03106-001-a-1410">boys</w>
      </l>
      <l xml:id="B03106-e230">
       <w lemma="for" pos="acp" xml:id="B03106-001-a-1420">For</w>
       <w lemma="now" pos="av" xml:id="B03106-001-a-1430">now</w>
       <w lemma="be" pos="vvz" xml:id="B03106-001-a-1440">is</w>
       <w lemma="the" pos="d" xml:id="B03106-001-a-1450">the</w>
       <w lemma="time" pos="n1" xml:id="B03106-001-a-1460">time</w>
       <w lemma="to" pos="to" xml:id="B03106-001-a-1470">to</w>
       <w lemma="speak" pos="vvi" xml:id="B03106-001-a-1480">speak</w>
       <w lemma="our" pos="po" xml:id="B03106-001-a-1490">our</w>
       <w lemma="joy" pos="n2" xml:id="B03106-001-a-1500">joys</w>
      </l>
      <l xml:id="B03106-e240">
       <w lemma="the" pos="d" xml:id="B03106-001-a-1510">The</w>
       <w lemma="rout" pos="vvn" xml:id="B03106-001-a-1520">routed</w>
       <w lemma="Dutch" pos="n1-nn" xml:id="B03106-001-a-1530">Dutch</w>
       <w lemma="be" pos="vvb" xml:id="B03106-001-a-1540">are</w>
       <w lemma="run" pos="vvn" xml:id="B03106-001-a-1550">run</w>
       <w lemma="away" pos="av" xml:id="B03106-001-a-1560">away</w>
       <pc xml:id="B03106-001-a-1570">,</pc>
      </l>
      <l xml:id="B03106-e250">
       <w lemma="and" pos="cc" xml:id="B03106-001-a-1580">And</w>
       <w lemma="we" pos="pns" xml:id="B03106-001-a-1590">we</w>
       <w lemma="have" pos="vvb" xml:id="B03106-001-a-1600">have</w>
       <w lemma="clear" pos="av_j" xml:id="B03106-001-a-1610">clearly</w>
       <w lemma="win" pos="vvn" xml:id="B03106-001-a-1620">won</w>
       <w lemma="the" pos="d" xml:id="B03106-001-a-1630">the</w>
       <w lemma="day" pos="n1" xml:id="B03106-001-a-1640">day</w>
       <pc xml:id="B03106-001-a-1650">;</pc>
      </l>
      <l xml:id="B03106-e260">
       <w lemma="we" pos="pns" xml:id="B03106-001-a-1660">We</w>
       <w lemma="now" pos="av" xml:id="B03106-001-a-1670">now</w>
       <w lemma="be" pos="vvb" xml:id="B03106-001-a-1680">are</w>
       <w lemma="master" pos="n2" xml:id="B03106-001-a-1690">Masters</w>
       <w lemma="of" pos="acp" xml:id="B03106-001-a-1700">of</w>
       <w lemma="the" pos="d" xml:id="B03106-001-a-1710">the</w>
       <w lemma="sea" pos="n2" xml:id="B03106-001-a-1720">Seas</w>
       <pc xml:id="B03106-001-a-1730">,</pc>
      </l>
      <l xml:id="B03106-e270">
       <w lemma="and" pos="cc" xml:id="B03106-001-a-1740">And</w>
       <w lemma="may" pos="vmb" xml:id="B03106-001-a-1750">may</w>
       <w lemma="with" pos="acp" xml:id="B03106-001-a-1760">with</w>
       <w lemma="safety" pos="n1" xml:id="B03106-001-a-1770">safety</w>
       <w lemma="live" pos="vvi" xml:id="B03106-001-a-1780">live</w>
       <w lemma="at" pos="acp" xml:id="B03106-001-a-1790">at</w>
       <w lemma="ease" pos="n1" xml:id="B03106-001-a-1800">ease</w>
      </l>
      <lg type="refrain" xml:id="B03106-e280">
       <l xml:id="B03106-e290">
        <hi xml:id="B03106-e300">
         <w lemma="then" pos="av" xml:id="B03106-001-a-1810">Then</w>
         <w lemma="butter-box" pos="n2" xml:id="B03106-001-a-1820">Butter-Boxes</w>
         <w lemma="all" pos="d" xml:id="B03106-001-a-1830">all</w>
         <w lemma="lament" pos="n1" xml:id="B03106-001-a-1840">lament</w>
        </hi>
        <pc rendition="#follows-hi" xml:id="B03106-001-a-1850">,</pc>
       </l>
       <l xml:id="B03106-e310">
        <hi xml:id="B03106-e320">
         <w lemma="for" pos="acp" xml:id="B03106-001-a-1860">For</w>
         <w lemma="now" pos="av" xml:id="B03106-001-a-1870">now</w>
         <w lemma="you" pos="pn" xml:id="B03106-001-a-1880">you</w>
         <w lemma="be" pos="vvb" xml:id="B03106-001-a-1890">are</w>
         <w lemma="pay" pos="vvn" xml:id="B03106-001-a-1900">paid</w>
         <w lemma="to" pos="acp" xml:id="B03106-001-a-1910">to</w>
         <w lemma="your" pos="po" xml:id="B03106-001-a-1920">your</w>
         <w lemma="own" pos="d" xml:id="B03106-001-a-1930">own</w>
         <w lemma="content" pos="n1" xml:id="B03106-001-a-1940">content</w>
         <pc unit="sentence" xml:id="B03106-001-a-1950">.</pc>
        </hi>
       </l>
      </lg>
     </lg>
     <lg xml:id="B03106-e330">
      <l xml:id="B03106-e340">
       <w lemma="you" pos="pn" xml:id="B03106-001-a-1960">You</w>
       <w lemma="think" pos="vvd" xml:id="B03106-001-a-1970">thought</w>
       <w lemma="to" pos="to" xml:id="B03106-001-a-1980">to</w>
       <w lemma="rule" pos="vvi" xml:id="B03106-001-a-1990">rule</w>
       <w lemma="as" pos="acp" xml:id="B03106-001-a-2000">as</w>
       <w lemma="lord" pos="n2" xml:id="B03106-001-a-2010">Lords</w>
       <w lemma="and" pos="cc" xml:id="B03106-001-a-2020">and</w>
       <w lemma="king" pos="n2" xml:id="B03106-001-a-2030">Kings</w>
       <pc unit="sentence" xml:id="B03106-001-a-2040">.</pc>
      </l>
      <l xml:id="B03106-e350">
       <w lemma="but" pos="acp" xml:id="B03106-001-a-2050">But</w>
       <w lemma="now" pos="av" xml:id="B03106-001-a-2060">now</w>
       <w join="right" lemma="we" pos="pns" reg="" xml:id="B03106-001-a-2070">we</w>
       <w join="left" lemma="have" pos="vvb" xml:id="B03106-001-a-2071">'ve</w>
       <w lemma="teach" pos="vvn" xml:id="B03106-001-a-2080">taught</w>
       <w lemma="you" pos="pn" xml:id="B03106-001-a-2090">you</w>
       <w lemma="better" pos="j-c" xml:id="B03106-001-a-2100">better</w>
       <w lemma="thing" pos="n2" xml:id="B03106-001-a-2110">things</w>
       <pc xml:id="B03106-001-a-2120">,</pc>
      </l>
      <l xml:id="B03106-e360">
       <w lemma="methinks" pos="vvz" xml:id="B03106-001-a-2130">Methinks</w>
       <w lemma="you" pos="pn" xml:id="B03106-001-a-2140">you</w>
       <w lemma="may" pos="vmd" xml:id="B03106-001-a-2150">might</w>
       <w lemma="have" pos="vvi" xml:id="B03106-001-a-2160">have</w>
       <w lemma="know" pos="vvn" xml:id="B03106-001-a-2170">known</w>
       <w lemma="before" pos="acp-av" xml:id="B03106-001-a-2180">before</w>
       <pc xml:id="B03106-001-a-2190">,</pc>
      </l>
      <l xml:id="B03106-e370">
       <w lemma="what" pos="crq-q" xml:id="B03106-001-a-2200">What</w>
       <w join="right" lemma="it" pos="pn" reg="'t" xml:id="B03106-001-a-2210">t'</w>
       <w join="left" lemma="be" pos="vvd" xml:id="B03106-001-a-2211">was</w>
       <w lemma="to" pos="to" xml:id="B03106-001-a-2220">to</w>
       <w lemma="come" pos="vvi" xml:id="B03106-001-a-2230">come</w>
       <w lemma="so" pos="av" xml:id="B03106-001-a-2240">so</w>
       <w lemma="near" pos="acp" xml:id="B03106-001-a-2250">near</w>
       <w lemma="our" pos="po" xml:id="B03106-001-a-2260">our</w>
       <w lemma="shore" pos="n1" xml:id="B03106-001-a-2270">shore</w>
       <pc xml:id="B03106-001-a-2280">,</pc>
      </l>
      <l xml:id="B03106-e380">
       <w lemma="you" pos="pn" xml:id="B03106-001-a-2290">You</w>
       <w lemma="often" pos="av" xml:id="B03106-001-a-2300">often</w>
       <w lemma="time" pos="n2" xml:id="B03106-001-a-2310">times</w>
       <w lemma="have" pos="vvb" xml:id="B03106-001-a-2320">have</w>
       <w lemma="try" pos="vvn" reg="tried" xml:id="B03106-001-a-2330">tri'd</w>
       <w lemma="our" pos="po" xml:id="B03106-001-a-2340">our</w>
       <w lemma="force" pos="n1" xml:id="B03106-001-a-2350">force</w>
       <pc xml:id="B03106-001-a-2360">,</pc>
      </l>
      <l xml:id="B03106-e390">
       <w lemma="and" pos="cc" xml:id="B03106-001-a-2370">And</w>
       <w lemma="still" pos="av" xml:id="B03106-001-a-2380">still</w>
       <w lemma="you" pos="pn" xml:id="B03106-001-a-2390">you</w>
       <w lemma="always" pos="av" reg="always" xml:id="B03106-001-a-2400">alwaies</w>
       <w lemma="have" pos="vvd" xml:id="B03106-001-a-2410">had</w>
       <w lemma="the" pos="d" xml:id="B03106-001-a-2420">the</w>
       <w lemma="worse" pos="j-c" xml:id="B03106-001-a-2430">worse</w>
       <pc xml:id="B03106-001-a-2440">;</pc>
      </l>
      <lg type="refrain" xml:id="B03106-e400">
       <l xml:id="B03106-e410">
        <hi xml:id="B03106-e420">
         <w lemma="then" pos="av" xml:id="B03106-001-a-2450">Then</w>
         <w lemma="butter-box" pos="n2" xml:id="B03106-001-a-2460">Butter-boxes</w>
         <w lemma="all" pos="d" xml:id="B03106-001-a-2470">all</w>
         <w lemma="lament" pos="n1" xml:id="B03106-001-a-2480">lament</w>
        </hi>
        <pc rendition="#follows-hi" unit="sentence" xml:id="B03106-001-a-2490">.</pc>
       </l>
       <l xml:id="B03106-e430">
        <hi xml:id="B03106-e440">
         <w lemma="for" pos="acp" xml:id="B03106-001-a-2500">For</w>
         <w lemma="now" pos="av" xml:id="B03106-001-a-2510">now</w>
         <w lemma="you" pos="pn" xml:id="B03106-001-a-2520">you</w>
         <w lemma="be" pos="vvb" xml:id="B03106-001-a-2530">are</w>
         <w lemma="pay" pos="vvn" xml:id="B03106-001-a-2540">paid</w>
         <w lemma="to" pos="acp" xml:id="B03106-001-a-2550">to</w>
         <w lemma="your" pos="po" xml:id="B03106-001-a-2560">your</w>
         <w lemma="own" pos="d" xml:id="B03106-001-a-2570">own</w>
         <w lemma="content" pos="n1" xml:id="B03106-001-a-2580">content</w>
         <pc unit="sentence" xml:id="B03106-001-a-2590">.</pc>
        </hi>
       </l>
      </lg>
     </lg>
     <lg xml:id="B03106-e450">
      <l xml:id="B03106-e460">
       <w lemma="the" pos="d" xml:id="B03106-001-a-2600">The</w>
       <w lemma="dutch" pos="j-nn" xml:id="B03106-001-a-2610">Dutch</w>
       <w lemma="be" pos="vvb" xml:id="B03106-001-a-2620">are</w>
       <w lemma="grow" pos="vvn" xml:id="B03106-001-a-2630">grown</w>
       <w lemma="so" pos="av" xml:id="B03106-001-a-2640">so</w>
       <w lemma="wise" pos="j" xml:id="B03106-001-a-2650">wise</w>
       <w lemma="and" pos="cc" xml:id="B03106-001-a-2660">and</w>
       <w lemma="sage" pos="j" xml:id="B03106-001-a-2670">sage</w>
       <pc xml:id="B03106-001-a-2680">,</pc>
      </l>
      <l xml:id="B03106-e470">
       <w lemma="without" pos="acp" xml:id="B03106-001-a-2690">Without</w>
       <w lemma="great" pos="j" xml:id="B03106-001-a-2700">great</w>
       <w lemma="odds" pos="n2" reg="odds" xml:id="B03106-001-a-2710">ods</w>
       <w join="right" lemma="they" pos="pns" xml:id="B03106-001-a-2720">they</w>
       <w join="left" lemma="will" pos="vmb" reg="'ll" xml:id="B03106-001-a-2721">'l</w>
       <w lemma="not" pos="xx" xml:id="B03106-001-a-2730">not</w>
       <w lemma="engage" pos="vvi" reg="engage" xml:id="B03106-001-a-2740">ingage</w>
       <pc xml:id="B03106-001-a-2750">,</pc>
      </l>
      <l xml:id="B03106-e480">
       <w lemma="brave" pos="j" xml:id="B03106-001-a-2760">Brave</w>
       <w lemma="englishman" pos="n1-nn" xml:id="B03106-001-a-2770">Englishmen</w>
       <w lemma="will" pos="vmb" xml:id="B03106-001-a-2780">will</w>
       <w lemma="never" pos="av-x" xml:id="B03106-001-a-2790">never</w>
       <w lemma="grudge" pos="vvi" reg="grudge" xml:id="B03106-001-a-2800">grutch</w>
       <pc xml:id="B03106-001-a-2810">,</pc>
      </l>
      <l xml:id="B03106-e490">
       <w lemma="with" pos="acp" xml:id="B03106-001-a-2820">With</w>
       <w lemma="twenty" pos="crd" xml:id="B03106-001-a-2830">twenty</w>
       <w lemma="sail" pos="n1" xml:id="B03106-001-a-2840">sail</w>
       <pc xml:id="B03106-001-a-2850">,</pc>
       <w lemma="to" pos="to" xml:id="B03106-001-a-2860">to</w>
       <w lemma="fight" pos="vvi" xml:id="B03106-001-a-2870">fight</w>
       <w lemma="forty" pos="crd" xml:id="B03106-001-a-2880">forty</w>
       <w lemma="dutch" pos="j-nn" xml:id="B03106-001-a-2890">Dutch</w>
       <pc xml:id="B03106-001-a-2900">,</pc>
      </l>
      <l xml:id="B03106-e500">
       <w lemma="and" pos="cc" xml:id="B03106-001-a-2910">And</w>
       <w lemma="bring" pos="vvi" xml:id="B03106-001-a-2920">bring</w>
       <w lemma="their" pos="po" xml:id="B03106-001-a-2930">their</w>
       <w lemma="lordship" pos="n2" xml:id="B03106-001-a-2940">Lordships</w>
       <w lemma="by" pos="acp" xml:id="B03106-001-a-2950">by</w>
       <w lemma="the" pos="d" xml:id="B03106-001-a-2960">the</w>
       <w lemma="lee" pos="n1" xml:id="B03106-001-a-2970">Lee</w>
       <pc xml:id="B03106-001-a-2980">,</pc>
      </l>
      <l xml:id="B03106-e510">
       <w lemma="and" pos="cc" xml:id="B03106-001-a-2990">And</w>
       <w lemma="pay" pos="vvi" xml:id="B03106-001-a-3000">pay</w>
       <w lemma="they" pos="pno" xml:id="B03106-001-a-3010">them</w>
       <w lemma="home" pos="av_n" xml:id="B03106-001-a-3020">home</w>
       <w lemma="for" pos="acp" xml:id="B03106-001-a-3030">for</w>
       <w lemma="their" pos="po" xml:id="B03106-001-a-3040">their</w>
       <w lemma="treachery" pos="n1" xml:id="B03106-001-a-3050">treachery</w>
       <pc unit="sentence" xml:id="B03106-001-a-3060">.</pc>
      </l>
      <lg type="refrain" xml:id="B03106-e520">
       <l xml:id="B03106-e530">
        <hi xml:id="B03106-e540">
         <w lemma="then" pos="av" xml:id="B03106-001-a-3070">Then</w>
         <w lemma="butter-box" pos="n2" xml:id="B03106-001-a-3080">Butter-Boxes</w>
         <w lemma="all" pos="d" xml:id="B03106-001-a-3090">all</w>
         <w lemma="lament" pos="n1" xml:id="B03106-001-a-3100">lament</w>
        </hi>
       </l>
       <l xml:id="B03106-e550">
        <hi xml:id="B03106-e560">
         <w lemma="for" pos="acp" xml:id="B03106-001-a-3110">For</w>
         <w lemma="now" pos="av" xml:id="B03106-001-a-3120">now</w>
         <w lemma="you" pos="pn" xml:id="B03106-001-a-3130">you</w>
         <w lemma="be" pos="vvb" xml:id="B03106-001-a-3140">are</w>
         <w lemma="pay" pos="vvn" xml:id="B03106-001-a-3150">paid</w>
         <w lemma="to" pos="acp" xml:id="B03106-001-a-3160">to</w>
         <w lemma="your" pos="po" xml:id="B03106-001-a-3170">your</w>
         <w lemma="own" pos="d" xml:id="B03106-001-a-3180">own</w>
         <w lemma="content" pos="n1" xml:id="B03106-001-a-3190">content</w>
         <pc unit="sentence" xml:id="B03106-001-a-3200">.</pc>
        </hi>
       </l>
      </lg>
     </lg>
    </div>
    <div type="ballad" xml:id="B03106-e570">
     <head xml:id="B03106-e580">
      <w lemma="the" pos="d" xml:id="B03106-001-a-3210">The</w>
      <w lemma="second" pos="ord" xml:id="B03106-001-a-3220">Second</w>
      <w lemma="part" pos="n1" xml:id="B03106-001-a-3230">part</w>
      <pc xml:id="B03106-001-a-3240">,</pc>
     </head>
     <opener xml:id="B03106-e590">
      <w lemma="to" pos="to" xml:id="B03106-001-a-3250">to</w>
      <w lemma="the" pos="d" xml:id="B03106-001-a-3260">the</w>
      <w lemma="same" pos="d" xml:id="B03106-001-a-3270">same</w>
      <w lemma="tune" pos="n1" xml:id="B03106-001-a-3280">Tune</w>
      <pc unit="sentence" xml:id="B03106-001-a-3290">.</pc>
     </opener>
     <lg xml:id="B03106-e600">
      <l xml:id="B03106-e610">
       <w lemma="whhilst" pos="n1" xml:id="B03106-001-a-3300">WHhilst</w>
       <w lemma="y" pos="f-fr" xml:id="B03106-001-a-3310">y</w>
       <w lemma="t" pos="sy" rendition="#hi" xml:id="B03106-001-a-3320">t</w>
       <w lemma="our" pos="po" xml:id="B03106-001-a-3330">our</w>
       <w lemma="ship" pos="n2" xml:id="B03106-001-a-3340">Ships</w>
       <w lemma="be" pos="vvd" xml:id="B03106-001-a-3350">were</w>
       <w lemma="sit" pos="vvg" xml:id="B03106-001-a-3360">sitting</w>
       <w lemma="forth" pos="av" xml:id="B03106-001-a-3370">forth</w>
       <pc xml:id="B03106-001-a-3380">,</pc>
      </l>
      <l xml:id="B03106-e630">
       <w lemma="they" pos="pns" xml:id="B03106-001-a-3390">They</w>
       <w lemma="count" pos="vvd" xml:id="B03106-001-a-3400">counted</w>
       <w lemma="we" pos="pno" xml:id="B03106-001-a-3410">us</w>
       <w lemma="man" pos="n2" xml:id="B03106-001-a-3420">men</w>
       <w lemma="of" pos="acp" xml:id="B03106-001-a-3430">of</w>
       <w lemma="little" pos="j" xml:id="B03106-001-a-3440">little</w>
       <w lemma="worth" pos="n1" xml:id="B03106-001-a-3450">worth</w>
      </l>
      <l xml:id="B03106-e640">
       <w lemma="upon" pos="acp" reg="Upon" xml:id="B03106-001-a-3460">Vpon</w>
       <w lemma="our" pos="po" xml:id="B03106-001-a-3470">our</w>
       <w lemma="coast" pos="n1" xml:id="B03106-001-a-3480">Coast</w>
       <w lemma="they" pos="pns" xml:id="B03106-001-a-3490">they</w>
       <w lemma="make" pos="vvd" xml:id="B03106-001-a-3500">made</w>
       <w lemma="great" pos="j" xml:id="B03106-001-a-3510">great</w>
       <w lemma="show" pos="n2" xml:id="B03106-001-a-3520">shows</w>
       <pc xml:id="B03106-001-a-3530">,</pc>
      </l>
      <l xml:id="B03106-e650">
       <w lemma="not" pos="xx" xml:id="B03106-001-a-3540">Not</w>
       <w lemma="think" pos="vvg" xml:id="B03106-001-a-3550">thinking</w>
       <w lemma="to" pos="to" xml:id="B03106-001-a-3560">to</w>
       <w lemma="be" pos="vvi" xml:id="B03106-001-a-3570">be</w>
       <w lemma="pay" pos="vvn" xml:id="B03106-001-a-3580">paid</w>
       <w lemma="with" pos="acp" xml:id="B03106-001-a-3590">with</w>
       <w lemma="blow" pos="n2" xml:id="B03106-001-a-3600">blows</w>
       <pc xml:id="B03106-001-a-3610">,</pc>
      </l>
      <l xml:id="B03106-e660">
       <w lemma="but" pos="acp" xml:id="B03106-001-a-3620">But</w>
       <w lemma="when" pos="crq" xml:id="B03106-001-a-3630">when</w>
       <w lemma="our" pos="po" xml:id="B03106-001-a-3640">our</w>
       <w lemma="fleet" pos="n1" xml:id="B03106-001-a-3650">Fleet</w>
       <w lemma="do" pos="vvd" xml:id="B03106-001-a-3660">did</w>
       <w lemma="once" pos="acp-av" xml:id="B03106-001-a-3670">once</w>
       <w lemma="appear" pos="vvi" xml:id="B03106-001-a-3680">appear</w>
       <pc xml:id="B03106-001-a-3690">,</pc>
      </l>
      <l xml:id="B03106-e670">
       <w lemma="o" pos="uh" xml:id="B03106-001-a-3700">O</w>
       <w lemma="then" pos="av" xml:id="B03106-001-a-3710">then</w>
       <w lemma="their" pos="po" xml:id="B03106-001-a-3720">their</w>
       <w lemma="heart" pos="n2" xml:id="B03106-001-a-3730">hearts</w>
       <w lemma="be" pos="vvd" xml:id="B03106-001-a-3740">were</w>
       <w lemma="fill" pos="vvn" reg="filled" xml:id="B03106-001-a-3750">fill'd</w>
       <w lemma="with" pos="acp" xml:id="B03106-001-a-3760">with</w>
       <w lemma="fear" pos="n1" xml:id="B03106-001-a-3770">fear</w>
       <pc xml:id="B03106-001-a-3780">,</pc>
      </l>
      <lg type="refrain" xml:id="B03106-e680">
       <l xml:id="B03106-e690">
        <hi xml:id="B03106-e700">
         <w lemma="then" pos="av" xml:id="B03106-001-a-3790">Then</w>
         <w lemma="butter-box" pos="n2" xml:id="B03106-001-a-3800">Butter-boxes</w>
         <w lemma="all" pos="d" xml:id="B03106-001-a-3810">all</w>
         <w lemma="lament" pos="n1" xml:id="B03106-001-a-3820">lament</w>
        </hi>
        <pc rendition="#follows-hi" xml:id="B03106-001-a-3830">,</pc>
       </l>
       <l xml:id="B03106-e710">
        <hi xml:id="B03106-e720">
         <w lemma="for" pos="acp" xml:id="B03106-001-a-3840">For</w>
         <w lemma="now" pos="av" xml:id="B03106-001-a-3850">now</w>
         <w lemma="you" pos="pn" xml:id="B03106-001-a-3860">you</w>
         <w lemma="be" pos="vvb" xml:id="B03106-001-a-3870">are</w>
         <w lemma="pay" pos="vvn" xml:id="B03106-001-a-3880">paid</w>
         <w lemma="to" pos="acp" xml:id="B03106-001-a-3890">to</w>
         <w lemma="your" pos="po" xml:id="B03106-001-a-3900">your</w>
         <w lemma="own" pos="d" xml:id="B03106-001-a-3910">own</w>
         <w lemma="content" pos="n1" xml:id="B03106-001-a-3920">content</w>
         <pc unit="sentence" xml:id="B03106-001-a-3930">.</pc>
        </hi>
       </l>
      </lg>
     </lg>
     <lg xml:id="B03106-e730">
      <l xml:id="B03106-e740">
       <w lemma="July" pos="n1-nn" rendition="#hi" xml:id="B03106-001-a-3940">July</w>
       <w lemma="the" pos="d" xml:id="B03106-001-a-3950">the</w>
       <w lemma="five" pos="crd" xml:id="B03106-001-a-3960">five</w>
       <w lemma="and" pos="cc" xml:id="B03106-001-a-3970">and</w>
       <w lemma="twenty" pos="ord" xml:id="B03106-001-a-3980">twentieth</w>
       <w lemma="day" pos="n1" xml:id="B03106-001-a-3990">day</w>
       <pc xml:id="B03106-001-a-4000">,</pc>
      </l>
      <l xml:id="B03106-e760">
       <w lemma="begin" pos="vvd" xml:id="B03106-001-a-4010">Began</w>
       <w lemma="this" pos="d" xml:id="B03106-001-a-4020">this</w>
       <w lemma="sharp" pos="j" xml:id="B03106-001-a-4030">Sharp</w>
       <w lemma="and" pos="cc" xml:id="B03106-001-a-4040">and</w>
       <w lemma="bloody" pos="j" xml:id="B03106-001-a-4050">bloody</w>
       <w lemma="fray" pos="n1" xml:id="B03106-001-a-4060">fray</w>
       <pc xml:id="B03106-001-a-4070">,</pc>
      </l>
      <l xml:id="B03106-e770">
       <w lemma="at" pos="acp" xml:id="B03106-001-a-4080">At</w>
       <w lemma="noon" pos="n1" xml:id="B03106-001-a-4090">noon</w>
       <w lemma="the" pos="d" xml:id="B03106-001-a-4100">the</w>
       <w lemma="fleet" pos="n2" xml:id="B03106-001-a-4110">Fleets</w>
       <w lemma="be" pos="vvd" xml:id="B03106-001-a-4120">were</w>
       <w lemma="both" pos="av_d" xml:id="B03106-001-a-4130">both</w>
       <w lemma="engage" pos="vvn" reg="engaged" xml:id="B03106-001-a-4140">ingag'd</w>
       <pc xml:id="B03106-001-a-4150">,</pc>
      </l>
      <l xml:id="B03106-e780">
       <w lemma="and" pos="cc" xml:id="B03106-001-a-4160">And</w>
       <w lemma="man" pos="n2" xml:id="B03106-001-a-4170">men</w>
       <w lemma="on" pos="acp" xml:id="B03106-001-a-4180">on</w>
       <w lemma="each" pos="d" xml:id="B03106-001-a-4190">each</w>
       <w lemma="side" pos="n1" xml:id="B03106-001-a-4200">side</w>
       <w lemma="be" pos="vvd" xml:id="B03106-001-a-4210">were</w>
       <w lemma="enrage" pos="vvn" reg="enraged" xml:id="B03106-001-a-4220">inrag'd</w>
       <pc xml:id="B03106-001-a-4230">,</pc>
      </l>
      <l xml:id="B03106-e790">
       <w lemma="the" pos="d" xml:id="B03106-001-a-4240">The</w>
       <w lemma="bullet" pos="n2" xml:id="B03106-001-a-4250">Bullets</w>
       <w lemma="they" pos="pns" xml:id="B03106-001-a-4260">they</w>
       <w lemma="do" pos="vvd" xml:id="B03106-001-a-4270">did</w>
       <w lemma="fly" pos="vvi" reg="fly" xml:id="B03106-001-a-4280">flie</w>
       <w lemma="amain" pos="av" xml:id="B03106-001-a-4290">amain</w>
       <pc xml:id="B03106-001-a-4300">,</pc>
      </l>
      <l xml:id="B03106-e800">
       <w lemma="and" pos="cc" xml:id="B03106-001-a-4310">And</w>
       <w lemma="some" pos="d" xml:id="B03106-001-a-4320">some</w>
       <w lemma="be" pos="vvd" xml:id="B03106-001-a-4330">were</w>
       <w lemma="wound" pos="vvn" xml:id="B03106-001-a-4340">wounded</w>
       <pc xml:id="B03106-001-a-4350">,</pc>
       <w lemma="other" pos="pi2_d" xml:id="B03106-001-a-4360">others</w>
       <w lemma="slay" pos="vvn" xml:id="B03106-001-a-4370">slain</w>
       <pc xml:id="B03106-001-a-4380">,</pc>
      </l>
      <lg type="refrain" xml:id="B03106-e810">
       <l xml:id="B03106-e820">
        <hi xml:id="B03106-e830">
         <w lemma="then" pos="av" xml:id="B03106-001-a-4390">Then</w>
         <w lemma="butter-box" pos="n2" xml:id="B03106-001-a-4400">Butter-boxes</w>
         <w lemma="all" pos="d" xml:id="B03106-001-a-4410">all</w>
         <w lemma="lament" pos="n1" xml:id="B03106-001-a-4420">lament</w>
        </hi>
        <pc rendition="#follows-hi" xml:id="B03106-001-a-4430">,</pc>
       </l>
       <l xml:id="B03106-e840">
        <hi xml:id="B03106-e850">
         <w lemma="for" pos="acp" xml:id="B03106-001-a-4440">For</w>
         <w lemma="now" pos="av" xml:id="B03106-001-a-4450">now</w>
         <w lemma="you" pos="pn" xml:id="B03106-001-a-4460">you</w>
         <w lemma="be" pos="vvb" xml:id="B03106-001-a-4470">are</w>
         <w lemma="pay" pos="vvn" xml:id="B03106-001-a-4480">paid</w>
         <w lemma="to" pos="acp" xml:id="B03106-001-a-4490">to</w>
         <w lemma="your" pos="po" xml:id="B03106-001-a-4500">your</w>
         <w lemma="own" pos="d" xml:id="B03106-001-a-4510">own</w>
         <w lemma="content" pos="n1" xml:id="B03106-001-a-4520">content</w>
         <pc unit="sentence" xml:id="B03106-001-a-4530">.</pc>
        </hi>
       </l>
      </lg>
     </lg>
     <lg xml:id="B03106-e860">
      <l xml:id="B03106-e870">
       <w lemma="prince" pos="n1" xml:id="B03106-001-a-4540">Prince</w>
       <w lemma="rupert" pos="n1-nn" rendition="#hi" xml:id="B03106-001-a-4550">Rupert</w>
       <w lemma="and" pos="cc" xml:id="B03106-001-a-4560">and</w>
       <w lemma="brave" pos="j" xml:id="B03106-001-a-4570">brave</w>
       <w lemma="general" pos="n1" xml:id="B03106-001-a-4580">General</w>
       <w lemma="monk" pos="n1" rendition="#hi" xml:id="B03106-001-a-4590">Monk</w>
       <pc xml:id="B03106-001-a-4600">,</pc>
      </l>
      <l xml:id="B03106-e900">
       <w lemma="so" pos="av" xml:id="B03106-001-a-4610">So</w>
       <w lemma="pelt" pos="vvn" xml:id="B03106-001-a-4620">pelted</w>
       <w lemma="Ruyter" pos="n1-nn" rendition="#hi" xml:id="B03106-001-a-4630">Ruyter</w>
       <w lemma="and" pos="cc" xml:id="B03106-001-a-4640">and</w>
       <w lemma="Vantrump" pos="n1-nn" rendition="#hi" xml:id="B03106-001-a-4650">Vantrump</w>
       <pc xml:id="B03106-001-a-4660">,</pc>
      </l>
      <l xml:id="B03106-e930">
       <w lemma="that" pos="cs" xml:id="B03106-001-a-4670">That</w>
       <w lemma="they" pos="pns" xml:id="B03106-001-a-4680">they</w>
       <w lemma="be" pos="vvd" xml:id="B03106-001-a-4690">were</w>
       <w lemma="in" pos="acp" xml:id="B03106-001-a-4700">in</w>
       <w lemma="a" pos="d" xml:id="B03106-001-a-4710">a</w>
       <w lemma="chafe" pos="j_vg" xml:id="B03106-001-a-4720">chafing</w>
       <w lemma="sweat" pos="n1" xml:id="B03106-001-a-4730">sweat</w>
       <pc xml:id="B03106-001-a-4740">,</pc>
      </l>
      <l xml:id="B03106-e940">
       <w lemma="and" pos="cc" xml:id="B03106-001-a-4750">And</w>
       <w lemma="think" pos="vvd" xml:id="B03106-001-a-4760">thought</w>
       <w lemma="it" pos="pn" xml:id="B03106-001-a-4770">it</w>
       <w lemma="safe" pos="j-s" xml:id="B03106-001-a-4780">safest</w>
       <w lemma="to" pos="to" xml:id="B03106-001-a-4790">to</w>
       <w lemma="retreat" pos="vvi" xml:id="B03106-001-a-4800">retreat</w>
       <pc xml:id="B03106-001-a-4810">,</pc>
      </l>
      <l xml:id="B03106-e950">
       <w lemma="by" pos="acp" xml:id="B03106-001-a-4820">By</w>
       <w lemma="little" pos="j" xml:id="B03106-001-a-4830">little</w>
       <w lemma="and" pos="cc" xml:id="B03106-001-a-4840">and</w>
       <w lemma="little" pos="av_j" xml:id="B03106-001-a-4850">little</w>
       <w lemma="they" pos="pns" xml:id="B03106-001-a-4860">they</w>
       <w lemma="shrink" pos="vvd" xml:id="B03106-001-a-4870">shrunk</w>
       <w lemma="away" pos="av" xml:id="B03106-001-a-4880">away</w>
       <pc xml:id="B03106-001-a-4890">,</pc>
      </l>
      <l xml:id="B03106-e960">
       <w lemma="their" pos="po" xml:id="B03106-001-a-4900">Their</w>
       <w lemma="want" pos="n1" xml:id="B03106-001-a-4910">want</w>
       <w lemma="of" pos="acp" xml:id="B03106-001-a-4920">of</w>
       <w lemma="courage" pos="n1" xml:id="B03106-001-a-4930">courage</w>
       <w lemma="do" pos="vvd" xml:id="B03106-001-a-4940">did</w>
       <w lemma="they" pos="pno" xml:id="B03106-001-a-4950">them</w>
       <w lemma="betray" pos="vvi" xml:id="B03106-001-a-4960">betray</w>
       <pc xml:id="B03106-001-a-4970">,</pc>
      </l>
      <lg type="refrain" xml:id="B03106-e970">
       <l xml:id="B03106-e980">
        <hi xml:id="B03106-e990">
         <w lemma="then" pos="av" xml:id="B03106-001-a-4980">Then</w>
         <w lemma="buter-box" pos="n2" xml:id="B03106-001-a-4990">Buter-boxes</w>
         <w lemma="all" pos="d" xml:id="B03106-001-a-5000">all</w>
         <w lemma="lament" pos="n1" xml:id="B03106-001-a-5010">lament</w>
        </hi>
        <pc rendition="#follows-hi" xml:id="B03106-001-a-5020">,</pc>
       </l>
       <l xml:id="B03106-e1000">
        <hi xml:id="B03106-e1010">
         <w lemma="for" pos="acp" xml:id="B03106-001-a-5030">For</w>
         <w lemma="now" pos="av" xml:id="B03106-001-a-5040">now</w>
         <w lemma="you" pos="pn" xml:id="B03106-001-a-5050">you</w>
         <w lemma="be" pos="vvb" xml:id="B03106-001-a-5060">are</w>
         <w lemma="pay" pos="vvn" xml:id="B03106-001-a-5070">paid</w>
         <w lemma="to" pos="acp" xml:id="B03106-001-a-5080">to</w>
         <w lemma="your" pos="po" xml:id="B03106-001-a-5090">your</w>
         <w lemma="own" pos="d" xml:id="B03106-001-a-5100">own</w>
         <w lemma="content" pos="n1" xml:id="B03106-001-a-5110">content</w>
         <pc unit="sentence" xml:id="B03106-001-a-5120">.</pc>
        </hi>
       </l>
      </lg>
     </lg>
     <lg xml:id="B03106-e1020">
      <l xml:id="B03106-e1030">
       <w lemma="five" pos="crd" xml:id="B03106-001-a-5130">Five</w>
       <w lemma="hour" pos="n2" xml:id="B03106-001-a-5140">hours</w>
       <w lemma="they" pos="pns" xml:id="B03106-001-a-5150">they</w>
       <w lemma="fight" pos="vvd" xml:id="B03106-001-a-5160">fought</w>
       <w lemma="courageous" pos="av_j" reg="courageously" xml:id="B03106-001-a-5170">couragiously</w>
       <pc xml:id="B03106-001-a-5180">,</pc>
      </l>
      <l xml:id="B03106-e1040">
       <w lemma="before" pos="acp" xml:id="B03106-001-a-5190">Before</w>
       <w lemma="the" pos="d" xml:id="B03106-001-a-5200">the</w>
       <w lemma="dutch" pos="j-nn" xml:id="B03106-001-a-5210">Dutch</w>
       <w lemma="begin" pos="vvd" xml:id="B03106-001-a-5220">began</w>
       <w lemma="to" pos="to" xml:id="B03106-001-a-5230">to</w>
       <w lemma="fly" pos="vvi" reg="fly" xml:id="B03106-001-a-5240">flie</w>
       <pc xml:id="B03106-001-a-5250">,</pc>
      </l>
      <l xml:id="B03106-e1050">
       <w lemma="but" pos="acp" xml:id="B03106-001-a-5260">But</w>
       <w lemma="then" pos="av" xml:id="B03106-001-a-5270">then</w>
       <w lemma="their" pos="po" xml:id="B03106-001-a-5280">their</w>
       <w lemma="fleet" pos="n1" xml:id="B03106-001-a-5290">Fleet</w>
       <w lemma="be" pos="vvd" xml:id="B03106-001-a-5300">was</w>
       <w lemma="sever" pos="vvn" xml:id="B03106-001-a-5310">severed</w>
       <w lemma="quite" pos="av" xml:id="B03106-001-a-5320">quite</w>
       <pc xml:id="B03106-001-a-5330">,</pc>
      </l>
      <l xml:id="B03106-e1060">
       <w lemma="while" pos="cs" reg="Whilst" xml:id="B03106-001-a-5340">Whilest</w>
       <w lemma="we" pos="pns" xml:id="B03106-001-a-5350">we</w>
       <w lemma="maintain" pos="vvn" reg="maintained" xml:id="B03106-001-a-5360">maintain'd</w>
       <w lemma="a" pos="d" xml:id="B03106-001-a-5370">a</w>
       <w lemma="chase" pos="j_vg" reg="chase" xml:id="B03106-001-a-5380">chasing</w>
       <w lemma="fight" pos="n1" xml:id="B03106-001-a-5390">Fight</w>
       <pc xml:id="B03106-001-a-5400">,</pc>
      </l>
      <l xml:id="B03106-e1070">
       <w lemma="for" pos="acp" xml:id="B03106-001-a-5410">For</w>
       <w lemma="two" pos="crd" xml:id="B03106-001-a-5420">two</w>
       <w lemma="day" pos="n2g" reg="day's" xml:id="B03106-001-a-5430">dayes</w>
       <w lemma="space" pos="n1" xml:id="B03106-001-a-5440">space</w>
       <w lemma="we" pos="pns" xml:id="B03106-001-a-5450">we</w>
       <w lemma="do" pos="vvd" xml:id="B03106-001-a-5460">did</w>
       <w lemma="pursue" pos="vvi" xml:id="B03106-001-a-5470">pursue</w>
       <pc xml:id="B03106-001-a-5480">,</pc>
      </l>
      <l xml:id="B03106-e1080">
       <w lemma="and" pos="cc" xml:id="B03106-001-a-5490">And</w>
       <w lemma="pelt" pos="vvd" xml:id="B03106-001-a-5500">pelted</w>
       <w lemma="they" pos="pno" xml:id="B03106-001-a-5510">them</w>
       <w lemma="till" pos="acp" xml:id="B03106-001-a-5520">till</w>
       <w lemma="their" pos="po" xml:id="B03106-001-a-5530">their</w>
       <w lemma="side" pos="n2" xml:id="B03106-001-a-5540">sides</w>
       <w lemma="look" pos="vvd" reg="looked" xml:id="B03106-001-a-5550">look'd</w>
       <w lemma="blue" pos="j" reg="blue" xml:id="B03106-001-a-5560">blew</w>
       <pc xml:id="B03106-001-a-5570">,</pc>
      </l>
      <lg type="refrain" xml:id="B03106-e1090">
       <l xml:id="B03106-e1100">
        <hi xml:id="B03106-e1110">
         <w lemma="then" pos="av" xml:id="B03106-001-a-5580">Then</w>
         <w lemma="butter-box" pos="n2" xml:id="B03106-001-a-5590">Butter-boxes</w>
         <w lemma="all" pos="d" xml:id="B03106-001-a-5600">all</w>
         <w lemma="lament" pos="n1" xml:id="B03106-001-a-5610">lament</w>
        </hi>
        <pc rendition="#follows-hi" xml:id="B03106-001-a-5620">,</pc>
       </l>
       <l xml:id="B03106-e1120">
        <hi xml:id="B03106-e1130">
         <w lemma="for" pos="acp" xml:id="B03106-001-a-5630">For</w>
         <w lemma="now" pos="av" xml:id="B03106-001-a-5640">now</w>
         <w lemma="you" pos="pn" xml:id="B03106-001-a-5650">you</w>
         <w lemma="be" pos="vvb" xml:id="B03106-001-a-5660">are</w>
         <w lemma="pay" pos="vvn" xml:id="B03106-001-a-5670">paid</w>
         <w lemma="to" pos="acp" xml:id="B03106-001-a-5680">to</w>
         <w lemma="your" pos="po" xml:id="B03106-001-a-5690">your</w>
         <w lemma="own" pos="d" xml:id="B03106-001-a-5700">own</w>
         <w lemma="content" pos="n1" xml:id="B03106-001-a-5710">content</w>
         <pc unit="sentence" xml:id="B03106-001-a-5720">.</pc>
        </hi>
       </l>
      </lg>
     </lg>
     <lg xml:id="B03106-e1140">
      <l xml:id="B03106-e1150">
       <w lemma="sir" pos="n1" xml:id="B03106-001-a-5730">Sir</w>
       <hi xml:id="B03106-e1160">
        <w lemma="Jeremy" pos="n1-nn" xml:id="B03106-001-a-5740">Jeremy</w>
        <w lemma="Smith" pos="n1-nn" xml:id="B03106-001-a-5750">Smith</w>
       </hi>
       <w lemma="do" pos="vvd" xml:id="B03106-001-a-5760">did</w>
       <w lemma="rough" pos="av_j" xml:id="B03106-001-a-5770">roughly</w>
       <w lemma="greet" pos="vvi" xml:id="B03106-001-a-5780">greet</w>
       <pc xml:id="B03106-001-a-5790">,</pc>
      </l>
      <l xml:id="B03106-e1170">
       <w lemma="the" pos="d" xml:id="B03106-001-a-5800">The</w>
       <w lemma="amiral" pos="n1" xml:id="B03106-001-a-5810">Amiral</w>
       <w lemma="of" pos="acp" xml:id="B03106-001-a-5820">of</w>
       <w lemma="the" pos="d" xml:id="B03106-001-a-5830">the</w>
       <w lemma="Zealand" pos="n1-nn" rendition="#hi" xml:id="B03106-001-a-5840">Zealand</w>
       <w lemma="fleet" pos="n1" xml:id="B03106-001-a-5850">Fleet</w>
       <pc xml:id="B03106-001-a-5860">,</pc>
      </l>
      <l xml:id="B03106-e1190">
       <w lemma="with" pos="acp" xml:id="B03106-001-a-5870">With</w>
       <w lemma="fire" pos="n1" xml:id="B03106-001-a-5880">fire</w>
       <w lemma="and" pos="cc" xml:id="B03106-001-a-5890">and</w>
       <w lemma="ball" pos="n1" xml:id="B03106-001-a-5900">ball</w>
       <w lemma="he" pos="pns" xml:id="B03106-001-a-5910">he</w>
       <w lemma="make" pos="vvd" xml:id="B03106-001-a-5920">made</w>
       <w lemma="they" pos="pno" xml:id="B03106-001-a-5930">them</w>
       <w lemma="run" pos="vvi" xml:id="B03106-001-a-5940">run</w>
       <pc xml:id="B03106-001-a-5950">,</pc>
      </l>
      <l xml:id="B03106-e1200">
       <w lemma="until" pos="acp" reg="Until" xml:id="B03106-001-a-5960">Vntill</w>
       <w lemma="the" pos="d" xml:id="B03106-001-a-5970">the</w>
       <w lemma="victory" pos="n1" xml:id="B03106-001-a-5980">Victory</w>
       <w lemma="he" pos="pns" xml:id="B03106-001-a-5990">he</w>
       <w lemma="have" pos="vvd" xml:id="B03106-001-a-6000">had</w>
       <w lemma="win" pos="vvn" xml:id="B03106-001-a-6010">won</w>
       <pc xml:id="B03106-001-a-6020">,</pc>
      </l>
      <l xml:id="B03106-e1210">
       <w lemma="most" pos="av-s_d" xml:id="B03106-001-a-6030">Most</w>
       <w lemma="brave" pos="av_j" xml:id="B03106-001-a-6040">bravely</w>
       <w lemma="he" pos="pns" xml:id="B03106-001-a-6050">he</w>
       <w lemma="maintain" pos="vvn" reg="maintained" xml:id="B03106-001-a-6060">maintain'd</w>
       <w lemma="the" pos="d" xml:id="B03106-001-a-6070">the</w>
       <w lemma="fight" pos="n1" xml:id="B03106-001-a-6080">Fight</w>
       <pc xml:id="B03106-001-a-6090">,</pc>
      </l>
      <l xml:id="B03106-e1220">
       <w lemma="till" pos="acp" xml:id="B03106-001-a-6100">Till</w>
       <w lemma="they" pos="pns" xml:id="B03106-001-a-6110">they</w>
       <w lemma="divide" pos="vvd" xml:id="B03106-001-a-6120">divided</w>
       <w lemma="be" pos="vvd" xml:id="B03106-001-a-6130">were</w>
       <w lemma="by" pos="acp" xml:id="B03106-001-a-6140">by</w>
       <w lemma="night" pos="n1" xml:id="B03106-001-a-6150">night</w>
       <pc xml:id="B03106-001-a-6160">,</pc>
      </l>
      <lg type="refrain" xml:id="B03106-e1230">
       <l xml:id="B03106-e1240">
        <hi xml:id="B03106-e1250">
         <w lemma="then" pos="av" xml:id="B03106-001-a-6170">Then</w>
         <w lemma="butter-box" pos="n2" xml:id="B03106-001-a-6180">Butter-boxes</w>
         <w lemma="all" pos="d" xml:id="B03106-001-a-6190">all</w>
         <w lemma="lament" pos="n1" xml:id="B03106-001-a-6200">lament</w>
        </hi>
        <pc rendition="#follows-hi" xml:id="B03106-001-a-6210">,</pc>
       </l>
       <l xml:id="B03106-e1260">
        <hi xml:id="B03106-e1270">
         <w lemma="for" pos="acp" xml:id="B03106-001-a-6220">For</w>
         <w lemma="now" pos="av" xml:id="B03106-001-a-6230">now</w>
         <w lemma="you" pos="pn" xml:id="B03106-001-a-6240">you</w>
         <w lemma="be" pos="vvb" xml:id="B03106-001-a-6250">are</w>
         <w lemma="pay" pos="vvn" xml:id="B03106-001-a-6260">paid</w>
         <w lemma="to" pos="acp" xml:id="B03106-001-a-6270">to</w>
         <w lemma="your" pos="po" xml:id="B03106-001-a-6280">your</w>
         <w lemma="own" pos="d" xml:id="B03106-001-a-6290">own</w>
         <w lemma="content" pos="n1" xml:id="B03106-001-a-6300">content</w>
         <pc unit="sentence" xml:id="B03106-001-a-6310">.</pc>
        </hi>
       </l>
      </lg>
     </lg>
     <lg xml:id="B03106-e1280">
      <l xml:id="B03106-e1290">
       <w lemma="brave" pos="j" xml:id="B03106-001-a-6320">Brave</w>
       <w lemma="Allen" pos="n1-nn" rendition="#hi" xml:id="B03106-001-a-6330">Allen</w>
       <w lemma="and" pos="cc" xml:id="B03106-001-a-6340">and</w>
       <w lemma="Holmes" pos="n1-nn" rendition="#hi" xml:id="B03106-001-a-6350">Holmes</w>
       <pc xml:id="B03106-001-a-6360">,</pc>
       <w lemma="fight" pos="vvn" xml:id="B03106-001-a-6370">fought</w>
       <w lemma="like" pos="acp" xml:id="B03106-001-a-6380">like</w>
       <w lemma="man" pos="n2" xml:id="B03106-001-a-6390">men</w>
       <pc xml:id="B03106-001-a-6400">,</pc>
      </l>
      <l xml:id="B03106-e1320">
       <w lemma="and" pos="cc" xml:id="B03106-001-a-6410">And</w>
       <w lemma="chase" pos="vvd" reg="chased" xml:id="B03106-001-a-6420">chas'd</w>
       <w lemma="the" pos="d" xml:id="B03106-001-a-6430">the</w>
       <w lemma="dutch" pos="j-nn" xml:id="B03106-001-a-6440">Dutch</w>
       <w lemma="with" pos="acp" xml:id="B03106-001-a-6450">with</w>
       <w lemma="five" pos="crd" xml:id="B03106-001-a-6460">five</w>
       <w lemma="to" pos="acp" xml:id="B03106-001-a-6470">to</w>
       <w lemma="ten" pos="crd" xml:id="B03106-001-a-6480">ten</w>
       <pc xml:id="B03106-001-a-6490">,</pc>
      </l>
      <l xml:id="B03106-e1330">
       <w lemma="so" pos="av" xml:id="B03106-001-a-6500">So</w>
       <w lemma="sharp" pos="av_j" xml:id="B03106-001-a-6510">sharply</w>
       <w lemma="they" pos="pns" xml:id="B03106-001-a-6520">they</w>
       <w lemma="do" pos="vvd" xml:id="B03106-001-a-6530">did</w>
       <w lemma="ply" pos="vvi" xml:id="B03106-001-a-6540">ply</w>
       <w lemma="the" pos="d" xml:id="B03106-001-a-6550">the</w>
       <w lemma="fight" pos="n1" xml:id="B03106-001-a-6560">Fight</w>
       <pc xml:id="B03106-001-a-6570">,</pc>
      </l>
      <l xml:id="B03106-e1340">
       <w lemma="till" pos="acp" xml:id="B03106-001-a-6580">Till</w>
       <w lemma="all" pos="d" xml:id="B03106-001-a-6590">all</w>
       <w lemma="the" pos="d" xml:id="B03106-001-a-6600">the</w>
       <w lemma="dutch" pos="j-nn" xml:id="B03106-001-a-6610">Dutch</w>
       <w lemma="be" pos="vvd" xml:id="B03106-001-a-6620">were</w>
       <w lemma="rout" pos="vvn" xml:id="B03106-001-a-6630">routed</w>
       <w lemma="quite" pos="av" xml:id="B03106-001-a-6640">quite</w>
       <pc xml:id="B03106-001-a-6650">,</pc>
      </l>
      <l xml:id="B03106-e1350">
       <w lemma="the" pos="d" xml:id="B03106-001-a-6660">The</w>
       <w lemma="fleming" pos="n2-nn" reg="Flemings" xml:id="B03106-001-a-6670">Flemmings</w>
       <w lemma="find" pos="vvd" xml:id="B03106-001-a-6680">found</w>
       <w lemma="such" pos="d" xml:id="B03106-001-a-6690">such</w>
       <w lemma="boisterous" pos="j" xml:id="B03106-001-a-6700">boisterous</w>
       <w lemma="play" pos="n1" xml:id="B03106-001-a-6710">play</w>
       <pc xml:id="B03106-001-a-6720">,</pc>
      </l>
      <l xml:id="B03106-e1360">
       <w lemma="that" pos="cs" xml:id="B03106-001-a-6730">That</w>
       <w lemma="they" pos="pns" xml:id="B03106-001-a-6740">they</w>
       <w lemma="in" pos="acp" xml:id="B03106-001-a-6750">in</w>
       <w lemma="plain" pos="j" xml:id="B03106-001-a-6760">plain</w>
       <w lemma="term" pos="n2" xml:id="B03106-001-a-6770">terms</w>
       <w lemma="run" pos="vvd" xml:id="B03106-001-a-6780">ran</w>
       <w lemma="away" pos="av" xml:id="B03106-001-a-6790">away</w>
       <pc xml:id="B03106-001-a-6800">,</pc>
      </l>
      <lg type="refrain" xml:id="B03106-e1370">
       <l xml:id="B03106-e1380">
        <hi xml:id="B03106-e1390">
         <w lemma="then" pos="av" xml:id="B03106-001-a-6810">Then</w>
         <w lemma="butter-box" pos="n2" xml:id="B03106-001-a-6820">Butter-boxes</w>
         <w lemma="all" pos="d" xml:id="B03106-001-a-6830">all</w>
         <w lemma="lament" pos="n1" xml:id="B03106-001-a-6840">lament</w>
        </hi>
        <pc rendition="#follows-hi" xml:id="B03106-001-a-6850">,</pc>
       </l>
       <l xml:id="B03106-e1400">
        <hi xml:id="B03106-e1410">
         <w lemma="for" pos="acp" xml:id="B03106-001-a-6860">For</w>
         <w lemma="now" pos="av" xml:id="B03106-001-a-6870">now</w>
         <w lemma="you" pos="pn" xml:id="B03106-001-a-6880">you</w>
         <w lemma="be" pos="vvb" xml:id="B03106-001-a-6890">are</w>
         <w lemma="pay" pos="vvn" xml:id="B03106-001-a-6900">paid</w>
         <w lemma="to" pos="acp" xml:id="B03106-001-a-6910">to</w>
         <w lemma="your" pos="po" xml:id="B03106-001-a-6920">your</w>
         <w lemma="own" pos="d" xml:id="B03106-001-a-6930">own</w>
         <w lemma="content" pos="n1" xml:id="B03106-001-a-6940">content</w>
         <pc unit="sentence" xml:id="B03106-001-a-6950">.</pc>
        </hi>
       </l>
      </lg>
     </lg>
     <lg xml:id="B03106-e1420">
      <l xml:id="B03106-e1430">
       <w lemma="eight" pos="crd" xml:id="B03106-001-a-6960">Eight</w>
       <w lemma="ship" pos="n2" xml:id="B03106-001-a-6970">Ships</w>
       <w lemma="of" pos="acp" xml:id="B03106-001-a-6980">of</w>
       <w lemma="they" pos="png" xml:id="B03106-001-a-6990">theirs</w>
       <w lemma="we" pos="pns" xml:id="B03106-001-a-7000">we</w>
       <w lemma="sink" pos="vvd" xml:id="B03106-001-a-7010">sunk</w>
       <w lemma="and" pos="cc" xml:id="B03106-001-a-7020">and</w>
       <w lemma="fire" pos="vvn" xml:id="B03106-001-a-7030">fired</w>
       <pc xml:id="B03106-001-a-7040">,</pc>
      </l>
      <l xml:id="B03106-e1440">
       <w lemma="which" pos="crq" xml:id="B03106-001-a-7050">Which</w>
       <w lemma="for" pos="acp" xml:id="B03106-001-a-7060">for</w>
       <w lemma="to" pos="to" xml:id="B03106-001-a-7070">to</w>
       <w lemma="save" pos="vvi" xml:id="B03106-001-a-7080">save</w>
       <w lemma="they" pos="pns" xml:id="B03106-001-a-7090">they</w>
       <w lemma="much" pos="d" xml:id="B03106-001-a-7100">much</w>
       <w lemma="desire" pos="vvd" xml:id="B03106-001-a-7110">desired</w>
       <pc xml:id="B03106-001-a-7120">,</pc>
      </l>
      <l xml:id="B03106-e1450">
       <w lemma="and" pos="cc" xml:id="B03106-001-a-7130">And</w>
       <w lemma="kill" pos="vvd" reg="killed" xml:id="B03106-001-a-7140">kill'd</w>
       <w lemma="great" pos="j" xml:id="B03106-001-a-7150">great</w>
       <w lemma="number" pos="n2" xml:id="B03106-001-a-7160">numbers</w>
       <w lemma="of" pos="acp" xml:id="B03106-001-a-7170">of</w>
       <w lemma="their" pos="po" xml:id="B03106-001-a-7180">their</w>
       <w lemma="man" pos="n2" xml:id="B03106-001-a-7190">men</w>
       <pc xml:id="B03106-001-a-7200">,</pc>
      </l>
      <l xml:id="B03106-e1460">
       <w lemma="where" pos="crq" xml:id="B03106-001-a-7210">Where</w>
       <w lemma="we" pos="pns" xml:id="B03106-001-a-7220">we</w>
       <w lemma="lose" pos="vvd" xml:id="B03106-001-a-7230">lost</w>
       <w lemma="one" pos="pi" xml:id="B03106-001-a-7240">one</w>
       <w lemma="still" pos="av" xml:id="B03106-001-a-7250">still</w>
       <w lemma="they" pos="pns" xml:id="B03106-001-a-7260">they</w>
       <w lemma="lose" pos="vvd" xml:id="B03106-001-a-7270">lost</w>
       <w lemma="ten" pos="crd" xml:id="B03106-001-a-7280">ten</w>
       <pc xml:id="B03106-001-a-7290">,</pc>
      </l>
      <l xml:id="B03106-e1470">
       <w lemma="we" pos="pns" xml:id="B03106-001-a-7300">We</w>
       <w lemma="lose" pos="vvd" xml:id="B03106-001-a-7310">lost</w>
       <w lemma="a" pos="d" xml:id="B03106-001-a-7320">a</w>
       <w lemma="stately" pos="j" xml:id="B03106-001-a-7330">Stately</w>
       <w lemma="ship" pos="n1" xml:id="B03106-001-a-7340">Ship</w>
       <w lemma="and" pos="cc" xml:id="B03106-001-a-7350">and</w>
       <w lemma="tall" pos="n1-nn" xml:id="B03106-001-a-7360">Tall</w>
       <pc xml:id="B03106-001-a-7370">,</pc>
      </l>
      <l xml:id="B03106-e1480">
       <w lemma="the" pos="d" xml:id="B03106-001-a-7380">The</w>
       <w lemma="resolution" pos="n1" rendition="#hi" xml:id="B03106-001-a-7390">Resolution</w>
       <w lemma="we" pos="pns" xml:id="B03106-001-a-7400">we</w>
       <w lemma="do" pos="vvd" xml:id="B03106-001-a-7410">did</w>
       <w lemma="she" pos="pno" xml:id="B03106-001-a-7420">her</w>
       <w lemma="call" pos="vvi" xml:id="B03106-001-a-7430">call</w>
       <pc xml:id="B03106-001-a-7440">,</pc>
      </l>
      <lg type="refrain" xml:id="B03106-e1500">
       <l xml:id="B03106-e1510">
        <hi xml:id="B03106-e1520">
         <w lemma="then" pos="av" xml:id="B03106-001-a-7450">Then</w>
         <w lemma="butter-box" pos="n2" xml:id="B03106-001-a-7460">Butter-boxes</w>
         <w lemma="all" pos="d" xml:id="B03106-001-a-7470">all</w>
         <w lemma="lament" pos="n1" xml:id="B03106-001-a-7480">lament</w>
        </hi>
        <pc rendition="#follows-hi" xml:id="B03106-001-a-7490">,</pc>
       </l>
       <l xml:id="B03106-e1530">
        <hi xml:id="B03106-e1540">
         <w lemma="for" pos="acp" xml:id="B03106-001-a-7500">For</w>
         <w lemma="now" pos="av" xml:id="B03106-001-a-7510">now</w>
         <w lemma="you" pos="pn" xml:id="B03106-001-a-7520">you</w>
         <w lemma="be" pos="vvb" xml:id="B03106-001-a-7530">are</w>
         <w lemma="pay" pos="vvn" xml:id="B03106-001-a-7540">paid</w>
         <w lemma="to" pos="acp" xml:id="B03106-001-a-7550">to</w>
         <w lemma="your" pos="po" xml:id="B03106-001-a-7560">your</w>
         <w lemma="own" pos="d" xml:id="B03106-001-a-7570">own</w>
         <w lemma="content" pos="n1" xml:id="B03106-001-a-7580">content</w>
         <pc unit="sentence" xml:id="B03106-001-a-7590">.</pc>
        </hi>
       </l>
      </lg>
     </lg>
     <lg xml:id="B03106-e1550">
      <l xml:id="B03106-e1560">
       <w lemma="our" pos="po" xml:id="B03106-001-a-7600">Our</w>
       <w lemma="general" pos="n2" xml:id="B03106-001-a-7610">Generals</w>
       <pc join="right" xml:id="B03106-001-a-7620">(</pc>
       <w lemma="blessed" pos="vvn" reg="blessed" xml:id="B03106-001-a-7630">blest</w>
       <w lemma="be" pos="vvi" xml:id="B03106-001-a-7640">be</w>
       <w lemma="God" pos="n1-nn" xml:id="B03106-001-a-7650">God</w>
       <pc xml:id="B03106-001-a-7660">)</pc>
       <w lemma="be" pos="vvb" xml:id="B03106-001-a-7670">are</w>
       <w lemma="well" pos="av" xml:id="B03106-001-a-7680">well</w>
       <pc xml:id="B03106-001-a-7690">,</pc>
      </l>
      <l xml:id="B03106-e1570">
       <w lemma="and" pos="cc" xml:id="B03106-001-a-7700">And</w>
       <w lemma="all" pos="d" xml:id="B03106-001-a-7710">all</w>
       <w lemma="our" pos="po" xml:id="B03106-001-a-7720">our</w>
       <w lemma="fleet" pos="n1" xml:id="B03106-001-a-7730">Fleet</w>
       <w lemma="as" pos="acp" xml:id="B03106-001-a-7740">as</w>
       <w lemma="we" pos="pns" xml:id="B03106-001-a-7750">we</w>
       <w lemma="hear" pos="vvb" xml:id="B03106-001-a-7760">hear</w>
       <w lemma="tell" pos="vvi" xml:id="B03106-001-a-7770">tell</w>
       <pc xml:id="B03106-001-a-7780">,</pc>
      </l>
      <l xml:id="B03106-e1580">
       <w lemma="lie" pos="vvz" xml:id="B03106-001-a-7790">Lies</w>
       <w lemma="dare" pos="vvg" xml:id="B03106-001-a-7800">daring</w>
       <w lemma="on" pos="acp" xml:id="B03106-001-a-7810">on</w>
       <w lemma="the" pos="d" xml:id="B03106-001-a-7820">the</w>
       <w lemma="Holland" pos="n1g-nn" reg="Holland's" rendition="#hi" xml:id="B03106-001-a-7830">Hollands</w>
       <w lemma="coast" pos="n1" xml:id="B03106-001-a-7840">Coast</w>
       <pc xml:id="B03106-001-a-7850">,</pc>
      </l>
      <l xml:id="B03106-e1600">
       <w lemma="the" pos="d" xml:id="B03106-001-a-7860">The</w>
       <w lemma="dutch" pos="j-nn" reg="Dutch" xml:id="B03106-001-a-7870">Duch</w>
       <w lemma="have" pos="vvb" xml:id="B03106-001-a-7880">have</w>
       <w lemma="now" pos="av" xml:id="B03106-001-a-7890">now</w>
       <w lemma="no" pos="d-x" xml:id="B03106-001-a-7900">no</w>
       <w lemma="cause" pos="n1" xml:id="B03106-001-a-7910">cause</w>
       <w lemma="to" pos="to" xml:id="B03106-001-a-7920">to</w>
       <w lemma="boast" pos="vvi" xml:id="B03106-001-a-7930">boast</w>
       <pc xml:id="B03106-001-a-7940">,</pc>
      </l>
      <l xml:id="B03106-e1610">
       <w join="right" lemma="it" pos="pn" xml:id="B03106-001-a-7950">'T</w>
       <w join="left" lemma="be" pos="vvz" xml:id="B03106-001-a-7951">is</w>
       <w lemma="say" pos="vvn" xml:id="B03106-001-a-7960">said</w>
       <hi xml:id="B03106-e1620">
        <w lemma="the" pos="d" reg="the" xml:id="B03106-001-a-7970">de</w>
        <w lemma="Ruyter" pos="n1-nn" xml:id="B03106-001-a-7980">Ruyter</w>
       </hi>
       <w lemma="and" pos="cc" xml:id="B03106-001-a-7990">and</w>
       <w lemma="trump" pos="n1" rendition="#hi" xml:id="B03106-001-a-8000">Trump</w>
       <w lemma="be" pos="vvb" xml:id="B03106-001-a-8010">are</w>
       <w lemma="slay" pos="vvn" xml:id="B03106-001-a-8020">slain</w>
       <pc xml:id="B03106-001-a-8030">,</pc>
      </l>
      <l xml:id="B03106-e1640">
       <w lemma="and" pos="cc" xml:id="B03106-001-a-8040">And</w>
       <w lemma="never" pos="av-x" xml:id="B03106-001-a-8050">never</w>
       <w lemma="will" pos="vmb" xml:id="B03106-001-a-8060">will</w>
       <w lemma="face" pos="vvi" xml:id="B03106-001-a-8070">face</w>
       <w lemma="their" pos="po" xml:id="B03106-001-a-8080">their</w>
       <w lemma="foe" pos="n2" xml:id="B03106-001-a-8090">Foes</w>
       <w lemma="again" pos="av" xml:id="B03106-001-a-8100">again</w>
       <pc xml:id="B03106-001-a-8110">,</pc>
      </l>
      <lg type="refrain" xml:id="B03106-e1650">
       <l xml:id="B03106-e1660">
        <hi xml:id="B03106-e1670">
         <w lemma="then" pos="av" xml:id="B03106-001-a-8120">Then</w>
         <w lemma="butter-box" pos="n2" xml:id="B03106-001-a-8130">Butter-boxes</w>
         <w lemma="all" pos="d" xml:id="B03106-001-a-8140">all</w>
         <w lemma="lament" pos="n1" xml:id="B03106-001-a-8150">lament</w>
        </hi>
        <pc rendition="#follows-hi" xml:id="B03106-001-a-8160">,</pc>
       </l>
       <l xml:id="B03106-e1680">
        <hi xml:id="B03106-e1690">
         <w lemma="for" pos="acp" xml:id="B03106-001-a-8170">For</w>
         <w lemma="now" pos="av" xml:id="B03106-001-a-8180">now</w>
         <w lemma="you" pos="pn" xml:id="B03106-001-a-8190">you</w>
         <w lemma="be" pos="vvb" xml:id="B03106-001-a-8200">are</w>
         <w lemma="pay" pos="vvn" xml:id="B03106-001-a-8210">paid</w>
         <w lemma="to" pos="acp" xml:id="B03106-001-a-8220">to</w>
         <w lemma="your" pos="po" xml:id="B03106-001-a-8230">your</w>
         <w lemma="own" pos="d" xml:id="B03106-001-a-8240">own</w>
         <w lemma="content" pos="n1" xml:id="B03106-001-a-8250">content</w>
        </hi>
       </l>
      </lg>
     </lg>
     <lg xml:id="B03106-e1700">
      <l xml:id="B03106-e1710">
       <w lemma="the" pos="d" xml:id="B03106-001-a-8260">The</w>
       <w lemma="cannon" pos="n2" xml:id="B03106-001-a-8270">Cannons</w>
       <w lemma="from" pos="acp" xml:id="B03106-001-a-8280">from</w>
       <w lemma="the" pos="d" xml:id="B03106-001-a-8290">the</w>
       <w lemma="tower" pos="n1" xml:id="B03106-001-a-8300">Tower</w>
       <w lemma="do" pos="vvd" xml:id="B03106-001-a-8310">did</w>
       <w lemma="roar" pos="vvi" xml:id="B03106-001-a-8320">roar</w>
       <pc xml:id="B03106-001-a-8330">,</pc>
      </l>
      <l xml:id="B03106-e1720">
       <w lemma="when" pos="crq" xml:id="B03106-001-a-8340">When</w>
       <w lemma="this" pos="d" xml:id="B03106-001-a-8350">this</w>
       <w lemma="good" pos="j" xml:id="B03106-001-a-8360">good</w>
       <w lemma="news" pos="n1" xml:id="B03106-001-a-8370">news</w>
       <w lemma="do" pos="vvd" xml:id="B03106-001-a-8380">did</w>
       <w lemma="come" pos="vvn" xml:id="B03106-001-a-8390">come</w>
       <w lemma="to" pos="acp" xml:id="B03106-001-a-8400">to</w>
       <w lemma="shore" pos="n1" xml:id="B03106-001-a-8410">shore</w>
       <pc xml:id="B03106-001-a-8420">,</pc>
      </l>
      <l xml:id="B03106-e1730">
       <w lemma="the" pos="d" xml:id="B03106-001-a-8430">The</w>
       <w lemma="bell" pos="n2" xml:id="B03106-001-a-8440">bells</w>
       <w lemma="do" pos="vvd" xml:id="B03106-001-a-8450">did</w>
       <w lemma="ring" pos="n1" xml:id="B03106-001-a-8460">ring</w>
       <w lemma="and" pos="cc" xml:id="B03106-001-a-8470">and</w>
       <w lemma="bonfire" pos="n2" reg="bonfires" xml:id="B03106-001-a-8480">bone-fires</w>
       <w lemma="shine" pos="vvi" xml:id="B03106-001-a-8490">shine</w>
       <pc xml:id="B03106-001-a-8500">,</pc>
      </l>
      <l xml:id="B03106-e1740">
       <w lemma="and" pos="cc" xml:id="B03106-001-a-8510">And</w>
       <w lemma="health" pos="n2" xml:id="B03106-001-a-8520">healths</w>
       <w lemma="carouse" pos="vvn" reg="caroused" xml:id="B03106-001-a-8530">carrous'd</w>
       <w lemma="in" pos="acp" xml:id="B03106-001-a-8540">in</w>
       <w lemma="beer" pos="n1" xml:id="B03106-001-a-8550">beer</w>
       <w lemma="and" pos="cc" xml:id="B03106-001-a-8560">and</w>
       <w lemma="wine" pos="n1" xml:id="B03106-001-a-8570">wine</w>
       <pc xml:id="B03106-001-a-8580">,</pc>
      </l>
      <l xml:id="B03106-e1750">
       <w lemma="God" pos="n1-nn" xml:id="B03106-001-a-8590">God</w>
       <w lemma="bless" pos="vvb" xml:id="B03106-001-a-8600">bless</w>
       <w lemma="king" pos="n1" xml:id="B03106-001-a-8610">King</w>
       <w lemma="Charles" pos="n1-nn" rendition="#hi" xml:id="B03106-001-a-8620">Charles</w>
       <w lemma="and" pos="cc" xml:id="B03106-001-a-8630">and</w>
       <w lemma="all" pos="d" xml:id="B03106-001-a-8640">all</w>
       <w lemma="our" pos="po" xml:id="B03106-001-a-8650">our</w>
       <w lemma="fleet" pos="n1" xml:id="B03106-001-a-8660">Fleet</w>
       <pc xml:id="B03106-001-a-8670">,</pc>
      </l>
      <l xml:id="B03106-e1770">
       <w lemma="and" pos="cc" xml:id="B03106-001-a-8680">And</w>
       <w lemma="grant" pos="vvb" xml:id="B03106-001-a-8690">grant</w>
       <w lemma="true" pos="j" xml:id="B03106-001-a-8700">true</w>
       <w lemma="friend" pos="n2" xml:id="B03106-001-a-8710">friends</w>
       <w lemma="may" pos="vmb" xml:id="B03106-001-a-8720">may</w>
       <w lemma="safe" pos="av_j" xml:id="B03106-001-a-8730">safely</w>
       <w lemma="meet" pos="vvi" xml:id="B03106-001-a-8740">meet</w>
       <pc xml:id="B03106-001-a-8750">,</pc>
      </l>
      <lg type="refrain" xml:id="B03106-e1780">
       <l xml:id="B03106-e1790">
        <hi xml:id="B03106-e1800">
         <w lemma="then" pos="av" xml:id="B03106-001-a-8760">Then</w>
         <w lemma="butter-box" pos="n2" xml:id="B03106-001-a-8770">Butter-boxes</w>
         <w lemma="brag" pos="vvb" xml:id="B03106-001-a-8780">brag</w>
         <w lemma="no" pos="av-x_d" xml:id="B03106-001-a-8790">no</w>
         <w lemma="more" pos="av-c_d" xml:id="B03106-001-a-8800">more</w>
        </hi>
        <pc rendition="#follows-hi" unit="sentence" xml:id="B03106-001-a-8810">.</pc>
       </l>
       <l xml:id="B03106-e1810">
        <hi xml:id="B03106-e1820">
         <w lemma="for" pos="acp" xml:id="B03106-001-a-8820">For</w>
         <w lemma="now" pos="av" xml:id="B03106-001-a-8830">now</w>
         <w lemma="we" pos="pns" xml:id="B03106-001-a-8840">we</w>
         <w lemma="have" pos="vvb" xml:id="B03106-001-a-8850">have</w>
         <w lemma="beat" pos="vvn" xml:id="B03106-001-a-8860">Beaten</w>
         <w lemma="you" pos="pn" xml:id="B03106-001-a-8870">you</w>
         <w lemma="over" pos="acp-av" reg="o'er" xml:id="B03106-001-a-8880">or'e</w>
         <w lemma="and" pos="cc" xml:id="B03106-001-a-8890">and</w>
         <w lemma="over" pos="acp-av" reg="o'er" xml:id="B03106-001-a-8900">or'e</w>
         <pc unit="sentence" xml:id="B03106-001-a-8910">.</pc>
        </hi>
       </l>
      </lg>
     </lg>
    </div>
    <div type="license" xml:id="B03106-e1830">
     <p xml:id="B03106-e1840">
      <hi xml:id="B03106-e1850">
       <w lemma="with" pos="acp" xml:id="B03106-001-a-8920">With</w>
       <w lemma="allowance" pos="n1" xml:id="B03106-001-a-8930">Allowance</w>
      </hi>
      <pc rendition="#follows-hi" unit="sentence" xml:id="B03106-001-a-8940">.</pc>
     </p>
    </div>
    <trailer xml:id="B03106-e1860">
     <w lemma="finis" pos="f-la" xml:id="B03106-001-a-8950">FINIS</w>
     <pc unit="sentence" xml:id="B03106-001-a-8960">.</pc>
    </trailer>
   </div>
  </body>
  <back xml:id="B03106-e1870">
   <div type="colophon" xml:id="B03106-e1880">
    <p xml:id="B03106-e1890">
     <w lemma="London" pos="n1-nn" rendition="#hi" xml:id="B03106-001-a-8970">London</w>
     <pc xml:id="B03106-001-a-8980">,</pc>
     <w lemma="print" pos="vvn" xml:id="B03106-001-a-8990">Printed</w>
     <w lemma="for" pos="acp" xml:id="B03106-001-a-9000">for</w>
     <hi xml:id="B03106-e1910">
      <w lemma="Richard" pos="n1-nn" xml:id="B03106-001-a-9010">Richard</w>
      <w lemma="Burton" pos="n1-nn" xml:id="B03106-001-a-9020">Burton</w>
     </hi>
     <w lemma="at" pos="acp" xml:id="B03106-001-a-9030">at</w>
     <w lemma="the" pos="d" xml:id="B03106-001-a-9040">the</w>
     <w lemma="horshoe" pos="n1" xml:id="B03106-001-a-9050">Horshoe</w>
     <w lemma="in" pos="acp" xml:id="B03106-001-a-9060">in</w>
     <w lemma="west-smithsield" pos="j" rendition="#hi" xml:id="B03106-001-a-9070">West-Smithsield</w>
     <pc unit="sentence" xml:id="B03106-001-a-9080">.</pc>
    </p>
   </div>
  </back>
 </text>
</TEI>
