<?xml version="1.0" encoding="UTF-8"?>
<?xml-model href="http://schemata.earlyprint.org/schemata/tei_earlyprint.rng" type="application/xml" schematypens="http://relaxng.org/ns/structure/1.0"?>
<TEI xmlns="http://www.tei-c.org/ns/1.0" xml:id="B04153">
 <teiHeader>
  <fileDesc>
   <titleStmt>
    <title>London undone; or, A reflection upon the late disasterous fire.</title>
   </titleStmt>
   <editionStmt>
    <edition>This text is an enriched version of the TCP digital transcription B04153 of text R226739 in the <ref target="http;//estc.bl.uk">English Short Title Catalog</ref> (Wing L2911). Textual changes  and metadata enrichments aim at making the                             text more  computationally tractable, easier to read, and suitable for network-based collaborative                              curation by amateur and professional end users from many walks of life.  The text has been tokenized and linguistically annotated with <ref target="http://morphadorner.northwestern.edu/morphadorner/">MorphAdorner</ref>. The annotation includes standard spellings that support the display of a text in                             a standardized format that preserves archaic forms ('loveth', 'seekest').                              Textual changes aim at restoring the text the author or stationer meant to publish.</edition>
    <respStmt>
     <resp>This text has not been fully proofread</resp>
     <name/>
    </respStmt>
   </editionStmt>
   <extent>Approx. 6 KB of XML-encoded text transcribed from 1 1-bit group-IV TIFF page image.</extent>
   <publicationStmt>
    <publisher>EarlyPrint Project</publisher>
    <pubPlace>Evanston,IL, Notre Dame, IN, St. Louis, MO</pubPlace>
    <date>2018</date>
    <idno type="DLPS">B04153</idno>
    <idno type="STC">Wing L2911</idno>
    <idno type="STC">Interim Tract Supplement Guide C.20.f.2[65]</idno>
    <idno type="EEBO-CITATION">99886886</idno>
    <idno type="PROQUEST">ocm99886886</idno>
    <idno type="VID">181395</idno>
    <availability>
     <p>
            This keyboarded and encoded edition of the work described above is co-owned by the institutions providing financial support to the Early English Books Online Text Creation Partnership. This Phase I text is available for reuse, according to the terms of
            <ref target="https://creativecommons.org/publicdomain/zero/1.0/">Creative Commons 0 1.0 Universal</ref>
            . The text can be copied, modified, distributed and performed, even for commercial purposes, all without asking permission.
          </p>
    </availability>
   </publicationStmt>
   <seriesStmt>
    <title>Early English books online.</title>
   </seriesStmt>
   <notesStmt>
    <note>(EEBO-TCP ; phase 1, no. B04153)</note>
    <note>Transcribed from: (Early English Books Online ; image set 181395)</note>
    <note>Images scanned from microfilm: (Early English books; Tract supplement ; A1:1[66])</note>
   </notesStmt>
   <sourceDesc>
    <biblFull>
     <titleStmt>
      <title>London undone; or, A reflection upon the late disasterous fire.</title>
     </titleStmt>
     <extent>1 sheet ([1] p.).</extent>
     <publicationStmt>
      <publisher>Printed by E[llen]. C[otes]. for H[enry]. Eversden, and H[enry]. Brome,</publisher>
      <pubPlace>London, :</pubPlace>
      <date>1666.</date>
     </publicationStmt>
     <notesStmt>
      <note>Verse: "No more historians your surmise recant,".</note>
      <note>Printer's names from Wing CD-ROM, 1996.</note>
      <note>In two columns, bordered in black.</note>
      <note>Reproduction of original in the British Library.</note>
     </notesStmt>
    </biblFull>
   </sourceDesc>
  </fileDesc>
  <profileDesc>
   <langUsage>
    <language ident="eng">eng</language>
   </langUsage>
   <textClass>
    <keywords scheme="http://authorities.loc.gov/">
     <term>Political poetry, English -- Early works to 1800.</term>
     <term>Fires -- England -- London -- Early works to 1800.</term>
    </keywords>
   </textClass>
  </profileDesc>
  <xenoData>
   <ep:epHeader xmlns:ep="http://earlyprint.org/ns/1.0">
    <ep:corpus>eebo</ep:corpus>
    <ep:title>London undone; or, A reflection upon the late disasterous fire.</ep:title>
    <ep:author>anon </ep:author>
    <ep:publicationYear>1666</ep:publicationYear>
    <ep:creationYear/>
    <ep:curator>
     <ep:name/>
    </ep:curator>
    <ep:pageCount>1</ep:pageCount>
    <ep:wordCount>920</ep:wordCount>
    <ep:defectiveTokenCount>4</ep:defectiveTokenCount>
    <ep:untranscribedForeignCount>0</ep:untranscribedForeignCount>
    <ep:untranscribedMathCount>0</ep:untranscribedMathCount>
    <ep:untranscribedMusicCount>0</ep:untranscribedMusicCount>
    <ep:missingChunkCount>0</ep:missingChunkCount>
    <ep:missingPagesCount>0</ep:missingPagesCount>
    <ep:defectRate>43.48</ep:defectRate>
    <ep:finalGrade>D</ep:finalGrade>
    <ep:defectRangePerGrade> The  rate of 43.48 defects per 10,000 words puts this text in the D category of texts with between 35 and 100 defects per 10,000 words.</ep:defectRangePerGrade>
   </ep:epHeader>
  </xenoData>
  <revisionDesc>
   <change><date>2008-04</date><label>TCP</label>
        Assigned for keying and markup
      </change>
   <change><date>2008-08</date><label>SPi Global</label>
        Keyed and coded from ProQuest page images
      </change>
   <change><date>2008-10</date><label>Megan Marion</label>
        Sampled and proofread
      </change>
   <change><date>2008-10</date><label>Megan Marion</label>
        Text and markup reviewed and edited
      </change>
   <change><date>2009-02</date><label>pfs</label>
        Batch review (QC) and XML conversion
      </change>
  </revisionDesc>
 </teiHeader>
 <text xml:id="B04153-t">
  <body xml:id="B04153-e0">
   <div type="poem" xml:id="B04153-e10">
    <pb facs="tcp:181395:1" rendition="simple:additions" xml:id="B04153-001-a"/>
    <head xml:id="B04153-e20">
     <w lemma="LONDON" pos="n1-nn" xml:id="B04153-001-a-0010">LONDON</w>
     <w lemma="undo" pos="vvn" xml:id="B04153-001-a-0020">Undone</w>
     <pc xml:id="B04153-001-a-0030">;</pc>
     <w lemma="or" pos="cc" xml:id="B04153-001-a-0040">OR</w>
     <pc xml:id="B04153-001-a-0050">,</pc>
     <w lemma="a" pos="d" xml:id="B04153-001-a-0060">A</w>
     <w lemma="reflection" pos="n1" xml:id="B04153-001-a-0070">Reflection</w>
     <w lemma="upon" pos="acp" xml:id="B04153-001-a-0080">upon</w>
     <w lemma="the" pos="d" xml:id="B04153-001-a-0090">the</w>
     <w lemma="late" pos="j" xml:id="B04153-001-a-0100">Late</w>
     <w lemma="disastrous" pos="j" reg="DISASTROUS" xml:id="B04153-001-a-0110">DISASTEROUS</w>
     <w lemma="fire" pos="n1" xml:id="B04153-001-a-0120">FIRE</w>
     <pc unit="sentence" xml:id="B04153-001-a-0130">.</pc>
    </head>
    <lg xml:id="B04153-e30">
     <l xml:id="B04153-e40">
      <w lemma="no" pos="av-x_d" rendition="#decorinit" xml:id="B04153-001-a-0140">NO</w>
      <w lemma="more" pos="d-c" xml:id="B04153-001-a-0150">more</w>
      <w lemma="historian" pos="n2" xml:id="B04153-001-a-0160">Historians</w>
      <w lemma="your" pos="po" xml:id="B04153-001-a-0170">your</w>
      <w lemma="surmise" pos="n1" xml:id="B04153-001-a-0180">surmise</w>
      <w lemma="recant" pos="vvi" xml:id="B04153-001-a-0190">recant</w>
      <pc xml:id="B04153-001-a-0200">,</pc>
     </l>
     <l xml:id="B04153-e50">
      <w lemma="for" pos="acp" xml:id="B04153-001-a-0210">For</w>
      <w lemma="London" pos="n1g-nn" rendition="hi-before-apostr" xml:id="B04153-001-a-0220">London's</w>
      <w lemma="flame" pos="n2" xml:id="B04153-001-a-0240">Flames</w>
      <w lemma="have" pos="vvb" xml:id="B04153-001-a-0250">have</w>
      <w lemma="prove" pos="vvn" reg="proved" xml:id="B04153-001-a-0260">prov'd</w>
      <w lemma="her" pos="po" xml:id="B04153-001-a-0270">her</w>
      <w lemma="troy-novant" pos="j" rendition="#hi" xml:id="B04153-001-a-0280">Troy-Novant</w>
     </l>
     <l xml:id="B04153-e80">
      <w lemma="pack" pos="n1" xml:id="B04153-001-a-0290">Pack</w>
      <w lemma="that" pos="cs" xml:id="B04153-001-a-0300">that</w>
      <w lemma="pack" pos="n1-nn" xml:id="B04153-001-a-0310">Pack</w>
      <w lemma="may" pos="vmb" xml:id="B04153-001-a-0320">may</w>
      <pc xml:id="B04153-001-a-0330">,</pc>
      <w lemma="all" pos="d" xml:id="B04153-001-a-0340">all</w>
      <w lemma="ready" pos="j" xml:id="B04153-001-a-0350">ready</w>
      <w lemma="to" pos="to" xml:id="B04153-001-a-0360">to</w>
      <w lemma="be" pos="vvi" xml:id="B04153-001-a-0370">be</w>
      <w lemma="go" pos="vvn" xml:id="B04153-001-a-0380">gone</w>
      <pc xml:id="B04153-001-a-0390">,</pc>
     </l>
     <l xml:id="B04153-e90">
      <w lemma="for" pos="acp" xml:id="B04153-001-a-0400">For</w>
      <w lemma="every" pos="d" xml:id="B04153-001-a-0410">every</w>
      <w lemma="man" pos="n1" xml:id="B04153-001-a-0420">man</w>
      <w lemma="be" pos="vvd" xml:id="B04153-001-a-0430">was</w>
      <w lemma="a" pos="d" xml:id="B04153-001-a-0440">an</w>
      <w lemma="ucaligon" pos="n1" rendition="#hi" xml:id="B04153-001-a-0450">Ucaligon</w>
      <pc unit="sentence" xml:id="B04153-001-a-0460">.</pc>
     </l>
     <l xml:id="B04153-e110">
      <w lemma="London" pos="n1-nn" rendition="#hi" xml:id="B04153-001-a-0470">London</w>
      <pc xml:id="B04153-001-a-0480">,</pc>
      <w lemma="that" pos="cs" xml:id="B04153-001-a-0490">that</w>
      <w lemma="once" pos="acp-av" xml:id="B04153-001-a-0500">once</w>
      <w lemma="be" pos="vvd" xml:id="B04153-001-a-0510">was</w>
      <w lemma="glory" pos="n1" xml:id="B04153-001-a-0520">glory</w>
      <w lemma="of" pos="acp" xml:id="B04153-001-a-0530">of</w>
      <w lemma="the" pos="d" xml:id="B04153-001-a-0540">the</w>
      <w lemma="world" pos="n1" reg="World" xml:id="B04153-001-a-0550">VVorld</w>
      <pc xml:id="B04153-001-a-0560">,</pc>
     </l>
     <l xml:id="B04153-e130">
      <w lemma="heap" pos="n2" xml:id="B04153-001-a-0570">Heaps</w>
      <w lemma="upon" pos="acp" xml:id="B04153-001-a-0580">upon</w>
      <w lemma="heap" pos="n2" xml:id="B04153-001-a-0590">heaps</w>
      <w lemma="be" pos="vvz" xml:id="B04153-001-a-0600">is</w>
      <w lemma="in" pos="acp" xml:id="B04153-001-a-0610">in</w>
      <w lemma="confusion" pos="n1" xml:id="B04153-001-a-0620">confusion</w>
      <w lemma="hurl" pos="vvn" reg="hurled" xml:id="B04153-001-a-0630">hurl'd</w>
      <pc unit="sentence" xml:id="B04153-001-a-0640">!</pc>
     </l>
     <l xml:id="B04153-e140">
      <w lemma="the" pos="d" xml:id="B04153-001-a-0650">The</w>
      <w lemma="head" pos="n1" xml:id="B04153-001-a-0660">Head</w>
      <w lemma="and" pos="cc" xml:id="B04153-001-a-0670">and</w>
      <w lemma="foot" pos="n1" xml:id="B04153-001-a-0680">Foot</w>
      <pc xml:id="B04153-001-a-0690">,</pc>
      <w lemma="the" pos="d" xml:id="B04153-001-a-0700">the</w>
      <w lemma="root" pos="n1" xml:id="B04153-001-a-0710">Root</w>
      <w lemma="and" pos="cc" xml:id="B04153-001-a-0720">and</w>
      <w lemma="branch" pos="n1" xml:id="B04153-001-a-0730">Branch</w>
      <w lemma="embrace" pos="vvi" xml:id="B04153-001-a-0740">embrace</w>
      <pc xml:id="B04153-001-a-0750">,</pc>
     </l>
     <l xml:id="B04153-e150">
      <w lemma="the" pos="d" xml:id="B04153-001-a-0760">The</w>
      <w lemma="lofty" pos="j" xml:id="B04153-001-a-0770">lofty</w>
      <w lemma="turret" pos="n1" rendition="#hi" xml:id="B04153-001-a-0780">Turret</w>
      <pc xml:id="B04153-001-a-0790">,</pc>
      <w lemma="and" pos="cc" xml:id="B04153-001-a-0800">and</w>
      <w lemma="the" pos="d" xml:id="B04153-001-a-0810">the</w>
      <w lemma="lowly" pos="j" xml:id="B04153-001-a-0820">lowly</w>
      <w lemma="base" pos="j" rendition="#hi" xml:id="B04153-001-a-0830">base</w>
      <pc unit="sentence" xml:id="B04153-001-a-0840">.</pc>
     </l>
     <l xml:id="B04153-e180">
      <w lemma="table" pos="n2" xml:id="B04153-001-a-0850">Tables</w>
      <pc xml:id="B04153-001-a-0860">,</pc>
      <w lemma="and" pos="cc" xml:id="B04153-001-a-0870">and</w>
      <w lemma="stool" pos="n2" xml:id="B04153-001-a-0880">Stools</w>
      <pc xml:id="B04153-001-a-0890">,</pc>
      <w lemma="as" pos="acp" xml:id="B04153-001-a-0900">as</w>
      <w lemma="they" pos="pns" xml:id="B04153-001-a-0910">they</w>
      <w lemma="the" pos="d" xml:id="B04153-001-a-0920">the</w>
      <w lemma="flame" pos="n2" xml:id="B04153-001-a-0930">Flames</w>
      <w lemma="be" pos="vvd" xml:id="B04153-001-a-0940">were</w>
      <w lemma="woo" pos="vvg" reg="wooing" xml:id="B04153-001-a-0950">woing</w>
      <pc xml:id="B04153-001-a-0960">,</pc>
     </l>
     <l xml:id="B04153-e190">
      <hi xml:id="B04153-e200">
       <w lemma="contribute" pos="vvi" xml:id="B04153-001-a-0970">Contribute</w>
       <w lemma="matter" pos="n1" xml:id="B04153-001-a-0980">matter</w>
       <w lemma="to" pos="acp" xml:id="B04153-001-a-0990">to</w>
       <w lemma="their" pos="po" xml:id="B04153-001-a-1000">their</w>
       <w lemma="own" pos="d" xml:id="B04153-001-a-1010">own</w>
       <w lemma="undo" pos="n1_vg" xml:id="B04153-001-a-1020">undoing</w>
       <pc unit="sentence" xml:id="B04153-001-a-1030">.</pc>
      </hi>
     </l>
     <l xml:id="B04153-e210">
      <w lemma="their" pos="po" xml:id="B04153-001-a-1040">Their</w>
      <w lemma="good" pos="n2_j" xml:id="B04153-001-a-1050">Goods</w>
      <pc join="right" xml:id="B04153-001-a-1060">(</pc>
      <w lemma="alas" pos="uh" xml:id="B04153-001-a-1070">alas</w>
      <pc xml:id="B04153-001-a-1080">!</pc>
      <pc xml:id="B04153-001-a-1090">)</pc>
      <w lemma="man" pos="n2" xml:id="B04153-001-a-1100">men</w>
      <w lemma="know" pos="vvd" xml:id="B04153-001-a-1110">knew</w>
      <w lemma="not" pos="xx" xml:id="B04153-001-a-1120">not</w>
      <w lemma="where" pos="crq" xml:id="B04153-001-a-1130">where</w>
      <w lemma="to" pos="to" xml:id="B04153-001-a-1140">to</w>
      <w lemma="carry" pos="vvi" xml:id="B04153-001-a-1150">carry</w>
      <pc xml:id="B04153-001-a-1160">,</pc>
     </l>
     <l xml:id="B04153-e220">
      <w lemma="for" pos="acp" xml:id="B04153-001-a-1170">For</w>
      <w lemma="even" pos="av" xml:id="B04153-001-a-1180">even</w>
      <w lemma="the" pos="d" xml:id="B04153-001-a-1190">the</w>
      <w lemma="church" pos="n2" xml:id="B04153-001-a-1200">Churches</w>
      <w lemma="be" pos="vvd" xml:id="B04153-001-a-1210">were</w>
      <w lemma="no" pos="d-x" xml:id="B04153-001-a-1220">no</w>
      <w lemma="sanctuary" pos="n1" rendition="#hi" xml:id="B04153-001-a-1230">Sanctuary</w>
      <pc xml:id="B04153-001-a-1240">:</pc>
     </l>
     <l xml:id="B04153-e240">
      <w lemma="such" pos="d" xml:id="B04153-001-a-1250">Such</w>
      <w lemma="as" pos="acp" xml:id="B04153-001-a-1260">as</w>
      <w lemma="convey" pos="vvd" reg="conveyed" xml:id="B04153-001-a-1270">convey'd</w>
      <w lemma="their" pos="po" xml:id="B04153-001-a-1280">their</w>
      <w lemma="treasure" pos="n1" xml:id="B04153-001-a-1290">Treasure</w>
      <w lemma="to" pos="acp" xml:id="B04153-001-a-1300">to</w>
      <w lemma="st." pos="ab" xml:id="B04153-001-a-1310">St.</w>
      <w lemma="Paul" pos="n1-nn" rendition="#hi" xml:id="B04153-001-a-1320">Paul</w>
      <pc xml:id="B04153-001-a-1330">,</pc>
     </l>
     <l xml:id="B04153-e260">
      <w lemma="in" pos="acp" xml:id="B04153-001-a-1340">In</w>
      <w lemma="hope" pos="n1" xml:id="B04153-001-a-1350">hope</w>
      <w lemma="they" pos="pns" xml:id="B04153-001-a-1360">they</w>
      <w lemma="there" pos="av" xml:id="B04153-001-a-1370">there</w>
      <w lemma="be" pos="vvd" xml:id="B04153-001-a-1380">were</w>
      <w lemma="safe" pos="j" xml:id="B04153-001-a-1390">safe</w>
      <pc xml:id="B04153-001-a-1400">,</pc>
      <w lemma="even" pos="av" xml:id="B04153-001-a-1410">even</w>
      <w lemma="they" pos="pns" xml:id="B04153-001-a-1420">they</w>
      <w lemma="lose" pos="vvd" xml:id="B04153-001-a-1430">lost</w>
      <w lemma="all" pos="d" xml:id="B04153-001-a-1440">all</w>
      <pc unit="sentence" xml:id="B04153-001-a-1450">.</pc>
     </l>
     <l xml:id="B04153-e270">
      <w lemma="no" pos="d-x" xml:id="B04153-001-a-1460">No</w>
      <w lemma="eye" pos="n1" xml:id="B04153-001-a-1470">Eye</w>
      <w lemma="can" pos="vmd" xml:id="B04153-001-a-1480">could</w>
      <w lemma="travel" pos="vvi" xml:id="B04153-001-a-1490">travel</w>
      <w lemma="thither" pos="av" xml:id="B04153-001-a-1500">thither</w>
      <pc xml:id="B04153-001-a-1510">,</pc>
      <w lemma="but" pos="acp" xml:id="B04153-001-a-1520">but</w>
      <w lemma="it" pos="pn" xml:id="B04153-001-a-1530">it</w>
      <w lemma="meet" pos="vvz" xml:id="B04153-001-a-1540">meets</w>
     </l>
     <l xml:id="B04153-e280">
      <w lemma="too" pos="av" xml:id="B04153-001-a-1550">Too</w>
      <w lemma="many" pos="d" xml:id="B04153-001-a-1560">many</w>
      <w lemma="author" pos="n2" xml:id="B04153-001-a-1570">Authors</w>
      <w lemma="in" pos="acp" xml:id="B04153-001-a-1580">in</w>
      <w lemma="their" pos="po" xml:id="B04153-001-a-1590">their</w>
      <hi xml:id="B04153-e290">
       <w lemma="wind" pos="j_vg" xml:id="B04153-001-a-1600">winding</w>
       <w lemma="sheet" pos="n2" xml:id="B04153-001-a-1610">Sheets</w>
      </hi>
      <pc rendition="#follows-hi" unit="sentence" xml:id="B04153-001-a-1620">.</pc>
     </l>
     <l xml:id="B04153-e300">
      <w lemma="the" pos="d" xml:id="B04153-001-a-1630">Th'</w>
      <w lemma="imperious" pos="j" xml:id="B04153-001-a-1640">imperious</w>
      <w lemma="flame" pos="n2" xml:id="B04153-001-a-1650">Flames</w>
      <w lemma="about" pos="acp" xml:id="B04153-001-a-1660">about</w>
      <w lemma="each" pos="d" xml:id="B04153-001-a-1670">each</w>
      <w lemma="arch" pos="n1" xml:id="B04153-001-a-1680">Arch</w>
      <w lemma="do" pos="vvd" xml:id="B04153-001-a-1690">did</w>
      <w lemma="hover" pos="vvi" xml:id="B04153-001-a-1700">hover</w>
      <pc xml:id="B04153-001-a-1710">,</pc>
     </l>
     <l xml:id="B04153-e310">
      <w lemma="till" pos="acp" xml:id="B04153-001-a-1720">Till</w>
      <w lemma="every" pos="d" xml:id="B04153-001-a-1730">every</w>
      <w lemma="book" pos="n1" xml:id="B04153-001-a-1740">Book</w>
      <w lemma="have" pos="vvd" xml:id="B04153-001-a-1750">had</w>
      <w lemma="get" pos="vvn" xml:id="B04153-001-a-1760">got</w>
      <w lemma="on" pos="acp" xml:id="B04153-001-a-1770">on</w>
      <w lemma="a" pos="d" xml:id="B04153-001-a-1780">a</w>
      <hi xml:id="B04153-e320">
       <w lemma="red" pos="j" xml:id="B04153-001-a-1790">red</w>
       <w lemma="cover" pos="n1" xml:id="B04153-001-a-1800">cover</w>
      </hi>
      <pc rendition="#follows-hi" xml:id="B04153-001-a-1810">;</pc>
     </l>
     <l xml:id="B04153-e330">
      <w lemma="and" pos="cc" xml:id="B04153-001-a-1820">And</w>
      <w lemma="so" pos="av" xml:id="B04153-001-a-1830">so</w>
      <w lemma="continue" pos="vvn" xml:id="B04153-001-a-1840">continued</w>
      <w lemma="in" pos="acp" xml:id="B04153-001-a-1850">in</w>
      <w lemma="that" pos="d" xml:id="B04153-001-a-1860">that</w>
      <w lemma="furious" pos="j" xml:id="B04153-001-a-1870">furious</w>
      <w lemma="rage" pos="n1" xml:id="B04153-001-a-1880">rage</w>
      <pc xml:id="B04153-001-a-1890">,</pc>
     </l>
     <l xml:id="B04153-e340">
      <w lemma="that" pos="cs" xml:id="B04153-001-a-1900">That</w>
      <w lemma="it" pos="pn" xml:id="B04153-001-a-1910">it</w>
      <w lemma="write" pos="vvd" xml:id="B04153-001-a-1920">writ</w>
      <w lemma="finis" pos="f-la" rendition="#hi" xml:id="B04153-001-a-1930">Finis</w>
      <w lemma="in" pos="acp" xml:id="B04153-001-a-1940">in</w>
      <w lemma="the" pos="d" xml:id="B04153-001-a-1950">the</w>
      <hi xml:id="B04153-e360">
       <w lemma="title" pos="n1" xml:id="B04153-001-a-1960">Title</w>
       <w lemma="page" pos="n1" xml:id="B04153-001-a-1970">Page</w>
      </hi>
      <pc rendition="#follows-hi" unit="sentence" xml:id="B04153-001-a-1980">.</pc>
     </l>
     <l xml:id="B04153-e370">
      <w lemma="what" pos="crq-q" reg="What" xml:id="B04153-001-a-1990">VVhat</w>
      <w lemma="any" pos="d" xml:id="B04153-001-a-2000">any</w>
      <w lemma="save" pos="vvd" reg="saved" xml:id="B04153-001-a-2010">sav'd</w>
      <pc xml:id="B04153-001-a-2020">,</pc>
      <pc join="right" xml:id="B04153-001-a-2030">(</pc>
      <w lemma="as" pos="acp" xml:id="B04153-001-a-2040">as</w>
      <w lemma="who" pos="crq" xml:id="B04153-001-a-2050">who</w>
      <w lemma="will" pos="vmd" xml:id="B04153-001-a-2060">would</w>
      <w lemma="not" pos="xx" xml:id="B04153-001-a-2070">not</w>
      <w lemma="desire" pos="vvi" xml:id="B04153-001-a-2080">desire</w>
      <pc xml:id="B04153-001-a-2090">?</pc>
      <pc unit="sentence" xml:id="B04153-001-a-2100">)</pc>
     </l>
     <l xml:id="B04153-e380">
      <w lemma="he" pos="pns" xml:id="B04153-001-a-2110">He</w>
      <w lemma="earnt" pos="vvd" xml:id="B04153-001-a-2120">earnt</w>
      <w lemma="it" pos="pn" xml:id="B04153-001-a-2130">it</w>
      <pc xml:id="B04153-001-a-2140">,</pc>
      <w lemma="for" pos="acp" xml:id="B04153-001-a-2150">for</w>
      <hi xml:id="B04153-e390">
       <w lemma="he" pos="pns" xml:id="B04153-001-a-2160">he</w>
       <w lemma="get" pos="vvd" xml:id="B04153-001-a-2170">got</w>
       <w lemma="it" pos="pn" xml:id="B04153-001-a-2180">it</w>
       <w lemma="out" pos="av" xml:id="B04153-001-a-2190">out</w>
       <w lemma="of" pos="acp" xml:id="B04153-001-a-2200">o'</w>
       <w lemma="the" pos="d" xml:id="B04153-001-a-2210">th'</w>
       <w lemma="fire" pos="n1" xml:id="B04153-001-a-2220">Fire</w>
       <pc unit="sentence" xml:id="B04153-001-a-2230">.</pc>
      </hi>
     </l>
     <l xml:id="B04153-e400">
      <w lemma="our" pos="po" xml:id="B04153-001-a-2240">Our</w>
      <w lemma="merchant" pos="n2" xml:id="B04153-001-a-2250">Merchants</w>
      <w lemma="turn" pos="vvn" reg="turned" xml:id="B04153-001-a-2260">turn'd</w>
      <pc join="right" xml:id="B04153-001-a-2270">(</pc>
      <w lemma="o" pos="uh" xml:id="B04153-001-a-2280">O</w>
      <w lemma="sad" pos="j" xml:id="B04153-001-a-2290">sad</w>
      <w lemma="to" pos="acp" xml:id="B04153-001-a-2300">to</w>
      <w lemma="the" pos="d" xml:id="B04153-001-a-2310">the</w>
      <w lemma="beholder" pos="n2" xml:id="B04153-001-a-2320">beholders</w>
      <pc xml:id="B04153-001-a-2330">!</pc>
      <pc unit="sentence" xml:id="B04153-001-a-2340">)</pc>
     </l>
     <l xml:id="B04153-e410">
      <hi xml:id="B04153-e420">
       <w lemma="scotch" pos="j-nn" xml:id="B04153-001-a-2350">Scotch</w>
       <w lemma="merchant" pos="n2" xml:id="B04153-001-a-2360">Merchants</w>
       <w lemma="with" pos="acp" xml:id="B04153-001-a-2370">with</w>
       <w lemma="their" pos="po" xml:id="B04153-001-a-2380">their</w>
       <w lemma="shop" pos="n2" xml:id="B04153-001-a-2390">shops</w>
       <w lemma="upon" pos="acp" xml:id="B04153-001-a-2400">upon</w>
       <w lemma="their" pos="po" xml:id="B04153-001-a-2410">their</w>
       <w lemma="shoulder" pos="n2" xml:id="B04153-001-a-2420">shoulders</w>
       <pc unit="sentence" xml:id="B04153-001-a-2430">.</pc>
      </hi>
     </l>
     <l xml:id="B04153-e430">
      <w lemma="place" pos="n2" xml:id="B04153-001-a-2440">Places</w>
      <w lemma="be" pos="vvd" xml:id="B04153-001-a-2450">were</w>
      <w lemma="lose" pos="vvn" xml:id="B04153-001-a-2460">lost</w>
      <w lemma="where" pos="crq" xml:id="B04153-001-a-2470">where</w>
      <w lemma="coach" pos="n1" xml:id="B04153-001-a-2480">Coach</w>
      <w lemma="and" pos="cc" xml:id="B04153-001-a-2490">and</w>
      <w lemma="cart" pos="n1" xml:id="B04153-001-a-2500">Cart</w>
      <w lemma="may" pos="vmd" xml:id="B04153-001-a-2510">might</w>
      <w lemma="meet" pos="vvi" xml:id="B04153-001-a-2520">meet</w>
      <pc xml:id="B04153-001-a-2530">,</pc>
     </l>
     <l xml:id="B04153-e440">
      <w lemma="a" pos="d" xml:id="B04153-001-a-2540">A</w>
      <w lemma="half" pos="j" xml:id="B04153-001-a-2550">half</w>
      <w lemma="burn" pos="j_vn" reg="" xml:id="B04153-001-a-2560">burnt</w>
      <w lemma="steeple" pos="n1" xml:id="B04153-001-a-2570">Steeple</w>
      <w lemma="be" pos="vvd" xml:id="B04153-001-a-2580">was</w>
      <w lemma="the" pos="d" xml:id="B04153-001-a-2590">the</w>
      <w lemma="sign" pos="n1" xml:id="B04153-001-a-2600">Sign</w>
      <w lemma="of" pos="acp" xml:id="B04153-001-a-2610">o'</w>
      <w lemma="the" pos="d" xml:id="B04153-001-a-2620">th'</w>
      <w lemma="street" pos="n1" xml:id="B04153-001-a-2630">Street</w>
      <pc unit="sentence" xml:id="B04153-001-a-2640">.</pc>
     </l>
     <l xml:id="B04153-e450">
      <w lemma="a" pos="d" xml:id="B04153-001-a-2650">A</w>
      <w lemma="dumb" pos="j" xml:id="B04153-001-a-2660">dumb</w>
      <w lemma="deformity" pos="n1" xml:id="B04153-001-a-2670">deformity</w>
      <w lemma="can" pos="vmd" xml:id="B04153-001-a-2680">could</w>
      <w lemma="nothing" pos="pi-x" xml:id="B04153-001-a-2690">nothing</w>
      <w lemma="say" pos="vvi" xml:id="B04153-001-a-2700">say</w>
      <pc xml:id="B04153-001-a-2710">,</pc>
     </l>
     <l xml:id="B04153-e460">
      <w lemma="no" pos="uh-x" xml:id="B04153-001-a-2720">No</w>
      <pc xml:id="B04153-001-a-2730">,</pc>
      <w lemma="not" pos="xx" xml:id="B04153-001-a-2740">not</w>
      <w lemma="so" pos="av" xml:id="B04153-001-a-2750">so</w>
      <w lemma="much" pos="av_d" xml:id="B04153-001-a-2760">much</w>
      <w lemma="as" pos="acp" xml:id="B04153-001-a-2770">as</w>
      <w lemma="give" pos="vvi" xml:id="B04153-001-a-2780">give</w>
      <w lemma="you" pos="pn" xml:id="B04153-001-a-2790">ye</w>
      <w lemma="time" pos="n1" xml:id="B04153-001-a-2800">time</w>
      <w lemma="of" pos="acp" xml:id="B04153-001-a-2810">o'</w>
      <w lemma="the" pos="d" xml:id="B04153-001-a-2820">th'</w>
      <w lemma="day" pos="n1" xml:id="B04153-001-a-2830">day</w>
      <pc xml:id="B04153-001-a-2840">:</pc>
     </l>
     <l xml:id="B04153-e470">
      <w lemma="house" pos="n2" xml:id="B04153-001-a-2850">Houses</w>
      <w lemma="lay" pos="vvb" xml:id="B04153-001-a-2860">lay</w>
      <w lemma="topsy" pos="n1" reg="topsy" xml:id="B04153-001-a-2870">topsie</w>
      <w lemma="turvy" pos="av" xml:id="B04153-001-a-2880">turvy</w>
      <pc xml:id="B04153-001-a-2890">,</pc>
      <w lemma="farewell" pos="uh" reg="Farewell" xml:id="B04153-001-a-2900">Farewel</w>
      <w lemma="rent" pos="n2" xml:id="B04153-001-a-2910">Rents</w>
      <pc xml:id="B04153-001-a-2920">;</pc>
     </l>
     <l xml:id="B04153-e480">
      <w lemma="for" pos="acp" xml:id="B04153-001-a-2930">For</w>
      <w lemma="now" pos="av" xml:id="B04153-001-a-2940">now</w>
      <w lemma="like" pos="acp" xml:id="B04153-001-a-2950">like</w>
      <hi xml:id="B04153-e490">
       <w lemma="Isea'lites" pos="n1-nn" xml:id="B04153-001-a-2960">Isea'lites</w>
       <pc xml:id="B04153-001-a-2970">,</pc>
       <w lemma="we" pos="pns" xml:id="B04153-001-a-2980">we</w>
       <w lemma="dwell" pos="vvb" xml:id="B04153-001-a-2990">dwell</w>
       <w lemma="in" pos="acp" xml:id="B04153-001-a-3000">in</w>
       <w lemma="tent" pos="n2" xml:id="B04153-001-a-3010">Tents</w>
       <pc xml:id="B04153-001-a-3020">:</pc>
      </hi>
     </l>
     <l xml:id="B04153-e500">
      <w lemma="here" pos="av" xml:id="B04153-001-a-3030">Here</w>
      <w lemma="parson" pos="n1" rendition="#hi" xml:id="B04153-001-a-3040">Parson</w>
      <w lemma="we" pos="pns" xml:id="B04153-001-a-3050">we</w>
      <w lemma="plurality" pos="n2" rendition="#hi" xml:id="B04153-001-a-3060">Pluralities</w>
      <w lemma="allow" pos="vvi" xml:id="B04153-001-a-3070">allow</w>
      <pc xml:id="B04153-001-a-3080">,</pc>
     </l>
     <l xml:id="B04153-e530">
      <w lemma="i" pos="pns" xml:id="B04153-001-a-3090">I</w>
      <w lemma="fear" pos="vvb" xml:id="B04153-001-a-3100">fear</w>
      <w lemma="you" pos="pn" xml:id="B04153-001-a-3110">ye</w>
      <w lemma="'" pos="sy" reg="ye" xml:id="B04153-001-a-3120">'</w>
      <w lemma="l" pos="sy" xml:id="B04153-001-a-3130">l</w>
      <w lemma="scarce" pos="av_j" xml:id="B04153-001-a-3140">scarcely</w>
      <w lemma="make" pos="vvi" xml:id="B04153-001-a-3150">make</w>
      <w lemma="one" pos="crd" xml:id="B04153-001-a-3160">one</w>
      <w lemma="church" pos="n1" xml:id="B04153-001-a-3170">Church</w>
      <w lemma="of" pos="acp" xml:id="B04153-001-a-3180">of</w>
      <w lemma="two" pos="crd" xml:id="B04153-001-a-3190">two</w>
      <pc xml:id="B04153-001-a-3200">;</pc>
     </l>
     <l xml:id="B04153-e540">
      <w lemma="for" pos="acp" xml:id="B04153-001-a-3210">For</w>
      <w lemma="fatal" pos="j" xml:id="B04153-001-a-3220">fatal</w>
      <w lemma="time" pos="n1" xml:id="B04153-001-a-3230">Time</w>
      <w lemma="with" pos="acp" xml:id="B04153-001-a-3240">with</w>
      <w lemma="his" pos="po" xml:id="B04153-001-a-3250">his</w>
      <w lemma="impartial" pos="j" xml:id="B04153-001-a-3260">impartial</w>
      <w lemma="since" pos="acp" reg="Sith" xml:id="B04153-001-a-3270">Sythe</w>
     </l>
     <l xml:id="B04153-e550">
      <w lemma="have" pos="vvz" xml:id="B04153-001-a-3280">Has</w>
      <w lemma="mow" pos="vvn" reg="mowed" xml:id="B04153-001-a-3290">mow'd</w>
      <w lemma="down" pos="acp-av" xml:id="B04153-001-a-3300">down</w>
      <w lemma="all" pos="d" xml:id="B04153-001-a-3310">all</w>
      <pc xml:id="B04153-001-a-3320">,</pc>
      <w lemma="scarce" pos="av_j" xml:id="B04153-001-a-3330">scarce</w>
      <w lemma="leave" pos="vvn" xml:id="B04153-001-a-3340">left</w>
      <w lemma="so" pos="av" xml:id="B04153-001-a-3350">so</w>
      <w lemma="much" pos="av_d" xml:id="B04153-001-a-3360">much</w>
      <w lemma="as" pos="acp" xml:id="B04153-001-a-3370">as</w>
      <w lemma="tithe" pos="n1" reg="Tithe" rendition="#hi" xml:id="B04153-001-a-3380">Tythe</w>
      <pc unit="sentence" xml:id="B04153-001-a-3390">.</pc>
     </l>
     <l xml:id="B04153-e570">
      <w lemma="and" pos="cc" xml:id="B04153-001-a-3400">And</w>
      <w lemma="what" pos="crq-q" xml:id="B04153-001-a-3410">what</w>
      <w lemma="yet" pos="av" xml:id="B04153-001-a-3420">yet</w>
      <w lemma="much" pos="av_d" xml:id="B04153-001-a-3430">much</w>
      <w lemma="more" pos="av-c_d" xml:id="B04153-001-a-3440">more</w>
      <w lemma="sad" pos="j" xml:id="B04153-001-a-3450">sad</w>
      <w lemma="be" pos="vvz" xml:id="B04153-001-a-3460">is</w>
      <pc xml:id="B04153-001-a-3470">,</pc>
      <w lemma="with" pos="acp" xml:id="B04153-001-a-3480">with</w>
      <w lemma="the" pos="d" xml:id="B04153-001-a-3490">the</w>
      <w lemma="dead" pos="j" xml:id="B04153-001-a-3500">Dead</w>
      <pc xml:id="B04153-001-a-3510">,</pc>
     </l>
     <l xml:id="B04153-e580">
      <w lemma="a" pos="d" xml:id="B04153-001-a-3520">A</w>
      <w lemma="man" pos="n1" xml:id="B04153-001-a-3530">man</w>
      <w lemma="may" pos="vmb" xml:id="B04153-001-a-3540">may</w>
      <w lemma="see" pos="vvi" xml:id="B04153-001-a-3550">see</w>
      <w lemma="the" pos="d" xml:id="B04153-001-a-3560">the</w>
      <w lemma="live" pos="vvg" rendition="#hi" xml:id="B04153-001-a-3570">Living</w>
      <w lemma="bury" pos="vvn" reg="buried" xml:id="B04153-001-a-3580">buryed</w>
      <pc unit="sentence" xml:id="B04153-001-a-3590">.</pc>
     </l>
    </lg>
    <lg xml:id="B04153-e600">
     <l xml:id="B04153-e610">
      <w lemma="but" pos="acp" xml:id="B04153-001-a-3600">But</w>
      <w lemma="that" pos="cs" xml:id="B04153-001-a-3610">that</w>
      <w lemma="those" pos="d" xml:id="B04153-001-a-3620">those</w>
      <w lemma="hobnailed" pos="j" reg="Hobnailed" xml:id="B04153-001-a-3630">Hobnail'd</w>
      <w lemma="clown" pos="n2" xml:id="B04153-001-a-3640">Clowns</w>
      <w lemma="shall" pos="vmd" xml:id="B04153-001-a-3650">should</w>
      <w lemma="be" pos="vvi" xml:id="B04153-001-a-3660">be</w>
      <w lemma="so" pos="av" xml:id="B04153-001-a-3670">so</w>
      <w lemma="chubbish" pos="j" xml:id="B04153-001-a-3680">chubbish</w>
      <pc xml:id="B04153-001-a-3690">,</pc>
     </l>
     <l xml:id="B04153-e620">
      <w lemma="who" pos="crq-ro" xml:id="B04153-001-a-3700">Whom</w>
      <w lemma="though" pos="cs" xml:id="B04153-001-a-3710">though</w>
      <w lemma="we" pos="pns" xml:id="B04153-001-a-3720">we</w>
      <w lemma="know" pos="vvd" xml:id="B04153-001-a-3730">knew</w>
      <w lemma="much" pos="d" xml:id="B04153-001-a-3740">much</w>
      <w lemma="base" pos="j-c" reg="base" xml:id="B04153-001-a-3750">baser</w>
      <w lemma="than" pos="cs" reg="than" xml:id="B04153-001-a-3760">then</w>
      <w lemma="our" pos="po" xml:id="B04153-001-a-3770">our</w>
      <w lemma="rubbish" pos="n1" xml:id="B04153-001-a-3780">rubbish</w>
      <pc xml:id="B04153-001-a-3790">:</pc>
     </l>
     <l xml:id="B04153-e630">
      <w lemma="those" pos="d" xml:id="B04153-001-a-3800">Those</w>
      <w lemma="pilfer" pos="vvg" xml:id="B04153-001-a-3810">pilfering</w>
      <w lemma="country-coridons" pos="n1g-nn" reg="Country-coridons'" xml:id="B04153-001-a-3820">Country-Coridons</w>
      <pc xml:id="B04153-001-a-3830">,</pc>
      <w lemma="that" pos="cs" xml:id="B04153-001-a-3840">that</w>
      <w lemma="they" pos="pns" xml:id="B04153-001-a-3850">they</w>
     </l>
     <l xml:id="B04153-e640">
      <w lemma="shall" pos="vmd" xml:id="B04153-001-a-3860">Should</w>
      <w lemma="come" pos="vvi" xml:id="B04153-001-a-3870">come</w>
      <w lemma="to" pos="to" xml:id="B04153-001-a-3880">to</w>
      <w lemma="make" pos="vvi" xml:id="B04153-001-a-3890">make</w>
      <w lemma="of" pos="acp" xml:id="B04153-001-a-3900">of</w>
      <w lemma="we" pos="pno" xml:id="B04153-001-a-3910">us</w>
      <w lemma="a" pos="d" xml:id="B04153-001-a-3920">a</w>
      <w lemma="second" pos="ord" xml:id="B04153-001-a-3930">second</w>
      <w lemma="prey" pos="n1" xml:id="B04153-001-a-3940">prey</w>
      <pc xml:id="B04153-001-a-3950">;</pc>
     </l>
     <l xml:id="B04153-e650">
      <w lemma="ere" pos="acp" reg="E'er" xml:id="B04153-001-a-3960">Ere</w>
      <w join="right" lemma="i" pos="pns" xml:id="B04153-001-a-3970">I</w>
      <w join="left" lemma="will" pos="vmd" reg="'d" xml:id="B04153-001-a-3971">'de</w>
      <w lemma="have" pos="vvi" xml:id="B04153-001-a-3980">have</w>
      <w lemma="answer" pos="vvn" reg="answered" xml:id="B04153-001-a-3990">answer'd</w>
      <w lemma="their" pos="po" xml:id="B04153-001-a-4000">their</w>
      <w lemma="unjust" pos="j" xml:id="B04153-001-a-4010">unjust</w>
      <w lemma="desire" pos="n1" xml:id="B04153-001-a-4020">desire</w>
      <pc xml:id="B04153-001-a-4030">,</pc>
     </l>
     <l xml:id="B04153-e660">
      <w join="right" lemma="i" pos="pns" xml:id="B04153-001-a-4040">I</w>
      <w join="left" lemma="will" pos="vmd" reg="'d" xml:id="B04153-001-a-4041">'de</w>
      <w lemma="first" pos="ord" xml:id="B04153-001-a-4050">first</w>
      <w lemma="have" pos="vvi" xml:id="B04153-001-a-4060">have</w>
      <w lemma="see" pos="vvn" xml:id="B04153-001-a-4070">seen</w>
      <w lemma="my" pos="po" xml:id="B04153-001-a-4080">my</w>
      <w lemma="good" pos="n2_j" xml:id="B04153-001-a-4090">Goods</w>
      <pc xml:id="B04153-001-a-4100">,</pc>
      <w lemma="and" pos="cc" xml:id="B04153-001-a-4110">and</w>
      <w lemma="then" pos="av" xml:id="B04153-001-a-4120">then</w>
      <w join="right" lemma="in" pos="acp" xml:id="B04153-001-a-4130">i'</w>
      <w join="left" lemma="the" pos="d" xml:id="B04153-001-a-4131">th'</w>
      <w lemma="fire" pos="n1" xml:id="B04153-001-a-4140">Fire</w>
      <pc unit="sentence" xml:id="B04153-001-a-4150">.</pc>
     </l>
     <l xml:id="B04153-e670">
      <w lemma="but" pos="acp" xml:id="B04153-001-a-4160">But</w>
      <w lemma="then" pos="av" xml:id="B04153-001-a-4170">then</w>
      <pc join="right" xml:id="B04153-001-a-4180">(</pc>
      <w lemma="alas" pos="uh" xml:id="B04153-001-a-4190">alas</w>
      <pc xml:id="B04153-001-a-4200">!</pc>
      <pc xml:id="B04153-001-a-4210">)</pc>
      <w lemma="man" pos="n2" xml:id="B04153-001-a-4220">men</w>
      <w lemma="have" pos="vvd" xml:id="B04153-001-a-4230">had</w>
      <w lemma="no" pos="d-x" xml:id="B04153-001-a-4240">no</w>
      <w lemma="time" pos="n1" xml:id="B04153-001-a-4250">time</w>
      <w lemma="to" pos="to" xml:id="B04153-001-a-4260">to</w>
      <w lemma="talk" pos="vvi" xml:id="B04153-001-a-4270">talk</w>
      <pc xml:id="B04153-001-a-4280">,</pc>
     </l>
     <l xml:id="B04153-e680">
      <w lemma="no" pos="av-x_d" xml:id="B04153-001-a-4290">No</w>
      <w lemma="more" pos="d-c" xml:id="B04153-001-a-4300">more</w>
      <w lemma="but" pos="acp" xml:id="B04153-001-a-4310">but</w>
      <w lemma="so" pos="av" xml:id="B04153-001-a-4320">so</w>
      <pc xml:id="B04153-001-a-4330">,</pc>
      <hi xml:id="B04153-e690">
       <w lemma="take" pos="vvb" xml:id="B04153-001-a-4340">Take</w>
       <w lemma="up" pos="acp-av" xml:id="B04153-001-a-4350">up</w>
       <w lemma="your" pos="po" xml:id="B04153-001-a-4360">your</w>
       <w lemma="bed" pos="n1" xml:id="B04153-001-a-4370">Bed</w>
       <w lemma="and" pos="cc" xml:id="B04153-001-a-4380">and</w>
       <w lemma="walk" pos="vvi" xml:id="B04153-001-a-4390">walk</w>
       <pc xml:id="B04153-001-a-4400">,</pc>
      </hi>
     </l>
     <l xml:id="B04153-e700">
      <w lemma="into" pos="acp" xml:id="B04153-001-a-4410">Into</w>
      <w lemma="the" pos="d" xml:id="B04153-001-a-4420">the</w>
      <w lemma="field" pos="n2" xml:id="B04153-001-a-4430">Fields</w>
      <w lemma="on" pos="acp" xml:id="B04153-001-a-4440">on</w>
      <w lemma="that" pos="d" xml:id="B04153-001-a-4450">that</w>
      <w lemma="bleak" pos="j" xml:id="B04153-001-a-4460">bleak</w>
      <w lemma="dew-dropt" pos="j" xml:id="B04153-001-a-4470">dew-dropt</w>
      <w lemma="grass" pos="n1" xml:id="B04153-001-a-4480">Grass</w>
      <pc xml:id="B04153-001-a-4490">,</pc>
     </l>
     <l xml:id="B04153-e710">
      <w lemma="where" pos="crq" xml:id="B04153-001-a-4500">Where</w>
      <w lemma="the" pos="d" xml:id="B04153-001-a-4510">the</w>
      <w lemma="earth" pos="n1" xml:id="B04153-001-a-4520">Earth</w>
      <w lemma="bed" pos="n1" xml:id="B04153-001-a-4530">Bed</w>
      <pc xml:id="B04153-001-a-4540">,</pc>
      <w lemma="and" pos="cc" xml:id="B04153-001-a-4550">and</w>
      <w lemma="heaven" pos="n1" xml:id="B04153-001-a-4560">Heaven</w>
      <w lemma="its" pos="po" xml:id="B04153-001-a-4570">its</w>
      <w lemma="taster" pos="n1" reg="Taster" xml:id="B04153-001-a-4580">Teaster</w>
      <w lemma="be" pos="vvd" xml:id="B04153-001-a-4590">was</w>
      <pc unit="sentence" xml:id="B04153-001-a-4600">.</pc>
     </l>
     <l xml:id="B04153-e720">
      <w lemma="infant" pos="n2" xml:id="B04153-001-a-4610">Infants</w>
      <w lemma="and" pos="cc" xml:id="B04153-001-a-4620">and</w>
      <w lemma="age" pos="j_vn" xml:id="B04153-001-a-4630">aged</w>
      <w lemma="quarter" pos="vvn" reg="quartered" rendition="#hi" xml:id="B04153-001-a-4640">quarter'd</w>
      <w lemma="row" pos="n1" xml:id="B04153-001-a-4650">row</w>
      <w lemma="by" pos="acp" xml:id="B04153-001-a-4660">by</w>
      <w lemma="row" pos="n1" xml:id="B04153-001-a-4670">row</w>
      <pc xml:id="B04153-001-a-4680">,</pc>
     </l>
     <l xml:id="B04153-e740">
      <w lemma="never" pos="av-x" xml:id="B04153-001-a-4690">Never</w>
      <w lemma="more" pos="d-c" xml:id="B04153-001-a-4700">more</w>
      <w lemma="quarter" pos="n2" rendition="#hi" xml:id="B04153-001-a-4710">Quarters</w>
      <w lemma="have" pos="vvd" xml:id="B04153-001-a-4720">had</w>
      <w lemma="morefield" pos="n1g-nn" reg="morefield's" rendition="#hi" xml:id="B04153-001-a-4730">More-fields</w>
      <w lemma="then" pos="av" xml:id="B04153-001-a-4740">then</w>
      <w lemma="now" pos="av" xml:id="B04153-001-a-4750">now</w>
      <pc unit="sentence" xml:id="B04153-001-a-4760">.</pc>
     </l>
     <l xml:id="B04153-e770">
      <w lemma="the" pos="d" xml:id="B04153-001-a-4770">The</w>
      <w lemma="miscellany" pos="n1" xml:id="B04153-001-a-4780">Miscellany</w>
      <w lemma="make" pos="vvn" xml:id="B04153-001-a-4790">made</w>
      <w lemma="in" pos="acp" xml:id="B04153-001-a-4800">in</w>
      <w lemma="every" pos="d" xml:id="B04153-001-a-4810">every</w>
      <w lemma="square" pos="j" xml:id="B04153-001-a-4820">square</w>
      <pc xml:id="B04153-001-a-4830">,</pc>
     </l>
     <l xml:id="B04153-e780">
      <w lemma="the" pos="d" xml:id="B04153-001-a-4840">The</w>
      <w lemma="counterfeit" pos="n1_j" xml:id="B04153-001-a-4850">Counterfeit</w>
      <w lemma="of" pos="acp" xml:id="B04153-001-a-4860">of</w>
      <w lemma="the" pos="d" xml:id="B04153-001-a-4870">the</w>
      <hi xml:id="B04153-e790">
       <w lemma="great" pos="j" xml:id="B04153-001-a-4880">Great</w>
       <w lemma="bed" pos="n1" xml:id="B04153-001-a-4890">Bed</w>
       <w lemma="of" pos="acp" xml:id="B04153-001-a-4900">of</w>
       <w lemma="Ware" pos="n1" xml:id="B04153-001-a-4910">Ware</w>
       <pc unit="sentence" xml:id="B04153-001-a-4911">.</pc>
      </hi>
     </l>
     <l xml:id="B04153-e800">
      <w lemma="like" pos="acp" xml:id="B04153-001-a-4920">Like</w>
      <w lemma="those" pos="d" xml:id="B04153-001-a-4930">those</w>
      <w lemma="in" pos="acp" xml:id="B04153-001-a-4940">in</w>
      <w lemma="debt" pos="n1" rendition="#hi" xml:id="B04153-001-a-4950">debt</w>
      <pc xml:id="B04153-001-a-4960">;</pc>
      <w lemma="the" pos="d" xml:id="B04153-001-a-4970">the</w>
      <w lemma="people" pos="n1" xml:id="B04153-001-a-4980">People</w>
      <w lemma="dare" pos="vvd" xml:id="B04153-001-a-4990">durst</w>
      <w lemma="not" pos="xx" xml:id="B04153-001-a-5000">not</w>
      <w lemma="trot" pos="vvi" reg="troth" xml:id="B04153-001-a-5010">trot</w>
     </l>
     <l xml:id="B04153-e820">
      <w lemma="along" pos="acp-av" xml:id="B04153-001-a-5020">Along</w>
      <w lemma="the" pos="d" xml:id="B04153-001-a-5030">the</w>
      <w lemma="street" pos="n2" xml:id="B04153-001-a-5040">Streets</w>
      <pc xml:id="B04153-001-a-5050">,</pc>
      <hi xml:id="B04153-e830">
       <w lemma="the" pos="d" xml:id="B04153-001-a-5060">the</w>
       <w lemma="stone" pos="n2" xml:id="B04153-001-a-5070">Stones</w>
       <w lemma="they" pos="pns" xml:id="B04153-001-a-5080">they</w>
       <w lemma="be" pos="vvd" xml:id="B04153-001-a-5090">were</w>
       <w lemma="too" pos="av" xml:id="B04153-001-a-5100">too</w>
       <w lemma="hot" pos="j" xml:id="B04153-001-a-5110">hot</w>
       <pc unit="sentence" xml:id="B04153-001-a-5120">.</pc>
      </hi>
     </l>
     <l xml:id="B04153-e840">
      <w lemma="this" pos="d" xml:id="B04153-001-a-5130">This</w>
      <pc join="right" xml:id="B04153-001-a-5140">(</pc>
      <w lemma="London" pos="n1-nn" rendition="#hi" xml:id="B04153-001-a-5150">London</w>
      <pc xml:id="B04153-001-a-5160">)</pc>
      <w lemma="may" pos="vmd" xml:id="B04153-001-a-5170">might</w>
      <w lemma="be" pos="vvi" xml:id="B04153-001-a-5180">be</w>
      <w lemma="speak" pos="vvn" xml:id="B04153-001-a-5190">spoken</w>
      <w lemma="of" pos="acp" xml:id="B04153-001-a-5200">of</w>
      <w lemma="thy" pos="po" xml:id="B04153-001-a-5210">thy</w>
      <w lemma="fall" pos="n1" xml:id="B04153-001-a-5220">fall</w>
      <pc unit="sentence" xml:id="B04153-001-a-5230">.</pc>
     </l>
     <l xml:id="B04153-e860">
      <hi xml:id="B04153-e870">
       <w lemma="burn" pos="j_vn" reg="" xml:id="B04153-001-a-5240">Burnt</w>
       <w lemma="wine" pos="n1" xml:id="B04153-001-a-5250">Wine</w>
      </hi>
      <w lemma="be" pos="vvd" xml:id="B04153-001-a-5260">was</w>
      <w lemma="plenteous" pos="j" xml:id="B04153-001-a-5270">plenteous</w>
      <w lemma="at" pos="acp" xml:id="B04153-001-a-5280">at</w>
      <w lemma="thy" pos="po" xml:id="B04153-001-a-5290">thy</w>
      <w lemma="funeral" pos="n1" xml:id="B04153-001-a-5300">Funeral</w>
      <pc xml:id="B04153-001-a-5310">:</pc>
     </l>
     <l xml:id="B04153-e880">
      <w lemma="and" pos="cc" xml:id="B04153-001-a-5320">And</w>
      <pc xml:id="B04153-001-a-5330">,</pc>
      <w lemma="as" pos="acp" xml:id="B04153-001-a-5340">as</w>
      <w lemma="eye-witness" pos="n1" xml:id="B04153-001-a-5350">Eye-witness</w>
      <pc xml:id="B04153-001-a-5360">,</pc>
      <w lemma="i" pos="pns" xml:id="B04153-001-a-5370">I</w>
      <w lemma="may" pos="vmb" xml:id="B04153-001-a-5380">may</w>
      <w lemma="well" pos="av" xml:id="B04153-001-a-5390">well</w>
      <w lemma="report" pos="vvi" xml:id="B04153-001-a-5400">report</w>
     </l>
     <l xml:id="B04153-e890">
      <w lemma="thy" pos="po" xml:id="B04153-001-a-5410">Thy</w>
      <w lemma="bearer" pos="n2" rendition="#hi" xml:id="B04153-001-a-5420">Bearers</w>
      <w lemma="be" pos="vvd" xml:id="B04153-001-a-5430">were</w>
      <w lemma="those" pos="d" xml:id="B04153-001-a-5440">those</w>
      <w lemma="of" pos="acp" xml:id="B04153-001-a-5450">of</w>
      <w lemma="the" pos="d" xml:id="B04153-001-a-5460">the</w>
      <pc xml:id="B04153-001-a-5470">,</pc>
      <w lemma="better" pos="j-c" xml:id="B04153-001-a-5480">better</w>
      <w lemma="sort" pos="n1" xml:id="B04153-001-a-5490">sort</w>
      <pc unit="sentence" xml:id="B04153-001-a-5500">.</pc>
     </l>
     <l xml:id="B04153-e910">
      <w lemma="this" pos="d" xml:id="B04153-001-a-5510">This</w>
      <w lemma="to" pos="acp" xml:id="B04153-001-a-5520">to</w>
      <w lemma="the" pos="d" xml:id="B04153-001-a-5530">the</w>
      <w lemma="field" pos="n1" xml:id="B04153-001-a-5540">Field</w>
      <pc xml:id="B04153-001-a-5550">,</pc>
      <w lemma="that" pos="cs" xml:id="B04153-001-a-5560">that</w>
      <w lemma="to" pos="acp" xml:id="B04153-001-a-5570">to</w>
      <w lemma="the" pos="d" xml:id="B04153-001-a-5580">the</w>
      <w lemma="water" pos="n1" xml:id="B04153-001-a-5590">Water</w>
      <w lemma="bear" pos="vvz" xml:id="B04153-001-a-5600">bears</w>
      <pc xml:id="B04153-001-a-5610">,</pc>
     </l>
     <l xml:id="B04153-e920">
      <w lemma="the" pos="d" xml:id="B04153-001-a-5620">The</w>
      <w lemma="city" pos="n1" xml:id="B04153-001-a-5630">City</w>
      <w lemma="than" pos="cs" reg="than" xml:id="B04153-001-a-5640">then</w>
      <w lemma="swarm" pos="vvd" reg="swarmed" xml:id="B04153-001-a-5650">swarm'd</w>
      <w lemma="with" pos="acp" xml:id="B04153-001-a-5660">with</w>
      <w lemma="philosopher" pos="n2" rendition="#hi" xml:id="B04153-001-a-5670">Philosophers</w>
      <pc unit="sentence" xml:id="B04153-001-a-5680">.</pc>
     </l>
     <l xml:id="B04153-e940">
      <w lemma="in" pos="acp" xml:id="B04153-001-a-5690">In</w>
      <w lemma="brief" pos="j" xml:id="B04153-001-a-5700">brief</w>
      <pc xml:id="B04153-001-a-5710">,</pc>
      <w lemma="that" pos="cs" xml:id="B04153-001-a-5720">that</w>
      <w lemma="i" pos="pns" xml:id="B04153-001-a-5730">I</w>
      <w lemma="may" pos="vmb" xml:id="B04153-001-a-5740">may</w>
      <w lemma="to" pos="acp" xml:id="B04153-001-a-5750">to</w>
      <w lemma="a" pos="d" xml:id="B04153-001-a-5760">a</w>
      <w lemma="period" pos="n1" xml:id="B04153-001-a-5770">period</w>
      <w lemma="come" pos="vvi" xml:id="B04153-001-a-5780">come</w>
      <pc xml:id="B04153-001-a-5790">,</pc>
     </l>
     <l xml:id="B04153-e950">
      <w lemma="never" pos="av-x" xml:id="B04153-001-a-5800">Never</w>
      <w lemma="be" pos="vvd" xml:id="B04153-001-a-5810">was</w>
      <w lemma="day" pos="n1" xml:id="B04153-001-a-5820">day</w>
      <w lemma="so" pos="av" xml:id="B04153-001-a-5830">so</w>
      <w lemma="sad" pos="av_j" xml:id="B04153-001-a-5840">sadly</w>
      <w lemma="burdensome" pos="j" reg="burdensome" rendition="#hi" xml:id="B04153-001-a-5850">burthensome</w>
      <pc xml:id="B04153-001-a-5860">:</pc>
     </l>
     <l xml:id="B04153-e970">
      <w lemma="day" pos="n1" xml:id="B04153-001-a-5870">Day</w>
      <w lemma="do" pos="vvd" xml:id="B04153-001-a-5880">did</w>
      <w lemma="i" pos="pns" xml:id="B04153-001-a-5890">I</w>
      <w lemma="say" pos="vvi" xml:id="B04153-001-a-5900">say</w>
      <pc unit="sentence" xml:id="B04153-001-a-5910">?</pc>
      <w lemma="alas" pos="uh" xml:id="B04153-001-a-5920">Alas</w>
      <pc xml:id="B04153-001-a-5930">!</pc>
      <w lemma="we" pos="pns" xml:id="B04153-001-a-5940">we</w>
      <w lemma="have" pos="vvd" xml:id="B04153-001-a-5950">had</w>
      <w lemma="no" pos="d-x" xml:id="B04153-001-a-5960">no</w>
      <w lemma="night" pos="n1" xml:id="B04153-001-a-5970">Night</w>
      <pc xml:id="B04153-001-a-5980">,</pc>
     </l>
     <l xml:id="B04153-e980">
      <w lemma="for" pos="acp" xml:id="B04153-001-a-5990">For</w>
      <w lemma="a" pos="d" xml:id="B04153-001-a-6000">a</w>
      <w lemma="whole" pos="j" xml:id="B04153-001-a-6010">whole</w>
      <w lemma="week" pos="n1" xml:id="B04153-001-a-6020">week</w>
      <w lemma="together" pos="av" xml:id="B04153-001-a-6030">together</w>
      <pc xml:id="B04153-001-a-6040">,</pc>
      <w join="right" lemma="it" pos="pn" xml:id="B04153-001-a-6050">'t</w>
      <w join="left" lemma="be" pos="vvd" xml:id="B04153-001-a-6051">was</w>
      <w lemma="t●o" pos="f-la" xml:id="B04153-001-a-6060">t●o</w>
      <w lemma="light" pos="n1" rendition="#hi" xml:id="B04153-001-a-6070">light</w>
      <pc unit="sentence" xml:id="B04153-001-a-6080">.</pc>
     </l>
     <l xml:id="B04153-e1000">
      <w lemma="ah" pos="uh" xml:id="B04153-001-a-6090">Ah</w>
      <w lemma="lovely" pos="j" xml:id="B04153-001-a-6100">lovely</w>
      <w lemma="London" pos="n1-nn" rendition="#hi" xml:id="B04153-001-a-6110">London</w>
      <pc xml:id="B04153-001-a-6120">!</pc>
      <w lemma="cruel" pos="j" xml:id="B04153-001-a-6130">cruel</w>
      <w lemma="fate" pos="n1" xml:id="B04153-001-a-6140">Fate</w>
      <pc xml:id="B04153-001-a-6150">,</pc>
      <w lemma="and" pos="cc" xml:id="B04153-001-a-6160">and</w>
      <w lemma="strange" pos="j" xml:id="B04153-001-a-6170">strange</w>
      <pc xml:id="B04153-001-a-6180">,</pc>
     </l>
     <l xml:id="B04153-e1020">
      <hi xml:id="B04153-e1030">
       <w lemma="beauty" pos="n1" xml:id="B04153-001-a-6190">Beauty</w>
       <w lemma="for" pos="acp" xml:id="B04153-001-a-6200">for</w>
       <w lemma="ash" pos="n2" xml:id="B04153-001-a-6210">Ashes</w>
      </hi>
      <pc rendition="#follows-hi" xml:id="B04153-001-a-6220">,</pc>
      <w join="right" lemma="it" pos="pn" xml:id="B04153-001-a-6230">'t</w>
      <w join="left" lemma="be" pos="vvz" xml:id="B04153-001-a-6231">is</w>
      <w lemma="a" pos="d" xml:id="B04153-001-a-6240">a</w>
      <w lemma="sad" pos="j" xml:id="B04153-001-a-6250">sad</w>
      <w lemma="exchange" pos="n1" rendition="#hi" xml:id="B04153-001-a-6260">Exchange</w>
      <pc xml:id="B04153-001-a-6270">:</pc>
     </l>
     <l xml:id="B04153-e1050">
      <w lemma="when" pos="crq" xml:id="B04153-001-a-6280">When</w>
      <w lemma="such" pos="d" xml:id="B04153-001-a-6290">such</w>
      <w lemma="as" pos="acp" xml:id="B04153-001-a-6300">as</w>
      <w lemma="do" pos="vvd" xml:id="B04153-001-a-6310">did</w>
      <w lemma="in" pos="acp" xml:id="B04153-001-a-6320">in</w>
      <w lemma="ciel" pos="vvd" xml:id="B04153-001-a-6330">cieled</w>
      <w lemma="house" pos="n2" xml:id="B04153-001-a-6340">Houses</w>
      <w lemma="dwell" pos="vvi" xml:id="B04153-001-a-6350">dwell</w>
      <pc xml:id="B04153-001-a-6360">,</pc>
     </l>
     <l xml:id="B04153-e1060">
      <w lemma="live" pos="vvb" xml:id="B04153-001-a-6370">Live</w>
      <w lemma="now" pos="av" xml:id="B04153-001-a-6380">now</w>
      <w lemma="like" pos="acp" xml:id="B04153-001-a-6390">like</w>
      <w lemma="hermit" pos="n2" rendition="#hi" xml:id="B04153-001-a-6400">Hermits</w>
      <w lemma="in" pos="acp" xml:id="B04153-001-a-6410">in</w>
      <w lemma="a" pos="d" xml:id="B04153-001-a-6420">a</w>
      <w lemma="smoky" pos="j" reg="smoky" xml:id="B04153-001-a-6430">smoaky</w>
      <w lemma="cell" pos="n1" rendition="#hi" xml:id="B04153-001-a-6440">Cell</w>
      <pc xml:id="B04153-001-a-6450">:</pc>
     </l>
     <l xml:id="B04153-e1090">
      <w lemma="me" pos="ab" xml:id="B04153-001-a-6460">Me</w>
      <w lemma="think" pos="vvz" xml:id="B04153-001-a-6470">thinks</w>
      <w lemma="i" pos="pns" xml:id="B04153-001-a-6480">I</w>
      <w lemma="tremble" pos="vvi" xml:id="B04153-001-a-6490">tremble</w>
      <w lemma="still" pos="av" xml:id="B04153-001-a-6500">still</w>
      <w lemma="at" pos="acp" xml:id="B04153-001-a-6510">at</w>
      <w lemma="the" pos="d" xml:id="B04153-001-a-6520">the</w>
      <w lemma="sad" pos="j" xml:id="B04153-001-a-6530">sad</w>
      <w lemma="sight" pos="n1" xml:id="B04153-001-a-6540">sight</w>
      <pc xml:id="B04153-001-a-6550">,</pc>
     </l>
     <l xml:id="B04153-e1100">
      <w lemma="where" pos="crq" xml:id="B04153-001-a-6560">Where</w>
      <w lemma="load" pos="n2" xml:id="B04153-001-a-6570">loads</w>
      <w lemma="be" pos="vvd" xml:id="B04153-001-a-6580">were</w>
      <w lemma="heavy" pos="j" rendition="#hi" xml:id="B04153-001-a-6590">heavy</w>
      <pc xml:id="B04153-001-a-6600">,</pc>
      <w lemma="and" pos="cc" xml:id="B04153-001-a-6610">and</w>
      <w lemma="the" pos="d" xml:id="B04153-001-a-6620">the</w>
      <w lemma="house" pos="n2" xml:id="B04153-001-a-6630">houses</w>
      <w lemma="light" pos="n1" rendition="#hi" xml:id="B04153-001-a-6640">light</w>
      <pc unit="sentence" xml:id="B04153-001-a-6650">.</pc>
     </l>
     <l xml:id="B04153-e1130">
      <w lemma="sad" pos="j" xml:id="B04153-001-a-6660">Sad</w>
      <w lemma="spectacle" pos="n1" xml:id="B04153-001-a-6670">Spectacle</w>
      <pc xml:id="B04153-001-a-6680">,</pc>
      <w lemma="for" pos="acp" xml:id="B04153-001-a-6690">for</w>
      <w lemma="maugre" pos="acp" xml:id="B04153-001-a-6700">maugre</w>
      <w lemma="all" pos="d" xml:id="B04153-001-a-6710">all</w>
      <w lemma="endeavour" pos="n1" xml:id="B04153-001-a-6720">endeavour</w>
      <pc xml:id="B04153-001-a-6730">,</pc>
     </l>
     <l xml:id="B04153-e1140">
      <w lemma="London" pos="n1-nn" rendition="#hi" xml:id="B04153-001-a-6740">London</w>
      <w lemma="depart" pos="vvd" xml:id="B04153-001-a-6750">departed</w>
      <w lemma="of" pos="acp" xml:id="B04153-001-a-6760">of</w>
      <hi xml:id="B04153-e1160">
       <w lemma="a" pos="d" xml:id="B04153-001-a-6770">a</w>
       <w lemma="burn" pos="j_vg" xml:id="B04153-001-a-6780">burning</w>
       <w lemma="fever" pos="n1" reg="Fever" xml:id="B04153-001-a-6790">Feaver</w>
      </hi>
      <pc rendition="#follows-hi" unit="sentence" xml:id="B04153-001-a-6800">.</pc>
     </l>
    </lg>
    <lg xml:id="B04153-e1170">
     <l xml:id="B04153-e1180">
      <w lemma="let" pos="vvb" xml:id="B04153-001-a-6810">Let</w>
      <w lemma="other" pos="pi2_d" xml:id="B04153-001-a-6820">others</w>
      <w lemma="look" pos="vvb" xml:id="B04153-001-a-6830">look</w>
      <w lemma="at" pos="acp" xml:id="B04153-001-a-6840">at</w>
      <w lemma="second" pos="ord" xml:id="B04153-001-a-6850">second</w>
      <w lemma="cause" pos="n2" xml:id="B04153-001-a-6860">Causes</w>
      <pc xml:id="B04153-001-a-6870">,</pc>
      <w lemma="i" pos="pns" xml:id="B04153-001-a-6880">I</w>
     </l>
     <l xml:id="B04153-e1190">
      <w lemma="see" pos="vvb" xml:id="B04153-001-a-6890">See</w>
      <w lemma="nothing" pos="pi-x" xml:id="B04153-001-a-6900">nothing</w>
      <w lemma="in" pos="acp" xml:id="B04153-001-a-6910">in</w>
      <w lemma="it" pos="pn" xml:id="B04153-001-a-6920">it</w>
      <w lemma="but" pos="acp" xml:id="B04153-001-a-6930">but</w>
      <w lemma="a" pos="d" xml:id="B04153-001-a-6940">a</w>
      <w lemma="d" pos="sy" xml:id="B04153-001-a-6950">D</w>
      <w lemma="〈…〉" pos="zz" xml:id="B04153-001-a-6960">〈…〉</w>
     </l>
     <l xml:id="B04153-e1200">
      <w lemma="if" pos="cs" xml:id="B04153-001-a-6970">If</w>
      <w lemma="i" pos="pns" xml:id="B04153-001-a-6980">I</w>
      <w lemma="look" pos="vvb" xml:id="B04153-001-a-6990">look</w>
      <w lemma="up" pos="acp-av" xml:id="B04153-001-a-7000">up</w>
      <w lemma="to" pos="acp" xml:id="B04153-001-a-7010">to</w>
      <w lemma="heaven" pos="n2" xml:id="B04153-001-a-7020">Heavens</w>
      <w lemma="a" pos="d" xml:id="B04153-001-a-7030">A</w>
      <w lemma="〈…〉" pos="zz" xml:id="B04153-001-a-7040">〈…〉</w>
      <w lemma="thy" pos="f-mi" xml:id="B04153-001-a-7050">ty</w>
      <w lemma="lord" pos="n1" rendition="#hi" xml:id="B04153-001-a-7060">Lord</w>
      <pc xml:id="B04153-001-a-7070">,</pc>
     </l>
     <l xml:id="B04153-e1220">
      <w lemma="i" pos="pns" xml:id="B04153-001-a-7080">I</w>
      <w lemma="shall" pos="vmb" xml:id="B04153-001-a-7090">shall</w>
      <w lemma="with" pos="acp" xml:id="B04153-001-a-7100">with</w>
      <hi xml:id="B04153-e1230">
       <w lemma="David" pos="n1-nn" xml:id="B04153-001-a-7110">David</w>
       <w lemma="see" pos="vvb" xml:id="B04153-001-a-7120">see</w>
       <w lemma="the" pos="d" xml:id="B04153-001-a-7130">the</w>
       <w lemma="angel" pos="n2" xml:id="B04153-001-a-7140">Angels</w>
       <w lemma="Sword" pos="n1" xml:id="B04153-001-a-7150">Sword</w>
       <pc unit="sentence" xml:id="B04153-001-a-7151">.</pc>
      </hi>
     </l>
     <l xml:id="B04153-e1240">
      <w lemma="shall" pos="vmb" xml:id="B04153-001-a-7160">Shall</w>
      <w lemma="i" pos="pns" xml:id="B04153-001-a-7170">I</w>
      <w lemma="with" pos="acp" xml:id="B04153-001-a-7180">with</w>
      <w lemma="A●sop's" pos="n1g-nn" rendition="hi-before-apostr" xml:id="B04153-001-a-7190">A●sop's</w>
      <w lemma="dog" pos="n1" rendition="#hi" xml:id="B04153-001-a-7210">Dog</w>
      <w lemma="snarl" pos="vvi" xml:id="B04153-001-a-7220">snarl</w>
      <w lemma="at" pos="acp" xml:id="B04153-001-a-7230">at</w>
      <w lemma="the" pos="d" xml:id="B04153-001-a-7240">the</w>
      <w lemma="stone" pos="n1" xml:id="B04153-001-a-7250">Stone</w>
      <pc unit="sentence" xml:id="B04153-001-a-7260">?</pc>
     </l>
     <l xml:id="B04153-e1270">
      <w lemma="no" pos="uh-x" xml:id="B04153-001-a-7270">No</w>
      <pc xml:id="B04153-001-a-7280">,</pc>
      <w join="right" lemma="i" pos="pns" xml:id="B04153-001-a-7290">I</w>
      <w join="left" lemma="will" pos="vmb" reg="'ll" xml:id="B04153-001-a-7291">'le</w>
      <w lemma="observe" pos="vvi" xml:id="B04153-001-a-7300">observe</w>
      <w lemma="the" pos="d" xml:id="B04153-001-a-7310">the</w>
      <w lemma="hand" pos="n1" xml:id="B04153-001-a-7320">Hand</w>
      <w lemma="whence" pos="crq" xml:id="B04153-001-a-7330">whence</w>
      <w lemma="it" pos="pn" xml:id="B04153-001-a-7340">it</w>
      <w lemma="be" pos="vvd" xml:id="B04153-001-a-7350">was</w>
      <w lemma="throw" pos="vvn" reg="thrown" xml:id="B04153-001-a-7360">throwne</w>
      <pc unit="sentence" xml:id="B04153-001-a-7370">.</pc>
     </l>
     <l xml:id="B04153-e1280">
      <w lemma="my" pos="po" xml:id="B04153-001-a-7380">My</w>
      <w lemma="sin" pos="n2" xml:id="B04153-001-a-7390">Sins</w>
      <w lemma="have" pos="vvb" xml:id="B04153-001-a-7400">have</w>
      <w lemma="force" pos="vvn" reg="forced" xml:id="B04153-001-a-7410">forc'd</w>
      <w lemma="this" pos="d" xml:id="B04153-001-a-7420">this</w>
      <w lemma="vengeance" pos="n1" xml:id="B04153-001-a-7430">Vengeance</w>
      <w lemma="from" pos="acp" xml:id="B04153-001-a-7440">from</w>
      <w lemma="my" pos="po" xml:id="B04153-001-a-7450">my</w>
      <w lemma="god" pos="n1" xml:id="B04153-001-a-7460">God</w>
      <pc xml:id="B04153-001-a-7470">,</pc>
     </l>
     <l xml:id="B04153-e1290">
      <w lemma="shall" pos="vmb" xml:id="B04153-001-a-7480">Shall</w>
      <w lemma="i" pos="pns" xml:id="B04153-001-a-7490">I</w>
      <w lemma="then" pos="av" xml:id="B04153-001-a-7500">then</w>
      <w lemma="kick" pos="vvi" xml:id="B04153-001-a-7510">kick</w>
      <pc unit="sentence" xml:id="B04153-001-a-7520">?</pc>
      <w lemma="no" pos="uh-x" xml:id="B04153-001-a-7530">No</w>
      <pc xml:id="B04153-001-a-7540">,</pc>
      <w lemma="i" pos="pns" xml:id="B04153-001-a-7550">I</w>
      <w lemma="will" pos="vmb" xml:id="B04153-001-a-7560">will</w>
      <w lemma="kiss" pos="vvi" xml:id="B04153-001-a-7570">kiss</w>
      <w lemma="the" pos="d" xml:id="B04153-001-a-7580">the</w>
      <w lemma="rod" pos="n1" xml:id="B04153-001-a-7590">Rod</w>
      <pc xml:id="B04153-001-a-7600">;</pc>
     </l>
     <l xml:id="B04153-e1300">
      <w lemma="and" pos="cc" xml:id="B04153-001-a-7610">And</w>
      <w lemma="by" pos="acp" xml:id="B04153-001-a-7620">by</w>
      <w lemma="repentance" pos="n1" xml:id="B04153-001-a-7630">Repentance</w>
      <w lemma="to" pos="acp" xml:id="B04153-001-a-7640">to</w>
      <w lemma="my" pos="po" xml:id="B04153-001-a-7650">my</w>
      <w lemma="god" pos="n1" xml:id="B04153-001-a-7660">God</w>
      <w lemma="be" pos="vvi" xml:id="B04153-001-a-7670">be</w>
      <w lemma="turn" pos="vvg" xml:id="B04153-001-a-7680">turning</w>
      <pc xml:id="B04153-001-a-7690">,</pc>
     </l>
     <l xml:id="B04153-e1310">
      <w lemma="who" pos="crq" xml:id="B04153-001-a-7700">Who</w>
      <w lemma="may" pos="vmd" xml:id="B04153-001-a-7710">might</w>
      <w lemma="have" pos="vvi" xml:id="B04153-001-a-7720">have</w>
      <w lemma="make" pos="vvn" xml:id="B04153-001-a-7730">made</w>
      <w lemma="this" pos="d" xml:id="B04153-001-a-7740">this</w>
      <hi xml:id="B04153-e1320">
       <w lemma="everlasting" pos="j" xml:id="B04153-001-a-7750">Everlasting</w>
       <w lemma="burn" pos="j_vg" xml:id="B04153-001-a-7760">burning</w>
      </hi>
      <pc rendition="#follows-hi" xml:id="B04153-001-a-7770">:</pc>
     </l>
     <l xml:id="B04153-e1330">
      <w lemma="nor" pos="cc-x" xml:id="B04153-001-a-7780">Nor</w>
      <w lemma="doubt" pos="vvb" xml:id="B04153-001-a-7790">doubt</w>
      <w lemma="i" pos="pns" xml:id="B04153-001-a-7800">I</w>
      <pc xml:id="B04153-001-a-7810">,</pc>
      <w lemma="but" pos="acp-av" xml:id="B04153-001-a-7820">but</w>
      <pc xml:id="B04153-001-a-7830">,</pc>
      <w lemma="if" pos="cs" xml:id="B04153-001-a-7840">if</w>
      <w lemma="from" pos="acp" xml:id="B04153-001-a-7850">from</w>
      <w lemma="our" pos="po" xml:id="B04153-001-a-7860">our</w>
      <w lemma="sin" pos="n2" xml:id="B04153-001-a-7870">sins</w>
      <w lemma="we" pos="pns" xml:id="B04153-001-a-7880">we</w>
      <w lemma="cease" pos="vvb" xml:id="B04153-001-a-7890">cease</w>
      <pc xml:id="B04153-001-a-7900">,</pc>
     </l>
     <l xml:id="B04153-e1340">
      <w lemma="the" pos="d" xml:id="B04153-001-a-7910">The</w>
      <hi xml:id="B04153-e1350">
       <w lemma="lord" pos="n1" xml:id="B04153-001-a-7920">Lord</w>
       <w lemma="of" pos="acp" xml:id="B04153-001-a-7930">of</w>
       <w lemma="host" pos="n2" xml:id="B04153-001-a-7940">Hosts</w>
      </hi>
      <w lemma="will" pos="vmb" xml:id="B04153-001-a-7950">will</w>
      <w lemma="be" pos="vvi" xml:id="B04153-001-a-7960">be</w>
      <w lemma="the" pos="d" xml:id="B04153-001-a-7970">the</w>
      <hi xml:id="B04153-e1360">
       <w lemma="prince" pos="n1" xml:id="B04153-001-a-7980">Prince</w>
       <w lemma="of" pos="acp" xml:id="B04153-001-a-7990">of</w>
       <w lemma="peace" pos="n1" xml:id="B04153-001-a-8000">Peace</w>
      </hi>
      <pc rendition="#follows-hi" unit="sentence" xml:id="B04153-001-a-8010">.</pc>
     </l>
     <l xml:id="B04153-e1370">
      <w lemma="then" pos="av" xml:id="B04153-001-a-8020">Then</w>
      <w lemma="shall" pos="vmb" xml:id="B04153-001-a-8030">shall</w>
      <w lemma="this" pos="d" xml:id="B04153-001-a-8040">this</w>
      <w lemma="ruine" pos="j_vn" reg="ruined" xml:id="B04153-001-a-8050">ruin'd</w>
      <w lemma="city" pos="n1" xml:id="B04153-001-a-8060">City</w>
      <w lemma="like" pos="acp" xml:id="B04153-001-a-8070">like</w>
      <w lemma="a" pos="d" xml:id="B04153-001-a-8080">a</w>
      <w lemma="ball" pos="n1" xml:id="B04153-001-a-8090">Ball</w>
      <pc xml:id="B04153-001-a-8100">,</pc>
     </l>
     <l xml:id="B04153-e1380">
      <w lemma="rebound" pos="vvb" xml:id="B04153-001-a-8110">Rebound</w>
      <w lemma="so" pos="av" xml:id="B04153-001-a-8120">so</w>
      <w lemma="much" pos="av_d" xml:id="B04153-001-a-8130">much</w>
      <w lemma="the" pos="d" xml:id="B04153-001-a-8140">the</w>
      <w lemma="high" pos="j-c" xml:id="B04153-001-a-8150">higher</w>
      <w lemma="for" pos="acp" xml:id="B04153-001-a-8160">for</w>
      <w lemma="her" pos="po" xml:id="B04153-001-a-8170">her</w>
      <w lemma="fall" pos="n1" xml:id="B04153-001-a-8180">fall</w>
      <pc unit="sentence" xml:id="B04153-001-a-8190">.</pc>
     </l>
     <l xml:id="B04153-e1390">
      <w lemma="and" pos="cc" xml:id="B04153-001-a-8200">And</w>
      <w lemma="with" pos="acp" xml:id="B04153-001-a-8210">with</w>
      <w lemma="the" pos="d" xml:id="B04153-001-a-8220">the</w>
      <w lemma="phoenix" pos="n1" rendition="#hi" xml:id="B04153-001-a-8230">Phoenix</w>
      <pc xml:id="B04153-001-a-8240">;</pc>
      <pc join="right" xml:id="B04153-001-a-8250">(</pc>
      <w lemma="heaven" pos="n1" xml:id="B04153-001-a-8260">Heaven</w>
      <w lemma="will" pos="vmb" xml:id="B04153-001-a-8270">will</w>
      <w lemma="so" pos="av" xml:id="B04153-001-a-8280">so</w>
      <w lemma="contrive" pos="vvi" xml:id="B04153-001-a-8290">contrive</w>
      <pc xml:id="B04153-001-a-8300">,</pc>
      <pc xml:id="B04153-001-a-8310">)</pc>
     </l>
     <l xml:id="B04153-e1410">
      <w lemma="from" pos="acp" xml:id="B04153-001-a-8320">From</w>
      <w lemma="her" pos="po" xml:id="B04153-001-a-8330">her</w>
      <w lemma="own" pos="d" xml:id="B04153-001-a-8340">own</w>
      <w lemma="ash" pos="n2" xml:id="B04153-001-a-8350">Ashes</w>
      <w lemma="shall" pos="vmb" xml:id="B04153-001-a-8360">shall</w>
      <w lemma="again" pos="av" xml:id="B04153-001-a-8370">again</w>
      <w lemma="revive" pos="vvi" xml:id="B04153-001-a-8380">revive</w>
      <pc unit="sentence" xml:id="B04153-001-a-8390">.</pc>
     </l>
     <l xml:id="B04153-e1420">
      <w lemma="when" pos="crq" reg="When" xml:id="B04153-001-a-8400">VVhen</w>
      <pc xml:id="B04153-001-a-8410">,</pc>
      <w lemma="like" pos="acp" xml:id="B04153-001-a-8420">like</w>
      <w lemma="the" pos="d" xml:id="B04153-001-a-8430">the</w>
      <w lemma="church" pos="n2" rendition="#hi" xml:id="B04153-001-a-8440">Churches</w>
      <w lemma="you" pos="pn" xml:id="B04153-001-a-8450">you</w>
      <w lemma="her" pos="po" xml:id="B04153-001-a-8460">her</w>
      <w lemma="street" pos="n2" xml:id="B04153-001-a-8470">Streets</w>
      <w lemma="shall" pos="vmb" xml:id="B04153-001-a-8480">shall</w>
      <w lemma="see" pos="vvi" xml:id="B04153-001-a-8490">see</w>
     </l>
     <l xml:id="B04153-e1440">
      <w lemma="found" pos="vvn" xml:id="B04153-001-a-8500">Founded</w>
      <pc xml:id="B04153-001-a-8510">,</pc>
      <w lemma="and" pos="cc" xml:id="B04153-001-a-8520">and</w>
      <w lemma="front" pos="vvd" xml:id="B04153-001-a-8530">fronted</w>
      <w lemma="uniformallie" pos="av_j" rendition="#hi" xml:id="B04153-001-a-8540">uniformallie</w>
      <pc xml:id="B04153-001-a-8550">:</pc>
     </l>
     <l xml:id="B04153-e1460">
      <w lemma="house" pos="n2" xml:id="B04153-001-a-8560">Houses</w>
      <w lemma="so" pos="av" xml:id="B04153-001-a-8570">so</w>
      <w lemma="firm" pos="av_j" xml:id="B04153-001-a-8580">firmly</w>
      <w lemma="build" pos="vvn" xml:id="B04153-001-a-8590">built</w>
      <pc xml:id="B04153-001-a-8600">,</pc>
      <w lemma="so" pos="av" xml:id="B04153-001-a-8610">so</w>
      <w lemma="fair" pos="av_j" xml:id="B04153-001-a-8620">fairly</w>
      <w lemma="furnish" pos="vvn" reg="furnished" xml:id="B04153-001-a-8630">furnisht</w>
      <pc xml:id="B04153-001-a-8640">,</pc>
     </l>
     <l xml:id="B04153-e1470">
      <w lemma="as" pos="acp" xml:id="B04153-001-a-8650">As</w>
      <w lemma="if" pos="cs" xml:id="B04153-001-a-8660">if</w>
      <w lemma="it" pos="pn" xml:id="B04153-001-a-8670">it</w>
      <w lemma="have" pos="vvd" xml:id="B04153-001-a-8680">had</w>
      <w lemma="be" pos="vvn" xml:id="B04153-001-a-8690">been</w>
      <w lemma="burn" pos="vvn" rendition="#hi" xml:id="B04153-001-a-8700">burnt</w>
      <pc xml:id="B04153-001-a-8710">,</pc>
      <w lemma="but" pos="acp" xml:id="B04153-001-a-8720">but</w>
      <w lemma="to" pos="to" xml:id="B04153-001-a-8730">to</w>
      <w lemma="be" pos="vvi" xml:id="B04153-001-a-8740">be</w>
      <w lemma="burnish" pos="j_vn" reg="burnished" rendition="#hi" xml:id="B04153-001-a-8750">burnisht</w>
      <pc xml:id="B04153-001-a-8760">;</pc>
     </l>
     <l xml:id="B04153-e1500">
      <w lemma="then" pos="av" xml:id="B04153-001-a-8770">Then</w>
      <w lemma="you" pos="pn" xml:id="B04153-001-a-8780">you</w>
      <w lemma="will" pos="vmb" reg="will" xml:id="B04153-001-a-8790">'ll</w>
      <w lemma="conclude" pos="vvi" xml:id="B04153-001-a-8800">conclude</w>
      <w lemma="with" pos="acp" xml:id="B04153-001-a-8810">with</w>
      <w lemma="i" pos="pno" xml:id="B04153-001-a-8820">me</w>
      <pc xml:id="B04153-001-a-8830">,</pc>
      <w lemma="the" pos="d" xml:id="B04153-001-a-8840">the</w>
      <w lemma="flame" pos="n2" xml:id="B04153-001-a-8850">Flames</w>
      <w lemma="be" pos="vvd" xml:id="B04153-001-a-8860">were</w>
      <w lemma="kind" pos="j" xml:id="B04153-001-a-8870">kind</w>
      <pc xml:id="B04153-001-a-8880">,</pc>
     </l>
     <l xml:id="B04153-e1510">
      <w lemma="she" pos="pns" xml:id="B04153-001-a-8890">She</w>
      <w lemma="be" pos="vvd" xml:id="B04153-001-a-8900">was</w>
      <w lemma="not" pos="xx" xml:id="B04153-001-a-8910">not</w>
      <w lemma="so" pos="av" xml:id="B04153-001-a-8920">so</w>
      <w lemma="much" pos="av_d" xml:id="B04153-001-a-8930">much</w>
      <w lemma="ruin" pos="vvn" reg="ruined" rendition="#hi" xml:id="B04153-001-a-8940">ruin'd</w>
      <pc xml:id="B04153-001-a-8950">,</pc>
      <w lemma="as" pos="acp" xml:id="B04153-001-a-8960">as</w>
      <w lemma="refine" pos="vvn" reg="refined" rendition="#hi" xml:id="B04153-001-a-8970">refin'd</w>
      <pc unit="sentence" xml:id="B04153-001-a-8980">.</pc>
     </l>
    </lg>
   </div>
  </body>
  <back xml:id="B04153-e1540">
   <div type="colophon" xml:id="B04153-e1550">
    <p xml:id="B04153-e1560">
     <w lemma="London" pos="n1-nn" rendition="#hi" xml:id="B04153-001-a-8990">London</w>
     <pc xml:id="B04153-001-a-9000">,</pc>
     <w lemma="print" pos="vvn" xml:id="B04153-001-a-9010">Printed</w>
     <w lemma="by" pos="acp" xml:id="B04153-001-a-9020">by</w>
     <hi xml:id="B04153-e1580">
      <w lemma="e." pos="ab" xml:id="B04153-001-a-9030">E.</w>
      <w lemma="c." pos="ab" xml:id="B04153-001-a-9040">C.</w>
     </hi>
     <w lemma="for" pos="acp" xml:id="B04153-001-a-9050">for</w>
     <hi xml:id="B04153-e1590">
      <w lemma="h." pos="ab" xml:id="B04153-001-a-9060">H.</w>
      <w lemma="Eversden" pos="n1-nn" xml:id="B04153-001-a-9070">Eversden</w>
     </hi>
     <pc rendition="#follows-hi" xml:id="B04153-001-a-9080">,</pc>
     <w lemma="and" pos="cc" xml:id="B04153-001-a-9090">and</w>
     <hi xml:id="B04153-e1600">
      <w lemma="h." pos="ab" xml:id="B04153-001-a-9100">H.</w>
      <w lemma="Brome" pos="n1-nn" xml:id="B04153-001-a-9110">Brome</w>
     </hi>
     <pc rendition="#follows-hi" xml:id="B04153-001-a-9120">,</pc>
     <w lemma="1666." pos="crd" xml:id="B04153-001-a-9130">1666.</w>
     <pc unit="sentence" xml:id="B04153-001-a-9140"/>
    </p>
   </div>
  </back>
 </text>
</TEI>
