<?xml version="1.0" encoding="UTF-8"?>
<?xml-model href="http://schemata.earlyprint.org/schemata/tei_earlyprint.rng" type="application/xml" schematypens="http://relaxng.org/ns/structure/1.0"?>
<TEI xmlns="http://www.tei-c.org/ns/1.0" xml:id="B04364">
 <teiHeader>
  <fileDesc>
   <titleStmt>
    <title>The English-French-mans address, upon His Majesties late gracious declaration</title>
    <author>Miller, Robert, M.D.</author>
   </titleStmt>
   <editionStmt>
    <edition>This text is an enriched version of the TCP digital transcription B04364 of text R220220 in the <ref target="http;//estc.bl.uk">English Short Title Catalog</ref> (Wing M2063). Textual changes  and metadata enrichments aim at making the                             text more  computationally tractable, easier to read, and suitable for network-based collaborative                              curation by amateur and professional end users from many walks of life.  The text has been tokenized and linguistically annotated with <ref target="http://morphadorner.northwestern.edu/morphadorner/">MorphAdorner</ref>. The annotation includes standard spellings that support the display of a text in                             a standardized format that preserves archaic forms ('loveth', 'seekest').                              Textual changes aim at restoring the text the author or stationer meant to publish.</edition>
    <respStmt>
     <resp>This text has not been fully proofread</resp>
     <name/>
    </respStmt>
   </editionStmt>
   <extent>Approx. 5 KB of XML-encoded text transcribed from 1 1-bit group-IV TIFF page image.</extent>
   <publicationStmt>
    <publisher>EarlyPrint Project</publisher>
    <pubPlace>Evanston,IL, Notre Dame, IN, St. Louis, MO</pubPlace>
    <date>2018</date>
    <idno type="DLPS">B04364</idno>
    <idno type="STC">Wing M2063</idno>
    <idno type="STC">Interim Tract Supplement Guide C.20.f.4[74]</idno>
    <idno type="EEBO-CITATION">99884957</idno>
    <idno type="PROQUEST">ocm99884957</idno>
    <idno type="VID">182744</idno>
    <availability>
     <p>
            This keyboarded and encoded edition of the work described above is co-owned by the institutions providing financial support to the Early English Books Online Text Creation Partnership. This Phase I text is available for reuse, according to the terms of
            <ref target="https://creativecommons.org/publicdomain/zero/1.0/">Creative Commons 0 1.0 Universal</ref>
            . The text can be copied, modified, distributed and performed, even for commercial purposes, all without asking permission.
          </p>
    </availability>
   </publicationStmt>
   <seriesStmt>
    <title>Early English books online.</title>
   </seriesStmt>
   <notesStmt>
    <note>(EEBO-TCP ; phase 1, no. B04364)</note>
    <note>Transcribed from: (Early English Books Online ; image set 182744)</note>
    <note>Images scanned from microfilm: (Early English books; Tract supplement ; A4:2[74])</note>
   </notesStmt>
   <sourceDesc>
    <biblFull>
     <titleStmt>
      <title>The English-French-mans address, upon His Majesties late gracious declaration</title>
      <author>Miller, Robert, M.D.</author>
     </titleStmt>
     <extent>1 sheet ([1] p.).</extent>
     <publicationStmt>
      <publisher>[s.n.],</publisher>
      <pubPlace>London, :</pubPlace>
      <date>Printed in the year, 1666.</date>
     </publicationStmt>
     <notesStmt>
      <note>Signed: Robert Miller, M.D.</note>
      <note>Verse: "T-HAT Your Dread Majestie,"; preceded by "Humbly Sheweth ..."</note>
      <note>Reproduction of original in the British Library.</note>
     </notesStmt>
    </biblFull>
   </sourceDesc>
  </fileDesc>
  <profileDesc>
   <langUsage>
    <language ident="eng">eng</language>
   </langUsage>
   <textClass>
    <keywords scheme="http://authorities.loc.gov/">
     <term>England and Wales. -- Sovereign (1660-1685 : Charles II) -- Poetry -- Early works to 1800.</term>
    </keywords>
   </textClass>
  </profileDesc>
  <xenoData>
   <ep:epHeader xmlns:ep="http://earlyprint.org/ns/1.0">
    <ep:corpus>eebo</ep:corpus>
    <ep:title>The English-French-mans address, upon His Majesties late gracious declaration:</ep:title>
    <ep:author>Miller, Robert, M.D. </ep:author>
    <ep:publicationYear>1666</ep:publicationYear>
    <ep:creationYear/>
    <ep:curator>
     <ep:name/>
    </ep:curator>
    <ep:pageCount>1</ep:pageCount>
    <ep:wordCount>840</ep:wordCount>
    <ep:defectiveTokenCount>0</ep:defectiveTokenCount>
    <ep:untranscribedForeignCount>0</ep:untranscribedForeignCount>
    <ep:untranscribedMathCount>0</ep:untranscribedMathCount>
    <ep:untranscribedMusicCount>0</ep:untranscribedMusicCount>
    <ep:missingChunkCount>0</ep:missingChunkCount>
    <ep:missingPagesCount>0</ep:missingPagesCount>
    <ep:defectRate>0</ep:defectRate>
    <ep:finalGrade>A</ep:finalGrade>
    <ep:defectRangePerGrade>This text  has no known defects that were recorded as gap elements at the time of transcription. </ep:defectRangePerGrade>
   </ep:epHeader>
  </xenoData>
  <revisionDesc>
   <change><date>2008-04</date><label>TCP</label>
        Assigned for keying and markup
      </change>
   <change><date>2008-05</date><label>SPi Global</label>
        Keyed and coded from ProQuest page images
      </change>
   <change><date>2008-06</date><label>John Pas</label>
        Sampled and proofread
      </change>
   <change><date>2008-06</date><label>John Pas</label>
        Text and markup reviewed and edited
      </change>
   <change><date>2008-09</date><label>pfs</label>
        Batch review (QC) and XML conversion
      </change>
  </revisionDesc>
 </teiHeader>
 <text xml:id="B04364-t">
  <body xml:id="B04364-e0">
   <div type="poem" xml:id="B04364-e10">
    <pb facs="tcp:182744:1" rendition="simple:additions" xml:id="B04364-001-a"/>
    <head xml:id="B04364-e20">
     <w lemma="the" pos="d" xml:id="B04364-001-a-0010">The</w>
     <w lemma="english-french-mans" pos="n1g" reg="English-french-mans'" xml:id="B04364-001-a-0020">English-French-Mans</w>
     <w lemma="address" pos="n1" xml:id="B04364-001-a-0030">Address</w>
     <pc xml:id="B04364-001-a-0040">,</pc>
     <w lemma="upon" pos="acp" xml:id="B04364-001-a-0050">UPON</w>
     <w lemma="his" pos="po" xml:id="B04364-001-a-0060">HIS</w>
     <w lemma="majesty" pos="n1g" reg="MAJESTY'S" xml:id="B04364-001-a-0070">MAJESTIES</w>
     <w lemma="late" pos="j" xml:id="B04364-001-a-0080">LATE</w>
     <w lemma="gracious" pos="j" xml:id="B04364-001-a-0090">Gracious</w>
     <w lemma="declaration" pos="n1" xml:id="B04364-001-a-0100">Declaration</w>
     <pc xml:id="B04364-001-a-0110">:</pc>
    </head>
    <opener xml:id="B04364-e30">
     <hi xml:id="B04364-e40">
      <w lemma="humble" pos="av_j" xml:id="B04364-001-a-0120">Humbly</w>
      <w lemma="show" pos="vvz" reg="showeth" xml:id="B04364-001-a-0130">Sheweth</w>
     </hi>
     <pc rendition="#follows-hi" xml:id="B04364-001-a-0140">,</pc>
     <pc xml:id="B04364-001-a-0150">—</pc>
    </opener>
    <lg xml:id="B04364-e50">
     <l xml:id="B04364-e60">
      <w lemma="t" pos="sy" xml:id="B04364-001-a-0160">T</w>
      <pc xml:id="B04364-001-a-0170">—</pc>
      <w lemma="hat" pos="n1" xml:id="B04364-001-a-0180">HAT</w>
      <w lemma="your" pos="po" xml:id="B04364-001-a-0190">Your</w>
      <w lemma="dread" pos="j" xml:id="B04364-001-a-0200">Dread</w>
      <w lemma="majesty" pos="n1" reg="Majesty" xml:id="B04364-001-a-0210">Majestie</w>
      <pc xml:id="B04364-001-a-0220">,</pc>
     </l>
     <l xml:id="B04364-e70">
      <w lemma="by" pos="acp" xml:id="B04364-001-a-0230">By</w>
      <w join="right" lemma="you" pos="pn" xml:id="B04364-001-a-0240">Ye</w>
      <w join="left" lemma="be" pos="vvb" reg="'re" xml:id="B04364-001-a-0241">'r</w>
      <w lemma="gracious" pos="j" xml:id="B04364-001-a-0250">Gracious</w>
      <w lemma="declaration" pos="n1" xml:id="B04364-001-a-0260">Declaration</w>
      <pc xml:id="B04364-001-a-0270">,</pc>
      <w lemma="have" pos="vvz" xml:id="B04364-001-a-0280">hath</w>
      <w lemma="set" pos="zz" xml:id="B04364-001-a-0290">set's</w>
      <w lemma="free" pos="j" xml:id="B04364-001-a-0300">Free</w>
     </l>
     <l xml:id="B04364-e80">
      <w lemma="of" pos="acp" xml:id="B04364-001-a-0310">Of</w>
      <w lemma="our" pos="po" xml:id="B04364-001-a-0320">our</w>
      <w lemma="late" pos="j" xml:id="B04364-001-a-0330">late</w>
      <w lemma="terror" pos="n2" reg="Terrors" xml:id="B04364-001-a-0340">Terrours</w>
      <pc xml:id="B04364-001-a-0350">;</pc>
      <w lemma="whereas" pos="cs" xml:id="B04364-001-a-0360">whereas</w>
      <w lemma="before" pos="acp" xml:id="B04364-001-a-0370">before</w>
      <w lemma="we" pos="pns" xml:id="B04364-001-a-0380">we</w>
      <w lemma="think" pos="vvd" xml:id="B04364-001-a-0390">thought</w>
      <pc xml:id="B04364-001-a-0400">,</pc>
     </l>
     <l xml:id="B04364-e90">
      <w lemma="all" pos="d" xml:id="B04364-001-a-0410">All</w>
      <w lemma="our" pos="po" xml:id="B04364-001-a-0420">our</w>
      <w lemma="brave" pos="j" xml:id="B04364-001-a-0430">brave</w>
      <w join="right" lemma="all" pos="d" xml:id="B04364-001-a-0440">All</w>
      <w join="left" lemma="be" pos="vvz" xml:id="B04364-001-a-0441">'s</w>
      <w lemma="will" pos="vmd" xml:id="B04364-001-a-0450">would</w>
      <w lemma="come" pos="vvi" xml:id="B04364-001-a-0460">come</w>
      <w lemma="at" pos="acp" xml:id="B04364-001-a-0470">at</w>
      <w lemma="length" pos="n1" xml:id="B04364-001-a-0480">length</w>
      <w lemma="to" pos="acp" xml:id="B04364-001-a-0490">to</w>
      <w lemma="nought" pos="pi-x" xml:id="B04364-001-a-0500">nought</w>
      <pc xml:id="B04364-001-a-0510">;</pc>
     </l>
     <l xml:id="B04364-e100">
      <w lemma="but" pos="acp" xml:id="B04364-001-a-0520">But</w>
      <w lemma="now" pos="av" xml:id="B04364-001-a-0530">now</w>
      <w join="right" lemma="it" pos="pn" xml:id="B04364-001-a-0540">'t</w>
      <w join="left" lemma="be" pos="vvz" xml:id="B04364-001-a-0541">is</w>
      <w lemma="over" pos="acp" reg="o'er" xml:id="B04364-001-a-0550">o're</w>
      <pc xml:id="B04364-001-a-0560">:</pc>
      <w lemma="have" pos="vvd" xml:id="B04364-001-a-0570">Had</w>
      <w lemma="we" pos="pns" xml:id="B04364-001-a-0580">we</w>
      <w lemma="go" pos="vvn" xml:id="B04364-001-a-0590">gone</w>
      <w lemma="home" pos="av_n" xml:id="B04364-001-a-0600">Home</w>
      <w lemma="again" pos="av" reg="again" xml:id="B04364-001-a-0610">againe</w>
      <pc xml:id="B04364-001-a-0620">,</pc>
     </l>
     <l xml:id="B04364-e110">
      <w lemma="we" pos="pns" xml:id="B04364-001-a-0630">We</w>
      <w lemma="can" pos="vmd" xml:id="B04364-001-a-0640">could</w>
      <w lemma="not" pos="xx" xml:id="B04364-001-a-0650">not</w>
      <w lemma="tell" pos="vvi" xml:id="B04364-001-a-0660">tell</w>
      <pc xml:id="B04364-001-a-0670">,</pc>
      <w lemma="which" pos="crq" xml:id="B04364-001-a-0680">which</w>
      <w lemma="way" pos="n1" xml:id="B04364-001-a-0690">way</w>
      <w lemma="for" pos="acp" xml:id="B04364-001-a-0700">for</w>
      <w lemma="to" pos="to" xml:id="B04364-001-a-0710">to</w>
      <w lemma="maintain" pos="vvi" reg="Maintain" xml:id="B04364-001-a-0720">Maintaine</w>
     </l>
     <l xml:id="B04364-e120">
      <w lemma="our" pos="po" xml:id="B04364-001-a-0730">Our</w>
      <w lemma="family" pos="n2" xml:id="B04364-001-a-0740">Families</w>
      <pc xml:id="B04364-001-a-0750">:</pc>
      <w lemma="in" pos="acp" xml:id="B04364-001-a-0760">In</w>
      <w lemma="ENGLAND" pos="n1-nn" xml:id="B04364-001-a-0770">ENGLAND</w>
      <w lemma="we" pos="pns" xml:id="B04364-001-a-0780">we</w>
      <w lemma="can" pos="vmb" xml:id="B04364-001-a-0790">can</w>
      <w lemma="take" pos="vvi" xml:id="B04364-001-a-0800">take</w>
     </l>
     <l xml:id="B04364-e130">
      <w lemma="even" pos="av" reg="E'en" xml:id="B04364-001-a-0810">E'ne</w>
      <w lemma="what" pos="crq" xml:id="B04364-001-a-0820">what</w>
      <w lemma="degree" pos="n2" xml:id="B04364-001-a-0830">Degrees</w>
      <w lemma="we" pos="pns" xml:id="B04364-001-a-0840">we</w>
      <w lemma="please" pos="vvb" xml:id="B04364-001-a-0850">please</w>
      <pc xml:id="B04364-001-a-0860">;</pc>
      <w lemma="and" pos="cc" xml:id="B04364-001-a-0870">and</w>
      <w lemma="make" pos="vvb" xml:id="B04364-001-a-0880">make</w>
     </l>
     <l xml:id="B04364-e140">
      <w lemma="the" pos="d" xml:id="B04364-001-a-0890">The</w>
      <w lemma="gentry" pos="n1" xml:id="B04364-001-a-0900">Gentry</w>
      <w lemma="believe" pos="vvb" xml:id="B04364-001-a-0910">believe</w>
      <pc xml:id="B04364-001-a-0920">,</pc>
      <w lemma="that" pos="cs" xml:id="B04364-001-a-0930">that</w>
      <w join="right" lemma="it" pos="pn" xml:id="B04364-001-a-0940">'t</w>
      <w join="left" lemma="be" pos="vvz" xml:id="B04364-001-a-0941">is</w>
      <w lemma="our" pos="po" xml:id="B04364-001-a-0950">our</w>
      <w lemma="nation" pos="n1" xml:id="B04364-001-a-0960">Nation</w>
      <pc xml:id="B04364-001-a-0970">,</pc>
     </l>
     <l xml:id="B04364-e150">
      <w lemma="suit" pos="n2" reg="Suits" xml:id="B04364-001-a-0980">Sutes</w>
      <w lemma="all" pos="d" xml:id="B04364-001-a-0990">all</w>
      <w lemma="their" pos="po" xml:id="B04364-001-a-1000">their</w>
      <w lemma="greatness" pos="n1" reg="Greatness" xml:id="B04364-001-a-1010">Greatnesse</w>
      <w lemma="in" pos="acp" xml:id="B04364-001-a-1020">in</w>
      <w lemma="a" pos="d" xml:id="B04364-001-a-1030">a</w>
      <hi xml:id="B04364-e160">
       <w lemma="fur" pos="n1" xml:id="B04364-001-a-1040">Fur</w>
       <w lemma="bonne" pos="f-fr" xml:id="B04364-001-a-1050">Bonne</w>
      </hi>
      <w lemma="fashion" pos="n1" xml:id="B04364-001-a-1060">Fashion</w>
      <pc unit="sentence" xml:id="B04364-001-a-1070">.</pc>
     </l>
    </lg>
    <lg xml:id="B04364-e170">
     <l xml:id="B04364-e180">
      <w lemma="i" pos="pno" rendition="#hi" xml:id="B04364-001-a-1080">Me</w>
      <w lemma="that" pos="cs" xml:id="B04364-001-a-1090">that</w>
      <w lemma="come" pos="vvd" xml:id="B04364-001-a-1100">came</w>
      <w lemma="late" pos="av_j" xml:id="B04364-001-a-1110">lately</w>
      <w lemma="into" pos="acp" xml:id="B04364-001-a-1120">into</w>
      <w lemma="english" pos="j-nn" xml:id="B04364-001-a-1130">ENGLISH</w>
      <w lemma="ground" pos="n1" xml:id="B04364-001-a-1140">Ground</w>
     </l>
     <l xml:id="B04364-e200">
      <w lemma="with" pos="acp" xml:id="B04364-001-a-1150">With</w>
      <w lemma="rag" pos="n2" reg="Rags" xml:id="B04364-001-a-1160">Raggs</w>
      <w lemma="on" pos="acp" xml:id="B04364-001-a-1170">on</w>
      <w lemma="back" pos="n1" xml:id="B04364-001-a-1180">Back</w>
      <pc xml:id="B04364-001-a-1190">,</pc>
      <w lemma="where" pos="crq" xml:id="B04364-001-a-1200">where</w>
      <w lemma="vermin" pos="n1" xml:id="B04364-001-a-1210">Vermin</w>
      <w lemma="do" pos="vvd" xml:id="B04364-001-a-1220">did</w>
      <w lemma="abound" pos="vvi" xml:id="B04364-001-a-1230">abound</w>
      <pc xml:id="B04364-001-a-1240">;</pc>
     </l>
     <l xml:id="B04364-e210">
      <w lemma="yet" pos="av" xml:id="B04364-001-a-1250">Yet</w>
      <w lemma="have" pos="vvd" xml:id="B04364-001-a-1260">had</w>
      <w lemma="a" pos="d" xml:id="B04364-001-a-1270">a</w>
      <w lemma="sword" pos="n1" xml:id="B04364-001-a-1280">Sword</w>
      <pc xml:id="B04364-001-a-1290">,</pc>
      <w lemma="though" pos="cs" xml:id="B04364-001-a-1300">though</w>
      <w lemma="scarce" pos="av_j" xml:id="B04364-001-a-1310">scarce</w>
      <w lemma="a" pos="d" xml:id="B04364-001-a-1320">a</w>
      <w lemma="shoe" pos="n1" reg="Shoe" xml:id="B04364-001-a-1330">Shooe</w>
      <w lemma="to" pos="acp" xml:id="B04364-001-a-1340">to</w>
      <w lemma="foot" pos="n1" xml:id="B04364-001-a-1350">foot</w>
      <pc xml:id="B04364-001-a-1360">,</pc>
     </l>
     <l xml:id="B04364-e220">
      <w lemma="ay" pos="uh" reg="Ay" xml:id="B04364-001-a-1370">Aye</w>
      <pc xml:id="B04364-001-a-1380">,</pc>
      <w lemma="and" pos="cc" xml:id="B04364-001-a-1390">and</w>
      <w lemma="a" pos="d" xml:id="B04364-001-a-1400">a</w>
      <w lemma="shirt" pos="n1" reg="Shirt" xml:id="B04364-001-a-1410">Shert</w>
      <w lemma="too" pos="av" xml:id="B04364-001-a-1420">too</w>
      <pc xml:id="B04364-001-a-1430">,</pc>
      <w lemma="though" pos="cs" xml:id="B04364-001-a-1440">though</w>
      <w join="right" lemma="it" pos="pn" xml:id="B04364-001-a-1450">'t</w>
      <w join="left" lemma="be" pos="vvd" xml:id="B04364-001-a-1451">was</w>
      <w lemma="black" pos="j" xml:id="B04364-001-a-1460">black</w>
      <w lemma="as" pos="acp" xml:id="B04364-001-a-1470">as</w>
      <w lemma="foot" pos="n1" xml:id="B04364-001-a-1480">foot</w>
      <pc xml:id="B04364-001-a-1490">:</pc>
     </l>
     <l xml:id="B04364-e230">
      <w lemma="have" pos="vvb" xml:id="B04364-001-a-1500">Have</w>
      <w lemma="find" pos="vvn" xml:id="B04364-001-a-1510">found</w>
      <w lemma="the" pos="d" xml:id="B04364-001-a-1520">the</w>
      <w lemma="english" pos="j-nn" xml:id="B04364-001-a-1530">ENGLISH</w>
      <w lemma="constitution" pos="n1" xml:id="B04364-001-a-1540">Constitution</w>
      <w lemma="so" pos="av" xml:id="B04364-001-a-1550">so</w>
      <pc xml:id="B04364-001-a-1560">,</pc>
     </l>
     <l xml:id="B04364-e240">
      <w lemma="that" pos="cs" xml:id="B04364-001-a-1570">That</w>
      <w join="right" lemma="i" pos="pns" rendition="#hi" xml:id="B04364-001-a-1580">I</w>
      <w join="left" lemma="will" pos="vmb" reg="'ll" xml:id="B04364-001-a-1581">'le</w>
      <w lemma="be" pos="vvi" xml:id="B04364-001-a-1590">be</w>
      <w lemma="hang" pos="vvn" reg="hanged" xml:id="B04364-001-a-1600">hang'd</w>
      <pc xml:id="B04364-001-a-1610">,</pc>
      <w lemma="ere" pos="acp" reg="" xml:id="B04364-001-a-1620">e're</w>
      <w lemma="i" pos="pns" xml:id="B04364-001-a-1630">I</w>
      <w lemma="to" pos="acp" xml:id="B04364-001-a-1640">to</w>
      <w lemma="france" pos="n1-nn" xml:id="B04364-001-a-1650">FRANCE</w>
      <w lemma="will" pos="vmb" xml:id="B04364-001-a-1660">will</w>
      <w lemma="go" pos="vvi" xml:id="B04364-001-a-1670">go</w>
     </l>
     <l xml:id="B04364-e260">
      <w lemma="again" pos="av" reg="Again" xml:id="B04364-001-a-1680">Againe</w>
      <w lemma="in" pos="acp" xml:id="B04364-001-a-1690">in</w>
      <w lemma="haste" pos="n1" xml:id="B04364-001-a-1700">haste</w>
      <pc xml:id="B04364-001-a-1710">;</pc>
      <w lemma="there" pos="av" xml:id="B04364-001-a-1720">There</w>
      <w lemma="i" pos="pns" xml:id="B04364-001-a-1730">I</w>
      <w lemma="want" pos="vvd" xml:id="B04364-001-a-1740">wanted</w>
      <w lemma="bread" pos="n1" xml:id="B04364-001-a-1750">bread</w>
      <pc xml:id="B04364-001-a-1760">,</pc>
     </l>
     <l xml:id="B04364-e270">
      <w lemma="here" pos="av" xml:id="B04364-001-a-1770">Here</w>
      <pc xml:id="B04364-001-a-1780">,</pc>
      <w lemma="of" pos="acp" xml:id="B04364-001-a-1790">of</w>
      <w lemma="a" pos="d" xml:id="B04364-001-a-1800">a</w>
      <w lemma="family" pos="n1" xml:id="B04364-001-a-1810">Family</w>
      <pc xml:id="B04364-001-a-1820">,</pc>
      <w join="right" lemma="i" pos="pns" xml:id="B04364-001-a-1830">I</w>
      <w join="left" lemma="be" pos="vvm" reg="'m" xml:id="B04364-001-a-1831">'me</w>
      <w lemma="become" pos="vvn" xml:id="B04364-001-a-1840">become</w>
      <w lemma="the" pos="d" xml:id="B04364-001-a-1850">the</w>
      <w lemma="head" pos="n1" xml:id="B04364-001-a-1860">head</w>
      <pc xml:id="B04364-001-a-1870">:</pc>
     </l>
     <l xml:id="B04364-e280">
      <w lemma="my" pos="po" xml:id="B04364-001-a-1880">My</w>
      <w lemma="master" pos="n1" xml:id="B04364-001-a-1890">Master</w>
      <w lemma="love" pos="vvz" xml:id="B04364-001-a-1900">loves</w>
      <w lemma="i" pos="pno" xml:id="B04364-001-a-1910">me</w>
      <pc xml:id="B04364-001-a-1920">,</pc>
      <w lemma="and" pos="cc" xml:id="B04364-001-a-1930">and</w>
      <w lemma="do" pos="vvz" xml:id="B04364-001-a-1940">doth</w>
      <w lemma="still" pos="av" xml:id="B04364-001-a-1950">still</w>
      <pc xml:id="B04364-001-a-1960">,</pc>
      <w lemma="protest" pos="vvb" xml:id="B04364-001-a-1970">Protest</w>
     </l>
     <l xml:id="B04364-e290">
      <w lemma="of" pos="acp" xml:id="B04364-001-a-1980">Of</w>
      <w lemma="his" pos="po" xml:id="B04364-001-a-1990">his</w>
      <w lemma="servant" pos="n2" xml:id="B04364-001-a-2000">Servants</w>
      <pc xml:id="B04364-001-a-2010">,</pc>
      <w lemma="the" pos="d" xml:id="B04364-001-a-2020">the</w>
      <w lemma="mounsieur" pos="f-fr" rendition="#hi" xml:id="B04364-001-a-2030">Mounsieur</w>
      <w lemma="be" pos="vvz" xml:id="B04364-001-a-2040">is</w>
      <w lemma="the" pos="d" xml:id="B04364-001-a-2050">the</w>
      <w lemma="best" pos="j-s" xml:id="B04364-001-a-2060">best</w>
      <pc xml:id="B04364-001-a-2070">;</pc>
     </l>
     <l xml:id="B04364-e310">
      <w lemma="for" pos="acp" xml:id="B04364-001-a-2080">For</w>
      <w lemma="when" pos="crq" xml:id="B04364-001-a-2090">when</w>
      <w lemma="with" pos="acp" xml:id="B04364-001-a-2100">with</w>
      <w lemma="our" pos="po" xml:id="B04364-001-a-2110">our</w>
      <w lemma="kick-shaws" pos="j" xml:id="B04364-001-a-2120">Kick-shaws</w>
      <w lemma="about" pos="acp" xml:id="B04364-001-a-2130">about</w>
      <w lemma="they" pos="pns" xml:id="B04364-001-a-2140">they</w>
      <w lemma="prance" pos="vvb" xml:id="B04364-001-a-2150">prance</w>
      <pc xml:id="B04364-001-a-2160">,</pc>
     </l>
     <l xml:id="B04364-e320">
      <w lemma="we" pos="pns" xml:id="B04364-001-a-2170">We</w>
      <w lemma="swear" pos="vvb" xml:id="B04364-001-a-2180">Swear</w>
      <w lemma="begar" pos="uh" rendition="#hi" xml:id="B04364-001-a-2190">Begar</w>
      <pc xml:id="B04364-001-a-2200">,</pc>
      <w join="right" lemma="it" pos="pn" xml:id="B04364-001-a-2210">'t</w>
      <w join="left" lemma="be" pos="vvz" xml:id="B04364-001-a-2211">is</w>
      <hi xml:id="B04364-e340">
       <w lemma="ala" pos="n1-nn" xml:id="B04364-001-a-2220">Ala</w>
       <w lemma="mode" pos="n1" xml:id="B04364-001-a-2230">Mode</w>
       <w lemma="de" pos="f-fr" xml:id="B04364-001-a-2240">de</w>
       <w lemma="france" pos="n1-nn" xml:id="B04364-001-a-2250">FRANCE</w>
      </hi>
      <pc rendition="#follows-hi" unit="sentence" xml:id="B04364-001-a-2260">.</pc>
     </l>
    </lg>
    <lg xml:id="B04364-e350">
     <l xml:id="B04364-e360">
      <w lemma="thus" pos="av" xml:id="B04364-001-a-2270">Thus</w>
      <w lemma="we" pos="pns" xml:id="B04364-001-a-2280">we</w>
      <w lemma="get" pos="vvb" xml:id="B04364-001-a-2290">get</w>
      <w lemma="into" pos="acp" xml:id="B04364-001-a-2300">into</w>
      <w lemma="favour" pos="n1" xml:id="B04364-001-a-2310">Favour</w>
      <pc xml:id="B04364-001-a-2320">,</pc>
      <w lemma="and" pos="cc" xml:id="B04364-001-a-2330">and</w>
      <w lemma="then" pos="av" xml:id="B04364-001-a-2340">then</w>
      <w lemma="we" pos="pns" xml:id="B04364-001-a-2350">we</w>
     </l>
     <l xml:id="B04364-e370">
      <w lemma="be" pos="vvb" xml:id="B04364-001-a-2360">Are</w>
      <w lemma="parramount" pos="n1" reg="Parramount" xml:id="B04364-001-a-2370">Parra-Mount</w>
      <pc xml:id="B04364-001-a-2380">,</pc>
      <w lemma="of" pos="acp" xml:id="B04364-001-a-2390">of</w>
      <w lemma="all" pos="d" xml:id="B04364-001-a-2400">all</w>
      <w lemma="the" pos="d" xml:id="B04364-001-a-2410">the</w>
      <w lemma="family" pos="n1" reg="Family" xml:id="B04364-001-a-2420">Familie</w>
      <pc xml:id="B04364-001-a-2430">:</pc>
     </l>
     <l xml:id="B04364-e380">
      <w lemma="we" pos="pns" xml:id="B04364-001-a-2440">We</w>
      <w lemma="tell" pos="vvb" xml:id="B04364-001-a-2450">tell</w>
      <w lemma="his" pos="po" xml:id="B04364-001-a-2460">his</w>
      <w lemma="lordship" pos="n1" xml:id="B04364-001-a-2470">Lordship</w>
      <pc xml:id="B04364-001-a-2480">,</pc>
      <w lemma="that" pos="cs" xml:id="B04364-001-a-2490">that</w>
      <w join="right" lemma="it" pos="pn" xml:id="B04364-001-a-2500">'t</w>
      <w join="left" lemma="be" pos="vvz" xml:id="B04364-001-a-2501">is</w>
      <w lemma="nothing" pos="pi-x" xml:id="B04364-001-a-2510">nothing</w>
      <w lemma="sit" pos="vvg" xml:id="B04364-001-a-2520">sitting</w>
      <pc xml:id="B04364-001-a-2530">,</pc>
     </l>
     <l xml:id="B04364-e390">
      <w lemma="de" pos="f-fr" rendition="#hi" xml:id="B04364-001-a-2540">De</w>
      <w lemma="english" pos="j-nn" xml:id="B04364-001-a-2550">ENGLISH</w>
      <w lemma="cook" pos="n1" xml:id="B04364-001-a-2560">Cook</w>
      <pc xml:id="B04364-001-a-2570">,</pc>
      <w lemma="shall" pos="vmd" xml:id="B04364-001-a-2580">should</w>
      <w lemma="rule" pos="vvi" xml:id="B04364-001-a-2590">Rule</w>
      <w lemma="his" pos="po" xml:id="B04364-001-a-2600">his</w>
      <w lemma="lordship" pos="n1g" reg="Lordship's" xml:id="B04364-001-a-2610">Lordships</w>
      <w lemma="kitchen" pos="n1" reg="Kitchen" xml:id="B04364-001-a-2620">Kitching</w>
      <pc xml:id="B04364-001-a-2630">;</pc>
     </l>
     <l xml:id="B04364-e410">
      <w lemma="swear" pos="vvg" xml:id="B04364-001-a-2640">Swearing</w>
      <pc xml:id="B04364-001-a-2650">,</pc>
      <w lemma="de" pos="f-fr" rendition="#hi" xml:id="B04364-001-a-2660">De</w>
      <w lemma="english" pos="j-nn" xml:id="B04364-001-a-2670">ENGLISH</w>
      <w lemma="cook" pos="n1" xml:id="B04364-001-a-2680">Cook</w>
      <w lemma="he" pos="pns" xml:id="B04364-001-a-2690">he</w>
      <w lemma="can" pos="vmb-x" xml:id="B04364-001-a-2700">cannot</w>
      <w lemma="tell" pos="vvi" xml:id="B04364-001-a-2710">tell</w>
      <pc xml:id="B04364-001-a-2720">,</pc>
     </l>
     <l xml:id="B04364-e430">
      <w lemma="which" pos="crq" xml:id="B04364-001-a-2730">Which</w>
      <w lemma="way" pos="n1" xml:id="B04364-001-a-2740">way</w>
      <w lemma="to" pos="to" xml:id="B04364-001-a-2750">to</w>
      <w lemma="make" pos="vvi" xml:id="B04364-001-a-2760">make</w>
      <hi xml:id="B04364-e440">
       <w lemma="de" pos="f-fr" xml:id="B04364-001-a-2770">De</w>
       <w lemma="bonne" pos="f-fr" xml:id="B04364-001-a-2780">Bonne</w>
       <w lemma="Potazie" pos="n1-nn" xml:id="B04364-001-a-2790">Potazie</w>
      </hi>
      <w lemma="well" pos="av" xml:id="B04364-001-a-2800">well</w>
      <pc xml:id="B04364-001-a-2810">:</pc>
     </l>
     <l xml:id="B04364-e450">
      <w lemma="he" pos="pns" xml:id="B04364-001-a-2820">He</w>
      <w lemma="burn" pos="vvz" xml:id="B04364-001-a-2830">burns</w>
      <w lemma="the" pos="d" xml:id="B04364-001-a-2840">the</w>
      <w lemma="meat" pos="n1" xml:id="B04364-001-a-2850">Meat</w>
      <w lemma="begar" pos="uh" rendition="#hi" xml:id="B04364-001-a-2860">Begar</w>
      <pc xml:id="B04364-001-a-2870">,</pc>
      <w lemma="and" pos="cc" xml:id="B04364-001-a-2880">and</w>
      <w lemma="i" pos="pns" xml:id="B04364-001-a-2890">I</w>
      <w lemma="do" pos="vvb" xml:id="B04364-001-a-2900">do</w>
      <w lemma="think" pos="vvi" xml:id="B04364-001-a-2910">think</w>
     </l>
     <l xml:id="B04364-e470">
      <w lemma="his" pos="po" xml:id="B04364-001-a-2920">His</w>
      <w lemma="sauce" pos="n1" xml:id="B04364-001-a-2930">Sauce</w>
      <w lemma="be" pos="vvz" xml:id="B04364-001-a-2940">is</w>
      <w lemma="musty" pos="j" xml:id="B04364-001-a-2950">musty</w>
      <pc xml:id="B04364-001-a-2960">;</pc>
      <w lemma="and" pos="cc" xml:id="B04364-001-a-2970">and</w>
      <w lemma="his" pos="po" xml:id="B04364-001-a-2980">his</w>
      <w lemma="beef" pos="n1" xml:id="B04364-001-a-2990">Beef</w>
      <w lemma="do" pos="vvz" reg="does" xml:id="B04364-001-a-3000">do's</w>
      <w lemma="stink" pos="n1" xml:id="B04364-001-a-3010">stink</w>
      <pc xml:id="B04364-001-a-3020">;</pc>
     </l>
     <l xml:id="B04364-e480">
      <w lemma="you" pos="pn" xml:id="B04364-001-a-3030">You</w>
      <w lemma="no" pos="av-x_d" xml:id="B04364-001-a-3040">no</w>
      <w lemma="smell" pos="vvb" xml:id="B04364-001-a-3050">smell</w>
      <w lemma="my" pos="po" xml:id="B04364-001-a-3060">my</w>
      <w lemma="lord" pos="n1" xml:id="B04364-001-a-3070">Lord</w>
      <pc xml:id="B04364-001-a-3080">:</pc>
      <w lemma="your" pos="po" xml:id="B04364-001-a-3090">Your</w>
      <w lemma="cold" pos="j" xml:id="B04364-001-a-3100">Cold</w>
      <w lemma="do" pos="vvz" reg="does" xml:id="B04364-001-a-3110">do's</w>
      <w lemma="spoil" pos="vvi" reg="spoil" xml:id="B04364-001-a-3120">spoyle</w>
     </l>
     <l xml:id="B04364-e490">
      <w lemma="your" pos="po" xml:id="B04364-001-a-3130">Your</w>
      <w lemma="scent" pos="n1" xml:id="B04364-001-a-3140">Scent</w>
      <pc xml:id="B04364-001-a-3150">,</pc>
      <w lemma="and" pos="cc" xml:id="B04364-001-a-3160">and</w>
      <w lemma="your" pos="po" xml:id="B04364-001-a-3170">your</w>
      <w lemma="cook" pos="n1" xml:id="B04364-001-a-3180">Cook</w>
      <pc xml:id="B04364-001-a-3190">,</pc>
      <w lemma="do" pos="vvz" reg="does" xml:id="B04364-001-a-3200">do's</w>
      <w lemma="beguile" pos="vvi" xml:id="B04364-001-a-3210">beguile</w>
     </l>
     <l xml:id="B04364-e500">
      <w lemma="your" pos="po" xml:id="B04364-001-a-3220">Your</w>
      <w lemma="honour" pos="n1" xml:id="B04364-001-a-3230">Honour</w>
      <pc xml:id="B04364-001-a-3240">,</pc>
      <w lemma="and" pos="cc" xml:id="B04364-001-a-3250">and</w>
      <w lemma="i" pos="pno" xml:id="B04364-001-a-3260">Me</w>
      <w lemma="can" pos="vmb-x" reg="can't" xml:id="B04364-001-a-3270">cann't</w>
      <w lemma="endure" pos="vvi" reg="endure" xml:id="B04364-001-a-3280">indure</w>
     </l>
     <l xml:id="B04364-e510">
      <w lemma="de" pos="f-fr" rendition="#hi" xml:id="B04364-001-a-3290">De</w>
      <w lemma="english" pos="j-nn" xml:id="B04364-001-a-3300">ENGLISH</w>
      <w lemma="cook" pos="n1" xml:id="B04364-001-a-3310">Cook</w>
      <pc xml:id="B04364-001-a-3320">;</pc>
      <hi xml:id="B04364-e530">
       <w lemma="de" pos="f-fr" xml:id="B04364-001-a-3330">De</w>
       <w lemma="bonne" pos="f-fr" xml:id="B04364-001-a-3340">Bonne</w>
       <w lemma="french" pos="j-nn" xml:id="B04364-001-a-3350">French</w>
       <w lemma="serveture" pos="n1" xml:id="B04364-001-a-3360">Serveture</w>
      </hi>
      <pc rendition="#follows-hi" xml:id="B04364-001-a-3370">:</pc>
     </l>
     <l xml:id="B04364-e540">
      <w lemma="he" pos="pns" xml:id="B04364-001-a-3380">He</w>
      <w lemma="be" pos="vvz" xml:id="B04364-001-a-3390">is</w>
      <w lemma="de" pos="f-fr" rendition="#hi" xml:id="B04364-001-a-3400">De</w>
      <w lemma="best" pos="av_j" xml:id="B04364-001-a-3410">best</w>
      <w lemma="begar" pos="uh" rendition="#hi" xml:id="B04364-001-a-3420">Begar</w>
      <pc xml:id="B04364-001-a-3430">,</pc>
      <w lemma="i" pos="pno" xml:id="B04364-001-a-3440">Me</w>
      <w lemma="dare" pos="vvb" xml:id="B04364-001-a-3450">dare</w>
      <w lemma="to" pos="to" xml:id="B04364-001-a-3460">to</w>
      <w lemma="swear" pos="vvi" xml:id="B04364-001-a-3470">swear</w>
      <pc xml:id="B04364-001-a-3480">,</pc>
     </l>
     <l xml:id="B04364-e570">
      <w join="right" lemma="he" pos="pns" xml:id="B04364-001-a-3490">He</w>
      <w join="left" lemma="will" pos="vmd" xml:id="B04364-001-a-3491">'d</w>
      <w lemma="fit" pos="vvi" xml:id="B04364-001-a-3500">fit</w>
      <w lemma="your" pos="po" xml:id="B04364-001-a-3510">your</w>
      <w lemma="lordship" pos="n1" xml:id="B04364-001-a-3520">Lordship</w>
      <pc xml:id="B04364-001-a-3530">,</pc>
      <w lemma="to" pos="to" xml:id="B04364-001-a-3540">to</w>
      <w lemma="a" pos="d" xml:id="B04364-001-a-3550">a</w>
      <w lemma="very" pos="j" xml:id="B04364-001-a-3560">very</w>
      <w lemma="hair" pos="n1" xml:id="B04364-001-a-3570">hair</w>
      <pc xml:id="B04364-001-a-3580">:</pc>
     </l>
     <l xml:id="B04364-e580">
      <w lemma="de" pos="f-fr" rendition="#hi" xml:id="B04364-001-a-3590">De</w>
      <w lemma="english" pos="j-nn" xml:id="B04364-001-a-3600">ENGLISH</w>
      <w lemma="man" pos="n1" xml:id="B04364-001-a-3610">Man</w>
      <pc xml:id="B04364-001-a-3620">,</pc>
      <w lemma="begar" pos="uh" rendition="#hi" xml:id="B04364-001-a-3630">Begar</w>
      <w lemma="i" pos="pno" xml:id="B04364-001-a-3640">Me</w>
      <w lemma="know" pos="vvb" xml:id="B04364-001-a-3650">know</w>
      <w lemma="be" pos="vvz" xml:id="B04364-001-a-3660">is</w>
      <w lemma="stout" pos="j" xml:id="B04364-001-a-3670">Stout</w>
      <pc xml:id="B04364-001-a-3680">,</pc>
     </l>
     <l xml:id="B04364-e610">
      <w lemma="but" pos="acp" xml:id="B04364-001-a-3690">But</w>
      <w lemma="in" pos="acp" xml:id="B04364-001-a-3700">in</w>
      <w lemma="the" pos="d" reg="the" rendition="#hi" xml:id="B04364-001-a-3710">de</w>
      <w lemma="carriage" pos="n1" xml:id="B04364-001-a-3720">Carriage</w>
      <pc xml:id="B04364-001-a-3730">,</pc>
      <w lemma="he" pos="pns" xml:id="B04364-001-a-3740">he</w>
      <w lemma="be" pos="vvz" xml:id="B04364-001-a-3750">is</w>
      <w lemma="but" pos="acp-av" xml:id="B04364-001-a-3760">but</w>
      <w lemma="a" pos="d" xml:id="B04364-001-a-3770">a</w>
      <w lemma="lout" pos="n1" xml:id="B04364-001-a-3780">Lout</w>
      <pc xml:id="B04364-001-a-3790">,</pc>
     </l>
     <l xml:id="B04364-e630">
      <w lemma="compare" pos="vvn" reg="Compared" xml:id="B04364-001-a-3800">Compar'd</w>
      <w lemma="with" pos="acp" xml:id="B04364-001-a-3810">with</w>
      <w lemma="de" pos="f-fr" rendition="#hi" xml:id="B04364-001-a-3820">De</w>
      <w lemma="french" pos="j-nn" xml:id="B04364-001-a-3830">FRENCH</w>
      <pc xml:id="B04364-001-a-3840">:</pc>
      <w lemma="he" pos="pns" xml:id="B04364-001-a-3850">He</w>
      <w lemma="can" pos="vmb-x" xml:id="B04364-001-a-3860">cannot</w>
      <w lemma="dance" pos="vvi" xml:id="B04364-001-a-3870">Dance</w>
      <pc xml:id="B04364-001-a-3880">,</pc>
     </l>
     <l xml:id="B04364-e650">
      <w lemma="nor" pos="cc-x" xml:id="B04364-001-a-3890">Nor</w>
      <w lemma="cheat" pos="n1g" xml:id="B04364-001-a-3900">Cheat's</w>
      <w lemma="lord" pos="n1" xml:id="B04364-001-a-3910">Lord</w>
      <pc xml:id="B04364-001-a-3920">,</pc>
      <w lemma="with" pos="acp" xml:id="B04364-001-a-3930">with</w>
      <w lemma="a" pos="d" xml:id="B04364-001-a-3940">a</w>
      <hi xml:id="B04364-e660">
       <w lemma="bonne" pos="f-fr" xml:id="B04364-001-a-3950">Bonne</w>
       <w lemma="sir-reverence" pos="n1" xml:id="B04364-001-a-3960">Sir-Reverence</w>
      </hi>
      <pc rendition="#follows-hi" unit="sentence" xml:id="B04364-001-a-3970">.</pc>
     </l>
    </lg>
    <lg xml:id="B04364-e670">
     <l xml:id="B04364-e680">
      <w lemma="now" pos="av" xml:id="B04364-001-a-3980">Now</w>
      <hi xml:id="B04364-e690">
       <w lemma="wide" pos="j" xml:id="B04364-001-a-3990">wide</w>
       <w lemma="the" pos="d" reg="the" xml:id="B04364-001-a-4000">de</w>
      </hi>
      <w lemma="lady" pos="n2" xml:id="B04364-001-a-4010">Ladies</w>
      <pc xml:id="B04364-001-a-4020">,</pc>
      <w lemma="de" pos="f-fr" rendition="#hi" xml:id="B04364-001-a-4030">de</w>
      <w lemma="woman" pos="n2" xml:id="B04364-001-a-4040">Women</w>
      <w lemma="be" pos="vvb" xml:id="B04364-001-a-4050">are</w>
      <w lemma="as" pos="acp-av" xml:id="B04364-001-a-4060">as</w>
      <w lemma="good" pos="j" xml:id="B04364-001-a-4070">Good</w>
     </l>
     <l xml:id="B04364-e710">
      <w lemma="to" pos="to" xml:id="B04364-001-a-4080">To</w>
      <w lemma="curl" pos="n1" reg="Curl" xml:id="B04364-001-a-4090">Curle</w>
      <w lemma="the" pos="d" reg="the" rendition="#hi" xml:id="B04364-001-a-4100">de</w>
      <w lemma="hair" pos="n1" xml:id="B04364-001-a-4110">Hair</w>
      <pc xml:id="B04364-001-a-4120">,</pc>
      <w lemma="and" pos="cc" xml:id="B04364-001-a-4130">and</w>
      <w lemma="for" pos="acp" xml:id="B04364-001-a-4140">for</w>
      <w lemma="to" pos="to" xml:id="B04364-001-a-4150">to</w>
      <w lemma="set" pos="vvi" xml:id="B04364-001-a-4160">set</w>
      <w lemma="the" pos="d" reg="the" rendition="#hi" xml:id="B04364-001-a-4170">de</w>
      <w lemma="hood" pos="n1" xml:id="B04364-001-a-4180">Hood</w>
      <pc xml:id="B04364-001-a-4190">,</pc>
     </l>
     <l xml:id="B04364-e740">
      <w lemma="as" pos="acp" xml:id="B04364-001-a-4200">As</w>
      <w lemma="any" pos="d" xml:id="B04364-001-a-4210">any</w>
      <w lemma="in" pos="acp" xml:id="B04364-001-a-4220">in</w>
      <hi xml:id="B04364-e750">
       <w lemma="the" pos="d" reg="the" xml:id="B04364-001-a-4230">de</w>
       <w lemma="world" pos="n1" reg="world" xml:id="B04364-001-a-4240">warld</w>
      </hi>
      <pc rendition="#follows-hi" xml:id="B04364-001-a-4250">,</pc>
      <w lemma="der'" pos="vvz" rendition="hi-before-apostr" xml:id="B04364-001-a-4260">der's</w>
      <w lemma="none" pos="pi-x" xml:id="B04364-001-a-4280">none</w>
      <w lemma="do" pos="vvz" xml:id="B04364-001-a-4290">does</w>
      <w lemma="know" pos="vvi" xml:id="B04364-001-a-4300">know</w>
     </l>
     <l xml:id="B04364-e760">
      <w lemma="how" pos="crq" xml:id="B04364-001-a-4310">How</w>
      <w lemma="to" pos="to" xml:id="B04364-001-a-4320">to</w>
      <w lemma="do" pos="vvi" xml:id="B04364-001-a-4330">do</w>
      <w lemma="it" pos="pn" xml:id="B04364-001-a-4340">it</w>
      <w lemma="like" pos="acp" xml:id="B04364-001-a-4350">like</w>
      <hi xml:id="B04364-e770">
       <w lemma="the" pos="d" reg="the" xml:id="B04364-001-a-4360">de</w>
       <w lemma="french" pos="j-nn" xml:id="B04364-001-a-4370">French</w>
      </hi>
      <pc rendition="#follows-hi" xml:id="B04364-001-a-4380">,</pc>
      <w join="right" lemma="it" pos="pn" xml:id="B04364-001-a-4390">'t</w>
      <w join="left" lemma="be" pos="vvz" xml:id="B04364-001-a-4391">is</w>
      <w lemma="we" pos="pns" xml:id="B04364-001-a-4400">we</w>
      <w lemma="that" pos="cs" reg="that" rendition="#hi" xml:id="B04364-001-a-4410">dat</w>
      <w lemma="show" pos="vvb" xml:id="B04364-001-a-4420">show</w>
     </l>
     <l xml:id="B04364-e790">
      <w lemma="de" pos="f-fr" rendition="#hi" xml:id="B04364-001-a-4430">De</w>
      <w lemma="english" pos="j-nn" xml:id="B04364-001-a-4440">ENGLISH</w>
      <w lemma="woman" pos="n1" xml:id="B04364-001-a-4450">Woman</w>
      <pc xml:id="B04364-001-a-4460">:</pc>
      <w lemma="i" pos="pno" xml:id="B04364-001-a-4470">Me</w>
      <w lemma="will" pos="vmb" xml:id="B04364-001-a-4480">will</w>
      <w lemma="tell" pos="vvi" xml:id="B04364-001-a-4490">tell</w>
      <w lemma="you" pos="pn" xml:id="B04364-001-a-4500">you</w>
      <w lemma="what" pos="crq-q" xml:id="B04364-001-a-4510">what</w>
      <pc xml:id="B04364-001-a-4520">,</pc>
     </l>
     <l xml:id="B04364-e810">
      <w lemma="de" pos="f-fr" rendition="#hi" xml:id="B04364-001-a-4530">De</w>
      <w lemma="english" pos="j-nn" xml:id="B04364-001-a-4540">ENGLISH</w>
      <w lemma="woman" pos="n1" xml:id="B04364-001-a-4550">Woman</w>
      <pc xml:id="B04364-001-a-4560">,</pc>
      <w lemma="nothing" pos="pi-x" xml:id="B04364-001-a-4570">nothing</w>
      <w lemma="but" pos="acp" xml:id="B04364-001-a-4580">but</w>
      <w lemma="talk" pos="n1" xml:id="B04364-001-a-4590">talk</w>
      <w lemma="and" pos="cc" xml:id="B04364-001-a-4600">and</w>
      <w lemma="prate" pos="vvi" xml:id="B04364-001-a-4610">prate</w>
      <pc unit="sentence" xml:id="B04364-001-a-4620">.</pc>
     </l>
    </lg>
    <lg xml:id="B04364-e830">
     <l xml:id="B04364-e840">
      <w lemma="i" pos="pno" rendition="#hi" xml:id="B04364-001-a-4630">Me</w>
      <w lemma="tutor" pos="n1" xml:id="B04364-001-a-4640">Tutor</w>
      <w lemma="de" pos="f-fr" rendition="#hi" xml:id="B04364-001-a-4650">de</w>
      <w lemma="infant" pos="n1" xml:id="B04364-001-a-4660">Infant</w>
      <pc xml:id="B04364-001-a-4670">,</pc>
      <w lemma="nay" pos="uh-x" xml:id="B04364-001-a-4680">nay</w>
      <pc xml:id="B04364-001-a-4690">,</pc>
      <w lemma="what" pos="crq-q" xml:id="B04364-001-a-4700">what</w>
      <w lemma="be" pos="vvz" xml:id="B04364-001-a-4710">is</w>
      <w lemma="more" pos="av-c_d" xml:id="B04364-001-a-4720">more</w>
      <pc xml:id="B04364-001-a-4730">,</pc>
     </l>
     <l xml:id="B04364-e870">
      <w lemma="teach" pos="vvb" xml:id="B04364-001-a-4740">Teach</w>
      <w lemma="man" pos="n2" xml:id="B04364-001-a-4750">Men</w>
      <w lemma="to" pos="to" xml:id="B04364-001-a-4760">to</w>
      <w lemma="play" pos="vvi" xml:id="B04364-001-a-4770">play</w>
      <w lemma="the" pos="d" reg="the" rendition="#hi" xml:id="B04364-001-a-4780">de</w>
      <w lemma="rogue" pos="n1" xml:id="B04364-001-a-4790">Rogue</w>
      <pc xml:id="B04364-001-a-4800">,</pc>
      <w lemma="and" pos="cc" xml:id="B04364-001-a-4810">and</w>
      <w lemma="wench" pos="n1" xml:id="B04364-001-a-4820">Wench</w>
      <w lemma="the" pos="d" reg="the" rendition="#hi" xml:id="B04364-001-a-4830">de</w>
      <w lemma="whore" pos="n1" reg="Whore" xml:id="B04364-001-a-4840">VVhore</w>
      <pc xml:id="B04364-001-a-4850">:</pc>
     </l>
     <l xml:id="B04364-e900">
      <w lemma="when" pos="crq" reg="When" xml:id="B04364-001-a-4860">VVhen</w>
      <hi xml:id="B04364-e910">
       <w lemma="that" pos="d" xml:id="B04364-001-a-4870">dat</w>
       <w lemma="i" pos="pno" xml:id="B04364-001-a-4880">Me</w>
      </hi>
      <w lemma="see" pos="vvi" xml:id="B04364-001-a-4890">see</w>
      <w lemma="a" pos="d" xml:id="B04364-001-a-4900">a</w>
      <w lemma="bonne" pos="f-fr" rendition="#hi" xml:id="B04364-001-a-4910">Bonne</w>
      <w lemma="handsome" pos="j" xml:id="B04364-001-a-4920">handsome</w>
      <w lemma="wench" pos="n1" reg="Wench" xml:id="B04364-001-a-4930">VVench</w>
      <pc xml:id="B04364-001-a-4940">,</pc>
     </l>
     <l xml:id="B04364-e930">
      <w lemma="out" pos="av" xml:id="B04364-001-a-4950">Out</w>
      <w lemma="of" pos="acp" xml:id="B04364-001-a-4960">of</w>
      <w lemma="pure" pos="j" xml:id="B04364-001-a-4970">pure</w>
      <w lemma="love" pos="n1" xml:id="B04364-001-a-4980">love</w>
      <pc xml:id="B04364-001-a-4990">,</pc>
      <w lemma="i" pos="pno" xml:id="B04364-001-a-5000">Me</w>
      <w lemma="teach" pos="vvi" xml:id="B04364-001-a-5010">teach</w>
      <w lemma="her" pos="po" xml:id="B04364-001-a-5020">her</w>
      <w lemma="parlour" pos="n1" reg="Parlour" xml:id="B04364-001-a-5030">Parler</w>
      <w lemma="french" pos="j-nn" rendition="#hi" xml:id="B04364-001-a-5040">French</w>
      <pc xml:id="B04364-001-a-5050">:</pc>
     </l>
     <l xml:id="B04364-e950">
      <w lemma="if" pos="cs" xml:id="B04364-001-a-5060">If</w>
      <w lemma="she" pos="pns" xml:id="B04364-001-a-5070">she</w>
      <w lemma="have" pos="vvb" xml:id="B04364-001-a-5080">have</w>
      <w lemma="money" pos="n1" xml:id="B04364-001-a-5090">Money</w>
      <pc xml:id="B04364-001-a-5100">,</pc>
      <w lemma="den" pos="n1" rendition="#hi" xml:id="B04364-001-a-5110">den</w>
      <w lemma="i" pos="pns" xml:id="B04364-001-a-5120">I</w>
      <w lemma="straight" pos="av_j" reg="strait" xml:id="B04364-001-a-5130">straight</w>
      <w lemma="will" pos="vmb" xml:id="B04364-001-a-5140">will</w>
      <w lemma="swear" pos="vvi" xml:id="B04364-001-a-5150">swear</w>
      <pc xml:id="B04364-001-a-5160">,</pc>
     </l>
     <l xml:id="B04364-e970">
      <hi xml:id="B04364-e980">
       <w lemma="de" pos="f-fr" xml:id="B04364-001-a-5170">De</w>
       <w lemma="french" pos="j-nn" xml:id="B04364-001-a-5180">French</w>
      </hi>
      <w lemma="man" pos="n1" xml:id="B04364-001-a-5190">Man</w>
      <w lemma="be" pos="vvz" xml:id="B04364-001-a-5200">is</w>
      <w lemma="in" pos="acp" xml:id="B04364-001-a-5210">in</w>
      <w lemma="love" pos="n1" xml:id="B04364-001-a-5220">Love</w>
      <w lemma="wide" pos="j" rendition="#hi" xml:id="B04364-001-a-5230">wide</w>
      <w lemma="her" pos="po" xml:id="B04364-001-a-5240">her</w>
      <w lemma="begar" pos="uh" rendition="#hi" xml:id="B04364-001-a-5250">Begar</w>
      <pc xml:id="B04364-001-a-5260">:</pc>
     </l>
     <l xml:id="B04364-e1010">
      <w lemma="and" pos="cc" xml:id="B04364-001-a-5270">And</w>
      <w join="right" lemma="it" pos="pn" xml:id="B04364-001-a-5280">'t</w>
      <w join="left" lemma="be" pos="vvz" xml:id="B04364-001-a-5281">is</w>
      <w lemma="the" pos="d" reg="the" rendition="#hi" xml:id="B04364-001-a-5290">de</w>
      <w lemma="best" pos="j-s" xml:id="B04364-001-a-5300">best</w>
      <w lemma="for" pos="acp" xml:id="B04364-001-a-5310">for</w>
      <w lemma="she" pos="pno" xml:id="B04364-001-a-5320">her</w>
      <pc xml:id="B04364-001-a-5330">,</pc>
      <w lemma="do" pos="vvb" xml:id="B04364-001-a-5340">do</w>
      <w lemma="all" pos="d" xml:id="B04364-001-a-5350">all</w>
      <w lemma="she" pos="pns" xml:id="B04364-001-a-5360">she</w>
      <w lemma="can" pos="vmb" xml:id="B04364-001-a-5370">can</w>
      <pc xml:id="B04364-001-a-5380">,</pc>
     </l>
     <l xml:id="B04364-e1030">
      <w lemma="to" pos="to" xml:id="B04364-001-a-5390">To</w>
      <w lemma="marry" pos="uh" xml:id="B04364-001-a-5400">Marry</w>
      <hi xml:id="B04364-e1040">
       <w lemma="de" pos="f-fr" xml:id="B04364-001-a-5410">de</w>
       <w lemma="fur" pos="f-fr" xml:id="B04364-001-a-5420">fur</w>
       <w lemma="bonne" pos="f-fr" xml:id="B04364-001-a-5430">bonne</w>
       <w lemma="french" pos="j-nn" xml:id="B04364-001-a-5440">French</w>
      </hi>
      <w lemma="gentleman" pos="n1" reg="Gentleman" xml:id="B04364-001-a-5450">Gentle-Man</w>
      <pc xml:id="B04364-001-a-5460">:</pc>
     </l>
     <l xml:id="B04364-e1050">
      <w lemma="when" pos="crq" reg="When" xml:id="B04364-001-a-5470">VVhen</w>
      <w lemma="the" pos="d" reg="the" rendition="#hi" xml:id="B04364-001-a-5480">de</w>
      <w lemma="gentleman" pos="n1" reg="Gentleman" xml:id="B04364-001-a-5490">Gentle-Man</w>
      <w lemma="do" pos="vvz" reg="does" xml:id="B04364-001-a-5500">do's</w>
      <hi xml:id="B04364-e1070">
       <w lemma="love" pos="vvi" xml:id="B04364-001-a-5510">love</w>
       <w lemma="the" pos="d" reg="the" xml:id="B04364-001-a-5520">de</w>
      </hi>
      <w lemma="handsome" pos="j" xml:id="B04364-001-a-5530">handsome</w>
      <w lemma="woman" pos="n1" reg="Woman" xml:id="B04364-001-a-5540">VVoman</w>
     </l>
     <l xml:id="B04364-e1080">
      <w lemma="not" pos="xx" xml:id="B04364-001-a-5550">Not</w>
      <w lemma="for" pos="acp" xml:id="B04364-001-a-5560">for</w>
      <w lemma="his" pos="po" xml:id="B04364-001-a-5570">his</w>
      <w lemma="wife" pos="n1" reg="Wife" xml:id="B04364-001-a-5580">VVife</w>
      <pc xml:id="B04364-001-a-5590">,</pc>
      <w lemma="but" pos="acp" xml:id="B04364-001-a-5600">but</w>
      <w lemma="for" pos="acp" xml:id="B04364-001-a-5610">for</w>
      <w lemma="to" pos="to" xml:id="B04364-001-a-5620">to</w>
      <w lemma="make" pos="vvi" xml:id="B04364-001-a-5630">make</w>
      <w lemma="her" pos="po" xml:id="B04364-001-a-5640">her</w>
      <w lemma="common" pos="j" xml:id="B04364-001-a-5650">Common</w>
      <pc xml:id="B04364-001-a-5660">;</pc>
     </l>
     <l xml:id="B04364-e1090">
      <w lemma="then" pos="av" xml:id="B04364-001-a-5670">Then</w>
      <w lemma="i" pos="pno" xml:id="B04364-001-a-5680">Me</w>
      <w lemma="do" pos="vvb" xml:id="B04364-001-a-5690">do</w>
      <w lemma="go" pos="vvi" xml:id="B04364-001-a-5700">go</w>
      <pc xml:id="B04364-001-a-5710">,</pc>
      <w lemma="pretend" pos="vvg" xml:id="B04364-001-a-5720">pretending</w>
      <w lemma="to" pos="to" xml:id="B04364-001-a-5730">to</w>
      <w lemma="sell" pos="vvi" xml:id="B04364-001-a-5740">sell</w>
      <w lemma="lace" pos="n1" xml:id="B04364-001-a-5750">Lace</w>
      <pc xml:id="B04364-001-a-5760">,</pc>
     </l>
     <l xml:id="B04364-e1100">
      <w lemma="and" pos="cc" xml:id="B04364-001-a-5770">And</w>
      <w lemma="in" pos="acp" xml:id="B04364-001-a-5780">in</w>
      <w lemma="a" pos="d" xml:id="B04364-001-a-5790">a</w>
      <w lemma="point" pos="vvb" reg="Point" xml:id="B04364-001-a-5800">Poynt</w>
      <w lemma="i" pos="pns" xml:id="B04364-001-a-5810">I</w>
      <w lemma="oft" pos="av" xml:id="B04364-001-a-5820">oft</w>
      <w lemma="a" pos="d" xml:id="B04364-001-a-5830">a</w>
      <w lemma="letter" pos="n1" xml:id="B04364-001-a-5840">letter</w>
      <w lemma="place" pos="n1" xml:id="B04364-001-a-5850">place</w>
      <pc xml:id="B04364-001-a-5860">,</pc>
     </l>
     <l xml:id="B04364-e1110">
      <w lemma="to" pos="to" xml:id="B04364-001-a-5870">To</w>
      <w lemma="bring" pos="vvi" xml:id="B04364-001-a-5880">bring</w>
      <w lemma="she" pos="pno" xml:id="B04364-001-a-5890">her</w>
      <w lemma="to" pos="acp" xml:id="B04364-001-a-5900">to</w>
      <w lemma="my" pos="po" xml:id="B04364-001-a-5910">my</w>
      <w lemma="bow" pos="n1" xml:id="B04364-001-a-5920">Bow</w>
      <pc xml:id="B04364-001-a-5930">,</pc>
      <w lemma="and" pos="cc" xml:id="B04364-001-a-5940">and</w>
      <w lemma="then" pos="av" xml:id="B04364-001-a-5950">then</w>
      <w lemma="i" pos="pns" xml:id="B04364-001-a-5960">I</w>
      <pc xml:id="B04364-001-a-5970">,</pc>
     </l>
     <l xml:id="B04364-e1120">
      <w lemma="be" pos="vvm" xml:id="B04364-001-a-5980">Am</w>
      <w lemma="feed" pos="vvb" xml:id="B04364-001-a-5990">feed</w>
      <w lemma="by" pos="acp" xml:id="B04364-001-a-6000">by</w>
      <w lemma="both" pos="d" xml:id="B04364-001-a-6010">both</w>
      <w lemma="hand" pos="n2" xml:id="B04364-001-a-6020">hands</w>
      <w lemma="for" pos="acp" xml:id="B04364-001-a-6030">for</w>
      <w lemma="my" pos="po" xml:id="B04364-001-a-6040">my</w>
      <w lemma="bawdry" pos="n1" xml:id="B04364-001-a-6050">Bawdry</w>
      <pc xml:id="B04364-001-a-6060">:</pc>
     </l>
     <l xml:id="B04364-e1130">
      <w lemma="thus" pos="av" xml:id="B04364-001-a-6070">Thus</w>
      <w lemma="we" pos="pns" xml:id="B04364-001-a-6080">we</w>
      <w lemma="help" pos="vvb" xml:id="B04364-001-a-6090">help</w>
      <w lemma="one" pos="pi" xml:id="B04364-001-a-6100">one</w>
      <w lemma="another" pos="d" xml:id="B04364-001-a-6110">another</w>
      <pc xml:id="B04364-001-a-6120">,</pc>
      <w lemma="and" pos="cc" xml:id="B04364-001-a-6130">and</w>
      <w lemma="do" pos="vvb" xml:id="B04364-001-a-6140">do</w>
      <w lemma="displace" pos="vvi" xml:id="B04364-001-a-6150">displace</w>
     </l>
     <l xml:id="B04364-e1140">
      <w lemma="the" pos="d" xml:id="B04364-001-a-6160">The</w>
      <w lemma="english" pos="j-nn" xml:id="B04364-001-a-6170">ENGLISH</w>
      <w lemma="serviture" pos="n2" xml:id="B04364-001-a-6180">Servitures</w>
      <pc xml:id="B04364-001-a-6190">;</pc>
      <w lemma="by" pos="acp" xml:id="B04364-001-a-6200">by</w>
      <w lemma="thus" pos="av" xml:id="B04364-001-a-6210">thus</w>
      <w lemma="disgrace" pos="n1" xml:id="B04364-001-a-6220">disgrace</w>
      <pc xml:id="B04364-001-a-6230">-</pc>
     </l>
     <l xml:id="B04364-e1150">
      <pc xml:id="B04364-001-a-6240">—</pc>
      <w lemma="ing" pos="ab" xml:id="B04364-001-a-6250">Ing</w>
      <w lemma="of" pos="acp" xml:id="B04364-001-a-6260">of</w>
      <w lemma="they" pos="pno" xml:id="B04364-001-a-6270">them</w>
      <pc xml:id="B04364-001-a-6280">,</pc>
      <w lemma="and" pos="cc" xml:id="B04364-001-a-6290">and</w>
      <w lemma="through" pos="acp" xml:id="B04364-001-a-6300">through</w>
      <w lemma="some" pos="d" xml:id="B04364-001-a-6310">some</w>
      <w lemma="elusion" pos="n1" xml:id="B04364-001-a-6320">Elusion</w>
      <pc xml:id="B04364-001-a-6330">,</pc>
     </l>
     <l xml:id="B04364-e1160">
      <w lemma="make" pos="vvb" xml:id="B04364-001-a-6340">Make</w>
      <w lemma="the" pos="d" xml:id="B04364-001-a-6350">the</w>
      <w lemma="french" pos="j-nn" xml:id="B04364-001-a-6360">FRENCH</w>
      <w lemma="happy" pos="j" xml:id="B04364-001-a-6370">happy</w>
      <w lemma="with" pos="acp" xml:id="B04364-001-a-6380">with</w>
      <w lemma="tother" pos="pig_d" reg="tother's" xml:id="B04364-001-a-6390">tothers</w>
      <w lemma="confusion" pos="n1" xml:id="B04364-001-a-6400">Confusion</w>
      <pc unit="sentence" xml:id="B04364-001-a-6410">.</pc>
     </l>
    </lg>
    <lg xml:id="B04364-e1170">
     <l xml:id="B04364-e1180">
      <w lemma="now" pos="av" xml:id="B04364-001-a-6420">Now</w>
      <w lemma="if" pos="cs" xml:id="B04364-001-a-6430">if</w>
      <w lemma="your" pos="po" xml:id="B04364-001-a-6440">Your</w>
      <w lemma="majesty" pos="n1" xml:id="B04364-001-a-6450">Majesty</w>
      <w lemma="will" pos="vmd" xml:id="B04364-001-a-6460">would</w>
      <w lemma="have" pos="vvi" xml:id="B04364-001-a-6470">have</w>
      <w lemma="we" pos="pno" xml:id="B04364-001-a-6480">us</w>
      <w lemma="swear" pos="vvi" xml:id="B04364-001-a-6490">swear</w>
      <pc xml:id="B04364-001-a-6500">,</pc>
     </l>
     <l xml:id="B04364-e1190">
      <w lemma="prescribe" pos="vvb" xml:id="B04364-001-a-6510">Prescribe</w>
      <w lemma="the" pos="d" xml:id="B04364-001-a-6520">the</w>
      <w lemma="oath" pos="n1" xml:id="B04364-001-a-6530">Oath</w>
      <pc xml:id="B04364-001-a-6540">,</pc>
      <w lemma="what" pos="crq-q" xml:id="B04364-001-a-6550">what</w>
      <w join="right" lemma="it" pos="pn" xml:id="B04364-001-a-6560">'t</w>
      <w join="left" lemma="be" pos="vvz" xml:id="B04364-001-a-6561">is</w>
      <pc xml:id="B04364-001-a-6570">,</pc>
      <w lemma="we" pos="pns" xml:id="B04364-001-a-6580">we</w>
      <w lemma="do" pos="vvb" xml:id="B04364-001-a-6590">do</w>
      <w lemma="not" pos="xx" xml:id="B04364-001-a-6600">not</w>
      <w lemma="care" pos="n1" xml:id="B04364-001-a-6610">Care</w>
      <pc xml:id="B04364-001-a-6620">,</pc>
     </l>
     <l xml:id="B04364-e1200">
      <w lemma="so" pos="av" xml:id="B04364-001-a-6630">So</w>
      <w lemma="we" pos="pns" xml:id="B04364-001-a-6640">we</w>
      <w lemma="can" pos="vmb" xml:id="B04364-001-a-6650">can</w>
      <w lemma="still" pos="av" xml:id="B04364-001-a-6660">still</w>
      <w lemma="reside" pos="vvi" xml:id="B04364-001-a-6670">reside</w>
      <w lemma="here" pos="av" xml:id="B04364-001-a-6680">here</w>
      <pc xml:id="B04364-001-a-6690">,</pc>
      <w lemma="rather" pos="av-c" xml:id="B04364-001-a-6700">rather</w>
      <w lemma="than" pos="cs" reg="than" xml:id="B04364-001-a-6710">then</w>
      <w lemma="we" pos="pns" xml:id="B04364-001-a-6720">we</w>
     </l>
     <l xml:id="B04364-e1210">
      <w lemma="shall" pos="vmd" reg="Should" xml:id="B04364-001-a-6730">Shou'd</w>
      <w lemma="now" pos="av" xml:id="B04364-001-a-6740">now</w>
      <w lemma="go" pos="vvi" xml:id="B04364-001-a-6750">go</w>
      <w lemma="home" pos="av_n" xml:id="B04364-001-a-6760">Home</w>
      <pc xml:id="B04364-001-a-6770">,</pc>
      <w join="right" lemma="we" pos="pns" reg="we" xml:id="B04364-001-a-6780">wee</w>
      <w join="left" lemma="will" pos="vmb" reg="'ll" xml:id="B04364-001-a-6781">'l</w>
      <w lemma="forswear" pos="vvi" xml:id="B04364-001-a-6790">forswear</w>
      <w lemma="country" pos="n1" xml:id="B04364-001-a-6800">Country</w>
     </l>
     <l xml:id="B04364-e1220">
      <w lemma="and" pos="cc" xml:id="B04364-001-a-6810">And</w>
      <w lemma="king" pos="n1" xml:id="B04364-001-a-6820">King</w>
      <pc xml:id="B04364-001-a-6830">,</pc>
      <w lemma="and" pos="cc" xml:id="B04364-001-a-6840">and</w>
      <w lemma="all" pos="av_d" xml:id="B04364-001-a-6850">All</w>
      <pc xml:id="B04364-001-a-6860">;</pc>
      <w lemma="for" pos="acp" xml:id="B04364-001-a-6870">For</w>
      <w lemma="here" pos="av" xml:id="B04364-001-a-6880">here</w>
      <w lemma="we" pos="pns" xml:id="B04364-001-a-6890">we</w>
      <w lemma="can" pos="vmb" xml:id="B04364-001-a-6900">can</w>
      <w lemma="invade" pos="vvi" xml:id="B04364-001-a-6910">Invade</w>
     </l>
     <l xml:id="B04364-e1230">
      <w lemma="your" pos="po" xml:id="B04364-001-a-6920">Your</w>
      <w lemma="true" pos="j" xml:id="B04364-001-a-6930">True</w>
      <w lemma="bear" pos="j_vn" xml:id="B04364-001-a-6940">Born</w>
      <w lemma="subject" pos="n2" xml:id="B04364-001-a-6950">Subjects</w>
      <pc xml:id="B04364-001-a-6960">,</pc>
      <w lemma="by" pos="acp" xml:id="B04364-001-a-6970">by</w>
      <w lemma="work" pos="vvg" xml:id="B04364-001-a-6980">working</w>
      <w lemma="on" pos="acp" xml:id="B04364-001-a-6990">on</w>
      <w lemma="the" pos="d" xml:id="B04364-001-a-7000">the</w>
      <w lemma="trade" pos="n1" xml:id="B04364-001-a-7010">Trade</w>
     </l>
     <l xml:id="B04364-e1240">
      <w lemma="for" pos="acp" xml:id="B04364-001-a-7020">For</w>
      <w lemma="which" pos="crq" xml:id="B04364-001-a-7030">which</w>
      <w lemma="they" pos="pns" xml:id="B04364-001-a-7040">they</w>
      <w lemma="serve" pos="vvd" reg="served" xml:id="B04364-001-a-7050">serv'd</w>
      <pc xml:id="B04364-001-a-7060">:</pc>
      <w lemma="shall" pos="vmd" xml:id="B04364-001-a-7070">Should</w>
      <w lemma="they" pos="pns" xml:id="B04364-001-a-7080">they</w>
      <w lemma="do" pos="vvi" xml:id="B04364-001-a-7090">do</w>
      <w lemma="so" pos="av" xml:id="B04364-001-a-7100">so</w>
      <w lemma="in" pos="acp" xml:id="B04364-001-a-7110">in</w>
      <w lemma="france" pos="n1-nn" xml:id="B04364-001-a-7120">FRANCE</w>
     </l>
     <l xml:id="B04364-e1250">
      <w lemma="weed" pos="n1" reg="Weed" xml:id="B04364-001-a-7130">VVe'd</w>
      <w lemma="rather" pos="av" xml:id="B04364-001-a-7140">rather</w>
      <w lemma="hang" pos="vvb" xml:id="B04364-001-a-7150">hang</w>
      <w lemma="they" pos="pno" reg="'em" xml:id="B04364-001-a-7160">'um</w>
      <pc xml:id="B04364-001-a-7170">,</pc>
      <w lemma="then" pos="av" xml:id="B04364-001-a-7180">then</w>
      <w lemma="let" pos="vvb" xml:id="B04364-001-a-7190">let</w>
      <w lemma="they" pos="pno" xml:id="B04364-001-a-7200">them</w>
      <w lemma="advance" pos="vvi" xml:id="B04364-001-a-7210">advance</w>
     </l>
     <l xml:id="B04364-e1260">
      <w lemma="themselves" pos="px" xml:id="B04364-001-a-7220">Themselves</w>
      <w lemma="by" pos="acp" xml:id="B04364-001-a-7230">by</w>
      <w lemma="our" pos="po" xml:id="B04364-001-a-7240">our</w>
      <w lemma="profession" pos="n2" xml:id="B04364-001-a-7250">Professions</w>
      <pc xml:id="B04364-001-a-7260">,</pc>
      <w lemma="let" pos="vvb" xml:id="B04364-001-a-7270">let</w>
      <w lemma="they" pos="pno" xml:id="B04364-001-a-7280">them</w>
      <w lemma="not" pos="xx" xml:id="B04364-001-a-7290">not</w>
      <w lemma="think" pos="vvi" xml:id="B04364-001-a-7300">think</w>
      <pc xml:id="B04364-001-a-7310">,</pc>
     </l>
     <l xml:id="B04364-e1270">
      <w lemma="out" pos="av" xml:id="B04364-001-a-7320">Out</w>
      <w lemma="of" pos="acp" xml:id="B04364-001-a-7330">of</w>
      <w lemma="our" pos="po" xml:id="B04364-001-a-7340">our</w>
      <w lemma="country" pos="n1" xml:id="B04364-001-a-7350">Country</w>
      <pc xml:id="B04364-001-a-7360">,</pc>
      <w lemma="they" pos="pns" xml:id="B04364-001-a-7370">they</w>
      <w lemma="shall" pos="vmb" xml:id="B04364-001-a-7380">shall</w>
      <w lemma="carry" pos="vvi" xml:id="B04364-001-a-7390">carry</w>
      <w lemma="chink" pos="n1" xml:id="B04364-001-a-7400">Chink</w>
      <pc xml:id="B04364-001-a-7410">:</pc>
     </l>
     <l xml:id="B04364-e1280">
      <w lemma="no" pos="uh-x" xml:id="B04364-001-a-7420">No!</w>
      <w join="right" lemma="we" pos="pns" xml:id="B04364-001-a-7430">we</w>
      <w join="left" lemma="be" pos="vvb" xml:id="B04364-001-a-7431">'re</w>
      <w lemma="more" pos="av-c_d" xml:id="B04364-001-a-7440">more</w>
      <w lemma="wise" pos="j" xml:id="B04364-001-a-7450">wise</w>
      <pc xml:id="B04364-001-a-7460">;</pc>
      <w join="right" lemma="we" pos="pns" reg="we" xml:id="B04364-001-a-7470">wee</w>
      <w join="left" lemma="will" pos="vmb" reg="'ll" xml:id="B04364-001-a-7471">'l</w>
      <w lemma="first" pos="ord" xml:id="B04364-001-a-7480">first</w>
      <w lemma="let" pos="vvi" xml:id="B04364-001-a-7490">let</w>
      <w lemma="they" pos="pno" xml:id="B04364-001-a-7500">them</w>
      <w lemma="know" pos="vvi" xml:id="B04364-001-a-7510">know</w>
      <pc xml:id="B04364-001-a-7520">,</pc>
     </l>
     <l xml:id="B04364-e1290">
      <w lemma="what" pos="crq-q" reg="What" xml:id="B04364-001-a-7530">VVhat</w>
      <w lemma="peril" pos="n1" reg="peril" xml:id="B04364-001-a-7540">perill</w>
      <w join="right" lemma="it" pos="pn" xml:id="B04364-001-a-7550">'t</w>
      <w join="left" lemma="be" pos="vvz" xml:id="B04364-001-a-7551">is</w>
      <pc xml:id="B04364-001-a-7560">,</pc>
      <w lemma="the" pos="d" xml:id="B04364-001-a-7570">the</w>
      <w lemma="french" pos="j-nn" xml:id="B04364-001-a-7580">FRENCH</w>
      <w lemma="do" pos="vvz" reg="does" xml:id="B04364-001-a-7590">do's</w>
      <w lemma="undergo" pos="vvi" xml:id="B04364-001-a-7600">undergo</w>
     </l>
     <l xml:id="B04364-e1300">
      <w lemma="at" pos="acp" xml:id="B04364-001-a-7610">At</w>
      <w lemma="home" pos="av_n" xml:id="B04364-001-a-7620">Home</w>
      <pc xml:id="B04364-001-a-7630">:</pc>
      <w lemma="but" pos="acp" xml:id="B04364-001-a-7640">But</w>
      <w lemma="yet" pos="av" xml:id="B04364-001-a-7650">yet</w>
      <w lemma="in" pos="acp" xml:id="B04364-001-a-7660">in</w>
      <w lemma="ENGLAND" pos="n1-nn" xml:id="B04364-001-a-7670">ENGLAND</w>
      <w lemma="here" pos="av" xml:id="B04364-001-a-7680">here</w>
     </l>
     <l xml:id="B04364-e1310">
      <w lemma="above" pos="acp" xml:id="B04364-001-a-7690">'Bove</w>
      <w lemma="englishman" pos="n2-nn" reg="ENGLISHMEN" xml:id="B04364-001-a-7700">ENGLISH-MEN</w>
      <pc xml:id="B04364-001-a-7710">,</pc>
      <w join="right" lemma="it" pos="pn" xml:id="B04364-001-a-7720">'t</w>
      <w join="left" lemma="be" pos="vvz" xml:id="B04364-001-a-7721">is</w>
      <w lemma="know" pos="vvn" xml:id="B04364-001-a-7730">known</w>
      <w lemma="we" pos="pns" xml:id="B04364-001-a-7740">we</w>
      <w lemma="domineer" pos="vvi" reg="Domineer" xml:id="B04364-001-a-7750">Domineere</w>
      <pc xml:id="B04364-001-a-7760">,</pc>
     </l>
     <l xml:id="B04364-e1320">
      <w lemma="and" pos="cc" xml:id="B04364-001-a-7770">And</w>
      <w lemma="shall" pos="vmb" xml:id="B04364-001-a-7780">shall</w>
      <w lemma="do" pos="vvi" xml:id="B04364-001-a-7790">do</w>
      <w lemma="still" pos="av" xml:id="B04364-001-a-7800">still</w>
      <pc xml:id="B04364-001-a-7810">;</pc>
      <w lemma="unless" pos="cs" xml:id="B04364-001-a-7820">Unless</w>
      <w lemma="your" pos="po" xml:id="B04364-001-a-7830">Your</w>
      <w lemma="majesty" pos="n1" reg="Majesty" xml:id="B04364-001-a-7840">Majestie</w>
      <pc xml:id="B04364-001-a-7850">,</pc>
     </l>
     <l xml:id="B04364-e1330">
      <w lemma="prescribe" pos="vvb" xml:id="B04364-001-a-7860">Prescribe</w>
      <w lemma="to" pos="acp" xml:id="B04364-001-a-7870">to</w>
      <w lemma="we" pos="pno" xml:id="B04364-001-a-7880">us</w>
      <w lemma="a" pos="d" xml:id="B04364-001-a-7890">a</w>
      <w lemma="day" pos="n1" xml:id="B04364-001-a-7900">Day</w>
      <w lemma="of" pos="acp" xml:id="B04364-001-a-7910">of</w>
      <w lemma="jubilee" pos="n1" reg="Jubilee" xml:id="B04364-001-a-7920">Jubilie</w>
      <pc xml:id="B04364-001-a-7930">:</pc>
     </l>
    </lg>
    <lg xml:id="B04364-e1340">
     <l xml:id="B04364-e1350">
      <w lemma="for" pos="acp" xml:id="B04364-001-a-7940">For</w>
      <w lemma="we" pos="pns" xml:id="B04364-001-a-7950">we</w>
      <w lemma="to" pos="acp" xml:id="B04364-001-a-7960">to</w>
      <w lemma="one" pos="crd" xml:id="B04364-001-a-7970">one</w>
      <w lemma="another" pos="d" xml:id="B04364-001-a-7980">another</w>
      <w lemma="be" pos="vvb" xml:id="B04364-001-a-7990">are</w>
      <w lemma="good-willers" pos="j" reg="Good-willers" xml:id="B04364-001-a-8000">Good-VVillers</w>
      <pc xml:id="B04364-001-a-8010">,</pc>
     </l>
     <l xml:id="B04364-e1360">
      <w lemma="and" pos="cc" xml:id="B04364-001-a-8020">And</w>
      <w lemma="in" pos="acp" xml:id="B04364-001-a-8030">in</w>
      <w lemma="your" pos="po" xml:id="B04364-001-a-8040">Your</w>
      <w lemma="land" pos="n1" xml:id="B04364-001-a-8050">Land</w>
      <w lemma="egyptian" pos="j-nn" reg="Egyptian" rendition="#hi" xml:id="B04364-001-a-8060">AEgyptian</w>
      <w lemma="caterpillar" pos="n2" reg="Caterpillars" xml:id="B04364-001-a-8070">Caterpillers</w>
      <pc unit="sentence" xml:id="B04364-001-a-8080">.</pc>
     </l>
    </lg>
    <closer xml:id="B04364-e1380">
     <signed xml:id="B04364-e1390">
      <hi xml:id="B04364-e1400">
       <w lemma="Robert" pos="n1-nn" xml:id="B04364-001-a-8090">Robert</w>
       <w lemma="miller" pos="n1" xml:id="B04364-001-a-8100">Miller</w>
      </hi>
      <pc rendition="#follows-hi" xml:id="B04364-001-a-8110">,</pc>
      <w lemma="m." pos="ab" xml:id="B04364-001-a-8120">M.</w>
      <w lemma="d." pos="ab" xml:id="B04364-001-a-8130">D.</w>
      <pc unit="sentence" xml:id="B04364-001-a-8140"/>
     </signed>
    </closer>
   </div>
  </body>
  <back xml:id="B04364-e1410">
   <div type="colophon" xml:id="B04364-e1420">
    <p xml:id="B04364-e1430">
     <w lemma="LONDON" pos="n1-nn" rendition="#hi" xml:id="B04364-001-a-8150">LONDON</w>
     <pc xml:id="B04364-001-a-8160">,</pc>
     <w lemma="print" pos="vvn" xml:id="B04364-001-a-8170">Printed</w>
     <w lemma="in" pos="acp" xml:id="B04364-001-a-8180">in</w>
     <w lemma="the" pos="d" xml:id="B04364-001-a-8190">the</w>
     <w lemma="year" pos="n1" xml:id="B04364-001-a-8200">Year</w>
     <pc xml:id="B04364-001-a-8210">,</pc>
     <w lemma="1666." pos="crd" xml:id="B04364-001-a-8220">1666.</w>
     <pc unit="sentence" xml:id="B04364-001-a-8230"/>
    </p>
   </div>
  </back>
 </text>
</TEI>
