<?xml version="1.0" encoding="UTF-8"?>
<?xml-model href="http://schemata.earlyprint.org/schemata/tei_earlyprint.rng" type="application/xml" schematypens="http://relaxng.org/ns/structure/1.0"?>
<TEI xmlns="http://www.tei-c.org/ns/1.0" xml:id="B04338">
 <teiHeader>
  <fileDesc>
   <titleStmt>
    <title>A memorial on the death of that faithful servant of Jesus Christ, Nathanael Strange, who for his loyalty to his lord the King, ran through many jeopardies and dangers; chearfully and constantly witnessing to his princely authority over all nations; and in full confidence of Christs coming, and his glorious reign on earth, rested from all his labours, Rev. 14. 13. the fourth day for the eighth month, 1665.</title>
   </titleStmt>
   <editionStmt>
    <edition>This text is an enriched version of the TCP digital transcription B04338 of text R221105 in the <ref target="http;//estc.bl.uk">English Short Title Catalog</ref> (Wing M1694). Textual changes  and metadata enrichments aim at making the                             text more  computationally tractable, easier to read, and suitable for network-based collaborative                              curation by amateur and professional end users from many walks of life.  The text has been tokenized and linguistically annotated with <ref target="http://morphadorner.northwestern.edu/morphadorner/">MorphAdorner</ref>. The annotation includes standard spellings that support the display of a text in                             a standardized format that preserves archaic forms ('loveth', 'seekest').                              Textual changes aim at restoring the text the author or stationer meant to publish.</edition>
    <respStmt>
     <resp>This text has not been fully proofread</resp>
     <name/>
    </respStmt>
   </editionStmt>
   <extent>Approx. 6 KB of XML-encoded text transcribed from 1 1-bit group-IV TIFF page image.</extent>
   <publicationStmt>
    <publisher>EarlyPrint Project</publisher>
    <pubPlace>Evanston,IL, Notre Dame, IN, St. Louis, MO</pubPlace>
    <date>2018</date>
    <idno type="DLPS">B04338</idno>
    <idno type="STC">Wing M1694</idno>
    <idno type="STC">Interim Tract Supplement Guide C.20.f.3[149]</idno>
    <idno type="EEBO-CITATION">99885224</idno>
    <idno type="PROQUEST">ocm99885224</idno>
    <idno type="VID">182633</idno>
    <availability>
     <p>
            This keyboarded and encoded edition of the work described above is co-owned by the institutions providing financial support to the Early English Books Online Text Creation Partnership. This Phase I text is available for reuse, according to the terms of
            <ref target="https://creativecommons.org/publicdomain/zero/1.0/">Creative Commons 0 1.0 Universal</ref>
            . The text can be copied, modified, distributed and performed, even for commercial purposes, all without asking permission.
          </p>
    </availability>
   </publicationStmt>
   <seriesStmt>
    <title>Early English books online.</title>
   </seriesStmt>
   <notesStmt>
    <note>(EEBO-TCP ; phase 1, no. B04338)</note>
    <note>Transcribed from: (Early English Books Online ; image set 182633)</note>
    <note>Images scanned from microfilm: (Early English books; Tract supplement ; A4:1[149])</note>
   </notesStmt>
   <sourceDesc>
    <biblFull>
     <titleStmt>
      <title>A memorial on the death of that faithful servant of Jesus Christ, Nathanael Strange, who for his loyalty to his lord the King, ran through many jeopardies and dangers; chearfully and constantly witnessing to his princely authority over all nations; and in full confidence of Christs coming, and his glorious reign on earth, rested from all his labours, Rev. 14. 13. the fourth day for the eighth month, 1665.</title>
     </titleStmt>
     <extent>1 sheet ([1] p.).</extent>
     <publicationStmt>
      <publisher>[s.n.],</publisher>
      <pubPlace>London, :</pubPlace>
      <date>Printed in the year, 1666.</date>
     </publicationStmt>
     <notesStmt>
      <note>Verse: "New griefs, new sorrows now are come, now Strange from hence ..."</note>
      <note>Reproduction of original in the British Library.</note>
     </notesStmt>
    </biblFull>
   </sourceDesc>
  </fileDesc>
  <profileDesc>
   <langUsage>
    <language ident="eng">eng</language>
   </langUsage>
   <textClass>
    <keywords scheme="http://authorities.loc.gov/">
     <term>Strange, Nathanael, d. 1665 -- Poetry -- Early works to 1800.</term>
     <term>Elegiac poetry, English -- 17th century.</term>
    </keywords>
   </textClass>
  </profileDesc>
  <xenoData>
   <ep:epHeader xmlns:ep="http://earlyprint.org/ns/1.0">
    <ep:corpus>eebo</ep:corpus>
    <ep:title>A memorial on the death of that faithful servant of Jesus Christ, Nathanael Strange, who for his loyalty to his lord the King, ran through many jeopar</ep:title>
    <ep:author>anon </ep:author>
    <ep:publicationYear>1666</ep:publicationYear>
    <ep:creationYear/>
    <ep:curator>
     <ep:name/>
    </ep:curator>
    <ep:pageCount>1</ep:pageCount>
    <ep:wordCount>921</ep:wordCount>
    <ep:defectiveTokenCount>0</ep:defectiveTokenCount>
    <ep:untranscribedForeignCount>0</ep:untranscribedForeignCount>
    <ep:untranscribedMathCount>0</ep:untranscribedMathCount>
    <ep:untranscribedMusicCount>0</ep:untranscribedMusicCount>
    <ep:missingChunkCount>0</ep:missingChunkCount>
    <ep:missingPagesCount>0</ep:missingPagesCount>
    <ep:defectRate>0</ep:defectRate>
    <ep:finalGrade>A</ep:finalGrade>
    <ep:defectRangePerGrade>This text  has no known defects that were recorded as gap elements at the time of transcription. </ep:defectRangePerGrade>
   </ep:epHeader>
  </xenoData>
  <revisionDesc>
   <change><date>2008-04</date><label>TCP</label>
        Assigned for keying and markup
      </change>
   <change><date>2008-08</date><label>SPi Global</label>
        Keyed and coded from ProQuest page images
      </change>
   <change><date>2008-10</date><label>Megan Marion</label>
        Sampled and proofread
      </change>
   <change><date>2008-10</date><label>Megan Marion</label>
        Text and markup reviewed and edited
      </change>
   <change><date>2009-02</date><label>pfs</label>
        Batch review (QC) and XML conversion
      </change>
  </revisionDesc>
 </teiHeader>
 <text xml:id="B04338-t">
  <body xml:id="B04338-e0">
   <div type="epitaph" xml:id="B04338-e10">
    <pb facs="tcp:182633:1" rendition="simple:additions" xml:id="B04338-001-a"/>
    <head xml:id="B04338-e20">
     <w lemma="a" pos="sy" xml:id="B04338-001-a-0010">A</w>
     <w lemma="memorial" pos="n1_j" xml:id="B04338-001-a-0020">MEMORIAL</w>
     <w lemma="on" pos="acp" xml:id="B04338-001-a-0030">on</w>
     <w lemma="the" pos="d" xml:id="B04338-001-a-0040">the</w>
     <w lemma="death" pos="n1" xml:id="B04338-001-a-0050">Death</w>
     <w lemma="of" pos="acp" xml:id="B04338-001-a-0060">of</w>
     <w lemma="that" pos="d" xml:id="B04338-001-a-0070">that</w>
     <w lemma="faithful" pos="j" xml:id="B04338-001-a-0080">faithful</w>
     <w lemma="servant" pos="n1" xml:id="B04338-001-a-0090">Servant</w>
     <w lemma="of" pos="acp" xml:id="B04338-001-a-0100">of</w>
     <w lemma="Jesus" pos="n1-nn" xml:id="B04338-001-a-0110">Jesus</w>
     <w lemma="Christ" pos="n1-nn" xml:id="B04338-001-a-0120">Christ</w>
     <pc xml:id="B04338-001-a-0130">,</pc>
     <w lemma="NATHANAEL" pos="n1-nn" xml:id="B04338-001-a-0140">NATHANAEL</w>
     <w lemma="strange" pos="j" xml:id="B04338-001-a-0150">STRANGE</w>
     <pc xml:id="B04338-001-a-0160">,</pc>
    </head>
    <p xml:id="B04338-e30">
     <ref corresp="B04338-e40-b" target="B04338-e40-b" xml:id="B04338-e40-a"/>
     <note corresp="B04338-e40-a" place="margin" xml:id="B04338-e40-b">
      <w lemma="pro." pos="ab" rendition="#hi" xml:id="B04338-001-a-0170">Pro.</w>
      <w lemma="10.7" pos="crd" xml:id="B04338-001-a-0180">10.7</w>
      <w lemma="mat." pos="ab" rendition="#hi" xml:id="B04338-001-a-0200">Mat.</w>
      <w lemma="26.13" pos="crd" xml:id="B04338-001-a-0210">26.13</w>
      <pc unit="sentence" xml:id="B04338-001-a-0220"/>
     </note>
     <ref corresp="B04338-e70-b" target="B04338-e70-b" xml:id="B04338-e70-a"/>
     <note corresp="B04338-e70-a" place="margin" xml:id="B04338-e70-b">
      <w lemma="es" pos="f-ge" rendition="#hi" xml:id="B04338-001-a-0230">Es</w>
      <pc unit="sentence" xml:id="B04338-001-a-0240">.</pc>
      <w lemma="57.2" pos="crd" xml:id="B04338-001-a-0250">57.2</w>
      <w lemma="rev." pos="ab" rendition="#hi" xml:id="B04338-001-a-0260">Rev.</w>
      <w lemma="17.14" pos="crd" xml:id="B04338-001-a-0270">17.14</w>
      <pc unit="sentence" xml:id="B04338-001-a-0280"/>
     </note>
     <w lemma="who" pos="crq" xml:id="B04338-001-a-0290">Who</w>
     <w lemma="for" pos="acp" xml:id="B04338-001-a-0300">for</w>
     <w lemma="his" pos="po" xml:id="B04338-001-a-0310">his</w>
     <w lemma="loyalty" pos="n1" rendition="#hi" xml:id="B04338-001-a-0320">Loyalty</w>
     <w lemma="to" pos="acp" xml:id="B04338-001-a-0330">to</w>
     <w lemma="his" pos="po" xml:id="B04338-001-a-0340">his</w>
     <w lemma="lord" pos="n1" xml:id="B04338-001-a-0350">Lord</w>
     <w lemma="the" pos="d" xml:id="B04338-001-a-0360">the</w>
     <w lemma="king" pos="n1" xml:id="B04338-001-a-0370">King</w>
     <pc xml:id="B04338-001-a-0380">,</pc>
     <w lemma="run" pos="vvd" xml:id="B04338-001-a-0390">ran</w>
     <w lemma="through" pos="acp" xml:id="B04338-001-a-0400">through</w>
     <w lemma="many" pos="d" xml:id="B04338-001-a-0410">many</w>
     <w lemma="Jeopardies" pos="n1-nn" xml:id="B04338-001-a-0420">Jeopardies</w>
     <w lemma="and" pos="cc" xml:id="B04338-001-a-0430">and</w>
     <w lemma="danger" pos="n2" xml:id="B04338-001-a-0440">Dangers</w>
     <pc xml:id="B04338-001-a-0450">;</pc>
     <ref corresp="B04338-e110-b" target="B04338-e110-b" xml:id="B04338-e110-a"/>
     <note corresp="B04338-e110-a" place="margin" xml:id="B04338-e110-b">
      <w lemma="isa" pos="ab" rendition="#hi" xml:id="B04338-001-a-0460">Isa.</w>
      <w lemma="26.13" pos="crd" xml:id="B04338-001-a-0480">26.13</w>
      <pc unit="sentence" xml:id="B04338-001-a-0490">.</pc>
      <w lemma="est" pos="f-la" rendition="#hi" xml:id="B04338-001-a-0500">Est</w>
      <pc unit="sentence" xml:id="B04338-001-a-0510">.</pc>
      <w lemma="3.8" pos="crd" xml:id="B04338-001-a-0520">3.8</w>
      <pc unit="sentence" xml:id="B04338-001-a-0530">.</pc>
      <hi xml:id="B04338-e140">
       <w lemma="1" pos="crd" xml:id="B04338-001-a-0540">1</w>
       <w lemma="Chron." pos="ab" xml:id="B04338-001-a-0550">Chron.</w>
      </hi>
      <w lemma="11" pos="crd" xml:id="B04338-001-a-0560">11</w>
      <pc xml:id="B04338-001-a-0570">,</pc>
      <w lemma="19" pos="crd" xml:id="B04338-001-a-0580">19</w>
      <w lemma="neb." pos="ab" rendition="#hi" xml:id="B04338-001-a-0590">Neb.</w>
      <w lemma="6.2" pos="crd" xml:id="B04338-001-a-0600">6.2</w>
      <pc xml:id="B04338-001-a-0610">,</pc>
      <w lemma="11." pos="crd" xml:id="B04338-001-a-0620">11.</w>
      <pc unit="sentence" xml:id="B04338-001-a-0630"/>
      <w lemma="num" pos="f-la" rendition="#hi" xml:id="B04338-001-a-0640">Num</w>
      <w lemma="23.21" pos="crd" xml:id="B04338-001-a-0650">23.21</w>
      <pc xml:id="B04338-001-a-0660">,</pc>
      <w lemma="23" pos="crd" xml:id="B04338-001-a-0670">23</w>
      <w lemma="numb" pos="j" rendition="#hi" xml:id="B04338-001-a-0680">Numb</w>
      <pc unit="sentence" xml:id="B04338-001-a-0690">.</pc>
      <w lemma="24.7" pos="crd" xml:id="B04338-001-a-0700">24.7</w>
      <pc unit="sentence" xml:id="B04338-001-a-0710">.</pc>
      <w lemma="Luke" pos="n1-nn" rendition="#hi" xml:id="B04338-001-a-0720">Luke</w>
      <w lemma="1.32" pos="crd" xml:id="B04338-001-a-0730">1.32</w>
      <w lemma="Heb." pos="ab" rendition="#hi" xml:id="B04338-001-a-0750">Heb.</w>
      <w lemma="10.37" pos="crd" xml:id="B04338-001-a-0760">10.37</w>
      <pc unit="sentence" xml:id="B04338-001-a-0770">.</pc>
     </note>
     <w lemma="cheerful" pos="av_j" reg="Cheerfully" xml:id="B04338-001-a-0780">Chearfully</w>
     <w lemma="and" pos="cc" xml:id="B04338-001-a-0790">and</w>
     <w lemma="constant" pos="av_j" xml:id="B04338-001-a-0800">constantly</w>
     <w lemma="witness" pos="vvg" rendition="#hi" xml:id="B04338-001-a-0810">Witnessing</w>
     <w lemma="to" pos="acp" xml:id="B04338-001-a-0820">to</w>
     <w lemma="his" pos="po" xml:id="B04338-001-a-0830">his</w>
     <hi xml:id="B04338-e210">
      <w lemma="princely" pos="j" xml:id="B04338-001-a-0840">Princely</w>
      <w lemma="authority" pos="n1" xml:id="B04338-001-a-0850">Authority</w>
     </hi>
     <w lemma="over" pos="acp" xml:id="B04338-001-a-0860">over</w>
     <hi xml:id="B04338-e220">
      <w lemma="all" pos="d" xml:id="B04338-001-a-0870">All</w>
      <w lemma="nation" pos="n2" xml:id="B04338-001-a-0880">Nations</w>
     </hi>
     <pc rendition="#follows-hi" xml:id="B04338-001-a-0890">;</pc>
     <ref corresp="B04338-e230-b" target="B04338-e230-b" xml:id="B04338-e230-a"/>
     <note corresp="B04338-e230-a" place="margin" xml:id="B04338-e230-b">
      <w lemma="rom." pos="ab" rendition="#hi" xml:id="B04338-001-a-0900">Rom.</w>
      <w lemma="6.16" pos="crd" xml:id="B04338-001-a-0910">6.16</w>
      <pc unit="sentence" xml:id="B04338-001-a-0920">.</pc>
      <w lemma="psa" pos="f-la" rendition="#hi" xml:id="B04338-001-a-0930">Psa</w>
      <pc unit="sentence" xml:id="B04338-001-a-0940">.</pc>
      <w lemma="119.32" pos="crd" xml:id="B04338-001-a-0950">119.32</w>
      <w lemma="Psa" pos="n1-nn" rendition="#hi" xml:id="B04338-001-a-0960">Psa</w>
      <pc unit="sentence" xml:id="B04338-001-a-0970">.</pc>
      <w lemma="134.1" pos="crd" xml:id="B04338-001-a-0980">134.1</w>
      <pc unit="sentence" xml:id="B04338-001-a-0990">.</pc>
      <hi xml:id="B04338-e270">
       <w lemma="2" pos="crd" xml:id="B04338-001-a-1000">2</w>
       <w lemma="cor." pos="ab" xml:id="B04338-001-a-1010">Cor.</w>
      </hi>
      <w lemma="6.5" pos="crd" xml:id="B04338-001-a-1020">6.5</w>
      <w lemma="act." pos="ab" rendition="#hi" xml:id="B04338-001-a-1040">Act.</w>
      <w lemma="5.31" pos="crd" xml:id="B04338-001-a-1050">5.31</w>
      <pc xml:id="B04338-001-a-1060">,</pc>
      <w lemma="32." pos="crd" xml:id="B04338-001-a-1070">32.</w>
      <pc unit="sentence" xml:id="B04338-001-a-1080"/>
      <w lemma="&amp;" pos="cc" xml:id="B04338-001-a-1090">&amp;</w>
      <w lemma="26." pos="crd" xml:id="B04338-001-a-1100">26.</w>
      <w lemma="16" pos="crd" xml:id="B04338-001-a-1110">16</w>
      <pc xml:id="B04338-001-a-1120">,</pc>
      <w lemma="22." pos="crd" xml:id="B04338-001-a-1130">22.</w>
      <w lemma="pro." pos="ab" rendition="#hi" xml:id="B04338-001-a-1150">Pro.</w>
      <w lemma="14.32" pos="crd" xml:id="B04338-001-a-1160">14.32</w>
      <w lemma="gen." pos="ab" rendition="#hi" xml:id="B04338-001-a-1180">Gen.</w>
      <w lemma="50.24" pos="crd" xml:id="B04338-001-a-1190">50.24</w>
      <w lemma="psal" pos="ab" rendition="#hi" xml:id="B04338-001-a-1210">Psal.</w>
      <w lemma="72." pos="crd" xml:id="B04338-001-a-1230">72.</w>
      <w lemma="Zech." pos="ab" rendition="#hi" xml:id="B04338-001-a-1250">Zech.</w>
      <w lemma="9.10" pos="crd" xml:id="B04338-001-a-1260">9.10</w>
      <pc unit="sentence" xml:id="B04338-001-a-1270">.</pc>
      <w lemma="psa" pos="f-la" rendition="#hi" xml:id="B04338-001-a-1280">Psa</w>
      <w lemma="110" pos="crd" xml:id="B04338-001-a-1290">110</w>
      <w lemma="5,6" pos="crd" xml:id="B04338-001-a-1300">5,6</w>
      <pc unit="sentence" xml:id="B04338-001-a-1310">.</pc>
     </note>
     <w lemma="and" pos="cc" xml:id="B04338-001-a-1320">and</w>
     <w lemma="in" pos="acp" xml:id="B04338-001-a-1330">in</w>
     <w lemma="full" pos="j" xml:id="B04338-001-a-1340">full</w>
     <w lemma="confidence" pos="n1" xml:id="B04338-001-a-1350">confidence</w>
     <w lemma="of" pos="acp" xml:id="B04338-001-a-1360">of</w>
     <hi xml:id="B04338-e340">
      <w lemma="Christ" pos="n1g-nn" reg="Christ's" xml:id="B04338-001-a-1370">Christs</w>
      <w lemma="come" pos="vvg" xml:id="B04338-001-a-1380">Coming</w>
     </hi>
     <pc rendition="#follows-hi" xml:id="B04338-001-a-1390">,</pc>
     <w lemma="and" pos="cc" xml:id="B04338-001-a-1400">and</w>
     <w lemma="his" pos="po" xml:id="B04338-001-a-1410">his</w>
     <hi xml:id="B04338-e350">
      <w lemma="glorious" pos="j" xml:id="B04338-001-a-1420">Glorious</w>
      <w lemma="reign" pos="n1" xml:id="B04338-001-a-1430">Reign</w>
      <w lemma="on" pos="acp" xml:id="B04338-001-a-1440">on</w>
      <w lemma="earth" pos="n1" xml:id="B04338-001-a-1450">Earth</w>
     </hi>
     <pc rendition="#follows-hi" xml:id="B04338-001-a-1460">,</pc>
     <ref corresp="B04338-e360-b" target="B04338-e360-b" xml:id="B04338-e360-a"/>
     <note corresp="B04338-e360-a" place="margin" xml:id="B04338-e360-b">
      <w lemma="jer." pos="ab" rendition="#hi" xml:id="B04338-001-a-1470">Jer.</w>
      <w lemma="23.5" pos="crd" xml:id="B04338-001-a-1480">23.5</w>
      <w lemma="isa" pos="ab" rendition="#hi" xml:id="B04338-001-a-1500">Isa.</w>
      <w lemma="32.1" pos="crd" xml:id="B04338-001-a-1520">32.1</w>
      <pc unit="sentence" xml:id="B04338-001-a-1530">.</pc>
      <w lemma="&amp;" pos="cc" xml:id="B04338-001-a-1540">&amp;</w>
      <w lemma="24.23" pos="crd" xml:id="B04338-001-a-1550">24.23</w>
      <w lemma="rev." pos="ab" rendition="#hi" xml:id="B04338-001-a-1570">Rev.</w>
      <w lemma="11.7" pos="crd" xml:id="B04338-001-a-1580">11.7</w>
      <pc unit="sentence" xml:id="B04338-001-a-1590">.</pc>
     </note>
     <w lemma="rest" pos="vvn" xml:id="B04338-001-a-1600">rested</w>
     <w lemma="from" pos="acp" xml:id="B04338-001-a-1610">from</w>
     <w lemma="all" pos="d" xml:id="B04338-001-a-1620">all</w>
     <w lemma="his" pos="po" xml:id="B04338-001-a-1630">his</w>
     <w lemma="labour" pos="n2" xml:id="B04338-001-a-1640">Labours</w>
     <pc xml:id="B04338-001-a-1650">,</pc>
     <w lemma="rev." pos="ab" rendition="#hi" xml:id="B04338-001-a-1660">Rev.</w>
     <w lemma="14.13" pos="crd" xml:id="B04338-001-a-1670">14.13</w>
     <pc xml:id="B04338-001-a-1680">.</pc>
     <w lemma="the" pos="d" xml:id="B04338-001-a-1690">the</w>
     <w lemma="four" pos="ord" xml:id="B04338-001-a-1700">fourth</w>
     <w lemma="day" pos="n1" xml:id="B04338-001-a-1710">day</w>
     <w lemma="of" pos="acp" xml:id="B04338-001-a-1720">of</w>
     <w lemma="the" pos="d" xml:id="B04338-001-a-1730">the</w>
     <w lemma="eight" pos="ord" xml:id="B04338-001-a-1740">eighth</w>
     <w lemma="month" pos="n1" xml:id="B04338-001-a-1750">Month</w>
     <pc xml:id="B04338-001-a-1760">,</pc>
     <w lemma="1665." pos="crd" xml:id="B04338-001-a-1770">1665.</w>
     <pc unit="sentence" xml:id="B04338-001-a-1780"/>
    </p>
   </div>
   <div type="poem" xml:id="B04338-e410">
    <head xml:id="B04338-e420">
     <w lemma="a" pos="d" xml:id="B04338-001-a-1790">An</w>
     <w lemma="acrostic" pos="n1" reg="Acrostic" xml:id="B04338-001-a-1800">Acrostick</w>
     <pc unit="sentence" xml:id="B04338-001-a-1810">.</pc>
    </head>
    <lg xml:id="B04338-e430">
     <l xml:id="B04338-e440">
      <hi xml:id="B04338-e450"/>
      <w lemma="new" pos="j" rendition="#hi-left,1" xml:id="B04338-001-a-1820">NEw</w>
      <w lemma="grief" pos="n2" xml:id="B04338-001-a-1840">Griefs</w>
      <pc xml:id="B04338-001-a-1850">,</pc>
      <w lemma="new" pos="j" xml:id="B04338-001-a-1860">new</w>
      <w lemma="sorrow" pos="n2" xml:id="B04338-001-a-1870">Sorrows</w>
      <w lemma="now" pos="av" xml:id="B04338-001-a-1880">now</w>
      <w lemma="be" pos="vvb" xml:id="B04338-001-a-1890">are</w>
      <w lemma="come" pos="vvn" xml:id="B04338-001-a-1900">come</w>
      <pc xml:id="B04338-001-a-1910">,</pc>
      <w lemma="now" pos="av" xml:id="B04338-001-a-1920">now</w>
      <w lemma="strange" pos="j" rendition="#hi" xml:id="B04338-001-a-1930">Strange</w>
      <w lemma="from" pos="acp" xml:id="B04338-001-a-1940">from</w>
      <w lemma="hence" pos="av" xml:id="B04338-001-a-1950">hence</w>
      <w lemma="be" pos="vvz" xml:id="B04338-001-a-1960">is</w>
      <w lemma="fly" pos="vvn" xml:id="B04338-001-a-1970">flown</w>
     </l>
     <l xml:id="B04338-e470">
      <hi xml:id="B04338-e480"/>
      <w lemma="away" pos="av" rendition="#hi-left,1" xml:id="B04338-001-a-1980">Away</w>
      <w lemma="from" pos="acp" xml:id="B04338-001-a-2000">from</w>
      <w lemma="we" pos="pno" xml:id="B04338-001-a-2010">us</w>
      <pc xml:id="B04338-001-a-2020">,</pc>
      <w lemma="who" pos="crq" xml:id="B04338-001-a-2030">who</w>
      <w lemma="here" pos="av" xml:id="B04338-001-a-2040">here</w>
      <w lemma="do" pos="vvb" xml:id="B04338-001-a-2050">do</w>
      <w lemma="dwell" pos="vvi" xml:id="B04338-001-a-2060">dwell</w>
      <w lemma="within" pos="acp" xml:id="B04338-001-a-2070">within</w>
      <w lemma="this" pos="d" xml:id="B04338-001-a-2080">this</w>
      <w lemma="frigid" pos="j" xml:id="B04338-001-a-2090">Frigid</w>
      <w lemma="zone" pos="n1" xml:id="B04338-001-a-2100">Zone</w>
      <pc unit="sentence" xml:id="B04338-001-a-2110">.</pc>
     </l>
     <l xml:id="B04338-e490">
      <hi xml:id="B04338-e500"/>
      <w lemma="this" pos="d" rendition="#hi-left,1" xml:id="B04338-001-a-2120">This</w>
      <w lemma="world" pos="n1" xml:id="B04338-001-a-2140">World</w>
      <w lemma="too" pos="av" xml:id="B04338-001-a-2150">too</w>
      <w lemma="low" pos="j" xml:id="B04338-001-a-2160">low</w>
      <pc xml:id="B04338-001-a-2170">,</pc>
      <w lemma="for" pos="acp" xml:id="B04338-001-a-2180">for</w>
      <w lemma="thou" pos="pno" xml:id="B04338-001-a-2190">thee</w>
      <w lemma="so" pos="av" xml:id="B04338-001-a-2200">so</w>
      <w lemma="high" pos="j" xml:id="B04338-001-a-2210">High</w>
      <pc xml:id="B04338-001-a-2220">,</pc>
      <w lemma="so" pos="av" xml:id="B04338-001-a-2230">so</w>
      <w lemma="heavenly" pos="j" xml:id="B04338-001-a-2240">Heavenly</w>
      <w lemma="divine" pos="j" xml:id="B04338-001-a-2250">divine</w>
      <pc xml:id="B04338-001-a-2260">;</pc>
     </l>
     <l xml:id="B04338-e510">
      <hi xml:id="B04338-e520"/>
      <w lemma="heaven" pos="n1" reg="Heaven" rendition="#hi-left,1" xml:id="B04338-001-a-2270">Heav'n</w>
      <w lemma="be" pos="vvz" xml:id="B04338-001-a-2290">is</w>
      <w lemma="thy" pos="po" xml:id="B04338-001-a-2300">thy</w>
      <w lemma="home" pos="n1" xml:id="B04338-001-a-2310">home</w>
      <pc xml:id="B04338-001-a-2320">,</pc>
      <w lemma="where" pos="crq" xml:id="B04338-001-a-2330">where</w>
      <w lemma="thou" pos="pns" xml:id="B04338-001-a-2340">thou</w>
      <w lemma="do" pos="vv2" xml:id="B04338-001-a-2350">dost</w>
      <w lemma="dwell" pos="vvi" xml:id="B04338-001-a-2360">dwell</w>
      <pc xml:id="B04338-001-a-2370">,</pc>
      <w lemma="&amp;" pos="cc" xml:id="B04338-001-a-2380">&amp;</w>
      <w lemma="in" pos="acp" xml:id="B04338-001-a-2390">in</w>
      <w lemma="great" pos="j" xml:id="B04338-001-a-2400">great</w>
      <w lemma="glory" pos="n1" xml:id="B04338-001-a-2410">Glory</w>
      <w lemma="shine" pos="vvi" xml:id="B04338-001-a-2420">shine</w>
      <pc unit="sentence" xml:id="B04338-001-a-2430">.</pc>
     </l>
     <l xml:id="B04338-e530">
      <hi xml:id="B04338-e540"/>
      <w lemma="alas" pos="uh" rendition="#hi-left,1" xml:id="B04338-001-a-2440">Alas</w>
      <pc unit="sentence" xml:id="B04338-001-a-2460">!</pc>
      <w lemma="strange" pos="j" rendition="#hi" xml:id="B04338-001-a-2470">Strange</w>
      <pc xml:id="B04338-001-a-2480">,</pc>
      <w lemma="thou" pos="pns" xml:id="B04338-001-a-2490">thou</w>
      <w lemma="be" pos="vv2" xml:id="B04338-001-a-2500">art</w>
      <w lemma="go" pos="vvn" xml:id="B04338-001-a-2510">gone</w>
      <pc xml:id="B04338-001-a-2520">,</pc>
      <w lemma="to" pos="acp" xml:id="B04338-001-a-2530">to</w>
      <w lemma="who" pos="crq-ro" xml:id="B04338-001-a-2540">whom</w>
      <w lemma="the" pos="d" xml:id="B04338-001-a-2550">the</w>
      <w lemma="world" pos="n1" xml:id="B04338-001-a-2560">World</w>
      <w lemma="be" pos="vvd" xml:id="B04338-001-a-2570">was</w>
      <w lemma="very" pos="av" xml:id="B04338-001-a-2580">very</w>
      <w lemma="strange" pos="j" xml:id="B04338-001-a-2590">strange</w>
      <pc xml:id="B04338-001-a-2600">;</pc>
     </l>
     <l xml:id="B04338-e560">
      <hi xml:id="B04338-e570"/>
      <w lemma="now" pos="av" rendition="#hi-left,1" xml:id="B04338-001-a-2610">Now</w>
      <w lemma="unto" pos="acp" xml:id="B04338-001-a-2630">unto</w>
      <w lemma="we" pos="pno" xml:id="B04338-001-a-2640">us</w>
      <w lemma="great" pos="j" xml:id="B04338-001-a-2650">great</w>
      <w lemma="loss" pos="n1" xml:id="B04338-001-a-2660">Loss</w>
      <pc xml:id="B04338-001-a-2670">,</pc>
      <w lemma="to" pos="acp" xml:id="B04338-001-a-2680">to</w>
      <w lemma="thou" pos="pno" xml:id="B04338-001-a-2690">thee</w>
      <w lemma="great" pos="j" xml:id="B04338-001-a-2700">great</w>
      <w lemma="gain" pos="n1" xml:id="B04338-001-a-2710">Gain</w>
      <pc xml:id="B04338-001-a-2720">:</pc>
      <w lemma="most" pos="av-s_d" xml:id="B04338-001-a-2730">most</w>
      <w lemma="happy" pos="j" xml:id="B04338-001-a-2740">happy</w>
      <w lemma="change" pos="n1" xml:id="B04338-001-a-2750">Change</w>
      <pc unit="sentence" xml:id="B04338-001-a-2760">!</pc>
     </l>
     <l xml:id="B04338-e580">
      <hi xml:id="B04338-e590"/>
      <w lemma="all" pos="av_d" rendition="#hi-left,1" xml:id="B04338-001-a-2770">All</w>
      <w lemma="earthly" pos="j" xml:id="B04338-001-a-2790">Earthly</w>
      <w lemma="joy" pos="n2" xml:id="B04338-001-a-2800">Joys</w>
      <w lemma="contemn" pos="vvi" xml:id="B04338-001-a-2810">contemn</w>
      <w lemma="do" pos="vvd2" xml:id="B04338-001-a-2820">didst</w>
      <w lemma="thou" pos="pns" xml:id="B04338-001-a-2830">thou</w>
      <pc xml:id="B04338-001-a-2840">,</pc>
      <w lemma="because" pos="acp" xml:id="B04338-001-a-2850">because</w>
      <w lemma="thou" pos="pns" xml:id="B04338-001-a-2860">thou</w>
      <w lemma="be" pos="vvd2" xml:id="B04338-001-a-2870">wert</w>
      <w lemma="sublime" pos="j" xml:id="B04338-001-a-2880">Sublime</w>
      <pc xml:id="B04338-001-a-2890">;</pc>
     </l>
     <l xml:id="B04338-e600">
      <hi xml:id="B04338-e610"/>
      <w lemma="eternity" pos="n1" rendition="#hi-left,1" xml:id="B04338-001-a-2900">Eternity</w>
      <w lemma="be" pos="vvd" xml:id="B04338-001-a-2920">was</w>
      <w lemma="in" pos="acp" xml:id="B04338-001-a-2930">in</w>
      <w lemma="thy" pos="po" xml:id="B04338-001-a-2940">thine</w>
      <w lemma="eye" pos="n1" xml:id="B04338-001-a-2950">Eye</w>
      <pc xml:id="B04338-001-a-2960">,</pc>
      <w lemma="beyond" pos="acp" xml:id="B04338-001-a-2970">beyond</w>
      <w lemma="the" pos="d" xml:id="B04338-001-a-2980">the</w>
      <w lemma="bound" pos="n2" xml:id="B04338-001-a-2990">bounds</w>
      <w lemma="of" pos="acp" xml:id="B04338-001-a-3000">of</w>
      <w lemma="Time" pos="n1" xml:id="B04338-001-a-3010">Time</w>
      <pc unit="sentence" xml:id="B04338-001-a-3011">.</pc>
     </l>
     <l xml:id="B04338-e620">
      <hi xml:id="B04338-e630"/>
      <w lemma="labour'ous" pos="j" rendition="#hi-left,1" xml:id="B04338-001-a-3020">Labour'ous</w>
      <w lemma="be" pos="vvd" xml:id="B04338-001-a-3040">was</w>
      <w lemma="thy" pos="po" xml:id="B04338-001-a-3050">thy</w>
      <w lemma="work" pos="n1" xml:id="B04338-001-a-3060">Work</w>
      <w lemma="and" pos="cc" xml:id="B04338-001-a-3070">and</w>
      <w lemma="care" pos="n1" xml:id="B04338-001-a-3080">Care</w>
      <pc xml:id="B04338-001-a-3090">,</pc>
      <w join="right" lemma="in" pos="acp" xml:id="B04338-001-a-3100">i'</w>
      <w join="left" lemma="the" pos="d" xml:id="B04338-001-a-3101">th'</w>
      <w lemma="vineyard" pos="n1" xml:id="B04338-001-a-3110">Vineyard</w>
      <w lemma="night" pos="n1" xml:id="B04338-001-a-3120">night</w>
      <w lemma="and" pos="cc" xml:id="B04338-001-a-3130">and</w>
      <w lemma="day" pos="n1" xml:id="B04338-001-a-3140">day</w>
      <pc xml:id="B04338-001-a-3150">;</pc>
     </l>
    </lg>
    <lg xml:id="B04338-e640">
     <l xml:id="B04338-e650">
      <hi xml:id="B04338-e660">
       <hi xml:id="B04338-e670"/>
       <w lemma="zion" pos="n2" reg="Zions" rendition="#hi-left,1" xml:id="B04338-001-a-3160">Sions</w>
      </hi>
      <w lemma="great" pos="j" xml:id="B04338-001-a-3180">great</w>
      <w lemma="friend" pos="n1" xml:id="B04338-001-a-3190">Friend</w>
      <pc xml:id="B04338-001-a-3200">,</pc>
      <w lemma="and" pos="cc" xml:id="B04338-001-a-3210">and</w>
      <w lemma="watchman" pos="n1" xml:id="B04338-001-a-3220">Watchman</w>
      <w lemma="true" pos="j" xml:id="B04338-001-a-3230">true</w>
      <pc xml:id="B04338-001-a-3240">,</pc>
      <w lemma="who" pos="crq" xml:id="B04338-001-a-3250">who</w>
      <w lemma="never" pos="av-x" xml:id="B04338-001-a-3260">never</w>
      <w lemma="cease" pos="vvd" reg="ceased" xml:id="B04338-001-a-3270">ceas'd</w>
      <w lemma="to" pos="to" xml:id="B04338-001-a-3280">to</w>
      <w lemma="pray" pos="vvi" xml:id="B04338-001-a-3290">pray</w>
     </l>
     <l xml:id="B04338-e680">
      <hi xml:id="B04338-e690"/>
      <w lemma="that" pos="d" rendition="#hi-left,1" xml:id="B04338-001-a-3300">That</w>
      <w lemma="babylon'an-power" pos="n2" rendition="hi-before-hyphen" xml:id="B04338-001-a-3320">Babylon'an-Powers</w>
      <w lemma="may" pos="vmd" xml:id="B04338-001-a-3340">might</w>
      <w lemma="be" pos="vvi" xml:id="B04338-001-a-3350">be</w>
      <w lemma="unto" pos="acp" xml:id="B04338-001-a-3360">unto</w>
      <w lemma="nothing" pos="pi-x" xml:id="B04338-001-a-3370">nothing</w>
      <w lemma="bring" pos="vvd" xml:id="B04338-001-a-3380">brought</w>
      <pc xml:id="B04338-001-a-3390">;</pc>
     </l>
     <l xml:id="B04338-e710">
      <hi xml:id="B04338-e720"/>
      <w lemma="regent" pos="n1" rendition="#hi-left,1" xml:id="B04338-001-a-3400">Regent</w>
      <w lemma="over" pos="acp" reg="o'er" xml:id="B04338-001-a-3420">o're</w>
      <w lemma="nation" pos="n2" xml:id="B04338-001-a-3430">Nations</w>
      <w lemma="and" pos="cc" xml:id="B04338-001-a-3440">and</w>
      <w lemma="affection" pos="n2" xml:id="B04338-001-a-3450">Affections</w>
      <w lemma="CHRIST" pos="n1-nn" xml:id="B04338-001-a-3460">CHRIST</w>
      <w lemma="alone" pos="av_j" xml:id="B04338-001-a-3470">alone</w>
      <w lemma="be" pos="vvd" xml:id="B04338-001-a-3480">was</w>
      <w lemma="seek" pos="vvn" xml:id="B04338-001-a-3490">sought</w>
      <pc unit="sentence" xml:id="B04338-001-a-3500">.</pc>
     </l>
     <l xml:id="B04338-e730">
      <hi xml:id="B04338-e740"/>
      <w lemma="admirable" pos="j" rendition="#hi-left,1" xml:id="B04338-001-a-3510">Admirable</w>
      <w lemma="grace" pos="n2" xml:id="B04338-001-a-3530">Graces</w>
      <w lemma="and" pos="cc" xml:id="B04338-001-a-3540">and</w>
      <w lemma="gift" pos="n2" xml:id="B04338-001-a-3550">Gifts</w>
      <w lemma="do" pos="vvd" xml:id="B04338-001-a-3560">did</w>
      <w lemma="rich" pos="av_j" xml:id="B04338-001-a-3570">richly</w>
      <w lemma="thou" pos="pno" xml:id="B04338-001-a-3580">thee</w>
      <w lemma="adorn" pos="vvi" xml:id="B04338-001-a-3590">adorn</w>
      <pc xml:id="B04338-001-a-3600">;</pc>
     </l>
     <l xml:id="B04338-e750">
      <hi xml:id="B04338-e760"/>
      <w lemma="now" pos="av" rendition="#hi-left,1" xml:id="B04338-001-a-3610">Now</w>
      <w lemma="scarce" pos="av_j" xml:id="B04338-001-a-3630">scarce</w>
      <w lemma="thy" pos="po" xml:id="B04338-001-a-3640">thine</w>
      <w lemma="equal" pos="j" xml:id="B04338-001-a-3650">Equal</w>
      <w lemma="leave" pos="vvn" xml:id="B04338-001-a-3660">left</w>
      <pc xml:id="B04338-001-a-3670">,</pc>
      <w lemma="for" pos="acp" xml:id="B04338-001-a-3680">for</w>
      <w lemma="which" pos="crq" xml:id="B04338-001-a-3690">which</w>
      <w lemma="we" pos="pns" xml:id="B04338-001-a-3700">we</w>
      <w lemma="all" pos="d" xml:id="B04338-001-a-3710">all</w>
      <w lemma="lament" pos="vvi" xml:id="B04338-001-a-3720">lament</w>
      <w lemma="and" pos="cc" xml:id="B04338-001-a-3730">and</w>
      <w lemma="mourn" pos="vvi" xml:id="B04338-001-a-3740">mourn</w>
      <pc unit="sentence" xml:id="B04338-001-a-3750">.</pc>
     </l>
     <l xml:id="B04338-e770">
      <hi xml:id="B04338-e780"/>
      <w lemma="God" pos="n1g-nn" rendition="#hi-left,1" xml:id="B04338-001-a-3760">God's</w>
      <w lemma="glory" pos="n1" xml:id="B04338-001-a-3780">Glory</w>
      <w lemma="be" pos="vvd" xml:id="B04338-001-a-3790">was</w>
      <w lemma="thy" pos="po" xml:id="B04338-001-a-3800">thine</w>
      <w lemma="only" pos="j" xml:id="B04338-001-a-3810">only</w>
      <w lemma="aim" pos="n1" xml:id="B04338-001-a-3820">Aim</w>
      <pc xml:id="B04338-001-a-3830">,</pc>
      <w lemma="endeavour" pos="vvg" reg="endeavouring" xml:id="B04338-001-a-3840">endeav'ring</w>
      <w lemma="soul" pos="n2" xml:id="B04338-001-a-3850">Souls</w>
      <w lemma="to" pos="to" xml:id="B04338-001-a-3860">to</w>
      <w lemma="save" pos="vvi" xml:id="B04338-001-a-3870">save</w>
      <pc xml:id="B04338-001-a-3880">;</pc>
     </l>
     <l xml:id="B04338-e790">
      <hi xml:id="B04338-e800"/>
      <w lemma="evangelist" pos="n1" rendition="#hi-left,1" xml:id="B04338-001-a-3890">Evangelist</w>
      <w lemma="be" pos="vvd2" xml:id="B04338-001-a-3910">wast</w>
      <w lemma="thou" pos="pns" xml:id="B04338-001-a-3920">thou</w>
      <pc xml:id="B04338-001-a-3930">,</pc>
      <w lemma="who" pos="crq-rg" xml:id="B04338-001-a-3940">whose</w>
      <w lemma="message" pos="n1" xml:id="B04338-001-a-3950">Message</w>
      <w lemma="joy" pos="n1" xml:id="B04338-001-a-3960">Joy</w>
      <w lemma="to" pos="acp" xml:id="B04338-001-a-3970">to</w>
      <w lemma="many" pos="d" xml:id="B04338-001-a-3980">many</w>
      <w lemma="give" pos="vvd" xml:id="B04338-001-a-3990">gave</w>
      <pc unit="sentence" xml:id="B04338-001-a-4000">.</pc>
     </l>
    </lg>
   </div>
   <div type="poem" xml:id="B04338-e810">
    <head xml:id="B04338-e820">
     <w lemma="anagram" pos="n1" xml:id="B04338-001-a-4010">Anagram</w>
     <pc unit="sentence" xml:id="B04338-001-a-4020">.</pc>
     <hi xml:id="B04338-e830">
      <w lemma="NATHANAEL" pos="n1-nn" xml:id="B04338-001-a-4030">NATHANAEL</w>
      <w lemma="strange" pos="j" xml:id="B04338-001-a-4040">STRANGE</w>
     </hi>
     <pc rendition="#follows-hi" unit="sentence" xml:id="B04338-001-a-4050">.</pc>
     <w lemma="Satan" pos="n1-nn" xml:id="B04338-001-a-4060">Satan</w>
     <w lemma="then" pos="av" xml:id="B04338-001-a-4070">then</w>
     <w lemma="all" pos="d" xml:id="B04338-001-a-4080">all</w>
     <w lemma="anger" pos="n1" xml:id="B04338-001-a-4090">Anger</w>
     <pc unit="sentence" xml:id="B04338-001-a-4100">.</pc>
    </head>
    <lg xml:id="B04338-e840">
     <l xml:id="B04338-e850">
      <w lemma="enrage" pos="vvn" reg="Enraged" xml:id="B04338-001-a-4110">ENrag'd</w>
      <w lemma="be" pos="vvd" xml:id="B04338-001-a-4120">was</w>
      <w lemma="Satan" pos="n1-nn" xml:id="B04338-001-a-4130">Satan</w>
      <pc xml:id="B04338-001-a-4140">;</pc>
      <pc join="right" xml:id="B04338-001-a-4150">(</pc>
      <hi xml:id="B04338-e860">
       <w lemma="Satan" pos="n1-nn" xml:id="B04338-001-a-4160">Satan</w>
       <w lemma="then" pos="av" xml:id="B04338-001-a-4170">then</w>
       <w lemma="all" pos="av_d" xml:id="B04338-001-a-4180">all</w>
      </hi>
      <w lemma="in" pos="acp" xml:id="B04338-001-a-4190">in</w>
      <w lemma="his" pos="po" xml:id="B04338-001-a-4200">his</w>
      <w lemma="anger" pos="n1" rendition="#hi" xml:id="B04338-001-a-4210">Anger</w>
      <pc xml:id="B04338-001-a-4220">)</pc>
      <w lemma="why" pos="crq-q" xml:id="B04338-001-a-4230">Why</w>
      <pc unit="sentence" xml:id="B04338-001-a-4240">?</pc>
     </l>
     <l xml:id="B04338-e880">
      <w lemma="God" pos="n1-nn" xml:id="B04338-001-a-4250">God</w>
      <w lemma="by" pos="acp" xml:id="B04338-001-a-4260">by</w>
      <w lemma="such" pos="d" xml:id="B04338-001-a-4270">such</w>
      <w lemma="evangelic" pos="n1" reg="Evangelic" xml:id="B04338-001-a-4280">Evangelick</w>
      <w lemma="mean" pos="vvz" xml:id="B04338-001-a-4290">means</w>
      <pc xml:id="B04338-001-a-4300">,</pc>
      <w lemma="will" pos="vmb" xml:id="B04338-001-a-4310">will</w>
      <w lemma="make" pos="vvi" xml:id="B04338-001-a-4320">make</w>
      <w lemma="his" pos="po" xml:id="B04338-001-a-4330">his</w>
      <w lemma="power" pos="n1" xml:id="B04338-001-a-4340">Power</w>
      <w lemma="die" pos="vvi" reg="die" xml:id="B04338-001-a-4350">dye</w>
      <pc unit="sentence" xml:id="B04338-001-a-4360">.</pc>
     </l>
     <l xml:id="B04338-e890">
      <w lemma="no" pos="uh-x" xml:id="B04338-001-a-4370">No</w>
      <w lemma="glad-tiding" pos="n2" xml:id="B04338-001-a-4380">glad-tidings</w>
      <w lemma="send" pos="vvn" xml:id="B04338-001-a-4390">sent</w>
      <w lemma="unto" pos="acp" xml:id="B04338-001-a-4400">unto</w>
      <w lemma="man" pos="n1" xml:id="B04338-001-a-4410">man</w>
      <w lemma="of" pos="acp" xml:id="B04338-001-a-4420">of</w>
      <w lemma="liberty" pos="n1" xml:id="B04338-001-a-4430">Liberty</w>
      <pc xml:id="B04338-001-a-4440">,</pc>
      <w lemma="of" pos="acp" xml:id="B04338-001-a-4450">of</w>
      <w lemma="peace" pos="n1" xml:id="B04338-001-a-4460">Peace</w>
     </l>
     <l xml:id="B04338-e900">
      <w lemma="a" pos="d" xml:id="B04338-001-a-4470">A</w>
      <w lemma="bide" pos="vvi" xml:id="B04338-001-a-4480">bide</w>
      <w lemma="can" pos="vmb" xml:id="B04338-001-a-4490">can</w>
      <w lemma="he" pos="pns" xml:id="B04338-001-a-4500">he</w>
      <pc xml:id="B04338-001-a-4510">:</pc>
      <w lemma="for" pos="acp" xml:id="B04338-001-a-4520">for</w>
      <w lemma="when" pos="crq" xml:id="B04338-001-a-4530">when</w>
      <w lemma="man" pos="n1g" xml:id="B04338-001-a-4540">man's</w>
      <w lemma="free" pos="j" xml:id="B04338-001-a-4550">free</w>
      <pc xml:id="B04338-001-a-4560">,</pc>
      <w lemma="then" pos="av" xml:id="B04338-001-a-4570">Then</w>
      <w lemma="do" pos="vvz" xml:id="B04338-001-a-4580">doth</w>
      <w lemma="his" pos="po" xml:id="B04338-001-a-4590">his</w>
      <w lemma="kingdom" pos="n1" xml:id="B04338-001-a-4600">Kingdom</w>
      <w lemma="cease" pos="vvi" xml:id="B04338-001-a-4610">cease</w>
      <pc unit="sentence" xml:id="B04338-001-a-4620">.</pc>
     </l>
     <l xml:id="B04338-e910">
      <w lemma="rage" pos="vvg" xml:id="B04338-001-a-4630">Raging</w>
      <w lemma="Satan" pos="n1-nn" rendition="#hi" xml:id="B04338-001-a-4640">Satan</w>
      <pc xml:id="B04338-001-a-4650">,</pc>
      <w join="right" lemma="in" pos="acp" xml:id="B04338-001-a-4660">in</w>
      <w join="left" lemma="his" pos="po" xml:id="B04338-001-a-4661">'s</w>
      <hi xml:id="B04338-e930">
       <w lemma="anger" pos="n1" xml:id="B04338-001-a-4670">Anger</w>
       <w lemma="then" pos="av" xml:id="B04338-001-a-4680">then</w>
      </hi>
      <pc rendition="#follows-hi" xml:id="B04338-001-a-4690">,</pc>
      <w lemma="his" pos="po" xml:id="B04338-001-a-4700">his</w>
      <w lemma="agent" pos="n2" xml:id="B04338-001-a-4710">Agents</w>
      <w lemma="do" pos="vvd" xml:id="B04338-001-a-4720">did</w>
      <w lemma="employ" pos="vvi" reg="employ" xml:id="B04338-001-a-4730">imploy</w>
     </l>
     <l xml:id="B04338-e940">
      <w lemma="to" pos="to" xml:id="B04338-001-a-4740">To</w>
      <w lemma="catch" pos="vvi" xml:id="B04338-001-a-4750">catch</w>
      <w lemma="that" pos="d" xml:id="B04338-001-a-4760">that</w>
      <w lemma="soul" pos="n1" xml:id="B04338-001-a-4770">Soul</w>
      <pc xml:id="B04338-001-a-4780">,</pc>
      <w lemma="who" pos="crq-ro" xml:id="B04338-001-a-4790">whom</w>
      <w lemma="God" pos="n1-nn" xml:id="B04338-001-a-4800">God</w>
      <w lemma="preserve" pos="vvd" reg="preserved" xml:id="B04338-001-a-4810">preserv'd</w>
      <pc xml:id="B04338-001-a-4820">,</pc>
      <w lemma="and" pos="cc" xml:id="B04338-001-a-4830">and</w>
      <w lemma="now" pos="av" xml:id="B04338-001-a-4840">now</w>
      <w lemma="possess" pos="vvn" reg="possessed" xml:id="B04338-001-a-4850">possess'd</w>
      <w lemma="in" pos="acp" xml:id="B04338-001-a-4860">in</w>
      <w lemma="Joy" pos="n1" xml:id="B04338-001-a-4870">Joy</w>
      <pc unit="sentence" xml:id="B04338-001-a-4871">.</pc>
     </l>
     <l xml:id="B04338-e950">
      <hi xml:id="B04338-e960">
       <w lemma="Satan" pos="n1-nn" xml:id="B04338-001-a-4880">Satan</w>
       <w lemma="then" pos="av" xml:id="B04338-001-a-4890">then</w>
       <w lemma="all" pos="av_d" xml:id="B04338-001-a-4900">all</w>
      </hi>
      <w lemma="in" pos="acp" xml:id="B04338-001-a-4910">in</w>
      <w lemma="anger" pos="n1" rendition="#hi" xml:id="B04338-001-a-4920">Anger</w>
      <pc unit="sentence" xml:id="B04338-001-a-4930">.</pc>
      <w lemma="when" pos="crq-q" xml:id="B04338-001-a-4940">When</w>
      <pc unit="sentence" xml:id="B04338-001-a-4950">?</pc>
      <w lemma="even" pos="av" reg="Even" xml:id="B04338-001-a-4960">Ev'n</w>
      <w lemma="then" pos="av" xml:id="B04338-001-a-4970">then</w>
      <pc xml:id="B04338-001-a-4980">,</pc>
      <w lemma="when" pos="crq" xml:id="B04338-001-a-4990">when</w>
      <w lemma="strange" pos="j" rendition="#hi" xml:id="B04338-001-a-5000">Strange</w>
      <w lemma="do" pos="vvd" xml:id="B04338-001-a-5010">did</w>
      <w lemma="preach" pos="vvi" xml:id="B04338-001-a-5020">preach</w>
      <pc unit="sentence" xml:id="B04338-001-a-5030">.</pc>
     </l>
    </lg>
    <lg xml:id="B04338-e990">
     <l xml:id="B04338-e1000">
      <w lemma="learn" pos="vvg" xml:id="B04338-001-a-5040">Learning</w>
      <w lemma="true" pos="av_j" xml:id="B04338-001-a-5050">truly</w>
      <w lemma="divine" pos="j" xml:id="B04338-001-a-5060">Divine</w>
      <w lemma="do" pos="vvd" xml:id="B04338-001-a-5070">did</w>
      <w lemma="he" pos="pns" xml:id="B04338-001-a-5080">he</w>
      <pc xml:id="B04338-001-a-5090">,</pc>
      <w lemma="all" pos="d" xml:id="B04338-001-a-5100">all</w>
      <w lemma="those" pos="d" xml:id="B04338-001-a-5110">those</w>
      <w lemma="that" pos="cs" xml:id="B04338-001-a-5120">that</w>
      <w lemma="hear" pos="vvd" xml:id="B04338-001-a-5130">heard</w>
      <w lemma="he" pos="pno" xml:id="B04338-001-a-5140">him</w>
      <w lemma="teach" pos="vvi" xml:id="B04338-001-a-5150">teach</w>
      <pc unit="sentence" xml:id="B04338-001-a-5160">.</pc>
     </l>
     <l xml:id="B04338-e1010">
      <w lemma="enrage" pos="vvn" reg="Enraged" xml:id="B04338-001-a-5170">Enrag'd</w>
      <w lemma="therefore" pos="av" xml:id="B04338-001-a-5180">therefore</w>
      <w lemma="be" pos="vvd" xml:id="B04338-001-a-5190">was</w>
      <w lemma="Satan" pos="n1-nn" rendition="#hi" xml:id="B04338-001-a-5200">Satan</w>
      <pc xml:id="B04338-001-a-5210">,</pc>
      <w lemma="yet" pos="av" xml:id="B04338-001-a-5220">yet</w>
      <w lemma="can" pos="vmd" xml:id="B04338-001-a-5230">could</w>
      <w lemma="not" pos="xx" xml:id="B04338-001-a-5240">not</w>
      <w lemma="at" pos="acp" xml:id="B04338-001-a-5250">at</w>
      <w lemma="all" pos="d" xml:id="B04338-001-a-5260">all</w>
      <w lemma="prevail" pos="vvi" xml:id="B04338-001-a-5270">prevail</w>
     </l>
     <l xml:id="B04338-e1030">
      <w lemma="against" pos="acp" xml:id="B04338-001-a-5280">Against</w>
      <w lemma="he" pos="pno" xml:id="B04338-001-a-5290">him</w>
      <pc xml:id="B04338-001-a-5300">,</pc>
      <w lemma="who" pos="crq" xml:id="B04338-001-a-5310">who</w>
      <w lemma="his" pos="po" xml:id="B04338-001-a-5320">his</w>
      <w lemma="kingdom" pos="n1" xml:id="B04338-001-a-5330">Kingdom</w>
      <w lemma="do" pos="vvd" xml:id="B04338-001-a-5340">did</w>
      <w lemma="with" pos="acp" xml:id="B04338-001-a-5350">with</w>
      <w lemma="so" pos="av" xml:id="B04338-001-a-5360">so</w>
      <w lemma="great" pos="j" xml:id="B04338-001-a-5370">great</w>
      <w lemma="force" pos="n1" xml:id="B04338-001-a-5380">force</w>
      <w lemma="assail" pos="vvi" xml:id="B04338-001-a-5390">assail</w>
      <pc unit="sentence" xml:id="B04338-001-a-5400">.</pc>
     </l>
     <l xml:id="B04338-e1040">
      <w lemma="no" pos="d-x" xml:id="B04338-001-a-5410">No</w>
      <w lemma="power" pos="n1" xml:id="B04338-001-a-5420">Power</w>
      <w lemma="ever" pos="av" xml:id="B04338-001-a-5430">ever</w>
      <w lemma="can" pos="vmb" xml:id="B04338-001-a-5440">can</w>
      <w lemma="prevail" pos="vvi" xml:id="B04338-001-a-5450">prevail</w>
      <w lemma="against" pos="acp" xml:id="B04338-001-a-5460">'gainst</w>
      <w lemma="JESUS" pos="n1-nn" xml:id="B04338-001-a-5480">JESUS</w>
      <w lemma="CHRIST" pos="n1-nn" xml:id="B04338-001-a-5490">CHRIST</w>
      <w lemma="our" pos="po" xml:id="B04338-001-a-5500">our</w>
      <w lemma="king" pos="n1" xml:id="B04338-001-a-5510">King</w>
      <pc xml:id="B04338-001-a-5520">:</pc>
     </l>
     <l xml:id="B04338-e1050">
      <w lemma="all" pos="d" xml:id="B04338-001-a-5530">All</w>
      <w lemma="nation" pos="n2" xml:id="B04338-001-a-5540">Nations</w>
      <w lemma="he" pos="pns" xml:id="B04338-001-a-5550">he</w>
      <w lemma="will" pos="vmb" xml:id="B04338-001-a-5560">will</w>
      <w lemma="under" pos="acp" xml:id="B04338-001-a-5570">under</w>
      <w lemma="he" pos="pno" xml:id="B04338-001-a-5580">him</w>
      <w lemma="into" pos="acp" xml:id="B04338-001-a-5590">into</w>
      <w lemma="subjection" pos="n1" xml:id="B04338-001-a-5600">subjection</w>
      <w lemma="bring" pos="vvi" xml:id="B04338-001-a-5610">bring</w>
      <pc xml:id="B04338-001-a-5620">:</pc>
     </l>
     <l xml:id="B04338-e1060">
      <w lemma="his" pos="po" xml:id="B04338-001-a-5630">His</w>
      <w lemma="sceptre" pos="n1" reg="Sceptre" xml:id="B04338-001-a-5640">Scepter</w>
      <pc xml:id="B04338-001-a-5650">,</pc>
      <w lemma="and" pos="cc" xml:id="B04338-001-a-5660">and</w>
      <w lemma="his" pos="po" xml:id="B04338-001-a-5670">his</w>
      <w lemma="law" pos="n2" xml:id="B04338-001-a-5680">Laws</w>
      <pc xml:id="B04338-001-a-5690">,</pc>
      <w lemma="must" pos="vmb" xml:id="B04338-001-a-5700">must</w>
      <w lemma="bear" pos="vvi" xml:id="B04338-001-a-5710">bear</w>
      <w lemma="the" pos="d" xml:id="B04338-001-a-5720">the</w>
      <w lemma="rule" pos="n1" xml:id="B04338-001-a-5730">Rule</w>
      <w lemma="and" pos="cc" xml:id="B04338-001-a-5740">and</w>
      <w lemma="sway" pos="vvi" xml:id="B04338-001-a-5750">Sway</w>
      <w lemma="alone" pos="av_j" xml:id="B04338-001-a-5760">alone</w>
      <pc unit="sentence" xml:id="B04338-001-a-5770">.</pc>
     </l>
     <l xml:id="B04338-e1070">
      <w lemma="this" pos="d" xml:id="B04338-001-a-5780">This</w>
      <w lemma="doctrine" pos="n1" xml:id="B04338-001-a-5790">Doctrine</w>
      <w lemma="strange" pos="j" xml:id="B04338-001-a-5800">strange</w>
      <w lemma="unto" pos="acp" xml:id="B04338-001-a-5810">unto</w>
      <w lemma="the" pos="d" xml:id="B04338-001-a-5820">the</w>
      <w lemma="world" pos="n1" xml:id="B04338-001-a-5830">World</w>
      <pc xml:id="B04338-001-a-5840">,</pc>
      <w lemma="strange" pos="j" rendition="#hi" xml:id="B04338-001-a-5850">Strange</w>
      <w lemma="to" pos="acp" xml:id="B04338-001-a-5860">to</w>
      <w lemma="the" pos="d" xml:id="B04338-001-a-5870">the</w>
      <w lemma="world" pos="n1" xml:id="B04338-001-a-5880">World</w>
      <w lemma="make" pos="vvd" xml:id="B04338-001-a-5890">made</w>
      <w lemma="know" pos="vvn" xml:id="B04338-001-a-5900">known</w>
      <pc unit="sentence" xml:id="B04338-001-a-5910">.</pc>
     </l>
     <l xml:id="B04338-e1090">
      <w lemma="a" pos="d" xml:id="B04338-001-a-5920">A</w>
      <w lemma="single-state" pos="n1" xml:id="B04338-001-a-5930">Single-state</w>
      <w lemma="he" pos="pns" xml:id="B04338-001-a-5940">he</w>
      <w lemma="do" pos="vvd" xml:id="B04338-001-a-5950">did</w>
      <w lemma="prefer" pos="vvi" xml:id="B04338-001-a-5960">prefer</w>
      <pc xml:id="B04338-001-a-5970">,</pc>
      <w lemma="it" pos="pn" xml:id="B04338-001-a-5980">It</w>
      <w lemma="be" pos="vvg" xml:id="B04338-001-a-5990">being</w>
      <w lemma="his" pos="po" xml:id="B04338-001-a-6000">his</w>
      <w lemma="intent" pos="n1" xml:id="B04338-001-a-6010">intent</w>
     </l>
     <l xml:id="B04338-e1100">
      <w lemma="nothing" pos="pi-x" xml:id="B04338-001-a-6020">Nothing</w>
      <w lemma="shall" pos="vmd" xml:id="B04338-001-a-6030">should</w>
      <w lemma="let" pos="vvi" xml:id="B04338-001-a-6040">let</w>
      <w lemma="he" pos="pno" xml:id="B04338-001-a-6050">him</w>
      <w lemma="in" pos="acp" xml:id="B04338-001-a-6060">in</w>
      <w lemma="his" pos="po" xml:id="B04338-001-a-6070">his</w>
      <w lemma="work" pos="n1" xml:id="B04338-001-a-6080">Work</w>
      <pc xml:id="B04338-001-a-6090">,</pc>
      <w lemma="for" pos="acp" xml:id="B04338-001-a-6100">for</w>
      <w lemma="which" pos="crq" xml:id="B04338-001-a-6110">which</w>
      <w lemma="the" pos="d" xml:id="B04338-001-a-6120">the</w>
      <w lemma="lord" pos="n1" xml:id="B04338-001-a-6130">Lord</w>
      <w lemma="he" pos="pno" xml:id="B04338-001-a-6140">him</w>
      <w lemma="send" pos="vvn" xml:id="B04338-001-a-6150">sent</w>
      <pc unit="sentence" xml:id="B04338-001-a-6160">.</pc>
     </l>
    </lg>
    <epigraph xml:id="B04338-e1110">
     <q xml:id="B04338-e1120">
      <w lemma="scatutum" pos="f-la" xml:id="B04338-001-a-6170">Scatutum</w>
      <w lemma="est" pos="f-la" xml:id="B04338-001-a-6180">est</w>
      <w lemma="hominibus" pos="f-la" xml:id="B04338-001-a-6190">hominibus</w>
      <w lemma="at" pos="f-la" xml:id="B04338-001-a-6200">at</w>
      <w lemma="semel" pos="f-la" xml:id="B04338-001-a-6210">semel</w>
      <w lemma="moriantur" pos="f-la" xml:id="B04338-001-a-6220">moriantur</w>
      <pc unit="sentence" xml:id="B04338-001-a-6230">.</pc>
     </q>
    </epigraph>
   </div>
   <div type="poem" xml:id="B04338-e1130">
    <lg xml:id="B04338-e1140">
     <l xml:id="B04338-e1150">
      <w lemma="strange" pos="j" rendition="#hi" xml:id="B04338-001-a-6240">STRANGE</w>
      <pc xml:id="B04338-001-a-6250">,</pc>
      <w lemma="he" pos="pns" xml:id="B04338-001-a-6260">he</w>
      <w lemma="be" pos="vvd" xml:id="B04338-001-a-6270">was</w>
      <w lemma="a" pos="d" xml:id="B04338-001-a-6280">an</w>
      <w lemma="example" pos="n1" rendition="#hi" xml:id="B04338-001-a-6290">Example</w>
      <w lemma="which" pos="crq" xml:id="B04338-001-a-6300">which</w>
      <w lemma="do" pos="vvd" xml:id="B04338-001-a-6310">did</w>
      <w lemma="teach" pos="vvi" xml:id="B04338-001-a-6320">teach</w>
     </l>
     <l xml:id="B04338-e1180">
      <pc join="right" xml:id="B04338-001-a-6330">(</pc>
      <w lemma="be" pos="vvg" xml:id="B04338-001-a-6340">Being</w>
      <w lemma="in" pos="acp" xml:id="B04338-001-a-6350">in</w>
      <w lemma="conversation" pos="n1" xml:id="B04338-001-a-6360">Conversation</w>
      <w lemma="just" pos="j" xml:id="B04338-001-a-6370">just</w>
      <pc xml:id="B04338-001-a-6380">,</pc>
      <w lemma="upright" pos="av_j" xml:id="B04338-001-a-6390">upright</w>
      <pc xml:id="B04338-001-a-6400">)</pc>
     </l>
     <l xml:id="B04338-e1190">
      <w lemma="the" pos="d" xml:id="B04338-001-a-6410">The</w>
      <w lemma="same" pos="d" xml:id="B04338-001-a-6420">same</w>
      <w lemma="which" pos="crq" xml:id="B04338-001-a-6430">which</w>
      <w lemma="in" pos="acp" xml:id="B04338-001-a-6440">in</w>
      <w lemma="his" pos="po" xml:id="B04338-001-a-6450">his</w>
      <w lemma="doctrine" pos="n1" rendition="#hi" xml:id="B04338-001-a-6460">Doctrine</w>
      <w lemma="he" pos="pns" xml:id="B04338-001-a-6470">he</w>
      <w lemma="do" pos="vvd" xml:id="B04338-001-a-6480">did</w>
      <w lemma="preach" pos="vvi" xml:id="B04338-001-a-6490">preach</w>
      <pc xml:id="B04338-001-a-6500">;</pc>
     </l>
     <l xml:id="B04338-e1210">
      <w lemma="which" pos="crq" xml:id="B04338-001-a-6510">Which</w>
      <w lemma="evidence" pos="vvn" reg="evidenced" xml:id="B04338-001-a-6520">evidenc'd</w>
      <w lemma="he" pos="pns" xml:id="B04338-001-a-6530">he</w>
      <w lemma="be" pos="vvd" xml:id="B04338-001-a-6540">was</w>
      <w lemma="a" pos="d" xml:id="B04338-001-a-6550">a</w>
      <hi xml:id="B04338-e1220">
       <w lemma="shine" pos="j_vg" xml:id="B04338-001-a-6560">shining</w>
       <w lemma="light" pos="n1" xml:id="B04338-001-a-6570">Light</w>
      </hi>
      <pc rendition="#follows-hi" xml:id="B04338-001-a-6580">:</pc>
     </l>
     <l xml:id="B04338-e1230">
      <hi xml:id="B04338-e1240">
       <w lemma="mirror" pos="n1" reg="Mirror" xml:id="B04338-001-a-6590">Mirrour</w>
       <w lemma="of" pos="acp" xml:id="B04338-001-a-6600">of</w>
       <w lemma="virtue" pos="n1" xml:id="B04338-001-a-6610">Virtue</w>
      </hi>
      <pc rendition="#follows-hi" xml:id="B04338-001-a-6620">,</pc>
      <w lemma="in" pos="acp" xml:id="B04338-001-a-6630">in</w>
      <w lemma="which" pos="crq" xml:id="B04338-001-a-6640">which</w>
      <w lemma="we" pos="pns" xml:id="B04338-001-a-6650">we</w>
      <w lemma="may" pos="vmd" xml:id="B04338-001-a-6660">might</w>
      <w lemma="see" pos="vvi" xml:id="B04338-001-a-6670">see</w>
     </l>
     <l xml:id="B04338-e1250">
      <w lemma="his" pos="po" xml:id="B04338-001-a-6680">His</w>
      <w lemma="splendour" pos="n1" rendition="#hi" xml:id="B04338-001-a-6690">Splendour</w>
      <pc xml:id="B04338-001-a-6700">,</pc>
      <w lemma="and" pos="cc" xml:id="B04338-001-a-6710">and</w>
      <w lemma="our" pos="po" xml:id="B04338-001-a-6720">our</w>
      <w lemma="own" pos="d" xml:id="B04338-001-a-6730">own</w>
      <w lemma="deficiency" pos="n1" reg="Deficiency" rendition="#hi" xml:id="B04338-001-a-6740">Deficiencie</w>
      <pc unit="sentence" xml:id="B04338-001-a-6750">.</pc>
     </l>
    </lg>
    <lg xml:id="B04338-e1280">
     <l xml:id="B04338-e1290">
      <w lemma="some" pos="d" xml:id="B04338-001-a-6760">Some</w>
      <w lemma="year" pos="n2" xml:id="B04338-001-a-6770">years</w>
      <w lemma="ago" pos="av" xml:id="B04338-001-a-6780">ago</w>
      <w join="right" lemma="in" pos="acp" xml:id="B04338-001-a-6790">i'</w>
      <w join="left" lemma="the" pos="d" xml:id="B04338-001-a-6791">th'</w>
      <w lemma="army" pos="n1" xml:id="B04338-001-a-6800">Army</w>
      <w lemma="he" pos="pns" xml:id="B04338-001-a-6810">he</w>
      <w lemma="be" pos="vvd" xml:id="B04338-001-a-6820">was</w>
      <w lemma="make" pos="vvn" xml:id="B04338-001-a-6830">made</w>
     </l>
     <l xml:id="B04338-e1300">
      <w lemma="a" pos="d" xml:id="B04338-001-a-6840">An</w>
      <w lemma="officer" pos="n1" xml:id="B04338-001-a-6850">Officer</w>
      <pc xml:id="B04338-001-a-6860">;</pc>
      <w lemma="and" pos="cc" xml:id="B04338-001-a-6870">and</w>
      <w lemma="for" pos="acp" xml:id="B04338-001-a-6880">for</w>
      <w lemma="the" pos="d" xml:id="B04338-001-a-6890">the</w>
      <hi xml:id="B04338-e1310">
       <w lemma="good" pos="j" xml:id="B04338-001-a-6900">Good</w>
       <w lemma="old" pos="j" xml:id="B04338-001-a-6910">Old</w>
       <w lemma="cause" pos="n1" xml:id="B04338-001-a-6920">Cause</w>
      </hi>
     </l>
     <l xml:id="B04338-e1320">
      <w lemma="no" pos="d-x" xml:id="B04338-001-a-6930">No</w>
      <w lemma="time" pos="n1" xml:id="B04338-001-a-6940">time</w>
      <w lemma="in" pos="acp" xml:id="B04338-001-a-6950">in</w>
      <w lemma="idleness" pos="n1" xml:id="B04338-001-a-6960">Idleness</w>
      <w lemma="by" pos="acp" xml:id="B04338-001-a-6970">by</w>
      <w lemma="he" pos="pno" xml:id="B04338-001-a-6980">him</w>
      <w lemma="delay" pos="vvn" reg="delayed" xml:id="B04338-001-a-6990">delay'd</w>
      <pc xml:id="B04338-001-a-7000">;</pc>
     </l>
     <l xml:id="B04338-e1330">
      <w lemma="his" pos="po" xml:id="B04338-001-a-7010">His</w>
      <w lemma="aim" pos="n1" xml:id="B04338-001-a-7020">Aim</w>
      <w lemma="be" pos="vvd" xml:id="B04338-001-a-7030">was</w>
      <w lemma="to" pos="to" xml:id="B04338-001-a-7040">to</w>
      <w lemma="advance" pos="vvi" xml:id="B04338-001-a-7050">advance</w>
      <hi xml:id="B04338-e1340">
       <w lemma="God" pos="n1g-nn" xml:id="B04338-001-a-7060">God's</w>
       <w lemma="righteous" pos="j" xml:id="B04338-001-a-7070">Righteous</w>
       <w lemma="law" pos="n2" xml:id="B04338-001-a-7080">Laws</w>
      </hi>
      <pc rendition="#follows-hi" unit="sentence" xml:id="B04338-001-a-7090">.</pc>
     </l>
     <l xml:id="B04338-e1350">
      <w lemma="a" pos="d" xml:id="B04338-001-a-7100">A</w>
      <hi xml:id="B04338-e1360">
       <w lemma="valiant" pos="j" xml:id="B04338-001-a-7110">Valiant</w>
       <w lemma="soldier" pos="n1" reg="Soldier" xml:id="B04338-001-a-7120">Souldier</w>
      </hi>
      <pc rendition="#follows-hi" xml:id="B04338-001-a-7130">,</pc>
      <w lemma="to" pos="to" xml:id="B04338-001-a-7140">to</w>
      <w lemma="maintain" pos="vvi" xml:id="B04338-001-a-7150">maintain</w>
      <hi xml:id="B04338-e1370">
       <w lemma="God" pos="n1g-nn" xml:id="B04338-001-a-7160">God's</w>
       <w lemma="right" pos="j" xml:id="B04338-001-a-7170">Right</w>
      </hi>
      <pc rendition="#follows-hi" xml:id="B04338-001-a-7180">,</pc>
     </l>
     <l xml:id="B04338-e1380">
      <w lemma="who" pos="crq" xml:id="B04338-001-a-7190">Who</w>
      <w lemma="with" pos="acp" xml:id="B04338-001-a-7200">with</w>
      <w lemma="his" pos="po" xml:id="B04338-001-a-7210">his</w>
      <w lemma="sword" pos="n1" rendition="#hi" xml:id="B04338-001-a-7220">Sword</w>
      <w lemma="&amp;" pos="cc" xml:id="B04338-001-a-7230">&amp;</w>
      <w lemma="doctrine" pos="n1" rendition="#hi" xml:id="B04338-001-a-7240">Doctrine</w>
      <w lemma="both" pos="av_d" xml:id="B04338-001-a-7250">both</w>
      <w lemma="do" pos="vvd" xml:id="B04338-001-a-7260">did</w>
      <w lemma="fight" pos="vvi" xml:id="B04338-001-a-7270">fight</w>
      <pc unit="sentence" xml:id="B04338-001-a-7280">.</pc>
     </l>
    </lg>
    <lg xml:id="B04338-e1410">
     <l xml:id="B04338-e1420">
      <w lemma="but" pos="acp" xml:id="B04338-001-a-7290">But</w>
      <w lemma="we" pos="pns" xml:id="B04338-001-a-7300">we</w>
      <w lemma="have" pos="vvb" xml:id="B04338-001-a-7310">have</w>
      <w lemma="sin" pos="vvn" reg="sinned" xml:id="B04338-001-a-7320">sin'd</w>
      <pc xml:id="B04338-001-a-7330">;</pc>
      <w lemma="and" pos="cc" xml:id="B04338-001-a-7340">and</w>
      <w lemma="therefore" pos="av" xml:id="B04338-001-a-7350">therefore</w>
      <w lemma="for" pos="acp" xml:id="B04338-001-a-7360">for</w>
      <w lemma="our" pos="po" xml:id="B04338-001-a-7370">our</w>
      <w lemma="sin" pos="n1" xml:id="B04338-001-a-7380">sin</w>
     </l>
     <l xml:id="B04338-e1430">
      <w lemma="frustrate" pos="vvb" xml:id="B04338-001-a-7390">Frustrate</w>
      <w lemma="be" pos="vvd" xml:id="B04338-001-a-7400">was</w>
      <w lemma="make" pos="vvn" xml:id="B04338-001-a-7410">made</w>
      <w lemma="that" pos="d" xml:id="B04338-001-a-7420">that</w>
      <hi xml:id="B04338-e1440">
       <w lemma="glorious" pos="j" xml:id="B04338-001-a-7430">Glorious</w>
       <w lemma="design" pos="n1" xml:id="B04338-001-a-7440">Design</w>
      </hi>
      <pc rendition="#follows-hi" xml:id="B04338-001-a-7450">;</pc>
     </l>
     <l xml:id="B04338-e1450">
      <w lemma="and" pos="cc" xml:id="B04338-001-a-7460">And</w>
      <w lemma="we" pos="pns" xml:id="B04338-001-a-7470">we</w>
      <w lemma="be" pos="vvb" xml:id="B04338-001-a-7480">are</w>
      <w lemma="bring" pos="vvn" xml:id="B04338-001-a-7490">brought</w>
      <w lemma="where" pos="crq" xml:id="B04338-001-a-7500">where</w>
      <w lemma="first" pos="ord" xml:id="B04338-001-a-7510">first</w>
      <w lemma="we" pos="pns" xml:id="B04338-001-a-7520">we</w>
      <w lemma="do" pos="vvd" xml:id="B04338-001-a-7530">did</w>
      <w lemma="begin" pos="vvi" xml:id="B04338-001-a-7540">begin</w>
      <pc xml:id="B04338-001-a-7550">,</pc>
     </l>
     <l xml:id="B04338-e1460">
      <w lemma="as" pos="acp" xml:id="B04338-001-a-7560">As</w>
      <w lemma="if" pos="cs" xml:id="B04338-001-a-7570">if</w>
      <w lemma="heaven" pos="n1" xml:id="B04338-001-a-7580">Heaven</w>
      <w lemma="and" pos="cc" xml:id="B04338-001-a-7590">and</w>
      <w lemma="earth" pos="n1" xml:id="B04338-001-a-7600">Earth</w>
      <w lemma="do" pos="vvd" xml:id="B04338-001-a-7610">did</w>
      <w lemma="both" pos="av_d" xml:id="B04338-001-a-7620">both</w>
      <w lemma="combine" pos="vvi" xml:id="B04338-001-a-7630">combine</w>
      <pc xml:id="B04338-001-a-7640">,</pc>
     </l>
     <l xml:id="B04338-e1470">
      <w lemma="to" pos="to" xml:id="B04338-001-a-7650">To</w>
      <w lemma="make" pos="vvi" xml:id="B04338-001-a-7660">make</w>
      <w lemma="we" pos="pno" xml:id="B04338-001-a-7670">us</w>
      <w lemma="see" pos="vvi" xml:id="B04338-001-a-7680">see</w>
      <w lemma="its" pos="po" reg="its" xml:id="B04338-001-a-7690">it's</w>
      <w lemma="vain" pos="j" rendition="#hi" xml:id="B04338-001-a-7700">vain</w>
      <w lemma="for" pos="acp" xml:id="B04338-001-a-7710">for</w>
      <w lemma="we" pos="pno" xml:id="B04338-001-a-7720">us</w>
      <w lemma="to" pos="to" xml:id="B04338-001-a-7730">to</w>
      <w lemma="trust" pos="vvi" xml:id="B04338-001-a-7740">trust</w>
     </l>
     <l xml:id="B04338-e1490">
      <w lemma="in" pos="acp" xml:id="B04338-001-a-7750">In</w>
      <hi xml:id="B04338-e1500">
       <w lemma="arm" pos="n1" xml:id="B04338-001-a-7760">Arm</w>
       <w lemma="of" pos="acp" xml:id="B04338-001-a-7770">of</w>
       <w lemma="flesh" pos="n1" xml:id="B04338-001-a-7780">Flesh</w>
      </hi>
      <pc rendition="#follows-hi" xml:id="B04338-001-a-7790">,</pc>
      <w lemma="that" pos="cs" xml:id="B04338-001-a-7800">that</w>
      <w lemma="must" pos="vmb" xml:id="B04338-001-a-7810">must</w>
      <w lemma="return" pos="vvi" xml:id="B04338-001-a-7820">return</w>
      <w lemma="to" pos="acp" xml:id="B04338-001-a-7830">to</w>
      <w lemma="dust" pos="n1" xml:id="B04338-001-a-7840">dust</w>
      <pc unit="sentence" xml:id="B04338-001-a-7850">.</pc>
     </l>
    </lg>
    <lg xml:id="B04338-e1510">
     <l xml:id="B04338-e1520">
      <w lemma="therefore" pos="av" reg="Therefore" xml:id="B04338-001-a-7860">Therfore</w>
      <w lemma="with" pos="acp" xml:id="B04338-001-a-7870">with</w>
      <w lemma="our" pos="po" xml:id="B04338-001-a-7880">our</w>
      <w lemma="whole" pos="j" reg="whole" xml:id="B04338-001-a-7890">whol</w>
      <w lemma="heart" pos="n1" xml:id="B04338-001-a-7900">heart</w>
      <w lemma="we" pos="pns" xml:id="B04338-001-a-7910">we</w>
      <w lemma="shall" pos="vmd" xml:id="B04338-001-a-7920">should</w>
      <w lemma="implore" pos="vvi" xml:id="B04338-001-a-7930">implore</w>
     </l>
     <l xml:id="B04338-e1530">
      <w lemma="the" pos="d" xml:id="B04338-001-a-7940">The</w>
      <hi xml:id="B04338-e1540">
       <w lemma="god" pos="n1" xml:id="B04338-001-a-7950">God</w>
       <w lemma="of" pos="acp" xml:id="B04338-001-a-7960">of</w>
       <w lemma="grace" pos="n1" xml:id="B04338-001-a-7970">Grace</w>
      </hi>
      <pc rendition="#follows-hi" xml:id="B04338-001-a-7980">,</pc>
      <w lemma="that" pos="cs" xml:id="B04338-001-a-7990">that</w>
      <w lemma="we" pos="pns" xml:id="B04338-001-a-8000">we</w>
      <w lemma="may" pos="vmd" xml:id="B04338-001-a-8010">might</w>
      <w lemma="be" pos="vvi" xml:id="B04338-001-a-8020">be</w>
      <w lemma="more" pos="av-c_d" xml:id="B04338-001-a-8030">more</w>
      <w lemma="wise" pos="j" xml:id="B04338-001-a-8040">wise</w>
      <pc xml:id="B04338-001-a-8050">;</pc>
     </l>
     <l xml:id="B04338-e1550">
      <w lemma="and" pos="cc" xml:id="B04338-001-a-8060">And</w>
      <w lemma="he" pos="pno" xml:id="B04338-001-a-8070">Him</w>
      <w lemma="alone" pos="av_j" xml:id="B04338-001-a-8080">alone</w>
      <pc xml:id="B04338-001-a-8090">,</pc>
      <w lemma="in" pos="acp" xml:id="B04338-001-a-8100">in</w>
      <w lemma="all" pos="d" xml:id="B04338-001-a-8110">all</w>
      <w lemma="thing" pos="n2" xml:id="B04338-001-a-8120">things</w>
      <w lemma="to" pos="to" xml:id="B04338-001-a-8130">to</w>
      <w lemma="adore" pos="vvi" xml:id="B04338-001-a-8140">adore</w>
      <pc xml:id="B04338-001-a-8150">;</pc>
     </l>
     <l xml:id="B04338-e1560">
      <w lemma="his" pos="po" xml:id="B04338-001-a-8160">His</w>
      <w lemma="servant" pos="n2" xml:id="B04338-001-a-8170">Servants</w>
      <w lemma="love" pos="vvb" xml:id="B04338-001-a-8180">love</w>
      <pc xml:id="B04338-001-a-8190">,</pc>
      <w lemma="but" pos="acp" xml:id="B04338-001-a-8200">but</w>
      <w lemma="not" pos="xx" xml:id="B04338-001-a-8210">not</w>
      <w lemma="they" pos="pno" xml:id="B04338-001-a-8220">them</w>
      <w lemma="idolise" pos="vvi" reg="idolise" xml:id="B04338-001-a-8230">idolize</w>
      <pc xml:id="B04338-001-a-8240">;</pc>
     </l>
     <l xml:id="B04338-e1570">
      <w lemma="lest" pos="cs" xml:id="B04338-001-a-8250">Lest</w>
      <w lemma="we" pos="pns" xml:id="B04338-001-a-8260">we</w>
      <w lemma="the" pos="d" xml:id="B04338-001-a-8270">the</w>
      <w lemma="glory" pos="n1" xml:id="B04338-001-a-8280">Glory</w>
      <w lemma="from" pos="acp" xml:id="B04338-001-a-8290">from</w>
      <w lemma="our" pos="po" xml:id="B04338-001-a-8300">our</w>
      <w lemma="god" pos="n1" xml:id="B04338-001-a-8310">God</w>
      <w lemma="shall" pos="vmd" xml:id="B04338-001-a-8320">should</w>
      <w lemma="take" pos="vvi" xml:id="B04338-001-a-8330">take</w>
      <pc xml:id="B04338-001-a-8340">,</pc>
     </l>
     <l xml:id="B04338-e1580">
      <w lemma="and" pos="cc" xml:id="B04338-001-a-8350">And</w>
      <w lemma="of" pos="acp" xml:id="B04338-001-a-8360">of</w>
      <w lemma="more" pos="d-c" xml:id="B04338-001-a-8370">more</w>
      <w lemma="sorrow" pos="n1" xml:id="B04338-001-a-8380">Sorrow</w>
      <w lemma="for" pos="acp" xml:id="B04338-001-a-8390">for</w>
      <w lemma="the" pos="d" xml:id="B04338-001-a-8400">the</w>
      <w lemma="same" pos="d" xml:id="B04338-001-a-8410">same</w>
      <w lemma="partake" pos="vvi" xml:id="B04338-001-a-8420">partake</w>
      <pc unit="sentence" xml:id="B04338-001-a-8430">.</pc>
     </l>
    </lg>
    <lg xml:id="B04338-e1590">
     <l xml:id="B04338-e1600">
      <w lemma="Moses" pos="n1-nn" rendition="#hi" xml:id="B04338-001-a-8440">Moses</w>
      <w lemma="a" pos="d" xml:id="B04338-001-a-8450">a</w>
      <w lemma="righteous" pos="j" xml:id="B04338-001-a-8460">Righteous</w>
      <w lemma="man" pos="n1" xml:id="B04338-001-a-8470">man</w>
      <pc xml:id="B04338-001-a-8480">,</pc>
      <w lemma="yet" pos="av" xml:id="B04338-001-a-8490">yet</w>
      <w lemma="he" pos="pns" xml:id="B04338-001-a-8500">he</w>
      <w lemma="do" pos="vvd" xml:id="B04338-001-a-8510">did</w>
      <w lemma="fail" pos="vvi" xml:id="B04338-001-a-8520">fail</w>
      <pc xml:id="B04338-001-a-8530">;</pc>
     </l>
     <l xml:id="B04338-e1620">
      <w lemma="and" pos="cc" xml:id="B04338-001-a-8540">And</w>
      <w lemma="for" pos="acp" xml:id="B04338-001-a-8550">for</w>
      <w lemma="his" pos="po" xml:id="B04338-001-a-8560">his</w>
      <w lemma="sin" pos="n1" xml:id="B04338-001-a-8570">Sin</w>
      <w lemma="most" pos="av-s_d" xml:id="B04338-001-a-8580">most</w>
      <w lemma="just" pos="av_j" xml:id="B04338-001-a-8590">justly</w>
      <w lemma="he" pos="pns" xml:id="B04338-001-a-8600">he</w>
      <w lemma="do" pos="vvd" xml:id="B04338-001-a-8610">did</w>
      <w lemma="die" pos="vvi" xml:id="B04338-001-a-8620">die</w>
      <pc xml:id="B04338-001-a-8630">:</pc>
     </l>
     <l xml:id="B04338-e1630">
      <w lemma="which" pos="crq" xml:id="B04338-001-a-8640">Which</w>
      <w lemma="do" pos="vvz" xml:id="B04338-001-a-8650">doth</w>
      <w lemma="declare" pos="vvi" xml:id="B04338-001-a-8660">declare</w>
      <pc xml:id="B04338-001-a-8670">,</pc>
      <w lemma="the" pos="d" xml:id="B04338-001-a-8680">the</w>
      <w lemma="best" pos="j-s" xml:id="B04338-001-a-8690">best</w>
      <w lemma="of" pos="acp" xml:id="B04338-001-a-8700">of</w>
      <w lemma="we" pos="pno" xml:id="B04338-001-a-8710">us</w>
      <w lemma="be" pos="vvb" xml:id="B04338-001-a-8720">are</w>
      <w lemma="frail" pos="j" xml:id="B04338-001-a-8730">frail</w>
      <pc xml:id="B04338-001-a-8740">,</pc>
     </l>
     <l xml:id="B04338-e1640">
      <w lemma="and" pos="cc" xml:id="B04338-001-a-8750">And</w>
      <w lemma="subject" pos="n1" xml:id="B04338-001-a-8760">subject</w>
      <w lemma="unto" pos="acp" xml:id="B04338-001-a-8770">unto</w>
      <w lemma="great" pos="j" xml:id="B04338-001-a-8780">great</w>
      <w lemma="infirmity" pos="n1" xml:id="B04338-001-a-8790">Infirmity</w>
      <pc unit="sentence" xml:id="B04338-001-a-8800">.</pc>
     </l>
     <l xml:id="B04338-e1650">
      <w lemma="by" pos="acp" xml:id="B04338-001-a-8810">By</w>
      <w lemma="pestilence" pos="n1" rendition="#hi" xml:id="B04338-001-a-8820">Pestilence</w>
      <pc xml:id="B04338-001-a-8830">,</pc>
      <w lemma="or" pos="cc" xml:id="B04338-001-a-8840">or</w>
      <w lemma="sword" pos="n1" rendition="#hi" xml:id="B04338-001-a-8850">Sword</w>
      <pc xml:id="B04338-001-a-8860">,</pc>
      <w lemma="the" pos="d" xml:id="B04338-001-a-8870">the</w>
      <w lemma="just" pos="j" rendition="#hi" xml:id="B04338-001-a-8880">Just</w>
      <w lemma="may" pos="vmb" xml:id="B04338-001-a-8890">may</w>
      <w lemma="die" pos="vvi" xml:id="B04338-001-a-8900">die</w>
      <pc xml:id="B04338-001-a-8910">,</pc>
     </l>
     <l xml:id="B04338-e1690">
      <w lemma="and" pos="cc" xml:id="B04338-001-a-8920">And</w>
      <w lemma="the" pos="d" xml:id="B04338-001-a-8930">the</w>
      <hi xml:id="B04338-e1700">
       <w lemma="just" pos="j" xml:id="B04338-001-a-8940">Just</w>
       <w lemma="God" pos="n1-nn" xml:id="B04338-001-a-8950">God</w>
      </hi>
      <pc rendition="#follows-hi" xml:id="B04338-001-a-8960">,</pc>
      <w lemma="no" pos="d-x" xml:id="B04338-001-a-8970">no</w>
      <w lemma="honour" pos="n1" xml:id="B04338-001-a-8980">honour</w>
      <w lemma="lose" pos="vvi" xml:id="B04338-001-a-8990">lose</w>
      <w lemma="thereby" pos="av" xml:id="B04338-001-a-9000">thereby</w>
      <pc unit="sentence" xml:id="B04338-001-a-9010">.</pc>
     </l>
    </lg>
    <lg xml:id="B04338-e1710">
     <l xml:id="B04338-e1720">
      <w lemma="our" pos="po" xml:id="B04338-001-a-9020">Our</w>
      <w lemma="GOD" pos="n1-nn" xml:id="B04338-001-a-9030">GOD</w>
      <pc xml:id="B04338-001-a-9040">,</pc>
      <pc join="right" xml:id="B04338-001-a-9050">(</pc>
      <w lemma="not" pos="xx" xml:id="B04338-001-a-9060">not</w>
      <w lemma="man" pos="n1" xml:id="B04338-001-a-9070">Man</w>
      <pc xml:id="B04338-001-a-9080">)</pc>
      <w join="right" lemma="let" pos="vvb" xml:id="B04338-001-a-9090">let</w>
      <w join="left" lemma="we" pos="pno" xml:id="B04338-001-a-9091">'s</w>
      <w lemma="glorify" pos="vvi" reg="glorify" xml:id="B04338-001-a-9100">glorifie</w>
      <w lemma="in" pos="acp" xml:id="B04338-001-a-9110">in</w>
      <w lemma="all" pos="d" xml:id="B04338-001-a-9120">all</w>
      <pc xml:id="B04338-001-a-9130">:</pc>
     </l>
     <l xml:id="B04338-e1730">
      <w lemma="so" pos="av" xml:id="B04338-001-a-9140">So</w>
      <w lemma="may" pos="vmb" xml:id="B04338-001-a-9150">may</w>
      <w lemma="we" pos="pns" xml:id="B04338-001-a-9160">we</w>
      <w lemma="stand" pos="vvi" xml:id="B04338-001-a-9170">stand</w>
      <pc xml:id="B04338-001-a-9180">,</pc>
      <w lemma="or" pos="cc" xml:id="B04338-001-a-9190">or</w>
      <w lemma="otherwise" pos="av" xml:id="B04338-001-a-9200">otherwise</w>
      <w lemma="we" pos="pns" xml:id="B04338-001-a-9210">we</w>
      <w lemma="fall" pos="vvb" xml:id="B04338-001-a-9220">fall</w>
      <pc unit="sentence" xml:id="B04338-001-a-9230">.</pc>
     </l>
    </lg>
   </div>
  </body>
  <back xml:id="B04338-e1740">
   <div type="colophon" xml:id="B04338-e1750">
    <p xml:id="B04338-e1760">
     <w lemma="London" pos="n1-nn" rendition="#hi" xml:id="B04338-001-a-9240">London</w>
     <pc xml:id="B04338-001-a-9250">,</pc>
     <w lemma="print" pos="vvn" xml:id="B04338-001-a-9260">Printed</w>
     <w lemma="in" pos="acp" xml:id="B04338-001-a-9270">in</w>
     <w lemma="the" pos="d" xml:id="B04338-001-a-9280">the</w>
     <w lemma="year" pos="n1" xml:id="B04338-001-a-9290">Year</w>
     <pc xml:id="B04338-001-a-9300">,</pc>
     <w lemma="1666." pos="crd" xml:id="B04338-001-a-9310">1666.</w>
     <pc unit="sentence" xml:id="B04338-001-a-9320"/>
    </p>
   </div>
  </back>
 </text>
</TEI>
