<?xml version="1.0" encoding="UTF-8"?>
<?xml-model href="http://schemata.earlyprint.org/schemata/tei_earlyprint.rng" type="application/xml" schematypens="http://relaxng.org/ns/structure/1.0"?>
<TEI xmlns="http://www.tei-c.org/ns/1.0" xml:id="B05835">
 <teiHeader>
  <fileDesc>
   <titleStmt>
    <title>The shepherds complaint: and the comforting shepherdess. Poor Coron making his complaint was comforted at last; but when he thought himself half dead, his Silvia held him fast. To the tune of, Moggys jealousie.</title>
   </titleStmt>
   <editionStmt>
    <edition>This text is an enriched version of the TCP digital transcription B05835 of text R227374 in the <ref target="http;//estc.bl.uk">English Short Title Catalog</ref> (Wing S3152). Textual changes  and metadata enrichments aim at making the                             text more  computationally tractable, easier to read, and suitable for network-based collaborative                              curation by amateur and professional end users from many walks of life.  The text has been tokenized and linguistically annotated with <ref target="http://morphadorner.northwestern.edu/morphadorner/">MorphAdorner</ref>. The annotation includes standard spellings that support the display of a text in                             a standardized format that preserves archaic forms ('loveth', 'seekest').                              Textual changes aim at restoring the text the author or stationer meant to publish.</edition>
    <respStmt>
     <resp>This text has not been fully proofread</resp>
     <name/>
    </respStmt>
   </editionStmt>
   <extent>Approx. 5 KB of XML-encoded text transcribed from 1 1-bit group-IV TIFF page image.</extent>
   <publicationStmt>
    <publisher>EarlyPrint Project</publisher>
    <pubPlace>Evanston,IL, Notre Dame, IN, St. Louis, MO</pubPlace>
    <date>2018</date>
    <idno type="DLPS">B05835</idno>
    <idno type="STC">Wing S3152</idno>
    <idno type="STC">Interim Tract Supplement Guide EBB65H[87]</idno>
    <idno type="EEBO-CITATION">99887293</idno>
    <idno type="PROQUEST">ocm99887293</idno>
    <idno type="VID">182004</idno>
    <availability>
     <p>
            This keyboarded and encoded edition of the work described above is co-owned by the institutions providing financial support to the Early English Books Online Text Creation Partnership. This Phase I text is available for reuse, according to the terms of
            <ref target="https://creativecommons.org/publicdomain/zero/1.0/">Creative Commons 0 1.0 Universal</ref>
            . The text can be copied, modified, distributed and performed, even for commercial purposes, all without asking permission.
          </p>
    </availability>
   </publicationStmt>
   <seriesStmt>
    <title>Early English books online.</title>
   </seriesStmt>
   <notesStmt>
    <note>(EEBO-TCP ; phase 1, no. B05835)</note>
    <note>Transcribed from: (Early English Books Online ; image set 182004)</note>
    <note>Images scanned from microfilm: (Early English books; Tract supplement ; A2:4[87])</note>
   </notesStmt>
   <sourceDesc>
    <biblFull>
     <titleStmt>
      <title>The shepherds complaint: and the comforting shepherdess. Poor Coron making his complaint was comforted at last; but when he thought himself half dead, his Silvia held him fast. To the tune of, Moggys jealousie.</title>
     </titleStmt>
     <extent>1 sheet ([1] p.) : ill. (woodcuts).</extent>
     <publicationStmt>
      <publisher>Printed for J[ohn]. White, at the Black Swan, at the bridge-foot, near Southwark.,</publisher>
      <pubPlace>[London] :</pubPlace>
      <date>[between 1660-1672]</date>
     </publicationStmt>
     <notesStmt>
      <note>Verse: "Oh Cupid thou now art too cruel ..."</note>
      <note>Date, place of publication and publisher's name from Wing.</note>
      <note>Reproduction of original in the Harvard University, Houghton Library.</note>
     </notesStmt>
    </biblFull>
   </sourceDesc>
  </fileDesc>
  <profileDesc>
   <langUsage>
    <language ident="eng">eng</language>
   </langUsage>
   <textClass>
    <keywords scheme="http://authorities.loc.gov/">
     <term>Ballads, English -- 17th century.</term>
    </keywords>
   </textClass>
  </profileDesc>
  <xenoData>
   <ep:epHeader xmlns:ep="http://earlyprint.org/ns/1.0">
    <ep:corpus>eebo</ep:corpus>
    <ep:title>The shepherds complaint: and the comforting shepherdess. Poor Coron making his complaint was comforted at last; but when he thought himself half dead,</ep:title>
    <ep:author>anon </ep:author>
    <ep:publicationYear>1672</ep:publicationYear>
    <ep:creationYear/>
    <ep:curator>
     <ep:name/>
    </ep:curator>
    <ep:pageCount>1</ep:pageCount>
    <ep:wordCount>693</ep:wordCount>
    <ep:defectiveTokenCount>0</ep:defectiveTokenCount>
    <ep:untranscribedForeignCount>0</ep:untranscribedForeignCount>
    <ep:untranscribedMathCount>0</ep:untranscribedMathCount>
    <ep:untranscribedMusicCount>0</ep:untranscribedMusicCount>
    <ep:missingChunkCount>0</ep:missingChunkCount>
    <ep:missingPagesCount>0</ep:missingPagesCount>
    <ep:defectRate>0</ep:defectRate>
    <ep:finalGrade>A</ep:finalGrade>
    <ep:defectRangePerGrade>This text  has no known defects that were recorded as gap elements at the time of transcription. </ep:defectRangePerGrade>
   </ep:epHeader>
  </xenoData>
  <revisionDesc>
   <change><date>2008-01</date><label>TCP</label>
        Assigned for keying and markup
      </change>
   <change><date>2008-05</date><label>SPi Global</label>
        Keyed and coded from ProQuest page images
      </change>
   <change><date>2008-06</date><label>Mona Logarbo</label>
        Sampled and proofread
      </change>
   <change><date>2008-06</date><label>Mona Logarbo</label>
        Text and markup reviewed and edited
      </change>
   <change><date>2008-09</date><label>pfs</label>
        Batch review (QC) and XML conversion
      </change>
  </revisionDesc>
 </teiHeader>
 <text xml:id="B05835-t">
  <body xml:id="B05835-e0">
   <div type="ballad" xml:id="B05835-e10">
    <pb facs="tcp:182004:1" xml:id="B05835-001-a"/>
    <head xml:id="B05835-e20">
     <w lemma="the" pos="d" xml:id="B05835-001-a-0010">THE</w>
     <w lemma="shepherd" pos="n1g" reg="Shepherd's" xml:id="B05835-001-a-0020">Shepherds</w>
     <w lemma="complaint" pos="n1" xml:id="B05835-001-a-0030">Complaint</w>
     <pc xml:id="B05835-001-a-0040">:</pc>
     <w lemma="and" pos="cc" xml:id="B05835-001-a-0050">AND</w>
     <w lemma="the" pos="d" xml:id="B05835-001-a-0060">THE</w>
     <hi xml:id="B05835-e30">
      <w lemma="comfort" pos="j_vg" xml:id="B05835-001-a-0070">Comforting</w>
      <w lemma="shepherdess" pos="n1" xml:id="B05835-001-a-0080">Shepherdess</w>
     </hi>
     <pc rendition="#follows-hi" unit="sentence" xml:id="B05835-001-a-0090">.</pc>
    </head>
    <argument xml:id="B05835-e40">
     <lg xml:id="B05835-e50">
      <l xml:id="B05835-e60">
       <w lemma="poor" pos="j" xml:id="B05835-001-a-0100">Poor</w>
       <w lemma="Coron" pos="n1-nn" rendition="#hi" xml:id="B05835-001-a-0110">Coron</w>
       <w lemma="make" pos="vvg" xml:id="B05835-001-a-0120">making</w>
       <w lemma="his" pos="po" xml:id="B05835-001-a-0130">his</w>
       <w lemma="complaint" pos="n1" xml:id="B05835-001-a-0140">Complaint</w>
      </l>
      <l xml:id="B05835-e80">
       <w lemma="be" pos="vvd" xml:id="B05835-001-a-0150">was</w>
       <w lemma="comfort" pos="vvn" xml:id="B05835-001-a-0160">comforted</w>
       <w lemma="at" pos="acp" xml:id="B05835-001-a-0170">at</w>
       <w lemma="last" pos="ord" xml:id="B05835-001-a-0180">last</w>
       <pc xml:id="B05835-001-a-0190">;</pc>
      </l>
      <l xml:id="B05835-e90">
       <w lemma="but" pos="acp" xml:id="B05835-001-a-0200">But</w>
       <w lemma="when" pos="crq" xml:id="B05835-001-a-0210">when</w>
       <w lemma="he" pos="pns" xml:id="B05835-001-a-0220">he</w>
       <w lemma="think" pos="vvd" xml:id="B05835-001-a-0230">thought</w>
       <w lemma="himself" pos="px" xml:id="B05835-001-a-0240">himself</w>
       <w lemma="half" pos="av_j" xml:id="B05835-001-a-0250">half</w>
       <w lemma="dead" pos="j" xml:id="B05835-001-a-0260">dead</w>
       <pc xml:id="B05835-001-a-0270">,</pc>
      </l>
      <l xml:id="B05835-e100">
       <w lemma="his" pos="po" xml:id="B05835-001-a-0280">his</w>
       <w lemma="Silvia" pos="n1-nn" rendition="#hi" xml:id="B05835-001-a-0290">Silvia</w>
       <w lemma="hold" pos="vvd" xml:id="B05835-001-a-0300">held</w>
       <w lemma="he" pos="pno" xml:id="B05835-001-a-0310">him</w>
       <w lemma="fast" pos="av_j" xml:id="B05835-001-a-0320">fast</w>
       <pc unit="sentence" xml:id="B05835-001-a-0330">.</pc>
      </l>
     </lg>
    </argument>
    <opener xml:id="B05835-e120">
     <w lemma="to" pos="to" xml:id="B05835-001-a-0340">To</w>
     <w lemma="the" pos="d" xml:id="B05835-001-a-0350">the</w>
     <w lemma="tune" pos="n1" xml:id="B05835-001-a-0360">Tune</w>
     <w lemma="of" pos="acp" xml:id="B05835-001-a-0370">of</w>
     <pc xml:id="B05835-001-a-0380">,</pc>
     <hi xml:id="B05835-e130">
      <w lemma="maggys" pos="n1g" reg="Maggys'" xml:id="B05835-001-a-0390">Maggys</w>
      <w lemma="jealousy" pos="n1" reg="Jealousy" xml:id="B05835-001-a-0400">Jealousie</w>
     </hi>
     <pc rendition="#follows-hi" unit="sentence" xml:id="B05835-001-a-0410">.</pc>
    </opener>
    <p xml:id="B05835-e140">
     <figure xml:id="B05835-e150"/>
    </p>
    <p xml:id="B05835-e160">
     <figure xml:id="B05835-e170"/>
    </p>
    <p xml:id="B05835-e180">
     <figure xml:id="B05835-e190"/>
    </p>
    <lg xml:id="B05835-e200">
     <l xml:id="B05835-e210">
      <w lemma="oh" pos="uh" xml:id="B05835-001-a-0420">OH</w>
      <w lemma="Cupid" pos="n1-nn" xml:id="B05835-001-a-0430">Cupid</w>
      <w lemma="thou" pos="pns" xml:id="B05835-001-a-0440">thou</w>
      <w lemma="now" pos="av" xml:id="B05835-001-a-0450">now</w>
      <w lemma="be" pos="vv2" xml:id="B05835-001-a-0460">art</w>
      <w lemma="too" pos="av" xml:id="B05835-001-a-0470">too</w>
      <w lemma="cruel" pos="j" xml:id="B05835-001-a-0480">cruel</w>
      <pc xml:id="B05835-001-a-0490">,</pc>
     </l>
     <l xml:id="B05835-e220">
      <w lemma="to" pos="to" xml:id="B05835-001-a-0500">to</w>
      <w lemma="use" pos="vvi" xml:id="B05835-001-a-0510">use</w>
      <w lemma="a" pos="d" xml:id="B05835-001-a-0520">a</w>
      <w lemma="poor" pos="j" xml:id="B05835-001-a-0530">poor</w>
      <w lemma="lover" pos="n1" xml:id="B05835-001-a-0540">Lover</w>
      <w lemma="severe" pos="j" xml:id="B05835-001-a-0550">severe</w>
     </l>
     <l xml:id="B05835-e230">
      <w lemma="thou" pos="pns" xml:id="B05835-001-a-0560">Thou</w>
      <w lemma="do" pos="vv2" xml:id="B05835-001-a-0570">dost</w>
      <w lemma="to" pos="acp" xml:id="B05835-001-a-0580">to</w>
      <w lemma="my" pos="po" xml:id="B05835-001-a-0590">my</w>
      <w lemma="flame" pos="n1" xml:id="B05835-001-a-0600">flame</w>
      <w lemma="add" pos="vvi" xml:id="B05835-001-a-0610">add</w>
      <w lemma="a" pos="d" xml:id="B05835-001-a-0620">a</w>
      <w lemma="fuel" pos="n1" xml:id="B05835-001-a-0630">fuel</w>
      <pc xml:id="B05835-001-a-0640">,</pc>
     </l>
     <l xml:id="B05835-e240">
      <w lemma="that" pos="cs" xml:id="B05835-001-a-0650">that</w>
      <w lemma="cost" pos="vvz" xml:id="B05835-001-a-0660">costs</w>
      <w lemma="i" pos="pno" xml:id="B05835-001-a-0670">me</w>
      <w lemma="full" pos="j" xml:id="B05835-001-a-0680">full</w>
      <w lemma="many" pos="d" xml:id="B05835-001-a-0690">many</w>
      <w lemma="a" pos="d" xml:id="B05835-001-a-0700">a</w>
      <w lemma="tear" pos="n1" xml:id="B05835-001-a-0710">tear</w>
      <pc xml:id="B05835-001-a-0720">:</pc>
     </l>
     <l xml:id="B05835-e250">
      <w lemma="then" pos="av" xml:id="B05835-001-a-0730">Then</w>
      <w lemma="cease" pos="vvb" xml:id="B05835-001-a-0740">cease</w>
      <w lemma="to" pos="to" xml:id="B05835-001-a-0750">to</w>
      <w lemma="be" pos="vvi" xml:id="B05835-001-a-0760">be</w>
      <w lemma="so" pos="av" xml:id="B05835-001-a-0770">so</w>
      <w lemma="out" pos="av" xml:id="B05835-001-a-0780">out</w>
      <w lemma="of" pos="acp" xml:id="B05835-001-a-0790">of</w>
      <w lemma="reason" pos="n1" xml:id="B05835-001-a-0800">reason</w>
      <pc xml:id="B05835-001-a-0810">;</pc>
     </l>
     <l xml:id="B05835-e260">
      <w lemma="and" pos="cc" xml:id="B05835-001-a-0820">and</w>
      <w lemma="let" pos="vvb" xml:id="B05835-001-a-0830">let</w>
      <w lemma="i" pos="pno" xml:id="B05835-001-a-0840">me</w>
      <w lemma="no" pos="av-x_d" xml:id="B05835-001-a-0850">no</w>
      <w lemma="long" pos="av-c_j" xml:id="B05835-001-a-0860">longer</w>
      <w lemma="complain" pos="vvi" xml:id="B05835-001-a-0870">complain</w>
      <pc xml:id="B05835-001-a-0880">,</pc>
     </l>
     <l xml:id="B05835-e270">
      <w lemma="but" pos="acp" xml:id="B05835-001-a-0890">But</w>
      <w lemma="grant" pos="vvb" xml:id="B05835-001-a-0900">grant</w>
      <w lemma="i" pos="pno" xml:id="B05835-001-a-0910">me</w>
      <w lemma="some" pos="d" xml:id="B05835-001-a-0920">some</w>
      <w lemma="ease" pos="n1" xml:id="B05835-001-a-0930">ease</w>
      <w lemma="for" pos="acp" xml:id="B05835-001-a-0940">for</w>
      <w lemma="a" pos="d" xml:id="B05835-001-a-0950">a</w>
      <w lemma="season" pos="n1" xml:id="B05835-001-a-0960">season</w>
      <pc xml:id="B05835-001-a-0970">,</pc>
     </l>
    </lg>
    <lg type="refrain" xml:id="B05835-e280">
     <l xml:id="B05835-e290">
      <hi xml:id="B05835-e300">
       <w lemma="and" pos="cc" xml:id="B05835-001-a-0980">and</w>
       <w lemma="ease" pos="vvi" xml:id="B05835-001-a-0990">ease</w>
       <w lemma="all" pos="d" xml:id="B05835-001-a-1000">all</w>
       <w lemma="my" pos="po" xml:id="B05835-001-a-1010">my</w>
       <w lemma="sorrow" pos="n1" xml:id="B05835-001-a-1020">sorrow</w>
       <w lemma="and" pos="cc" xml:id="B05835-001-a-1030">and</w>
       <w lemma="pain" pos="n1" xml:id="B05835-001-a-1040">pain</w>
       <pc unit="sentence" xml:id="B05835-001-a-1050">.</pc>
      </hi>
     </l>
    </lg>
    <lg xml:id="B05835-e310">
     <l xml:id="B05835-e320">
      <w lemma="whilst" pos="cs" xml:id="B05835-001-a-1060">Whilst</w>
      <w lemma="other" pos="pi2_d" xml:id="B05835-001-a-1070">others</w>
      <w lemma="do" pos="vvb" xml:id="B05835-001-a-1080">do</w>
      <w lemma="sweet" pos="av_j" xml:id="B05835-001-a-1090">sweetly</w>
      <w lemma="lie" pos="vvi" reg="lie" xml:id="B05835-001-a-1100">lye</w>
      <w lemma="sleep" pos="vvg" xml:id="B05835-001-a-1110">sleeping</w>
      <pc xml:id="B05835-001-a-1120">,</pc>
     </l>
     <l xml:id="B05835-e330">
      <w lemma="i" pos="pns" xml:id="B05835-001-a-1130">I</w>
      <w lemma="sigh" pos="vvb" xml:id="B05835-001-a-1140">sigh</w>
      <w lemma="by" pos="acp" xml:id="B05835-001-a-1150">by</w>
      <w lemma="myself" pos="px" reg="myself" xml:id="B05835-001-a-1160">my self</w>
      <w lemma="all" pos="d" xml:id="B05835-001-a-1180">all</w>
      <w lemma="alone" pos="j" xml:id="B05835-001-a-1190">alone</w>
      <pc xml:id="B05835-001-a-1200">,</pc>
     </l>
     <l xml:id="B05835-e340">
      <w lemma="my" pos="po" xml:id="B05835-001-a-1210">My</w>
      <w lemma="eye" pos="n2" xml:id="B05835-001-a-1220">eyes</w>
      <w lemma="they" pos="pns" xml:id="B05835-001-a-1230">they</w>
      <w lemma="be" pos="vvb" xml:id="B05835-001-a-1240">are</w>
      <w lemma="swell" pos="vvn" xml:id="B05835-001-a-1250">swelled</w>
      <w lemma="with" pos="acp" xml:id="B05835-001-a-1260">with</w>
      <w lemma="weep" pos="vvg" xml:id="B05835-001-a-1270">weeping</w>
      <pc xml:id="B05835-001-a-1280">,</pc>
     </l>
     <l xml:id="B05835-e350">
      <w lemma="no" pos="d-x" xml:id="B05835-001-a-1290">no</w>
      <w lemma="sorrow" pos="n2" xml:id="B05835-001-a-1300">sorrows</w>
      <w lemma="like" pos="acp" xml:id="B05835-001-a-1310">like</w>
      <w lemma="i" pos="png" xml:id="B05835-001-a-1320">mine</w>
      <w lemma="ever" pos="av" reg="e'er" xml:id="B05835-001-a-1330">e're</w>
      <w lemma="be" pos="vvd" xml:id="B05835-001-a-1340">was</w>
      <w lemma="know" pos="vvn" xml:id="B05835-001-a-1350">known</w>
      <pc xml:id="B05835-001-a-1360">:</pc>
     </l>
     <l xml:id="B05835-e360">
      <w lemma="but" pos="acp" xml:id="B05835-001-a-1370">But</w>
      <w lemma="whilst" pos="cs" xml:id="B05835-001-a-1380">whilst</w>
      <w lemma="to" pos="acp" xml:id="B05835-001-a-1390">to</w>
      <w lemma="myself" pos="px" reg="myself" xml:id="B05835-001-a-1400">my self</w>
      <w lemma="i" pos="pns" xml:id="B05835-001-a-1420">I</w>
      <w lemma="do" pos="vvb" xml:id="B05835-001-a-1430">do</w>
      <w lemma="pine" pos="vvi" xml:id="B05835-001-a-1440">pine</w>
      <pc xml:id="B05835-001-a-1450">,</pc>
     </l>
     <l xml:id="B05835-e370">
      <w lemma="i" pos="pns" xml:id="B05835-001-a-1460">I</w>
      <w lemma="do" pos="vvb" xml:id="B05835-001-a-1470">do</w>
      <w lemma="find" pos="vvi" xml:id="B05835-001-a-1480">find</w>
      <w lemma="all" pos="d" xml:id="B05835-001-a-1490">all</w>
      <w lemma="my" pos="po" xml:id="B05835-001-a-1500">my</w>
      <w lemma="sorrow" pos="n1" xml:id="B05835-001-a-1510">sorrow</w>
      <w lemma="in" pos="acp" xml:id="B05835-001-a-1520">in</w>
      <w lemma="vain" pos="j" xml:id="B05835-001-a-1530">vain</w>
      <pc xml:id="B05835-001-a-1540">,</pc>
     </l>
     <l xml:id="B05835-e380">
      <w lemma="for" pos="acp" xml:id="B05835-001-a-1550">For</w>
      <w lemma="my" pos="po" xml:id="B05835-001-a-1560">my</w>
      <w lemma="love" pos="n1" xml:id="B05835-001-a-1570">love</w>
      <w lemma="she" pos="pns" xml:id="B05835-001-a-1580">she</w>
      <w lemma="will" pos="vmb" xml:id="B05835-001-a-1590">will</w>
      <w lemma="never" pos="av-x" reg="ne'er" xml:id="B05835-001-a-1600">ne'r</w>
      <w lemma="be" pos="vvi" xml:id="B05835-001-a-1610">be</w>
      <w lemma="so" pos="av" xml:id="B05835-001-a-1620">so</w>
      <w lemma="kind" pos="j" xml:id="B05835-001-a-1630">kind</w>
      <pc xml:id="B05835-001-a-1640">,</pc>
     </l>
    </lg>
    <lg type="refrain" xml:id="B05835-e390">
     <l xml:id="B05835-e400">
      <hi xml:id="B05835-e410">
       <w lemma="as" pos="acp" xml:id="B05835-001-a-1650">as</w>
       <w lemma="to" pos="to" xml:id="B05835-001-a-1660">to</w>
       <w lemma="banish" pos="vvi" xml:id="B05835-001-a-1670">banish</w>
       <w lemma="my" pos="po" xml:id="B05835-001-a-1680">my</w>
       <w lemma="sorrow" pos="n1" xml:id="B05835-001-a-1690">sorrow</w>
       <w lemma="and" pos="cc" xml:id="B05835-001-a-1700">and</w>
       <w lemma="pain" pos="n1" xml:id="B05835-001-a-1710">pain</w>
       <pc unit="sentence" xml:id="B05835-001-a-1720">.</pc>
      </hi>
     </l>
    </lg>
    <lg xml:id="B05835-e420">
     <l xml:id="B05835-e430">
      <w lemma="ah" pos="uh" xml:id="B05835-001-a-1730">Ah!</w>
      <w lemma="Silvia" pos="n1-nn" rendition="#hi" xml:id="B05835-001-a-1740">Silvia</w>
      <pc xml:id="B05835-001-a-1750">,</pc>
      <w lemma="be" pos="vvb" xml:id="B05835-001-a-1760">be</w>
      <w lemma="cruel" pos="j" xml:id="B05835-001-a-1770">cruel</w>
      <w lemma="no" pos="av-x_d" xml:id="B05835-001-a-1780">no</w>
      <w lemma="long" pos="av-c_j" xml:id="B05835-001-a-1790">longer</w>
      <pc xml:id="B05835-001-a-1800">,</pc>
     </l>
     <l xml:id="B05835-e450">
      <w lemma="to" pos="acp" xml:id="B05835-001-a-1810">to</w>
      <w lemma="he" pos="pno" xml:id="B05835-001-a-1820">him</w>
      <w lemma="that" pos="cs" xml:id="B05835-001-a-1830">that</w>
      <w lemma="thy" pos="po" xml:id="B05835-001-a-1840">thy</w>
      <w lemma="beauty" pos="n1" xml:id="B05835-001-a-1850">beauty</w>
      <w lemma="adore" pos="vvz" xml:id="B05835-001-a-1860">adores</w>
      <pc xml:id="B05835-001-a-1870">,</pc>
     </l>
     <l xml:id="B05835-e460">
      <w lemma="thy" pos="po" xml:id="B05835-001-a-1880">Thy</w>
      <w lemma="charm" pos="n2" xml:id="B05835-001-a-1890">Charms</w>
      <w lemma="they" pos="pns" xml:id="B05835-001-a-1900">they</w>
      <w lemma="grow" pos="vvb" xml:id="B05835-001-a-1910">grow</w>
      <w lemma="strong" pos="j-c" xml:id="B05835-001-a-1920">stronger</w>
      <w lemma="&amp;" pos="cc" xml:id="B05835-001-a-1930">&amp;</w>
      <w lemma="strong" pos="j-c" xml:id="B05835-001-a-1940">stronger</w>
      <pc xml:id="B05835-001-a-1950">,</pc>
     </l>
     <l xml:id="B05835-e470">
      <w lemma="then" pos="av" xml:id="B05835-001-a-1960">then</w>
      <w lemma="let" pos="vvb" xml:id="B05835-001-a-1970">let</w>
      <w lemma="thy" pos="po" xml:id="B05835-001-a-1980">thy</w>
      <w lemma="soft" pos="j" xml:id="B05835-001-a-1990">soft</w>
      <w lemma="tear" pos="n2" xml:id="B05835-001-a-2000">tears</w>
      <w lemma="wash" pos="vvi" xml:id="B05835-001-a-2010">wash</w>
      <w lemma="my" pos="po" xml:id="B05835-001-a-2020">my</w>
      <w lemma="sore" pos="n2" xml:id="B05835-001-a-2030">sores</w>
      <pc xml:id="B05835-001-a-2040">:</pc>
     </l>
     <l xml:id="B05835-e480">
      <w lemma="which" pos="crq" xml:id="B05835-001-a-2050">Which</w>
      <w lemma="i" pos="pns" xml:id="B05835-001-a-2060">I</w>
      <w lemma="for" pos="acp" xml:id="B05835-001-a-2070">for</w>
      <w lemma="thy" pos="po" xml:id="B05835-001-a-2080">thy</w>
      <w lemma="sake" pos="n1" xml:id="B05835-001-a-2090">sake</w>
      <w lemma="have" pos="vvb" xml:id="B05835-001-a-2100">have</w>
      <w lemma="endure" pos="vvn" reg="endured" xml:id="B05835-001-a-2110">endur'd</w>
     </l>
     <l xml:id="B05835-e490">
      <w lemma="though" pos="cs" xml:id="B05835-001-a-2120">though</w>
      <w lemma="thou" pos="pns" xml:id="B05835-001-a-2130">thou</w>
      <w lemma="do" pos="vv2" xml:id="B05835-001-a-2140">dost</w>
      <w lemma="my" pos="po" xml:id="B05835-001-a-2150">my</w>
      <w lemma="service" pos="n1" xml:id="B05835-001-a-2160">service</w>
      <w lemma="disdain" pos="n1" xml:id="B05835-001-a-2170">disdain</w>
      <pc xml:id="B05835-001-a-2180">,</pc>
     </l>
     <l xml:id="B05835-e500">
      <w join="right" lemma="i" pos="pns" xml:id="B05835-001-a-2190">I</w>
      <w join="left" lemma="be" pos="vvm" xml:id="B05835-001-a-2191">'m</w>
      <w lemma="certain" pos="j" xml:id="B05835-001-a-2200">certain</w>
      <w lemma="they" pos="pns" xml:id="B05835-001-a-2210">they</w>
      <w lemma="can" pos="vmb-x" xml:id="B05835-001-a-2220">cannot</w>
      <w lemma="be" pos="vvi" xml:id="B05835-001-a-2230">be</w>
      <w lemma="cure" pos="j_vn" reg="Cured" xml:id="B05835-001-a-2240">Cur'd</w>
      <pc xml:id="B05835-001-a-2250">,</pc>
     </l>
    </lg>
    <lg type="refrain" xml:id="B05835-e510">
     <l xml:id="B05835-e520">
      <hi xml:id="B05835-e530">
       <w lemma="but" pos="acp" xml:id="B05835-001-a-2260">but</w>
       <w lemma="i" pos="pns" xml:id="B05835-001-a-2270">I</w>
       <w lemma="must" pos="vmb" xml:id="B05835-001-a-2280">must</w>
       <w lemma="even" pos="av" reg="e'en" xml:id="B05835-001-a-2290">e'ne</w>
       <w lemma="die" pos="vvi" reg="die" xml:id="B05835-001-a-2300">dye</w>
       <w lemma="of" pos="acp" xml:id="B05835-001-a-2310">of</w>
       <w lemma="my" pos="po" xml:id="B05835-001-a-2320">my</w>
       <w lemma="pain" pos="n1" xml:id="B05835-001-a-2330">pain</w>
       <pc unit="sentence" xml:id="B05835-001-a-2340">.</pc>
      </hi>
     </l>
    </lg>
    <lg xml:id="B05835-e540">
     <l xml:id="B05835-e550">
      <w lemma="what" pos="crq-q" xml:id="B05835-001-a-2350">What</w>
      <w lemma="profit" pos="n1" xml:id="B05835-001-a-2360">profit</w>
      <w lemma="love" pos="n1" xml:id="B05835-001-a-2370">Love</w>
      <w lemma="be" pos="vvz" xml:id="B05835-001-a-2380">is</w>
      <w lemma="it" pos="pn" xml:id="B05835-001-a-2390">it</w>
      <w lemma="unto" pos="acp" xml:id="B05835-001-a-2400">unto</w>
      <w lemma="thou" pos="pno" xml:id="B05835-001-a-2410">thee</w>
      <pc xml:id="B05835-001-a-2420">,</pc>
     </l>
     <l xml:id="B05835-e560">
      <w lemma="to" pos="to" xml:id="B05835-001-a-2430">to</w>
      <w lemma="frown" pos="vvi" xml:id="B05835-001-a-2440">frown</w>
      <w lemma="a" pos="d" xml:id="B05835-001-a-2450">a</w>
      <w lemma="poor" pos="j" xml:id="B05835-001-a-2460">poor</w>
      <w lemma="lover" pos="n1" xml:id="B05835-001-a-2470">Lover</w>
      <w lemma="to" pos="acp" xml:id="B05835-001-a-2480">to</w>
      <w lemma="death" pos="n1" xml:id="B05835-001-a-2490">death</w>
      <pc unit="sentence" xml:id="B05835-001-a-2500">?</pc>
     </l>
     <l xml:id="B05835-e570">
      <w lemma="and" pos="cc" xml:id="B05835-001-a-2510">And</w>
      <w lemma="murder" pos="vvb" xml:id="B05835-001-a-2520">murder</w>
      <w lemma="the" pos="d" xml:id="B05835-001-a-2530">the</w>
      <w lemma="man" pos="n1" xml:id="B05835-001-a-2540">man</w>
      <w lemma="that" pos="cs" xml:id="B05835-001-a-2550">that</w>
      <w lemma="do" pos="vvz" xml:id="B05835-001-a-2560">doth</w>
      <w lemma="woo" pos="vvi" reg="woo" xml:id="B05835-001-a-2570">wooe</w>
      <w lemma="thou" pos="pno" xml:id="B05835-001-a-2580">thee</w>
      <pc xml:id="B05835-001-a-2590">,</pc>
     </l>
     <l xml:id="B05835-e580">
      <w lemma="thus" pos="av" xml:id="B05835-001-a-2600">thus</w>
      <w lemma="strange" pos="av_j" xml:id="B05835-001-a-2610">strangely</w>
      <w lemma="to" pos="to" xml:id="B05835-001-a-2620">to</w>
      <w lemma="stifle" pos="vvb" reg="stifle" xml:id="B05835-001-a-2630">stiffle</w>
      <w lemma="his" pos="po" xml:id="B05835-001-a-2640">his</w>
      <w lemma="breath" pos="n1" xml:id="B05835-001-a-2650">breath</w>
      <pc unit="sentence" xml:id="B05835-001-a-2660">?</pc>
     </l>
     <l xml:id="B05835-e590">
      <w lemma="my" pos="po" xml:id="B05835-001-a-2670">My</w>
      <w lemma="dear" pos="j" xml:id="B05835-001-a-2680">dear</w>
      <w lemma="i" pos="pns" xml:id="B05835-001-a-2690">I</w>
      <w lemma="do" pos="vvb" xml:id="B05835-001-a-2700">do</w>
      <w lemma="humble" pos="av_j" xml:id="B05835-001-a-2710">humbly</w>
      <w lemma="entreat" pos="vvi" reg="entreat" xml:id="B05835-001-a-2720">intreat</w>
      <w lemma="thou" pos="pno" xml:id="B05835-001-a-2730">thee</w>
      <pc xml:id="B05835-001-a-2740">,</pc>
     </l>
     <l xml:id="B05835-e600">
      <w lemma="to" pos="to" xml:id="B05835-001-a-2750">to</w>
      <w lemma="grant" pos="vvi" xml:id="B05835-001-a-2760">grant</w>
      <w lemma="i" pos="pno" xml:id="B05835-001-a-2770">me</w>
      <w lemma="my" pos="po" xml:id="B05835-001-a-2780">my</w>
      <w lemma="freedom" pos="n1" xml:id="B05835-001-a-2790">freedom</w>
      <w lemma="again" pos="av" xml:id="B05835-001-a-2800">again</w>
      <pc xml:id="B05835-001-a-2810">,</pc>
     </l>
     <l xml:id="B05835-e610">
      <w lemma="for" pos="acp" xml:id="B05835-001-a-2820">For</w>
      <w lemma="certain" pos="av_j" xml:id="B05835-001-a-2830">certainly</w>
      <w lemma="if" pos="cs" xml:id="B05835-001-a-2840">if</w>
      <w lemma="thou" pos="pns" xml:id="B05835-001-a-2850">thou</w>
      <w lemma="do" pos="vv2" xml:id="B05835-001-a-2860">dost</w>
      <w lemma="cheat" pos="vvi" xml:id="B05835-001-a-2870">cheat</w>
      <w lemma="i" pos="pno" xml:id="B05835-001-a-2880">me</w>
      <pc xml:id="B05835-001-a-2890">,</pc>
     </l>
    </lg>
    <lg type="refrain" xml:id="B05835-e620">
     <l xml:id="B05835-e630">
      <hi xml:id="B05835-e640">
       <w lemma="i" pos="pns" xml:id="B05835-001-a-2900">I</w>
       <w lemma="languish" pos="vvb" xml:id="B05835-001-a-2910">languish</w>
       <w lemma="betwixt" pos="acp" xml:id="B05835-001-a-2920">'twixt</w>
       <w lemma="sorrow" pos="n1" xml:id="B05835-001-a-2930">sorrow</w>
       <w lemma="and" pos="cc" xml:id="B05835-001-a-2940">and</w>
       <w lemma="pain" pos="n1" xml:id="B05835-001-a-2950">pain</w>
       <pc unit="sentence" xml:id="B05835-001-a-2960">.</pc>
      </hi>
     </l>
    </lg>
    <lg xml:id="B05835-e650">
     <l xml:id="B05835-e660">
      <w lemma="but" pos="acp" xml:id="B05835-001-a-2970">But</w>
      <w lemma="in" pos="acp" xml:id="B05835-001-a-2980">in</w>
      <w lemma="vain" pos="j" xml:id="B05835-001-a-2990">vain</w>
      <w lemma="do" pos="vvb" xml:id="B05835-001-a-3000">do</w>
      <w lemma="i" pos="pns" xml:id="B05835-001-a-3010">I</w>
      <w lemma="beg" pos="vvi" xml:id="B05835-001-a-3020">beg</w>
      <w lemma="for" pos="acp" xml:id="B05835-001-a-3030">for</w>
      <w lemma="a" pos="d" xml:id="B05835-001-a-3040">a</w>
      <w lemma="freedom" pos="n1" xml:id="B05835-001-a-3050">freedom</w>
      <pc xml:id="B05835-001-a-3060">,</pc>
     </l>
     <l xml:id="B05835-e670">
      <w lemma="when" pos="crq" xml:id="B05835-001-a-3070">when</w>
      <w lemma="cruelty" pos="n1" xml:id="B05835-001-a-3080">Cruelty</w>
      <w lemma="lock" pos="vvz" xml:id="B05835-001-a-3090">locks</w>
      <w lemma="up" pos="acp-av" xml:id="B05835-001-a-3100">up</w>
      <w lemma="the" pos="d" xml:id="B05835-001-a-3110">the</w>
      <w lemma="door" pos="n1" xml:id="B05835-001-a-3120">door</w>
      <pc xml:id="B05835-001-a-3130">,</pc>
     </l>
     <l xml:id="B05835-e680">
      <w lemma="if" pos="cs" xml:id="B05835-001-a-3140">If</w>
      <w lemma="youngman" pos="n2" reg="youngmen" xml:id="B05835-001-a-3150">young-men</w>
      <w lemma="they" pos="pns" xml:id="B05835-001-a-3160">they</w>
      <w lemma="once" pos="acp-av" xml:id="B05835-001-a-3170">once</w>
      <w lemma="will" pos="vmd" xml:id="B05835-001-a-3180">would</w>
      <w lemma="but" pos="acp" xml:id="B05835-001-a-3190">but</w>
      <w lemma="heed'um" pos="n1" xml:id="B05835-001-a-3200">heed'um</w>
     </l>
     <l xml:id="B05835-e690">
      <w join="right" lemma="they" pos="pns" xml:id="B05835-001-a-3210">they</w>
      <w join="left" lemma="will" pos="vmd" xml:id="B05835-001-a-3211">'d</w>
      <w lemma="never" pos="av-x" xml:id="B05835-001-a-3220">never</w>
      <w lemma="love" pos="vvi" xml:id="B05835-001-a-3230">love</w>
      <w lemma="beauty" pos="n2" reg="Beauties" xml:id="B05835-001-a-3240">Beautys</w>
      <w lemma="no" pos="av-x_d" xml:id="B05835-001-a-3250">no</w>
      <w lemma="more" pos="av-c_d" xml:id="B05835-001-a-3260">more</w>
      <pc xml:id="B05835-001-a-3270">:</pc>
     </l>
     <l xml:id="B05835-e700">
      <w lemma="then" pos="av" xml:id="B05835-001-a-3280">Then</w>
      <w lemma="he" pos="pns" xml:id="B05835-001-a-3290">he</w>
      <w lemma="but" pos="acp-av" xml:id="B05835-001-a-3300">but</w>
      <w lemma="as" pos="acp" xml:id="B05835-001-a-3310">as</w>
      <w lemma="kind" pos="j" xml:id="B05835-001-a-3320">kind</w>
      <w lemma="as" pos="acp" xml:id="B05835-001-a-3330">as</w>
      <w lemma="you" pos="pn" xml:id="B05835-001-a-3340">you</w>
      <w lemma="be" pos="vvb" xml:id="B05835-001-a-3350">are</w>
      <w lemma="fair" pos="j" xml:id="B05835-001-a-3360">fair</w>
      <pc xml:id="B05835-001-a-3370">,</pc>
     </l>
     <l xml:id="B05835-e710">
      <w lemma="and" pos="cc" xml:id="B05835-001-a-3380">and</w>
      <w lemma="we" pos="pns" xml:id="B05835-001-a-3390">we</w>
      <w lemma="shall" pos="vmb" xml:id="B05835-001-a-3400">shall</w>
      <w lemma="no" pos="av-x_d" xml:id="B05835-001-a-3410">no</w>
      <w lemma="long" pos="av-c_j" xml:id="B05835-001-a-3420">longer</w>
      <w lemma="complain" pos="vvi" xml:id="B05835-001-a-3430">complain</w>
      <pc xml:id="B05835-001-a-3440">,</pc>
     </l>
     <l xml:id="B05835-e720">
      <w lemma="but" pos="acp" xml:id="B05835-001-a-3450">But</w>
      <w lemma="now" pos="av" xml:id="B05835-001-a-3460">now</w>
      <w lemma="we" pos="pns" xml:id="B05835-001-a-3470">we</w>
      <w lemma="for" pos="acp" xml:id="B05835-001-a-3480">for</w>
      <w lemma="death" pos="n1" xml:id="B05835-001-a-3490">death</w>
      <w lemma="must" pos="vmb" xml:id="B05835-001-a-3500">must</w>
      <w lemma="prepare" pos="vvi" xml:id="B05835-001-a-3510">prepare</w>
      <pc xml:id="B05835-001-a-3520">,</pc>
     </l>
    </lg>
    <lg type="refrain" xml:id="B05835-e730">
     <l xml:id="B05835-e740">
      <hi xml:id="B05835-e750">
       <w lemma="and" pos="cc" xml:id="B05835-001-a-3530">and</w>
       <w lemma="die" pos="vvi" reg="die" xml:id="B05835-001-a-3540">dye</w>
       <w lemma="with" pos="acp" xml:id="B05835-001-a-3550">with</w>
       <w lemma="extreme" pos="n2_j" reg="extremes" xml:id="B05835-001-a-3560">extreams</w>
       <w lemma="of" pos="acp" xml:id="B05835-001-a-3570">of</w>
       <w lemma="our" pos="po" xml:id="B05835-001-a-3580">our</w>
       <w lemma="pain" pos="n1" xml:id="B05835-001-a-3590">pain</w>
       <pc unit="sentence" xml:id="B05835-001-a-3600">.</pc>
      </hi>
     </l>
    </lg>
    <div type="part" xml:id="B05835-e760">
     <head xml:id="B05835-e770">
      <w lemma="the" pos="d" xml:id="B05835-001-a-3610">The</w>
      <w lemma="woman" pos="n1g" reg="Woman's" xml:id="B05835-001-a-3620">Womans</w>
      <w lemma="answer" pos="n1" xml:id="B05835-001-a-3630">Answer</w>
      <pc unit="sentence" xml:id="B05835-001-a-3640">.</pc>
     </head>
     <lg xml:id="B05835-e780">
      <l xml:id="B05835-e790">
       <w lemma="what" pos="crq-q" xml:id="B05835-001-a-3650">What</w>
       <w lemma="make" pos="vvz" xml:id="B05835-001-a-3660">makes</w>
       <w lemma="my" pos="po" xml:id="B05835-001-a-3670">my</w>
       <w lemma="dear" pos="j" xml:id="B05835-001-a-3680">dear</w>
       <w lemma="shepherd" pos="n1" xml:id="B05835-001-a-3690">shepherd</w>
       <w lemma="to" pos="to" xml:id="B05835-001-a-3700">to</w>
       <w lemma="languish" pos="vvi" xml:id="B05835-001-a-3710">languish</w>
      </l>
      <l xml:id="B05835-e800">
       <w lemma="and" pos="cc" xml:id="B05835-001-a-3720">and</w>
       <w lemma="sigh" pos="vvi" xml:id="B05835-001-a-3730">sigh</w>
       <w lemma="out" pos="av" xml:id="B05835-001-a-3740">out</w>
       <w lemma="his" pos="po" xml:id="B05835-001-a-3750">his</w>
       <w lemma="pitiful" pos="j" reg="pitiful" xml:id="B05835-001-a-3760">pittiful</w>
       <w lemma="moan" pos="n1" xml:id="B05835-001-a-3770">moan</w>
      </l>
      <l xml:id="B05835-e810">
       <w lemma="i" pos="pns" xml:id="B05835-001-a-3780">I</w>
       <w lemma="bleed" pos="vvb" xml:id="B05835-001-a-3790">bleed</w>
       <w lemma="at" pos="acp" xml:id="B05835-001-a-3800">at</w>
       <w lemma="the" pos="d" xml:id="B05835-001-a-3810">the</w>
       <w lemma="thought" pos="n2" xml:id="B05835-001-a-3820">thoughts</w>
       <w lemma="of" pos="acp" xml:id="B05835-001-a-3830">of</w>
       <w lemma="his" pos="po" xml:id="B05835-001-a-3840">his</w>
       <w lemma="anguish" pos="n1" xml:id="B05835-001-a-3850">anguish</w>
       <pc xml:id="B05835-001-a-3860">,</pc>
      </l>
      <l xml:id="B05835-e820">
       <w lemma="he" pos="pns" xml:id="B05835-001-a-3870">he</w>
       <w lemma="know" pos="vvz" xml:id="B05835-001-a-3880">knows</w>
       <w lemma="that" pos="cs" xml:id="B05835-001-a-3890">that</w>
       <w lemma="i" pos="pns" xml:id="B05835-001-a-3900">I</w>
       <w lemma="love" pos="vvb" xml:id="B05835-001-a-3910">love</w>
       <w lemma="he" pos="pno" xml:id="B05835-001-a-3920">him</w>
       <w lemma="alone" pos="av_j" xml:id="B05835-001-a-3930">alone</w>
       <pc xml:id="B05835-001-a-3940">:</pc>
      </l>
      <l xml:id="B05835-e830">
       <w lemma="but" pos="acp" xml:id="B05835-001-a-3950">But</w>
       <w lemma="yet" pos="av" xml:id="B05835-001-a-3960">yet</w>
       <w lemma="he" pos="pns" xml:id="B05835-001-a-3970">he</w>
       <w lemma="do" pos="vvz" xml:id="B05835-001-a-3980">doth</w>
       <w lemma="seem" pos="vvi" xml:id="B05835-001-a-3990">seem</w>
       <w lemma="to" pos="to" xml:id="B05835-001-a-4000">to</w>
       <w lemma="be" pos="vvi" xml:id="B05835-001-a-4010">be</w>
       <w lemma="jealous" pos="j" xml:id="B05835-001-a-4020">jealous</w>
       <pc xml:id="B05835-001-a-4030">,</pc>
      </l>
      <l xml:id="B05835-e840">
       <w lemma="of" pos="acp" xml:id="B05835-001-a-4040">of</w>
       <w lemma="some" pos="d" xml:id="B05835-001-a-4050">some</w>
       <w lemma="that" pos="cs" xml:id="B05835-001-a-4060">that</w>
       <w lemma="do" pos="vvb" xml:id="B05835-001-a-4070">do</w>
       <w lemma="graze" pos="vvi" xml:id="B05835-001-a-4080">graze</w>
       <w lemma="on" pos="acp" xml:id="B05835-001-a-4090">on</w>
       <w lemma="the" pos="d" xml:id="B05835-001-a-4100">the</w>
       <w lemma="plain" pos="j" xml:id="B05835-001-a-4110">Plain</w>
       <pc xml:id="B05835-001-a-4120">,</pc>
      </l>
      <l xml:id="B05835-e850">
       <w lemma="but" pos="acp" xml:id="B05835-001-a-4130">But</w>
       <w lemma="i" pos="pns" xml:id="B05835-001-a-4140">I</w>
       <w lemma="think" pos="vvb" xml:id="B05835-001-a-4150">think</w>
       <w lemma="he" pos="pns" xml:id="B05835-001-a-4160">he</w>
       <w lemma="have" pos="vvz" xml:id="B05835-001-a-4170">hath</w>
       <w lemma="very" pos="av" xml:id="B05835-001-a-4180">very</w>
       <w lemma="few" pos="d" xml:id="B05835-001-a-4190">few</w>
       <w lemma="fellow" pos="n2" xml:id="B05835-001-a-4200">fellows</w>
       <pc xml:id="B05835-001-a-4210">,</pc>
      </l>
     </lg>
     <lg type="refrain" xml:id="B05835-e860">
      <l xml:id="B05835-e870">
       <hi xml:id="B05835-e880">
        <w lemma="and" pos="cc" xml:id="B05835-001-a-4220">and</w>
        <w lemma="therefore" pos="av" xml:id="B05835-001-a-4230">therefore</w>
        <w join="right" lemma="i" pos="pns" xml:id="B05835-001-a-4240">I</w>
        <w join="left" lemma="will" pos="vmb" reg="'ll" xml:id="B05835-001-a-4241">'le</w>
        <w lemma="constant" pos="j" xml:id="B05835-001-a-4250">constant</w>
        <w lemma="remain" pos="vvi" xml:id="B05835-001-a-4260">remain</w>
       </hi>
       <pc rendition="#follows-hi" unit="sentence" xml:id="B05835-001-a-4270">.</pc>
      </l>
     </lg>
     <lg xml:id="B05835-e890">
      <l xml:id="B05835-e900">
       <w lemma="he" pos="pns" xml:id="B05835-001-a-4280">He</w>
       <w lemma="talk" pos="vvz" xml:id="B05835-001-a-4290">talks</w>
       <w lemma="of" pos="acp" xml:id="B05835-001-a-4300">of</w>
       <w lemma="the" pos="d" xml:id="B05835-001-a-4310">the</w>
       <w lemma="pain" pos="n2" xml:id="B05835-001-a-4320">pains</w>
       <w lemma="he" pos="pns" xml:id="B05835-001-a-4330">he</w>
       <w lemma="endure" pos="vvn" xml:id="B05835-001-a-4340">endured</w>
       <pc xml:id="B05835-001-a-4350">,</pc>
      </l>
      <l xml:id="B05835-e910">
       <w lemma="and" pos="cc" xml:id="B05835-001-a-4360">and</w>
       <w lemma="suffer" pos="vvd" xml:id="B05835-001-a-4370">suffered</w>
       <w lemma="all" pos="d" xml:id="B05835-001-a-4380">all</w>
       <w lemma="for" pos="acp" xml:id="B05835-001-a-4390">for</w>
       <w lemma="my" pos="po" xml:id="B05835-001-a-4400">my</w>
       <w lemma="sake" pos="n1" xml:id="B05835-001-a-4410">sake</w>
       <pc xml:id="B05835-001-a-4420">,</pc>
      </l>
      <l xml:id="B05835-e920">
       <w join="right" lemma="i" pos="pns" xml:id="B05835-001-a-4430">I</w>
       <w join="left" lemma="be" pos="vvm" xml:id="B05835-001-a-4431">'m</w>
       <w lemma="wound" pos="vvn" xml:id="B05835-001-a-4440">wounded</w>
       <w lemma="and" pos="cc" xml:id="B05835-001-a-4450">and</w>
       <w lemma="can" pos="vmb-x" xml:id="B05835-001-a-4460">cannot</w>
       <w lemma="be" pos="vvi" xml:id="B05835-001-a-4470">be</w>
       <w lemma="cure" pos="vvn" xml:id="B05835-001-a-4480">cured</w>
       <pc xml:id="B05835-001-a-4490">,</pc>
      </l>
      <l xml:id="B05835-e930">
       <w lemma="and" pos="cc" xml:id="B05835-001-a-4500">and</w>
       <w lemma="my" pos="po" xml:id="B05835-001-a-4510">my</w>
       <w lemma="heart" pos="n1" xml:id="B05835-001-a-4520">heart</w>
       <w lemma="it" pos="pn" xml:id="B05835-001-a-4530">it</w>
       <w lemma="be" pos="vvz" xml:id="B05835-001-a-4540">is</w>
       <w lemma="ready" pos="j" xml:id="B05835-001-a-4550">ready</w>
       <w lemma="to" pos="to" xml:id="B05835-001-a-4560">to</w>
       <w lemma="break" pos="vvi" xml:id="B05835-001-a-4570">break</w>
       <pc xml:id="B05835-001-a-4580">;</pc>
      </l>
      <l xml:id="B05835-e940">
       <w lemma="but" pos="acp" xml:id="B05835-001-a-4590">But</w>
       <w lemma="Coron" pos="n1-nn" rendition="#hi" xml:id="B05835-001-a-4600">Coron</w>
       <w lemma="be" pos="vvz" xml:id="B05835-001-a-4610">is</w>
       <w lemma="still" pos="av" xml:id="B05835-001-a-4620">still</w>
       <w lemma="a" pos="d" xml:id="B05835-001-a-4630">a</w>
       <w lemma="revile" pos="vvg" xml:id="B05835-001-a-4640">reviling</w>
       <pc xml:id="B05835-001-a-4650">,</pc>
      </l>
      <l xml:id="B05835-e960">
       <w lemma="the" pos="d" xml:id="B05835-001-a-4660">the</w>
       <w lemma="true" pos="j-s" xml:id="B05835-001-a-4670">truest</w>
       <w lemma="that" pos="cs" xml:id="B05835-001-a-4680">that</w>
       <w lemma="live" pos="vvz" xml:id="B05835-001-a-4690">lives</w>
       <w lemma="on" pos="acp" xml:id="B05835-001-a-4700">on</w>
       <w lemma="the" pos="d" xml:id="B05835-001-a-4710">the</w>
       <w lemma="plain" pos="j" xml:id="B05835-001-a-4720">Plain</w>
       <pc xml:id="B05835-001-a-4730">,</pc>
      </l>
      <l xml:id="B05835-e970">
       <w lemma="no" pos="av-x_d" xml:id="B05835-001-a-4740">No</w>
       <w lemma="long" pos="av-c_j" xml:id="B05835-001-a-4750">longer</w>
       <w lemma="than" pos="cs" reg="than" xml:id="B05835-001-a-4760">then</w>
       <w lemma="i" pos="pns" xml:id="B05835-001-a-4770">I</w>
       <w lemma="be" pos="vvm" xml:id="B05835-001-a-4780">am</w>
       <w lemma="a" pos="d" xml:id="B05835-001-a-4790">a</w>
       <w lemma="smil" pos="j_vg" reg="smiling" xml:id="B05835-001-a-4800">smilling</w>
       <pc xml:id="B05835-001-a-4810">,</pc>
      </l>
     </lg>
     <lg type="refrain" xml:id="B05835-e980">
      <l xml:id="B05835-e990">
       <hi xml:id="B05835-e1000">
        <w lemma="but" pos="acp" xml:id="B05835-001-a-4820">but</w>
        <w lemma="he" pos="pns" xml:id="B05835-001-a-4830">he</w>
        <w lemma="feel" pos="vvz" xml:id="B05835-001-a-4840">feels</w>
        <w lemma="a" pos="d" xml:id="B05835-001-a-4850">a</w>
        <w lemma="terrible" pos="j" xml:id="B05835-001-a-4860">terrible</w>
        <w lemma="pain" pos="n1" xml:id="B05835-001-a-4870">pain</w>
        <pc unit="sentence" xml:id="B05835-001-a-4880">.</pc>
       </hi>
      </l>
     </lg>
     <lg xml:id="B05835-e1010">
      <l xml:id="B05835-e1020">
       <w lemma="if" pos="cs" xml:id="B05835-001-a-4890">If</w>
       <w lemma="i" pos="pns" xml:id="B05835-001-a-4900">I</w>
       <w lemma="shall" pos="vmd" xml:id="B05835-001-a-4910">should</w>
       <w lemma="bealways" pos="j" reg="bealways" xml:id="B05835-001-a-4920">be-always</w>
       <w lemma="a" pos="d" xml:id="B05835-001-a-4930">a</w>
       <w lemma="kiss" pos="vvg" xml:id="B05835-001-a-4940">Kissing</w>
       <pc xml:id="B05835-001-a-4950">,</pc>
      </l>
      <l xml:id="B05835-e1030">
       <w lemma="the" pos="d" xml:id="B05835-001-a-4960">the</w>
       <w lemma="world" pos="n1" xml:id="B05835-001-a-4970">world</w>
       <w lemma="will" pos="vmd" xml:id="B05835-001-a-4980">would</w>
       <w lemma="my" pos="po" xml:id="B05835-001-a-4990">my</w>
       <w lemma="folly" pos="n1" xml:id="B05835-001-a-5000">folly</w>
       <w lemma="admire" pos="vvi" xml:id="B05835-001-a-5010">admire</w>
       <pc xml:id="B05835-001-a-5020">,</pc>
      </l>
      <l xml:id="B05835-e1040">
       <w lemma="the" pos="d" xml:id="B05835-001-a-5030">The</w>
       <w lemma="shepherd" pos="n2" xml:id="B05835-001-a-5040">Shepherds</w>
       <w lemma="at" pos="acp" xml:id="B05835-001-a-5050">at</w>
       <w lemma="we" pos="pno" xml:id="B05835-001-a-5060">us</w>
       <w lemma="will" pos="vmd" xml:id="B05835-001-a-5070">would</w>
       <w lemma="lie" pos="vvi" reg="lie" xml:id="B05835-001-a-5080">lye</w>
       <w lemma="hiss" pos="vvg" xml:id="B05835-001-a-5090">hissing</w>
       <pc xml:id="B05835-001-a-5100">,</pc>
      </l>
      <l xml:id="B05835-e1050">
       <w lemma="and" pos="cc" xml:id="B05835-001-a-5110">and</w>
       <w lemma="hinder" pos="vvi" xml:id="B05835-001-a-5120">hinder</w>
       <w lemma="what" pos="crq" xml:id="B05835-001-a-5130">what</w>
       <w lemma="he" pos="pns" xml:id="B05835-001-a-5140">he</w>
       <w lemma="do" pos="vvz" xml:id="B05835-001-a-5150">doth</w>
       <w lemma="desire" pos="vvi" xml:id="B05835-001-a-5160">desire</w>
       <pc xml:id="B05835-001-a-5170">:</pc>
      </l>
      <l xml:id="B05835-e1060">
       <w lemma="but" pos="acp" xml:id="B05835-001-a-5180">But</w>
       <w join="right" lemma="i" pos="pns" xml:id="B05835-001-a-5190">I</w>
       <w join="left" lemma="will" pos="vmb" reg="'ll" xml:id="B05835-001-a-5191">'le</w>
       <w lemma="in" pos="acp" xml:id="B05835-001-a-5200">in</w>
       <w lemma="a" pos="d" xml:id="B05835-001-a-5210">a</w>
       <w lemma="corner" pos="n1" xml:id="B05835-001-a-5220">corner</w>
       <w lemma="embrace" pos="vvi" reg="embrace" xml:id="B05835-001-a-5230">imbrace</w>
       <w lemma="he" pos="pno" xml:id="B05835-001-a-5240">him</w>
       <pc xml:id="B05835-001-a-5250">,</pc>
      </l>
      <l xml:id="B05835-e1070">
       <w lemma="that" pos="cs" xml:id="B05835-001-a-5260">that</w>
       <w lemma="he" pos="pns" xml:id="B05835-001-a-5270">he</w>
       <w lemma="may" pos="vmb" xml:id="B05835-001-a-5280">may</w>
       <w lemma="no" pos="av-x_d" xml:id="B05835-001-a-5290">no</w>
       <w lemma="long" pos="av-c_j" xml:id="B05835-001-a-5300">longer</w>
       <w lemma="complain" pos="vvi" xml:id="B05835-001-a-5310">complain</w>
       <pc xml:id="B05835-001-a-5320">,</pc>
      </l>
      <l xml:id="B05835-e1080">
       <w lemma="at" pos="acp" xml:id="B05835-001-a-5330">At</w>
       <w lemma="night" pos="n1" xml:id="B05835-001-a-5340">night</w>
       <w lemma="in" pos="acp" xml:id="B05835-001-a-5350">in</w>
       <w lemma="my" pos="po" xml:id="B05835-001-a-5360">my</w>
       <w lemma="bosom" pos="n1" xml:id="B05835-001-a-5370">bosom</w>
       <w join="right" lemma="i" pos="pns" xml:id="B05835-001-a-5380">I</w>
       <w join="left" lemma="will" pos="vmb" reg="'ll" xml:id="B05835-001-a-5381">'le</w>
       <w lemma="place" pos="vvi" xml:id="B05835-001-a-5390">place</w>
       <w lemma="he" pos="pno" xml:id="B05835-001-a-5400">him</w>
       <pc xml:id="B05835-001-a-5410">,</pc>
      </l>
     </lg>
     <lg type="refrain" xml:id="B05835-e1090">
      <l xml:id="B05835-e1100">
       <hi xml:id="B05835-e1110">
        <w lemma="for" pos="acp" xml:id="B05835-001-a-5420">for</w>
        <w lemma="to" pos="to" xml:id="B05835-001-a-5430">to</w>
        <w lemma="banish" pos="vvi" xml:id="B05835-001-a-5440">banish</w>
        <w lemma="his" pos="po" xml:id="B05835-001-a-5450">his</w>
        <w lemma="sorrow" pos="n1" xml:id="B05835-001-a-5460">sorrow</w>
        <w lemma="and" pos="cc" xml:id="B05835-001-a-5470">and</w>
        <w lemma="pain" pos="n1" xml:id="B05835-001-a-5480">pain</w>
        <pc unit="sentence" xml:id="B05835-001-a-5490">.</pc>
       </hi>
      </l>
     </lg>
     <lg xml:id="B05835-e1120">
      <l xml:id="B05835-e1130">
       <w lemma="be" pos="vvd" xml:id="B05835-001-a-5500">Was</w>
       <w lemma="ever" pos="av" xml:id="B05835-001-a-5510">ever</w>
       <w lemma="poor" pos="j" xml:id="B05835-001-a-5520">poor</w>
       <w lemma="shepherdess" pos="n1" xml:id="B05835-001-a-5530">Shepherdess</w>
       <w lemma="kind" pos="j-c" xml:id="B05835-001-a-5540">kinder</w>
       <pc xml:id="B05835-001-a-5550">,</pc>
      </l>
      <l xml:id="B05835-e1140">
       <w lemma="than" pos="cs" reg="than" xml:id="B05835-001-a-5560">then</w>
       <w lemma="now" pos="av" xml:id="B05835-001-a-5570">now</w>
       <w lemma="i" pos="pns" xml:id="B05835-001-a-5580">I</w>
       <w lemma="do" pos="vvb" xml:id="B05835-001-a-5590">do</w>
       <w lemma="promise" pos="n1" xml:id="B05835-001-a-5600">promise</w>
       <w lemma="to" pos="to" xml:id="B05835-001-a-5610">to</w>
       <w lemma="be" pos="vvi" xml:id="B05835-001-a-5620">be</w>
       <pc unit="sentence" xml:id="B05835-001-a-5630">?</pc>
      </l>
      <l xml:id="B05835-e1150">
       <w lemma="how" pos="crq-q" xml:id="B05835-001-a-5640">How</w>
       <w lemma="can" pos="vmb" xml:id="B05835-001-a-5650">can</w>
       <w lemma="he" pos="pns" xml:id="B05835-001-a-5660">he</w>
       <w lemma="then" pos="av" xml:id="B05835-001-a-5670">then</w>
       <w lemma="choose" pos="vvi" reg="choose" xml:id="B05835-001-a-5680">chuse</w>
       <w lemma="but" pos="acp" xml:id="B05835-001-a-5690">but</w>
       <w lemma="mind" pos="n1" xml:id="B05835-001-a-5700">mind</w>
       <w lemma="she" pos="pno" xml:id="B05835-001-a-5710">her</w>
       <pc xml:id="B05835-001-a-5720">,</pc>
      </l>
      <l xml:id="B05835-e1160">
       <w lemma="that" pos="cs" xml:id="B05835-001-a-5730">that</w>
       <w lemma="love" pos="vvz" xml:id="B05835-001-a-5740">loves</w>
       <w lemma="so" pos="av" xml:id="B05835-001-a-5750">so</w>
       <w lemma="unchangeable" pos="av_j" xml:id="B05835-001-a-5760">unchangeably</w>
       <pc unit="sentence" xml:id="B05835-001-a-5770">?</pc>
      </l>
      <l xml:id="B05835-e1170">
       <w lemma="he" pos="pns" xml:id="B05835-001-a-5780">He</w>
       <w lemma="can" pos="vmb-x" xml:id="B05835-001-a-5790">cannot</w>
       <w lemma="enjoy" pos="vvi" xml:id="B05835-001-a-5800">enjoy</w>
       <w lemma="great" pos="j-c" xml:id="B05835-001-a-5810">greater</w>
       <w lemma="bliss" pos="n1" xml:id="B05835-001-a-5820">bliss</w>
       <pc xml:id="B05835-001-a-5830">,</pc>
      </l>
      <l xml:id="B05835-e1180">
       <w lemma="then" pos="av" xml:id="B05835-001-a-5840">then</w>
       <w lemma="with" pos="acp" xml:id="B05835-001-a-5850">with</w>
       <w lemma="his" pos="po" xml:id="B05835-001-a-5860">his</w>
       <w lemma="true" pos="j" xml:id="B05835-001-a-5870">true</w>
       <w lemma="love" pos="n1" xml:id="B05835-001-a-5880">Love</w>
       <w lemma="to" pos="to" xml:id="B05835-001-a-5890">to</w>
       <w lemma="remain" pos="vvi" xml:id="B05835-001-a-5900">remain</w>
       <pc xml:id="B05835-001-a-5910">,</pc>
      </l>
      <l xml:id="B05835-e1190">
       <w lemma="that" pos="cs" xml:id="B05835-001-a-5920">That</w>
       <w lemma="each" pos="d" xml:id="B05835-001-a-5930">each</w>
       <w lemma="minute" pos="n1" xml:id="B05835-001-a-5940">minute</w>
       <w lemma="will" pos="vmb" xml:id="B05835-001-a-5950">will</w>
       <w lemma="give" pos="vvi" xml:id="B05835-001-a-5960">give</w>
       <w lemma="he" pos="pno" xml:id="B05835-001-a-5970">him</w>
       <w lemma="a" pos="d" xml:id="B05835-001-a-5980">a</w>
       <w lemma="kiss" pos="n1" xml:id="B05835-001-a-5990">kiss</w>
       <pc xml:id="B05835-001-a-6000">,</pc>
      </l>
     </lg>
     <lg type="refrain" xml:id="B05835-e1200">
      <l xml:id="B05835-e1210">
       <hi xml:id="B05835-e1220">
        <w lemma="for" pos="acp" xml:id="B05835-001-a-6010">for</w>
        <w lemma="to" pos="to" xml:id="B05835-001-a-6020">to</w>
        <w lemma="banish" pos="vvi" xml:id="B05835-001-a-6030">banish</w>
        <w lemma="his" pos="po" xml:id="B05835-001-a-6040">his</w>
        <w lemma="sorrow" pos="n1" xml:id="B05835-001-a-6050">sorrow</w>
        <w lemma="and" pos="cc" xml:id="B05835-001-a-6060">and</w>
        <w lemma="pain" pos="n1" xml:id="B05835-001-a-6070">pain</w>
        <pc unit="sentence" xml:id="B05835-001-a-6080">.</pc>
       </hi>
      </l>
     </lg>
     <lg xml:id="B05835-e1230">
      <l xml:id="B05835-e1240">
       <w lemma="you" pos="pn" xml:id="B05835-001-a-6090">You</w>
       <w lemma="lover" pos="n2" xml:id="B05835-001-a-6100">Lovers</w>
       <w lemma="take" pos="vvb" xml:id="B05835-001-a-6110">take</w>
       <w lemma="pattern" pos="n1" xml:id="B05835-001-a-6120">pattern</w>
       <w lemma="by" pos="acp" xml:id="B05835-001-a-6130">by</w>
       <w lemma="i" pos="pno" xml:id="B05835-001-a-6140">me</w>
       <w lemma="then" pos="av" xml:id="B05835-001-a-6150">then</w>
       <pc xml:id="B05835-001-a-6160">,</pc>
      </l>
      <l xml:id="B05835-e1250">
       <w lemma="that" pos="cs" xml:id="B05835-001-a-6170">that</w>
       <w lemma="have" pos="vvz" xml:id="B05835-001-a-6180">hath</w>
       <w lemma="vow" pos="vvn" reg="vowed" xml:id="B05835-001-a-6190">vow'd</w>
       <w lemma="to" pos="to" xml:id="B05835-001-a-6200">to</w>
       <w lemma="be" pos="vvi" xml:id="B05835-001-a-6210">be</w>
       <w lemma="constant" pos="j" xml:id="B05835-001-a-6220">constant</w>
       <w lemma="till" pos="acp" xml:id="B05835-001-a-6230">till</w>
       <w lemma="death" pos="n1" xml:id="B05835-001-a-6240">death</w>
      </l>
      <l xml:id="B05835-e1260">
       <w lemma="for" pos="acp" xml:id="B05835-001-a-6250">For</w>
       <w lemma="all" pos="d" xml:id="B05835-001-a-6260">all</w>
       <w lemma="loyal" pos="j" xml:id="B05835-001-a-6270">Loyal</w>
       <w lemma="shepherd" pos="n2" xml:id="B05835-001-a-6280">Shepherds</w>
       <w lemma="to" pos="to" xml:id="B05835-001-a-6290">to</w>
       <w lemma="see" pos="vvi" xml:id="B05835-001-a-6300">see</w>
       <w lemma="then" pos="av" xml:id="B05835-001-a-6310">then</w>
       <pc xml:id="B05835-001-a-6320">,</pc>
      </l>
      <l xml:id="B05835-e1270">
       <w lemma="that" pos="cs" xml:id="B05835-001-a-6330">that</w>
       <w lemma="i" pos="pns" xml:id="B05835-001-a-6340">I</w>
       <w lemma="at" pos="acp" xml:id="B05835-001-a-6350">at</w>
       <w lemma="the" pos="d" xml:id="B05835-001-a-6360">the</w>
       <w lemma="lose" pos="vvg" xml:id="B05835-001-a-6370">losing</w>
       <w lemma="my" pos="po" xml:id="B05835-001-a-6380">my</w>
       <w lemma="breath" pos="n1" xml:id="B05835-001-a-6390">breath</w>
       <pc xml:id="B05835-001-a-6400">,</pc>
      </l>
      <l xml:id="B05835-e1280">
       <w lemma="be" pos="vvd" xml:id="B05835-001-a-6410">Was</w>
       <w lemma="free" pos="j" xml:id="B05835-001-a-6420">free</w>
       <w lemma="from" pos="acp" xml:id="B05835-001-a-6430">from</w>
       <w lemma="all" pos="d" xml:id="B05835-001-a-6440">all</w>
       <w lemma="kind" pos="n1" xml:id="B05835-001-a-6450">kind</w>
       <w lemma="of" pos="acp" xml:id="B05835-001-a-6460">of</w>
       <w lemma="deceit" pos="n1" xml:id="B05835-001-a-6470">deceit</w>
       <pc xml:id="B05835-001-a-6480">,</pc>
      </l>
      <l xml:id="B05835-e1290">
       <w lemma="and" pos="cc" xml:id="B05835-001-a-6490">and</w>
       <w lemma="a" pos="d" xml:id="B05835-001-a-6500">a</w>
       <w lemma="waver" pos="j_vg" xml:id="B05835-001-a-6510">wavering</w>
       <w lemma="mind" pos="n1" xml:id="B05835-001-a-6520">mind</w>
       <w lemma="do" pos="vvd" xml:id="B05835-001-a-6530">did</w>
       <w lemma="disdain" pos="vvi" xml:id="B05835-001-a-6540">disdain</w>
       <pc xml:id="B05835-001-a-6550">,</pc>
      </l>
      <l xml:id="B05835-e1300">
       <w lemma="now" pos="av" xml:id="B05835-001-a-6560">Now</w>
       <w lemma="kindness" pos="n1" xml:id="B05835-001-a-6570">kindness</w>
       <w lemma="i" pos="pns" xml:id="B05835-001-a-6580">I</w>
       <w lemma="once" pos="acp-av" xml:id="B05835-001-a-6590">once</w>
       <w lemma="more" pos="av-c_d" xml:id="B05835-001-a-6600">more</w>
       <w lemma="repeat" pos="vvi" xml:id="B05835-001-a-6610">repeat</w>
       <pc xml:id="B05835-001-a-6620">,</pc>
      </l>
     </lg>
     <lg type="refrain" xml:id="B05835-e1310">
      <l xml:id="B05835-e1320">
       <hi xml:id="B05835-e1330">
        <w lemma="and" pos="cc" xml:id="B05835-001-a-6630">and</w>
        <w lemma="i" pos="pns" xml:id="B05835-001-a-6640">I</w>
        <w lemma="waste" pos="vvi" xml:id="B05835-001-a-6650">waste</w>
        <w lemma="with" pos="acp" xml:id="B05835-001-a-6660">with</w>
        <w lemma="my" pos="po" xml:id="B05835-001-a-6670">my</w>
        <w lemma="horrible" pos="j" xml:id="B05835-001-a-6680">horrible</w>
        <w lemma="pain" pos="n1" xml:id="B05835-001-a-6690">pain</w>
        <pc unit="sentence" xml:id="B05835-001-a-6700">.</pc>
       </hi>
      </l>
     </lg>
    </div>
    <trailer xml:id="B05835-e1340">
     <w lemma="finis" pos="f-la" xml:id="B05835-001-a-6710">FINIS</w>
     <pc unit="sentence" xml:id="B05835-001-a-6720">.</pc>
    </trailer>
   </div>
  </body>
  <back xml:id="B05835-e1350">
   <div type="colophon" xml:id="B05835-e1360">
    <p xml:id="B05835-e1370">
     <w lemma="print" pos="j_vn" xml:id="B05835-001-a-6730">Printed</w>
     <w lemma="for" pos="acp" xml:id="B05835-001-a-6740">for</w>
     <hi xml:id="B05835-e1380">
      <w lemma="j." pos="ab" xml:id="B05835-001-a-6750">J.</w>
      <w lemma="while" pos="n1" xml:id="B05835-001-a-6760">While</w>
     </hi>
     <pc rendition="#follows-hi" xml:id="B05835-001-a-6770">,</pc>
     <w lemma="at" pos="acp" xml:id="B05835-001-a-6780">at</w>
     <w lemma="the" pos="d" xml:id="B05835-001-a-6790">the</w>
     <hi xml:id="B05835-e1390">
      <w lemma="black" pos="j" xml:id="B05835-001-a-6800">Black</w>
      <w lemma="swan" pos="n1" xml:id="B05835-001-a-6810">Swan</w>
     </hi>
     <pc rendition="#follows-hi" xml:id="B05835-001-a-6820">,</pc>
     <w lemma="at" pos="acp" xml:id="B05835-001-a-6830">at</w>
     <w lemma="the" pos="d" xml:id="B05835-001-a-6840">the</w>
     <w lemma="bridge-foot" pos="n1" rendition="#hi" xml:id="B05835-001-a-6850">Bridge-foot</w>
     <pc xml:id="B05835-001-a-6860">,</pc>
     <w lemma="near" pos="acp" xml:id="B05835-001-a-6870">near</w>
     <w lemma="Southwark" pos="n1-nn" rendition="#hi" xml:id="B05835-001-a-6880">Southwark</w>
     <pc unit="sentence" xml:id="B05835-001-a-6890">.</pc>
    </p>
   </div>
  </back>
 </text>
</TEI>
