<?xml version="1.0" encoding="UTF-8"?>
<?xml-model href="http://schemata.earlyprint.org/schemata/tei_earlyprint.rng" type="application/xml" schematypens="http://relaxng.org/ns/structure/1.0"?>
<TEI xmlns="http://www.tei-c.org/ns/1.0" xml:id="B06022">
 <teiHeader>
  <fileDesc>
   <titleStmt>
    <title>Swearing and lying. Or An answer to The swearing pamphlet.</title>
   </titleStmt>
   <editionStmt>
    <edition>This text is an enriched version of the TCP digital transcription B06022 of text R220474 in the <ref target="http;//estc.bl.uk">English Short Title Catalog</ref> (Wing S6243). Textual changes  and metadata enrichments aim at making the                             text more  computationally tractable, easier to read, and suitable for network-based collaborative                              curation by amateur and professional end users from many walks of life.  The text has been tokenized and linguistically annotated with <ref target="http://morphadorner.northwestern.edu/morphadorner/">MorphAdorner</ref>. The annotation includes standard spellings that support the display of a text in                             a standardized format that preserves archaic forms ('loveth', 'seekest').                              Textual changes aim at restoring the text the author or stationer meant to publish.</edition>
    <respStmt>
     <resp>This text has not been fully proofread</resp>
     <name/>
    </respStmt>
   </editionStmt>
   <extent>Approx. 5 KB of XML-encoded text transcribed from 1 1-bit group-IV TIFF page image.</extent>
   <publicationStmt>
    <publisher>EarlyPrint Project</publisher>
    <pubPlace>Evanston,IL, Notre Dame, IN, St. Louis, MO</pubPlace>
    <date>2018</date>
    <idno type="DLPS">B06022</idno>
    <idno type="STC">Wing S6243</idno>
    <idno type="STC">Interim Tract Supplement Guide C.20.f.4[218]</idno>
    <idno type="EEBO-CITATION">99885042</idno>
    <idno type="PROQUEST">ocm99885042</idno>
    <idno type="VID">182887</idno>
    <availability>
     <p>
            This keyboarded and encoded edition of the work described above is co-owned by the institutions providing financial support to the Early English Books Online Text Creation Partnership. This Phase I text is available for reuse, according to the terms of
            <ref target="https://creativecommons.org/publicdomain/zero/1.0/">Creative Commons 0 1.0 Universal</ref>
            . The text can be copied, modified, distributed and performed, even for commercial purposes, all without asking permission.
          </p>
    </availability>
   </publicationStmt>
   <seriesStmt>
    <title>Early English books online.</title>
   </seriesStmt>
   <notesStmt>
    <note>(EEBO-TCP ; phase 1, no. B06022)</note>
    <note>Transcribed from: (Early English Books Online ; image set 182887)</note>
    <note>Images scanned from microfilm: (Early English books; Tract supplement ; A4:2[219])</note>
   </notesStmt>
   <sourceDesc>
    <biblFull>
     <titleStmt>
      <title>Swearing and lying. Or An answer to The swearing pamphlet.</title>
     </titleStmt>
     <extent>1 sheet ([1] p.).</extent>
     <publicationStmt>
      <publisher>[s.n.],</publisher>
      <pubPlace>London, :</pubPlace>
      <date>Printed in the year 1666.</date>
     </publicationStmt>
     <notesStmt>
      <note>Verse: "That you do fear an oath I dare not swear ..."</note>
      <note>"The swearing pamphlet" not found.</note>
      <note>Reproduction of original in the British Library.</note>
     </notesStmt>
    </biblFull>
   </sourceDesc>
  </fileDesc>
  <profileDesc>
   <langUsage>
    <language ident="eng">eng</language>
   </langUsage>
   <textClass>
    <keywords scheme="http://authorities.loc.gov/">
     <term>Swearing pamphlet.</term>
     <term>Loyalty oaths -- England -- Poetry -- Early works to 1800.</term>
     <term>Presbyterianism -- Controversial literature -- Early works to 1800.</term>
     <term>Great Britain -- History -- Charles II, 1660-1685 -- Early works to 1800.</term>
    </keywords>
   </textClass>
  </profileDesc>
  <xenoData>
   <ep:epHeader xmlns:ep="http://earlyprint.org/ns/1.0">
    <ep:corpus>eebo</ep:corpus>
    <ep:title>Swearing and lying. Or An answer to The swearing pamphlet.</ep:title>
    <ep:author>anon </ep:author>
    <ep:publicationYear>1666</ep:publicationYear>
    <ep:creationYear/>
    <ep:curator>
     <ep:name/>
    </ep:curator>
    <ep:pageCount>1</ep:pageCount>
    <ep:wordCount>791</ep:wordCount>
    <ep:defectiveTokenCount>0</ep:defectiveTokenCount>
    <ep:untranscribedForeignCount>0</ep:untranscribedForeignCount>
    <ep:untranscribedMathCount>0</ep:untranscribedMathCount>
    <ep:untranscribedMusicCount>0</ep:untranscribedMusicCount>
    <ep:missingChunkCount>0</ep:missingChunkCount>
    <ep:missingPagesCount>0</ep:missingPagesCount>
    <ep:defectRate>0</ep:defectRate>
    <ep:finalGrade>A</ep:finalGrade>
    <ep:defectRangePerGrade>This text  has no known defects that were recorded as gap elements at the time of transcription. </ep:defectRangePerGrade>
   </ep:epHeader>
  </xenoData>
  <revisionDesc>
   <change><date>2008-01</date><label>TCP</label>
        Assigned for keying and markup
      </change>
   <change><date>2008-01</date><label>SPi Global</label>
        Keyed and coded from ProQuest page images
      </change>
   <change><date>2008-03</date><label>Elspeth Healey</label>
        Sampled and proofread
      </change>
   <change><date>2008-03</date><label>Elspeth Healey</label>
        Text and markup reviewed and edited
      </change>
   <change><date>2008-09</date><label>pfs</label>
        Batch review (QC) and XML conversion
      </change>
  </revisionDesc>
 </teiHeader>
 <text xml:id="B06022-t">
  <body xml:id="B06022-e0">
   <div type="poem" xml:id="B06022-e10">
    <pb facs="tcp:182887:1" rendition="simple:additions" xml:id="B06022-001-a"/>
    <head xml:id="B06022-e20">
     <w lemma="swear" pos="vvg" xml:id="B06022-001-a-0010">Swearing</w>
     <w lemma="and" pos="cc" xml:id="B06022-001-a-0020">and</w>
     <w lemma="lie" pos="vvg" xml:id="B06022-001-a-0030">Lying</w>
     <pc unit="sentence" xml:id="B06022-001-a-0040">.</pc>
     <w lemma="or" pos="cc" xml:id="B06022-001-a-0050">OR</w>
     <w lemma="a" pos="d" xml:id="B06022-001-a-0060">AN</w>
     <w lemma="answer" pos="n1" xml:id="B06022-001-a-0070">ANSWER</w>
     <w lemma="to" pos="acp" xml:id="B06022-001-a-0080">TO</w>
     <w lemma="the" pos="d" xml:id="B06022-001-a-0090">THE</w>
     <w lemma="swear" pos="vvg" xml:id="B06022-001-a-0100">SWEARING</w>
     <w lemma="pamphlet" pos="n1" xml:id="B06022-001-a-0110">PAMPHLET</w>
     <pc unit="sentence" xml:id="B06022-001-a-0120">.</pc>
    </head>
    <lg xml:id="B06022-e30">
     <l xml:id="B06022-e40">
      <w lemma="that" pos="cs" xml:id="B06022-001-a-0130">THat</w>
      <w lemma="you" pos="pn" xml:id="B06022-001-a-0140">you</w>
      <w lemma="do" pos="vvb" xml:id="B06022-001-a-0150">do</w>
      <w lemma="fear" pos="vvi" xml:id="B06022-001-a-0160">fear</w>
      <w lemma="a" pos="d" xml:id="B06022-001-a-0170">an</w>
      <w lemma="oath" pos="n1" xml:id="B06022-001-a-0180">Oath</w>
      <w lemma="i" pos="pns" xml:id="B06022-001-a-0190">I</w>
      <w lemma="dare" pos="vvb" xml:id="B06022-001-a-0200">dare</w>
      <w lemma="not" pos="xx" xml:id="B06022-001-a-0210">not</w>
      <w lemma="swear" pos="vvi" xml:id="B06022-001-a-0220">swear</w>
      <pc xml:id="B06022-001-a-0230">,</pc>
     </l>
     <l xml:id="B06022-e50">
      <w lemma="especial" pos="av_j" xml:id="B06022-001-a-0240">Especially</w>
      <pc xml:id="B06022-001-a-0250">,</pc>
      <w lemma="if" pos="cs" xml:id="B06022-001-a-0260">if</w>
      <w lemma="it" pos="pn" xml:id="B06022-001-a-0270">it</w>
      <w lemma="the" pos="d" xml:id="B06022-001-a-0280">the</w>
      <w lemma="cause" pos="n1" xml:id="B06022-001-a-0290">cause</w>
      <w lemma="advance" pos="vvi" xml:id="B06022-001-a-0300">advance</w>
      <pc xml:id="B06022-001-a-0310">,</pc>
     </l>
     <l xml:id="B06022-e60">
      <w lemma="and" pos="cc" xml:id="B06022-001-a-0320">And</w>
      <w lemma="yet" pos="av" xml:id="B06022-001-a-0330">yet</w>
      <w lemma="i" pos="pns" xml:id="B06022-001-a-0340">I</w>
      <w lemma="dare" pos="vvb" xml:id="B06022-001-a-0350">dare</w>
      <w lemma="swear" pos="vvi" xml:id="B06022-001-a-0360">swear</w>
      <w lemma="that" pos="d" xml:id="B06022-001-a-0370">that</w>
      <w lemma="one" pos="crd" xml:id="B06022-001-a-0380">one</w>
      <w lemma="oath" pos="n1" xml:id="B06022-001-a-0390">Oath</w>
      <w lemma="you" pos="pn" xml:id="B06022-001-a-0400">you</w>
      <w lemma="fear" pos="vvb" xml:id="B06022-001-a-0410">fear</w>
      <pc xml:id="B06022-001-a-0420">,</pc>
     </l>
     <l xml:id="B06022-e70">
      <w lemma="and" pos="cc" xml:id="B06022-001-a-0430">And</w>
      <w lemma="that" pos="cs" xml:id="B06022-001-a-0440">that</w>
      <w lemma="the" pos="d" xml:id="B06022-001-a-0450">the</w>
      <w lemma="oath" pos="n1" xml:id="B06022-001-a-0460">Oath</w>
      <w lemma="be" pos="vvz" xml:id="B06022-001-a-0470">is</w>
      <w lemma="of" pos="acp" xml:id="B06022-001-a-0480">of</w>
      <w lemma="allegiance" pos="n1" xml:id="B06022-001-a-0490">Allegiance</w>
      <pc unit="sentence" xml:id="B06022-001-a-0500">.</pc>
     </l>
    </lg>
    <lg xml:id="B06022-e80">
     <l xml:id="B06022-e90">
      <w lemma="to" pos="to" xml:id="B06022-001-a-0510">To</w>
      <w lemma="God" pos="n1-nn" xml:id="B06022-001-a-0520">God</w>
      <w lemma="yet" pos="av" xml:id="B06022-001-a-0530">yet</w>
      <w lemma="you" pos="pn" xml:id="B06022-001-a-0540">you</w>
      <w lemma="will" pos="vmb" xml:id="B06022-001-a-0550">will</w>
      <w lemma="swear" pos="vvi" xml:id="B06022-001-a-0560">swear</w>
      <pc xml:id="B06022-001-a-0570">,</pc>
      <w lemma="and" pos="cc" xml:id="B06022-001-a-0580">and</w>
      <w lemma="to" pos="acp" xml:id="B06022-001-a-0590">to</w>
      <w lemma="your" pos="po" xml:id="B06022-001-a-0600">your</w>
      <w lemma="king" pos="n1" xml:id="B06022-001-a-0610">King</w>
      <pc xml:id="B06022-001-a-0620">,</pc>
     </l>
     <l xml:id="B06022-e100">
      <w lemma="provide" pos="vvn" xml:id="B06022-001-a-0630">Provided</w>
      <w lemma="that" pos="cs" xml:id="B06022-001-a-0640">that</w>
      <w lemma="the" pos="d" xml:id="B06022-001-a-0650">the</w>
      <w lemma="oath" pos="n1" xml:id="B06022-001-a-0660">Oath</w>
      <w lemma="be" pos="vvb" xml:id="B06022-001-a-0670">be</w>
      <w lemma="mystical" pos="j" xml:id="B06022-001-a-0680">mystical</w>
      <pc xml:id="B06022-001-a-0690">:</pc>
     </l>
     <l xml:id="B06022-e110">
      <w lemma="you" pos="pn" xml:id="B06022-001-a-0700">You</w>
      <w lemma="promise" pos="vvb" xml:id="B06022-001-a-0710">promise</w>
      <pc xml:id="B06022-001-a-0720">,</pc>
      <w lemma="and" pos="cc" xml:id="B06022-001-a-0730">and</w>
      <w lemma="you" pos="pn" xml:id="B06022-001-a-0740">you</w>
      <w lemma="must" pos="vmb" xml:id="B06022-001-a-0750">must</w>
      <w lemma="perform" pos="vvi" reg="perform" xml:id="B06022-001-a-0760">performe</w>
      <w lemma="the" pos="d" xml:id="B06022-001-a-0770">the</w>
      <w lemma="thing" pos="n1" xml:id="B06022-001-a-0780">thing</w>
      <pc xml:id="B06022-001-a-0790">,</pc>
     </l>
     <l xml:id="B06022-e120">
      <w lemma="though" pos="cs" xml:id="B06022-001-a-0800">Though</w>
      <w lemma="with" pos="acp" xml:id="B06022-001-a-0810">with</w>
      <w lemma="the" pos="d" xml:id="B06022-001-a-0820">the</w>
      <w lemma="forty" pos="crd" rendition="#hi" xml:id="B06022-001-a-0830">Forty</w>
      <pc xml:id="B06022-001-a-0840">,</pc>
      <w join="right" lemma="it" pos="pn" xml:id="B06022-001-a-0850">'t</w>
      <w join="left" lemma="be" pos="vvz" xml:id="B06022-001-a-0851">is</w>
      <w lemma="to" pos="to" xml:id="B06022-001-a-0860">to</w>
      <w lemma="kill" pos="vvi" xml:id="B06022-001-a-0870">kill</w>
      <w lemma="saint" pos="n1" xml:id="B06022-001-a-0880">Saint</w>
      <w lemma="Paul" pos="n1-nn" rendition="#hi" xml:id="B06022-001-a-0890">Paul</w>
      <pc unit="sentence" xml:id="B06022-001-a-0891">.</pc>
      <pc unit="sentence" xml:id="B06022-001-a-0900"/>
     </l>
    </lg>
    <lg xml:id="B06022-e150">
     <l xml:id="B06022-e160">
      <w lemma="you" pos="pn" xml:id="B06022-001-a-0910">You</w>
      <w lemma="be" pos="vvb" xml:id="B06022-001-a-0920">are</w>
      <pc xml:id="B06022-001-a-0930">,</pc>
      <w lemma="you" pos="pn" xml:id="B06022-001-a-0940">you</w>
      <w lemma="say" pos="vvb" xml:id="B06022-001-a-0950">say</w>
      <pc xml:id="B06022-001-a-0960">,</pc>
      <w lemma="no" pos="av-x_d" xml:id="B06022-001-a-0970">no</w>
      <w lemma="quaker" pos="n1-nn" rendition="#hi" xml:id="B06022-001-a-0980">Quaker</w>
      <w lemma="to" pos="to" xml:id="B06022-001-a-0990">to</w>
      <w lemma="protest" pos="vvi" xml:id="B06022-001-a-1000">protest</w>
     </l>
     <l xml:id="B06022-e180">
      <w lemma="against" pos="acp" xml:id="B06022-001-a-1010">Against</w>
      <w lemma="all" pos="d" xml:id="B06022-001-a-1020">all</w>
      <w lemma="swear" pos="vvg" xml:id="B06022-001-a-1030">Swearing</w>
      <pc xml:id="B06022-001-a-1040">;</pc>
      <w lemma="that" pos="cs" xml:id="B06022-001-a-1050">that</w>
      <w lemma="indeed" pos="av" xml:id="B06022-001-a-1060">indeed</w>
      <w lemma="i" pos="pns" xml:id="B06022-001-a-1070">I</w>
      <w lemma="grant" pos="vvb" xml:id="B06022-001-a-1080">grant</w>
      <pc xml:id="B06022-001-a-1090">:</pc>
     </l>
     <l xml:id="B06022-e190">
      <w lemma="but" pos="acp" xml:id="B06022-001-a-1100">But</w>
      <w lemma="if" pos="cs" xml:id="B06022-001-a-1110">if</w>
      <w lemma="with" pos="acp" xml:id="B06022-001-a-1120">with</w>
      <w lemma="Rome" pos="n1-nn" rendition="#hi" xml:id="B06022-001-a-1130">Rome</w>
      <pc xml:id="B06022-001-a-1140">,</pc>
      <w lemma="you" pos="pn" xml:id="B06022-001-a-1150">you</w>
      <w lemma="swear" pos="vvd" xml:id="B06022-001-a-1160">swore</w>
      <w lemma="not" pos="xx" xml:id="B06022-001-a-1170">not</w>
      <w lemma="east" pos="n1" xml:id="B06022-001-a-1180">East</w>
      <w lemma="and" pos="cc" xml:id="B06022-001-a-1190">and</w>
      <w lemma="west" pos="n1" xml:id="B06022-001-a-1200">West</w>
      <pc xml:id="B06022-001-a-1210">,</pc>
     </l>
     <l xml:id="B06022-e210">
      <w lemma="how" pos="crq" xml:id="B06022-001-a-1220">How</w>
      <w lemma="a" pos="d" xml:id="B06022-001-a-1230">a</w>
      <w lemma="pox" pos="n1" xml:id="B06022-001-a-1240">pox</w>
      <w lemma="gulpt" pos="vvn" xml:id="B06022-001-a-1250">gulpt</w>
      <w lemma="you" pos="pn" xml:id="B06022-001-a-1260">ye</w>
      <w lemma="down" pos="acp-av" xml:id="B06022-001-a-1270">down</w>
      <w lemma="that" pos="d" xml:id="B06022-001-a-1280">that</w>
      <w lemma="covenant" pos="n1" rendition="#hi" xml:id="B06022-001-a-1290">Covenant</w>
      <pc unit="sentence" xml:id="B06022-001-a-1300">?</pc>
     </l>
    </lg>
    <lg xml:id="B06022-e230">
     <l xml:id="B06022-e240">
      <w lemma="but" pos="acp" xml:id="B06022-001-a-1310">But</w>
      <w lemma="what" pos="crq" xml:id="B06022-001-a-1320">what</w>
      <w lemma="a" pos="d" xml:id="B06022-001-a-1330">an</w>
      <w lemma="alteration" pos="n1" xml:id="B06022-001-a-1340">alteration</w>
      <w lemma="here" pos="av" xml:id="B06022-001-a-1350">here</w>
      <w lemma="be" pos="vvz" xml:id="B06022-001-a-1360">is</w>
      <w lemma="make" pos="vvn" xml:id="B06022-001-a-1370">made</w>
      <pc unit="sentence" xml:id="B06022-001-a-1380">?</pc>
     </l>
     <l xml:id="B06022-e250">
      <w lemma="what" pos="crq-q" xml:id="B06022-001-a-1390">What</w>
      <w lemma="subject" pos="n2" xml:id="B06022-001-a-1400">subjects</w>
      <w lemma="on" pos="acp" xml:id="B06022-001-a-1410">on</w>
      <w lemma="a" pos="d" xml:id="B06022-001-a-1420">a</w>
      <w lemma="sudden" pos="j" xml:id="B06022-001-a-1430">sudden</w>
      <w lemma="you" pos="pn" xml:id="B06022-001-a-1440">ye</w>
      <w lemma="commence" pos="vvi" xml:id="B06022-001-a-1450">commence</w>
      <pc unit="sentence" xml:id="B06022-001-a-1460">?</pc>
     </l>
     <l xml:id="B06022-e260">
      <w lemma="maintain" pos="vvb" xml:id="B06022-001-a-1470">Maintain</w>
      <w lemma="the" pos="d" xml:id="B06022-001-a-1480">the</w>
      <w lemma="crown" pos="n1" xml:id="B06022-001-a-1490">Crown</w>
      <pc xml:id="B06022-001-a-1500">,</pc>
      <w lemma="and" pos="cc" xml:id="B06022-001-a-1510">and</w>
      <w lemma="yet" pos="av" xml:id="B06022-001-a-1520">yet</w>
      <w lemma="the" pos="d" xml:id="B06022-001-a-1530">the</w>
      <w lemma="church" pos="n1" xml:id="B06022-001-a-1540">Church</w>
      <w lemma="invade" pos="vvi" xml:id="B06022-001-a-1550">invade</w>
      <pc xml:id="B06022-001-a-1560">;</pc>
     </l>
     <l xml:id="B06022-e270">
      <w lemma="come" pos="vvb" xml:id="B06022-001-a-1570">Come</w>
      <w lemma="ye'l" pos="f-mi" xml:id="B06022-001-a-1580">ye'l</w>
      <w lemma="yield" pos="vvi" xml:id="B06022-001-a-1590">yield</w>
      <w lemma="all" pos="d" xml:id="B06022-001-a-1600">all</w>
      <w lemma="thing" pos="n2" xml:id="B06022-001-a-1610">things</w>
      <pc xml:id="B06022-001-a-1620">,</pc>
      <w lemma="but" pos="acp" xml:id="B06022-001-a-1630">but</w>
      <w lemma="obedience" pos="n1" xml:id="B06022-001-a-1640">Obedience</w>
      <pc unit="sentence" xml:id="B06022-001-a-1650">.</pc>
     </l>
    </lg>
    <lg xml:id="B06022-e280">
     <l xml:id="B06022-e290">
      <w lemma="but" pos="acp" xml:id="B06022-001-a-1660">But</w>
      <w lemma="if" pos="cs" xml:id="B06022-001-a-1670">if</w>
      <w lemma="that" pos="d" xml:id="B06022-001-a-1680">that</w>
      <w lemma="great" pos="j" xml:id="B06022-001-a-1690">great</w>
      <w lemma="king" pos="n1" xml:id="B06022-001-a-1700">King</w>
      <w lemma="conscience" pos="n1" rendition="#hi" xml:id="B06022-001-a-1710">Conscience</w>
      <w lemma="say" pos="vvz" reg="says" xml:id="B06022-001-a-1720">sayes</w>
      <w lemma="not" pos="xx" xml:id="B06022-001-a-1730">not</w>
      <w lemma="nay" pos="uh-x" xml:id="B06022-001-a-1740">nay</w>
      <pc xml:id="B06022-001-a-1750">,</pc>
     </l>
     <l xml:id="B06022-e310">
      <w lemma="you" pos="pn" xml:id="B06022-001-a-1760">You</w>
      <w lemma="to" pos="acp" xml:id="B06022-001-a-1770">to</w>
      <w lemma="the" pos="d" xml:id="B06022-001-a-1780">the</w>
      <w lemma="king" pos="n1g" reg="King's" xml:id="B06022-001-a-1790">Kings</w>
      <w lemma="command" pos="n2" xml:id="B06022-001-a-1800">Commands</w>
      <w lemma="will" pos="vmb" xml:id="B06022-001-a-1810">will</w>
      <w lemma="free" pos="av_j" xml:id="B06022-001-a-1820">freely</w>
      <w lemma="yield" pos="vvi" xml:id="B06022-001-a-1830">yield</w>
      <pc xml:id="B06022-001-a-1840">:</pc>
     </l>
     <l xml:id="B06022-e320">
      <w lemma="but" pos="acp" xml:id="B06022-001-a-1850">But</w>
      <w lemma="be" pos="vvz" xml:id="B06022-001-a-1860">is</w>
      <w lemma="not" pos="xx" xml:id="B06022-001-a-1870">not</w>
      <w lemma="this" pos="d" xml:id="B06022-001-a-1880">this</w>
      <w lemma="that" pos="d" xml:id="B06022-001-a-1890">that</w>
      <w lemma="conscience" pos="n1" xml:id="B06022-001-a-1900">Conscience</w>
      <w lemma="sir" pos="n1" xml:id="B06022-001-a-1910">Sir</w>
      <w lemma="i" pos="pns" xml:id="B06022-001-a-1920">I</w>
      <w lemma="pray" pos="vvb" xml:id="B06022-001-a-1930">pray</w>
      <pc xml:id="B06022-001-a-1940">,</pc>
     </l>
     <l xml:id="B06022-e330">
      <w lemma="that" pos="cs" xml:id="B06022-001-a-1950">That</w>
      <w lemma="have" pos="vvz" xml:id="B06022-001-a-1960">has</w>
      <w lemma="our" pos="po" xml:id="B06022-001-a-1970">our</w>
      <w lemma="land" pos="n1" xml:id="B06022-001-a-1980">Land</w>
      <w lemma="with" pos="acp" xml:id="B06022-001-a-1990">with</w>
      <w lemma="blood" pos="n1" xml:id="B06022-001-a-2000">Blood</w>
      <w lemma="and" pos="cc" xml:id="B06022-001-a-2010">and</w>
      <w lemma="rapine" pos="n1" xml:id="B06022-001-a-2020">Rapine</w>
      <w lemma="fill" pos="vvn" reg="filled" xml:id="B06022-001-a-2030">fill'd</w>
      <pc unit="sentence" xml:id="B06022-001-a-2040">?</pc>
     </l>
    </lg>
    <lg xml:id="B06022-e340">
     <l xml:id="B06022-e350">
      <w lemma="what" pos="crq-q" xml:id="B06022-001-a-2050">What</w>
      <w lemma="splay-mouthed" pos="j" reg="splay-mouthed" xml:id="B06022-001-a-2060">splay-mouth'd</w>
      <w lemma="wish" pos="n1" xml:id="B06022-001-a-2070">wish</w>
      <w lemma="be" pos="vvz" xml:id="B06022-001-a-2080">is</w>
      <w lemma="this" pos="d" xml:id="B06022-001-a-2090">this</w>
      <pc xml:id="B06022-001-a-2100">?</pc>
      <w lemma="let" pos="vvb" xml:id="B06022-001-a-2110">let</w>
      <w lemma="all" pos="av_d" xml:id="B06022-001-a-2120">all</w>
      <w lemma="agree" pos="vvi" xml:id="B06022-001-a-2130">agree</w>
     </l>
     <l xml:id="B06022-e360">
      <w lemma="when" pos="crq" xml:id="B06022-001-a-2140">When</w>
      <w lemma="you" pos="pn" xml:id="B06022-001-a-2150">you</w>
      <w lemma="the" pos="d" xml:id="B06022-001-a-2160">the</w>
      <w lemma="concord" pos="n1" xml:id="B06022-001-a-2170">Concord</w>
      <w lemma="crumble" pos="vvb" xml:id="B06022-001-a-2180">crumble</w>
      <w lemma="into" pos="acp" xml:id="B06022-001-a-2190">into</w>
      <w lemma="part" pos="n2" xml:id="B06022-001-a-2200">parts</w>
      <pc xml:id="B06022-001-a-2210">:</pc>
     </l>
     <l xml:id="B06022-e370">
      <w lemma="but" pos="acp" xml:id="B06022-001-a-2220">But</w>
      <w lemma="knave" pos="n2" rendition="#hi" xml:id="B06022-001-a-2230">Knaves</w>
      <w lemma="of" pos="acp" xml:id="B06022-001-a-2240">of</w>
      <w lemma="club" pos="n2" rendition="#hi" xml:id="B06022-001-a-2250">Clubs</w>
      <w lemma="maugre" pos="acp" xml:id="B06022-001-a-2260">maugre</w>
      <w lemma="your" pos="po" xml:id="B06022-001-a-2270">your</w>
      <w lemma="villainy" pos="n1" reg="Villainy" xml:id="B06022-001-a-2280">Villany</w>
      <pc xml:id="B06022-001-a-2290">,</pc>
     </l>
     <l xml:id="B06022-e400">
      <w lemma="his" pos="po" xml:id="B06022-001-a-2300">His</w>
      <w lemma="majesty" pos="n1" xml:id="B06022-001-a-2310">Majesty</w>
      <w lemma="shall" pos="vmb" xml:id="B06022-001-a-2320">shall</w>
      <w lemma="still" pos="av" xml:id="B06022-001-a-2330">still</w>
      <w lemma="be" pos="vvi" xml:id="B06022-001-a-2340">be</w>
      <w lemma="king" pos="n1" xml:id="B06022-001-a-2350">King</w>
      <w lemma="of" pos="acp" xml:id="B06022-001-a-2360">of</w>
      <w lemma="heart" pos="n2" rendition="#hi" xml:id="B06022-001-a-2370">Hearts</w>
      <pc unit="sentence" xml:id="B06022-001-a-2380">.</pc>
     </l>
    </lg>
    <lg xml:id="B06022-e420">
     <l xml:id="B06022-e430">
      <w lemma="you" pos="pn" xml:id="B06022-001-a-2390">You</w>
      <w lemma="swear" pos="vvb" xml:id="B06022-001-a-2400">swear</w>
      <w lemma="forsooth" pos="uh" reg="forsooth" xml:id="B06022-001-a-2410">forfooth</w>
      <w lemma="you" pos="pn" xml:id="B06022-001-a-2420">you</w>
      <w lemma="will" pos="vmb" xml:id="B06022-001-a-2430">will</w>
      <w lemma="the" pos="d" xml:id="B06022-001-a-2440">the</w>
      <w lemma="crown" pos="n1" xml:id="B06022-001-a-2450">Crown</w>
      <w lemma="defend" pos="vvi" xml:id="B06022-001-a-2460">defend</w>
      <pc xml:id="B06022-001-a-2470">,</pc>
     </l>
     <l xml:id="B06022-e440">
      <w lemma="and" pos="cc" xml:id="B06022-001-a-2480">And</w>
      <w lemma="all" pos="d" xml:id="B06022-001-a-2490">all</w>
      <w lemma="the" pos="d" xml:id="B06022-001-a-2500">the</w>
      <w lemma="dignity" pos="n1" xml:id="B06022-001-a-2510">dignity</w>
      <w lemma="of" pos="acp" xml:id="B06022-001-a-2520">of</w>
      <w lemma="the" pos="d" xml:id="B06022-001-a-2530">the</w>
      <w lemma="royal" pos="j" xml:id="B06022-001-a-2540">Royal</w>
      <w lemma="oak" pos="n1" xml:id="B06022-001-a-2550">Oak</w>
      <pc xml:id="B06022-001-a-2560">:</pc>
     </l>
     <l xml:id="B06022-e450">
      <w lemma="but" pos="acp" xml:id="B06022-001-a-2570">But</w>
      <w lemma="here" pos="av" xml:id="B06022-001-a-2580">here</w>
      <w lemma="the" pos="d" xml:id="B06022-001-a-2590">the</w>
      <w lemma="thief" pos="n1" xml:id="B06022-001-a-2600">thief</w>
      <w lemma="usurp" pos="vvz" xml:id="B06022-001-a-2610">usurps</w>
      <w lemma="the" pos="d" xml:id="B06022-001-a-2620">the</w>
      <w lemma="name" pos="n1" xml:id="B06022-001-a-2630">name</w>
      <w lemma="of" pos="acp" xml:id="B06022-001-a-2640">of</w>
      <w lemma="friend" pos="n1" xml:id="B06022-001-a-2650">Friend</w>
      <pc xml:id="B06022-001-a-2660">,</pc>
     </l>
     <l xml:id="B06022-e460">
      <w lemma="the" pos="d" xml:id="B06022-001-a-2670">The</w>
      <w lemma="kirk" pos="n1" rendition="#hi" xml:id="B06022-001-a-2680">Kirk</w>
      <w lemma="the" pos="d" xml:id="B06022-001-a-2690">the</w>
      <w lemma="lvie" pos="n1" xml:id="B06022-001-a-2700">lvie</w>
      <w lemma="be" pos="vvz" xml:id="B06022-001-a-2710">is</w>
      <w lemma="of" pos="acp" xml:id="B06022-001-a-2720">of</w>
      <w lemma="which" pos="crq" xml:id="B06022-001-a-2730">which</w>
      <w lemma="you" pos="pn" xml:id="B06022-001-a-2740">you</w>
      <w lemma="speak" pos="vvd" xml:id="B06022-001-a-2750">spoke</w>
      <pc unit="sentence" xml:id="B06022-001-a-2760">.</pc>
     </l>
    </lg>
    <lg xml:id="B06022-e480">
     <l xml:id="B06022-e490">
      <w lemma="with" pos="acp" xml:id="B06022-001-a-2770">With</w>
      <w lemma="the" pos="d" xml:id="B06022-001-a-2780">the</w>
      <w lemma="apochrypha" pos="n2" reg="Apochryphas" rendition="#hi" xml:id="B06022-001-a-2790">Apochrypha</w>
      <w lemma="you" pos="pn" xml:id="B06022-001-a-2800">you</w>
      <w lemma="can" pos="vmb-x" xml:id="B06022-001-a-2810">cannot</w>
      <w lemma="bear" pos="vvi" xml:id="B06022-001-a-2820">bear</w>
      <pc xml:id="B06022-001-a-2830">,</pc>
     </l>
     <l xml:id="B06022-e510">
      <w lemma="and" pos="cc" xml:id="B06022-001-a-2840">And</w>
      <w lemma="your" pos="po" xml:id="B06022-001-a-2850">your</w>
      <w lemma="devotion" pos="n1" xml:id="B06022-001-a-2860">Devotion</w>
      <w lemma="stumble" pos="vvz" xml:id="B06022-001-a-2870">stumbles</w>
      <w lemma="at" pos="acp" xml:id="B06022-001-a-2880">at</w>
      <w lemma="this" pos="d" xml:id="B06022-001-a-2890">this</w>
      <w lemma="log" pos="n1" reg="log" xml:id="B06022-001-a-2900">logg</w>
      <pc xml:id="B06022-001-a-2910">:</pc>
     </l>
     <l xml:id="B06022-e520">
      <w lemma="and" pos="cc" xml:id="B06022-001-a-2920">And</w>
      <w join="right" lemma="what" pos="crq-q" xml:id="B06022-001-a-2930">what</w>
      <w join="left" lemma="be" pos="vvz" xml:id="B06022-001-a-2931">'s</w>
      <w lemma="the" pos="d" xml:id="B06022-001-a-2940">the</w>
      <w lemma="reason" pos="n1" xml:id="B06022-001-a-2950">reason</w>
      <pc unit="sentence" xml:id="B06022-001-a-2960">?</pc>
      <w join="right" lemma="it" pos="pn" xml:id="B06022-001-a-2970">'t</w>
      <w join="left" lemma="be" pos="vvz" xml:id="B06022-001-a-2971">is</w>
      <w lemma="because" pos="acp" xml:id="B06022-001-a-2980">because</w>
      <w lemma="you" pos="pn" xml:id="B06022-001-a-2990">ye</w>
      <w lemma="be" pos="vvb" xml:id="B06022-001-a-3000">are</w>
     </l>
     <l xml:id="B06022-e530">
      <w lemma="like" pos="acp" xml:id="B06022-001-a-3010">Like</w>
      <w lemma="Tobit" pos="n1-nn" rendition="#hi" xml:id="B06022-001-a-3020">Tobit</w>
      <w lemma="blind" pos="j" xml:id="B06022-001-a-3030">blind</w>
      <pc xml:id="B06022-001-a-3040">,</pc>
      <w lemma="and" pos="cc" xml:id="B06022-001-a-3050">and</w>
      <w lemma="mad" pos="j-c" xml:id="B06022-001-a-3060">madder</w>
      <w lemma="than" pos="cs" reg="than" xml:id="B06022-001-a-3070">then</w>
      <w lemma="his" pos="po" xml:id="B06022-001-a-3080">his</w>
      <w lemma="Dog" pos="n1" rendition="#hi" xml:id="B06022-001-a-3090">Dog</w>
      <pc unit="sentence" xml:id="B06022-001-a-3091">.</pc>
      <pc unit="sentence" xml:id="B06022-001-a-3100"/>
     </l>
    </lg>
    <lg xml:id="B06022-e560">
     <l xml:id="B06022-e570">
      <w lemma="but" pos="acp" xml:id="B06022-001-a-3110">But</w>
      <w lemma="we" pos="pns" xml:id="B06022-001-a-3120">we</w>
      <w lemma="be" pos="vvb" xml:id="B06022-001-a-3130">are</w>
      <w lemma="get" pos="vvn" xml:id="B06022-001-a-3140">got</w>
      <w lemma="to" pos="acp" xml:id="B06022-001-a-3150">to</w>
      <w lemma="my" pos="po" xml:id="B06022-001-a-3160">my</w>
      <w lemma="lord" pos="n1" xml:id="B06022-001-a-3170">Lord</w>
      <w lemma="bishop" pos="n1" xml:id="B06022-001-a-3180">Bishop</w>
      <w lemma="now" pos="av" xml:id="B06022-001-a-3190">now</w>
      <pc xml:id="B06022-001-a-3200">,</pc>
     </l>
     <l xml:id="B06022-e580">
      <w lemma="who" pos="crq-rg" xml:id="B06022-001-a-3210">Whose</w>
      <w lemma="government" pos="n1" xml:id="B06022-001-a-3220">Government</w>
      <w lemma="you" pos="pn" xml:id="B06022-001-a-3230">you</w>
      <w lemma="dare" pos="vvb" xml:id="B06022-001-a-3240">dare</w>
      <w lemma="not" pos="xx" xml:id="B06022-001-a-3250">not</w>
      <w lemma="say" pos="vvi" xml:id="B06022-001-a-3260">say</w>
      <w lemma="be" pos="vvz" xml:id="B06022-001-a-3270">is</w>
      <w lemma="right" pos="j" xml:id="B06022-001-a-3280">right</w>
      <w lemma="sir" pos="n1" xml:id="B06022-001-a-3290">Sir</w>
      <pc xml:id="B06022-001-a-3300">:</pc>
     </l>
     <l xml:id="B06022-e590">
      <w lemma="but" pos="acp" xml:id="B06022-001-a-3310">But</w>
      <w lemma="shall" pos="vmb" xml:id="B06022-001-a-3320">shall</w>
      <w lemma="i" pos="pns" xml:id="B06022-001-a-3330">I</w>
      <w lemma="tell" pos="vvb" xml:id="B06022-001-a-3340">tell</w>
      <w lemma="you" pos="pn" xml:id="B06022-001-a-3350">ye</w>
      <w lemma="why" pos="crq" xml:id="B06022-001-a-3360">why</w>
      <w lemma="your" pos="po" xml:id="B06022-001-a-3370">your</w>
      <w lemma="tooth" pos="n2" xml:id="B06022-001-a-3380">teeth</w>
      <w lemma="you" pos="pn" xml:id="B06022-001-a-3390">ye</w>
      <w lemma="show" pos="vvb" xml:id="B06022-001-a-3400">show</w>
      <pc xml:id="B06022-001-a-3410">,</pc>
     </l>
     <l xml:id="B06022-e600">
      <w lemma="Jack" pos="n1-nn" rendition="#hi" xml:id="B06022-001-a-3420">Jack</w>
      <w lemma="have" pos="vvz" xml:id="B06022-001-a-3430">has</w>
      <w lemma="a" pos="d" xml:id="B06022-001-a-3440">a</w>
      <w lemma="peack" pos="vvi" xml:id="B06022-001-a-3450">peack</w>
      <w lemma="at" pos="acp" xml:id="B06022-001-a-3460">at</w>
      <w lemma="Aaron" pos="n1-nn" rendition="#hi" xml:id="B06022-001-a-3470">Aaron</w>
      <w lemma="for" pos="acp" xml:id="B06022-001-a-3480">for</w>
      <w lemma="his" pos="po" xml:id="B06022-001-a-3490">his</w>
      <w lemma="mitre" pos="n1" reg="Mitre" xml:id="B06022-001-a-3500">Myter</w>
      <pc unit="sentence" xml:id="B06022-001-a-3510">.</pc>
     </l>
    </lg>
    <lg xml:id="B06022-e630">
     <l xml:id="B06022-e640">
      <w join="right" lemma="i" pos="pns" xml:id="B06022-001-a-3520">I</w>
      <w join="left" lemma="will" pos="vmb" reg="'ll" xml:id="B06022-001-a-3521">'le</w>
      <w lemma="swear" pos="vvi" xml:id="B06022-001-a-3530">swear</w>
      <w lemma="and" pos="cc" xml:id="B06022-001-a-3540">and</w>
      <w lemma="venture" pos="vvi" xml:id="B06022-001-a-3550">venture</w>
      <w lemma="all" pos="d" xml:id="B06022-001-a-3560">all</w>
      <w lemma="that" pos="cs" xml:id="B06022-001-a-3570">that</w>
      <w lemma="i" pos="pns" xml:id="B06022-001-a-3580">I</w>
      <w lemma="be" pos="vvm" xml:id="B06022-001-a-3590">am</w>
      <w lemma="worth" pos="j" xml:id="B06022-001-a-3600">worth</w>
      <pc xml:id="B06022-001-a-3610">,</pc>
     </l>
     <l xml:id="B06022-e650">
      <w lemma="that" pos="cs" xml:id="B06022-001-a-3620">That</w>
      <w lemma="bishop" pos="n2" xml:id="B06022-001-a-3630">Bishops</w>
      <w lemma="last" pos="ord" xml:id="B06022-001-a-3640">last</w>
      <w lemma="as" pos="acp" xml:id="B06022-001-a-3650">as</w>
      <w lemma="long" pos="av_j" xml:id="B06022-001-a-3660">long</w>
      <w lemma="as" pos="acp" xml:id="B06022-001-a-3670">as</w>
      <w lemma="king" pos="n1" xml:id="B06022-001-a-3680">King</w>
      <w lemma="and" pos="cc" xml:id="B06022-001-a-3690">and</w>
      <w lemma="queen" pos="n1" xml:id="B06022-001-a-3700">Queen</w>
      <pc unit="sentence" xml:id="B06022-001-a-3710">.</pc>
     </l>
     <l xml:id="B06022-e660">
      <w lemma="you" pos="pn" xml:id="B06022-001-a-3720">You</w>
      <w lemma="have" pos="vvb" xml:id="B06022-001-a-3730">have</w>
      <w lemma="already" pos="av" xml:id="B06022-001-a-3740">already</w>
      <w lemma="as" pos="acp" xml:id="B06022-001-a-3750">as</w>
      <w lemma="the" pos="d" xml:id="B06022-001-a-3760">the</w>
      <w lemma="act" pos="n1" xml:id="B06022-001-a-3770">Act</w>
      <w lemma="hold" pos="vvz" xml:id="B06022-001-a-3780">holds</w>
      <w lemma="forth" pos="av" xml:id="B06022-001-a-3790">forth</w>
      <pc xml:id="B06022-001-a-3800">,</pc>
     </l>
     <l xml:id="B06022-e670">
      <w lemma="like" pos="acp" xml:id="B06022-001-a-3810">Like</w>
      <w lemma="baffle" pos="j_vn" xml:id="B06022-001-a-3820">baffled</w>
      <w lemma="henderson" pos="n1-nn" rendition="#hi" xml:id="B06022-001-a-3830">Henderson</w>
      <w lemma="your" pos="po" xml:id="B06022-001-a-3840">your</w>
      <w lemma="doomsday" pos="n1" xml:id="B06022-001-a-3850">Doomsday</w>
      <w lemma="see" pos="vvn" xml:id="B06022-001-a-3860">seen</w>
     </l>
    </lg>
    <lg xml:id="B06022-e690">
     <l xml:id="B06022-e700">
      <w lemma="that" pos="cs" xml:id="B06022-001-a-3870">That</w>
      <w lemma="Peter" pos="n1-nn" rendition="#hi" xml:id="B06022-001-a-3880">Peter</w>
      <w lemma="be" pos="vvd" xml:id="B06022-001-a-3890">was</w>
      <w lemma="a" pos="d" xml:id="B06022-001-a-3900">a</w>
      <w lemma="prelate" pos="n1" xml:id="B06022-001-a-3910">Prelate</w>
      <w join="right" lemma="i" pos="pns" xml:id="B06022-001-a-3920">I</w>
      <w join="left" lemma="will" pos="vmb" reg="'ll" xml:id="B06022-001-a-3921">'le</w>
      <w lemma="maintain" pos="vvi" xml:id="B06022-001-a-3930">maintain</w>
      <pc xml:id="B06022-001-a-3940">,</pc>
     </l>
     <l xml:id="B06022-e720">
      <w lemma="but" pos="acp" xml:id="B06022-001-a-3950">But</w>
      <w lemma="that" pos="cs" xml:id="B06022-001-a-3960">that</w>
      <w lemma="he" pos="pns" xml:id="B06022-001-a-3970">he</w>
      <w lemma="preach" pos="vvd" reg="preached" xml:id="B06022-001-a-3980">preacht</w>
      <w lemma="so" pos="av" xml:id="B06022-001-a-3990">so</w>
      <w lemma="oft" pos="av" reg="" xml:id="B06022-001-a-4000">ost</w>
      <w lemma="i" pos="pns" xml:id="B06022-001-a-4010">I</w>
      <w lemma="doubt" pos="vvb" xml:id="B06022-001-a-4020">doubt</w>
      <w lemma="it" pos="pn" xml:id="B06022-001-a-4030">it</w>
      <w lemma="great" pos="av_j" xml:id="B06022-001-a-4040">greatly</w>
      <pc unit="sentence" xml:id="B06022-001-a-4050">.</pc>
     </l>
     <l xml:id="B06022-e730">
      <w lemma="but" pos="acp" xml:id="B06022-001-a-4060">But</w>
      <w lemma="by" pos="acp" xml:id="B06022-001-a-4070">by</w>
      <w lemma="your" pos="po" xml:id="B06022-001-a-4080">your</w>
      <w lemma="leave" pos="zz" xml:id="B06022-001-a-4090">leave</w>
      <pc xml:id="B06022-001-a-4100">,</pc>
      <w lemma="what" pos="crq" xml:id="B06022-001-a-4110">what</w>
      <w lemma="Peter" pos="n1-nn" reg="Peter" rendition="#hi" xml:id="B06022-001-a-4120">Peters</w>
      <w lemma="do" pos="vvb" xml:id="B06022-001-a-4130">do</w>
      <w lemma="you" pos="pn" xml:id="B06022-001-a-4140">you</w>
      <w lemma="mean" pos="vvb" xml:id="B06022-001-a-4150">mean</w>
      <pc xml:id="B06022-001-a-4160">;</pc>
     </l>
     <l xml:id="B06022-e750">
      <w lemma="Peter" pos="n1-nn" reg="Peter" rendition="#hi" xml:id="B06022-001-a-4170">Peters</w>
      <w lemma="that" pos="cs" xml:id="B06022-001-a-4180">that</w>
      <w lemma="preach" pos="vvd" reg="preached" xml:id="B06022-001-a-4190">preacht</w>
      <w lemma="at" pos="acp" xml:id="B06022-001-a-4200">at</w>
      <w lemma="Charing-cross" pos="n1-nn" rendition="#hi" xml:id="B06022-001-a-4210">Charing-Cross</w>
      <w lemma="so" pos="av" xml:id="B06022-001-a-4220">so</w>
      <w lemma="late" pos="av_j" xml:id="B06022-001-a-4230">lately</w>
      <pc unit="sentence" xml:id="B06022-001-a-4240">?</pc>
     </l>
    </lg>
    <lg xml:id="B06022-e780">
     <l xml:id="B06022-e790">
      <w lemma="Peter" pos="n1-nn" rendition="#hi" xml:id="B06022-001-a-4250">Peter</w>
      <w lemma="a" pos="d" xml:id="B06022-001-a-4260">a</w>
      <w lemma="fisher" pos="n1" xml:id="B06022-001-a-4270">Fisher</w>
      <w lemma="be" pos="vvd" xml:id="B06022-001-a-4280">was</w>
      <pc xml:id="B06022-001-a-4290">,</pc>
      <w lemma="and" pos="cc" xml:id="B06022-001-a-4300">and</w>
      <w lemma="so" pos="av" xml:id="B06022-001-a-4310">so</w>
      <w lemma="be" pos="vvb" xml:id="B06022-001-a-4320">are</w>
      <w lemma="they" pos="pns" xml:id="B06022-001-a-4330">they</w>
      <pc xml:id="B06022-001-a-4340">,</pc>
     </l>
     <l xml:id="B06022-e810">
      <w lemma="will" pos="vmd" xml:id="B06022-001-a-4350">Would</w>
      <w lemma="you" pos="pn" xml:id="B06022-001-a-4360">you</w>
      <w lemma="be" pos="vvi" xml:id="B06022-001-a-4370">be</w>
      <w lemma="catch" pos="vvn" xml:id="B06022-001-a-4380">caught</w>
      <w lemma="you" pos="pn" xml:id="B06022-001-a-4390">you</w>
      <w lemma="may" pos="vmd" xml:id="B06022-001-a-4400">might</w>
      <w lemma="salvation" pos="n1" xml:id="B06022-001-a-4410">Salvation</w>
      <w lemma="get" pos="vvi" xml:id="B06022-001-a-4420">get</w>
      <pc xml:id="B06022-001-a-4430">:</pc>
     </l>
     <l xml:id="B06022-e820">
      <w lemma="their" pos="po" xml:id="B06022-001-a-4440">Their</w>
      <w lemma="sacred" pos="j" xml:id="B06022-001-a-4450">Sacred</w>
      <w lemma="net" pos="n2" xml:id="B06022-001-a-4460">Nets</w>
      <w lemma="they" pos="pns" xml:id="B06022-001-a-4470">they</w>
      <w lemma="cast" pos="vvd" xml:id="B06022-001-a-4480">cast</w>
      <w lemma="out" pos="av" xml:id="B06022-001-a-4490">out</w>
      <w lemma="day" pos="n1" xml:id="B06022-001-a-4500">day</w>
      <w lemma="by" pos="acp" xml:id="B06022-001-a-4510">by</w>
      <w lemma="day" pos="n1" xml:id="B06022-001-a-4520">day</w>
      <pc xml:id="B06022-001-a-4530">,</pc>
     </l>
     <l xml:id="B06022-e830">
      <hi xml:id="B06022-e840">
       <w lemma="but" pos="acp" xml:id="B06022-001-a-4540">But</w>
       <w lemma="it" pos="pn" xml:id="B06022-001-a-4550">it</w>
       <w lemma="seem" pos="vvz" xml:id="B06022-001-a-4560">seems</w>
      </hi>
      <w join="right" lemma="all" pos="d" xml:id="B06022-001-a-4570">all</w>
      <w join="left" lemma="be" pos="vvz" xml:id="B06022-001-a-4571">'s</w>
      <w lemma="not" pos="xx" xml:id="B06022-001-a-4580">not</w>
      <w lemma="fish" pos="n1" xml:id="B06022-001-a-4590">Fish</w>
      <w lemma="that" pos="cs" xml:id="B06022-001-a-4600">that</w>
      <w lemma="come" pos="vvz" xml:id="B06022-001-a-4610">comes</w>
      <w lemma="to" pos="acp" xml:id="B06022-001-a-4620">to</w>
      <w lemma="the" pos="d" xml:id="B06022-001-a-4630">th'</w>
      <w lemma="Net" pos="n1" xml:id="B06022-001-a-4640">Net</w>
      <pc unit="sentence" xml:id="B06022-001-a-4641">.</pc>
      <pc unit="sentence" xml:id="B06022-001-a-4650"/>
     </l>
    </lg>
    <lg xml:id="B06022-e850">
     <l xml:id="B06022-e860">
      <w lemma="as" pos="acp" xml:id="B06022-001-a-4660">As</w>
      <w lemma="for" pos="acp" xml:id="B06022-001-a-4670">for</w>
      <w lemma="the" pos="d" xml:id="B06022-001-a-4680">the</w>
      <w lemma="court" pos="n1" xml:id="B06022-001-a-4690">Court</w>
      <pc xml:id="B06022-001-a-4700">,</pc>
      <w lemma="that" pos="cs" xml:id="B06022-001-a-4710">that</w>
      <hi xml:id="B06022-e870">
       <w lemma="court" pos="n1" xml:id="B06022-001-a-4720">Court</w>
       <w lemma="ecclesziastick" pos="j" xml:id="B06022-001-a-4730">Ecclesziastick</w>
      </hi>
     </l>
     <l xml:id="B06022-e880">
      <w lemma="as" pos="acp" xml:id="B06022-001-a-4740">As</w>
      <w lemma="it" pos="pn" xml:id="B06022-001-a-4750">it</w>
      <w lemma="be" pos="vvz" xml:id="B06022-001-a-4760">is</w>
      <w lemma="just" pos="j" xml:id="B06022-001-a-4770">just</w>
      <pc xml:id="B06022-001-a-4780">,</pc>
      <w lemma="it" pos="pn" xml:id="B06022-001-a-4790">it</w>
      <w lemma="merciful" pos="j" xml:id="B06022-001-a-4800">merciful</w>
      <w lemma="appear" pos="vvz" xml:id="B06022-001-a-4810">appears</w>
      <pc xml:id="B06022-001-a-4820">;</pc>
     </l>
     <l xml:id="B06022-e890">
      <w lemma="to" pos="to" xml:id="B06022-001-a-4830">To</w>
      <w lemma="wave" pos="vvi" xml:id="B06022-001-a-4840">wave</w>
      <w lemma="all" pos="d" xml:id="B06022-001-a-4850">all</w>
      <w lemma="other" pos="pi2_d" xml:id="B06022-001-a-4860">others</w>
      <pc xml:id="B06022-001-a-4870">,</pc>
      <w lemma="let" pos="vvb" xml:id="B06022-001-a-4880">let</w>
      <w lemma="i" pos="pno" xml:id="B06022-001-a-4890">me</w>
      <w lemma="instance" pos="n1" xml:id="B06022-001-a-4900">instance</w>
      <w lemma="bastwick" pos="n1-nn" rendition="#hi" xml:id="B06022-001-a-4910">Bastwick</w>
     </l>
     <l xml:id="B06022-e910">
      <w lemma="who" pos="crq-rg" xml:id="B06022-001-a-4920">Whose</w>
      <w lemma="head" pos="n1" xml:id="B06022-001-a-4930">Head</w>
      <w lemma="be" pos="vvg" xml:id="B06022-001-a-4940">being</w>
      <w lemma="forfeit" pos="j" xml:id="B06022-001-a-4950">forfeit</w>
      <w lemma="can" pos="vmd" xml:id="B06022-001-a-4960">could</w>
      <w lemma="compound" pos="vvi" xml:id="B06022-001-a-4970">compound</w>
      <w join="right" lemma="for" pos="acp" xml:id="B06022-001-a-4980">for</w>
      <w join="left" lemma="his" pos="po" xml:id="B06022-001-a-4981">'s</w>
      <w lemma="ear" pos="n2" rendition="#hi" xml:id="B06022-001-a-4990">Ears</w>
      <pc unit="sentence" xml:id="B06022-001-a-5000">.</pc>
     </l>
    </lg>
    <lg xml:id="B06022-e930">
     <l xml:id="B06022-e940">
      <w lemma="archdeacon" pos="n1g" reg="Archdeacon's" xml:id="B06022-001-a-5010">Archdeacons</w>
      <pc xml:id="B06022-001-a-5020">,</pc>
      <w lemma="dean" pos="n2" xml:id="B06022-001-a-5030">Deans</w>
      <w lemma="and" pos="cc" xml:id="B06022-001-a-5040">and</w>
      <w lemma="chapter" pos="n2" xml:id="B06022-001-a-5050">Chapters</w>
      <pc xml:id="B06022-001-a-5060">,</pc>
      <w lemma="be" pos="vvb" xml:id="B06022-001-a-5070">are</w>
      <w lemma="the" pos="d" xml:id="B06022-001-a-5080">the</w>
      <w lemma="man" pos="n2" xml:id="B06022-001-a-5090">Men</w>
     </l>
     <l xml:id="B06022-e950">
      <w lemma="have" pos="vvb" xml:id="B06022-001-a-5100">Have</w>
      <w lemma="honour" pos="n1" xml:id="B06022-001-a-5110">honour</w>
      <pc xml:id="B06022-001-a-5120">,</pc>
      <w lemma="and" pos="cc" xml:id="B06022-001-a-5130">and</w>
      <w lemma="your" pos="po" xml:id="B06022-001-a-5140">your</w>
      <w lemma="envy" pos="n1" xml:id="B06022-001-a-5150">envy</w>
      <w lemma="will" pos="vmd" xml:id="B06022-001-a-5160">would</w>
      <w lemma="implead" pos="vvi" xml:id="B06022-001-a-5170">implead</w>
      <w lemma="it" pos="pn" xml:id="B06022-001-a-5180">it</w>
      <pc xml:id="B06022-001-a-5190">:</pc>
     </l>
     <l xml:id="B06022-e960">
      <w lemma="turn" pos="vvb" xml:id="B06022-001-a-5200">Turn</w>
      <w lemma="over" pos="acp-av" xml:id="B06022-001-a-5210">over</w>
      <w lemma="therefore" pos="av" xml:id="B06022-001-a-5220">therefore</w>
      <pc xml:id="B06022-001-a-5230">,</pc>
      <w lemma="pray" pos="vvb" xml:id="B06022-001-a-5240">pray</w>
      <pc xml:id="B06022-001-a-5250">,</pc>
      <w lemma="your" pos="po" xml:id="B06022-001-a-5260">your</w>
      <w lemma="book" pos="n1" xml:id="B06022-001-a-5270">book</w>
      <w lemma="again" pos="av" reg="again" xml:id="B06022-001-a-5280">agen</w>
      <pc xml:id="B06022-001-a-5290">,</pc>
     </l>
     <l xml:id="B06022-e970">
      <w join="right" lemma="it" pos="pn" xml:id="B06022-001-a-5300">'T</w>
      <w join="left" lemma="be" pos="vvz" xml:id="B06022-001-a-5301">is</w>
      <w lemma="a" pos="d" xml:id="B06022-001-a-5310">a</w>
      <w lemma="hard" pos="j" xml:id="B06022-001-a-5320">hard</w>
      <w lemma="chapter" pos="n1" rendition="#hi" xml:id="B06022-001-a-5330">Chapter</w>
      <pc xml:id="B06022-001-a-5340">,</pc>
      <w lemma="and" pos="cc" xml:id="B06022-001-a-5350">and</w>
      <w lemma="you" pos="pn" xml:id="B06022-001-a-5360">you</w>
      <w lemma="can" pos="vmb-x" xml:id="B06022-001-a-5370">cannot</w>
      <w lemma="read" pos="vvi" xml:id="B06022-001-a-5380">read</w>
      <w lemma="it" pos="pn" xml:id="B06022-001-a-5390">it</w>
      <pc unit="sentence" xml:id="B06022-001-a-5400">.</pc>
     </l>
    </lg>
    <lg xml:id="B06022-e990">
     <l xml:id="B06022-e1000">
      <w lemma="spiritual" pos="j" reg="spiritual" xml:id="B06022-001-a-5410">Spirit'al</w>
      <w lemma="madam" pos="n1" xml:id="B06022-001-a-5420">Madam</w>
      <pc xml:id="B06022-001-a-5430">?</pc>
      <w lemma="pray" pos="uh_v" xml:id="B06022-001-a-5440">pray</w>
      <w lemma="what" pos="crq" xml:id="B06022-001-a-5450">what</w>
      <w lemma="madam" pos="n1g" xml:id="B06022-001-a-5460">Madam's</w>
      <w lemma="that" pos="d" xml:id="B06022-001-a-5470">that</w>
      <pc unit="sentence" xml:id="B06022-001-a-5480">?</pc>
     </l>
     <l xml:id="B06022-e1010">
      <w lemma="herald" pos="n1g" reg="Herald's" xml:id="B06022-001-a-5490">Heraulds</w>
      <w lemma="will" pos="vmd" xml:id="B06022-001-a-5500">would</w>
      <w lemma="swear" pos="vvi" xml:id="B06022-001-a-5510">swear</w>
      <w lemma="you" pos="pn" xml:id="B06022-001-a-5520">you</w>
      <w lemma="here" pos="av" xml:id="B06022-001-a-5530">here</w>
      <w lemma="false" pos="j" xml:id="B06022-001-a-5540">false</w>
      <w lemma="doctrine" pos="n1" xml:id="B06022-001-a-5550">Doctrine</w>
      <w lemma="teach" pos="vvi" xml:id="B06022-001-a-5560">teach</w>
      <pc unit="sentence" xml:id="B06022-001-a-5570">.</pc>
     </l>
     <l xml:id="B06022-e1020">
      <w lemma="you" pos="pn" xml:id="B06022-001-a-5580">You</w>
      <w lemma="refuse" pos="vvb" xml:id="B06022-001-a-5590">refuse</w>
      <w lemma="bishopric" pos="n2" reg="Bishoprics" xml:id="B06022-001-a-5600">Bishopricks</w>
      <pc xml:id="B06022-001-a-5610">?</pc>
      <w lemma="away" pos="av" xml:id="B06022-001-a-5620">away</w>
      <pc xml:id="B06022-001-a-5630">,</pc>
      <w lemma="you" pos="pn" xml:id="B06022-001-a-5640">ye</w>
      <w lemma="prate" pos="vvb" xml:id="B06022-001-a-5650">prate</w>
      <pc xml:id="B06022-001-a-5660">;</pc>
     </l>
     <l xml:id="B06022-e1030">
      <w lemma="but" pos="acp" xml:id="B06022-001-a-5670">But</w>
      <w lemma="fox" pos="n2" xml:id="B06022-001-a-5680">Foxes</w>
      <w lemma="scorn" pos="vvb" xml:id="B06022-001-a-5690">scorn</w>
      <w lemma="the" pos="d" xml:id="B06022-001-a-5700">the</w>
      <w lemma="grape" pos="n2" xml:id="B06022-001-a-5710">Grapes</w>
      <w lemma="they" pos="pns" xml:id="B06022-001-a-5720">they</w>
      <w lemma="can" pos="vmb-x" xml:id="B06022-001-a-5730">cannot</w>
      <w lemma="reach" pos="vvi" xml:id="B06022-001-a-5740">reach</w>
      <pc unit="sentence" xml:id="B06022-001-a-5750">.</pc>
     </l>
    </lg>
    <lg xml:id="B06022-e1040">
     <l xml:id="B06022-e1050">
      <w lemma="for" pos="acp" xml:id="B06022-001-a-5760">For</w>
      <w lemma="holy" pos="j" xml:id="B06022-001-a-5770">holy</w>
      <w lemma="vestment" pos="n2" xml:id="B06022-001-a-5780">Vestments</w>
      <w lemma="holland" pos="n2-nn" reg="Hollands" xml:id="B06022-001-a-5790">Holland's</w>
      <w lemma="sit" pos="vvb" xml:id="B06022-001-a-5800">sit</w>
      <pc xml:id="B06022-001-a-5810">,</pc>
      <w lemma="and" pos="cc" xml:id="B06022-001-a-5820">and</w>
      <w lemma="lawn" pos="n1" xml:id="B06022-001-a-5830">Lawn</w>
      <pc xml:id="B06022-001-a-5840">,</pc>
     </l>
     <l xml:id="B06022-e1060">
      <w lemma="but" pos="acp" xml:id="B06022-001-a-5850">But</w>
      <w lemma="as" pos="acp" xml:id="B06022-001-a-5860">as</w>
      <w lemma="for" pos="acp" xml:id="B06022-001-a-5870">for</w>
      <w lemma="naisty" pos="n1" xml:id="B06022-001-a-5880">naisty</w>
      <w lemma="scotch" pos="j-nn" rendition="#hi" xml:id="B06022-001-a-5890">Scotch</w>
      <w lemma="cloth" pos="n1" reg="Cloth" xml:id="B06022-001-a-5900">Cloath</w>
      <w join="right" lemma="we" pos="pns" xml:id="B06022-001-a-5910">we</w>
      <w join="left" lemma="will" pos="vmb" reg="'ll" xml:id="B06022-001-a-5911">'l</w>
      <w lemma="have" pos="vvi" xml:id="B06022-001-a-5920">have</w>
      <w lemma="none" pos="pi-x" xml:id="B06022-001-a-5930">none</w>
      <pc xml:id="B06022-001-a-5940">;</pc>
     </l>
     <l xml:id="B06022-e1080">
      <w lemma="and" pos="cc" xml:id="B06022-001-a-5950">And</w>
      <w lemma="if" pos="cs" xml:id="B06022-001-a-5960">if</w>
      <w lemma="the" pos="d" xml:id="B06022-001-a-5970">the</w>
      <w lemma="Kirkists" pos="n1-nn" xml:id="B06022-001-a-5980">Kirkists</w>
      <w lemma="will" pos="vmb-x" reg="won't" xml:id="B06022-001-a-5990">wo'nt</w>
      <w lemma="to" pos="acp" xml:id="B06022-001-a-6000">to</w>
      <w lemma="this" pos="d" xml:id="B06022-001-a-6010">this</w>
      <w lemma="be" pos="vvb" xml:id="B06022-001-a-6020">be</w>
      <w lemma="draw" pos="vvn" xml:id="B06022-001-a-6030">drawn</w>
     </l>
     <l xml:id="B06022-e1090">
      <w lemma="then" pos="av" xml:id="B06022-001-a-6040">Then</w>
      <w lemma="give" pos="vvi" xml:id="B06022-001-a-6050">give</w>
      <w lemma="they" pos="pno" xml:id="B06022-001-a-6060">'em</w>
      <w lemma="hemp" pos="n1" xml:id="B06022-001-a-6070">Hemp</w>
      <w lemma="as" pos="acp" xml:id="B06022-001-a-6080">as</w>
      <w lemma="long" pos="av_j" xml:id="B06022-001-a-6090">long</w>
      <w lemma="as" pos="acp" xml:id="B06022-001-a-6100">as</w>
      <w join="right" lemma="it" pos="pn" xml:id="B06022-001-a-6110">'t</w>
      <w join="left" lemma="will" pos="vmb" xml:id="B06022-001-a-6111">will</w>
      <w lemma="hang" pos="vvi" xml:id="B06022-001-a-6120">hang</w>
      <w lemma="on" pos="acp-av" xml:id="B06022-001-a-6130">on</w>
      <pc unit="sentence" xml:id="B06022-001-a-6140">.</pc>
     </l>
    </lg>
    <lg xml:id="B06022-e1100">
     <l xml:id="B06022-e1110">
      <w lemma="that" pos="cs" xml:id="B06022-001-a-6150">That</w>
      <w lemma="Paul" pos="n1-nn" rendition="#hi" xml:id="B06022-001-a-6160">Paul</w>
      <w lemma="because" pos="acp" xml:id="B06022-001-a-6170">because</w>
      <w join="right" lemma="here" pos="av" xml:id="B06022-001-a-6180">here</w>
      <w join="left" lemma="be" pos="vvz" xml:id="B06022-001-a-6181">'s</w>
      <w lemma="mention" pos="n1" xml:id="B06022-001-a-6190">mention</w>
      <w lemma="of" pos="acp" xml:id="B06022-001-a-6200">of</w>
      <w lemma="a" pos="d" xml:id="B06022-001-a-6210">a</w>
      <w lemma="cloak" pos="n1" xml:id="B06022-001-a-6220">Cloak</w>
      <pc xml:id="B06022-001-a-6230">,</pc>
     </l>
     <l xml:id="B06022-e1130">
      <w lemma="a" pos="d" xml:id="B06022-001-a-6240">A</w>
      <w lemma="presbyterian" pos="j-nn" rendition="#hi" xml:id="B06022-001-a-6250">Presbyterian</w>
      <w lemma="be" pos="vvd" xml:id="B06022-001-a-6260">was</w>
      <w lemma="i" pos="pns" xml:id="B06022-001-a-6270">I</w>
      <w lemma="can" pos="vmb-x" xml:id="B06022-001-a-6280">cannot</w>
      <w lemma="swear" pos="vvi" xml:id="B06022-001-a-6290">swear</w>
      <pc xml:id="B06022-001-a-6300">;</pc>
     </l>
     <l xml:id="B06022-e1150">
      <w lemma="but" pos="acp" xml:id="B06022-001-a-6310">But</w>
      <w lemma="this" pos="d" xml:id="B06022-001-a-6320">this</w>
      <w lemma="upon" pos="acp" xml:id="B06022-001-a-6330">upon</w>
      <w lemma="my" pos="po" xml:id="B06022-001-a-6340">my</w>
      <w lemma="oath" pos="n1" xml:id="B06022-001-a-6350">Oath</w>
      <w lemma="may" pos="vmb" xml:id="B06022-001-a-6360">may</w>
      <w lemma="well" pos="av" xml:id="B06022-001-a-6370">well</w>
      <w lemma="be" pos="vvi" xml:id="B06022-001-a-6380">be</w>
      <w lemma="speak" pos="vvn" xml:id="B06022-001-a-6390">spoke</w>
      <pc xml:id="B06022-001-a-6400">,</pc>
     </l>
     <l xml:id="B06022-e1160">
      <w lemma="all" pos="av_d" xml:id="B06022-001-a-6410">All</w>
      <w lemma="he" pos="pns" xml:id="B06022-001-a-6420">he</w>
      <w lemma="convert" pos="vvn" xml:id="B06022-001-a-6430">converted</w>
      <w lemma="be" pos="vvd" xml:id="B06022-001-a-6440">were</w>
      <w lemma="by" pos="acp" xml:id="B06022-001-a-6450">by</w>
      <hi xml:id="B06022-e1170">
       <w lemma="common" pos="j" xml:id="B06022-001-a-6460">Common</w>
       <w lemma="prayer" pos="n1" xml:id="B06022-001-a-6470">Prayer</w>
      </hi>
      <pc rendition="#follows-hi" unit="sentence" xml:id="B06022-001-a-6480">.</pc>
     </l>
    </lg>
    <lg xml:id="B06022-e1180">
     <l xml:id="B06022-e1190">
      <w lemma="you" pos="pn" xml:id="B06022-001-a-6490">You</w>
      <w lemma="owe" pos="vvb" xml:id="B06022-001-a-6500">owe</w>
      <w lemma="allegiance" pos="n1" xml:id="B06022-001-a-6510">Allegiance</w>
      <w lemma="to" pos="acp" xml:id="B06022-001-a-6520">to</w>
      <w lemma="the" pos="d" xml:id="B06022-001-a-6530">the</w>
      <w lemma="king" pos="n1" xml:id="B06022-001-a-6540">King</w>
      <pc xml:id="B06022-001-a-6550">,</pc>
      <hi xml:id="B06022-e1200">
       <w lemma="God" pos="n1-nn" xml:id="B06022-001-a-6560">God</w>
       <w lemma="save" pos="vvb" xml:id="B06022-001-a-6570">save</w>
       <w lemma="he" pos="pno" xml:id="B06022-001-a-6580">him</w>
      </hi>
      <pc rendition="#follows-hi" xml:id="B06022-001-a-6590">,</pc>
     </l>
     <l xml:id="B06022-e1210">
      <pc join="right" xml:id="B06022-001-a-6600">(</pc>
      <w lemma="but" pos="acp" xml:id="B06022-001-a-6610">But</w>
      <w lemma="on" pos="acp" xml:id="B06022-001-a-6620">on</w>
      <w lemma="condition" pos="n1" xml:id="B06022-001-a-6630">condition</w>
      <w lemma="bishop" pos="n2" xml:id="B06022-001-a-6640">Bishops</w>
      <w lemma="may" pos="vmb" xml:id="B06022-001-a-6650">may</w>
      <w lemma="go" pos="vvi" xml:id="B06022-001-a-6660">go</w>
      <w lemma="down" pos="acp-av" xml:id="B06022-001-a-6670">down</w>
      <pc xml:id="B06022-001-a-6680">)</pc>
     </l>
     <l xml:id="B06022-e1220">
      <w lemma="but" pos="acp" xml:id="B06022-001-a-6690">But</w>
      <w lemma="if" pos="cs" xml:id="B06022-001-a-6700">if</w>
      <w lemma="he" pos="pns" xml:id="B06022-001-a-6710">he</w>
      <w lemma="will" pos="vmb" xml:id="B06022-001-a-6720">will</w>
      <w lemma="not" pos="xx" xml:id="B06022-001-a-6730">not</w>
      <w lemma="do" pos="vvi" xml:id="B06022-001-a-6740">do</w>
      <w lemma="as" pos="acp" xml:id="B06022-001-a-6750">as</w>
      <w lemma="you" pos="pn" xml:id="B06022-001-a-6760">you</w>
      <w lemma="will" pos="vmd" xml:id="B06022-001-a-6770">would</w>
      <w lemma="have" pos="vvi" xml:id="B06022-001-a-6780">have</w>
      <w lemma="he" pos="pno" xml:id="B06022-001-a-6790">him</w>
      <pc xml:id="B06022-001-a-6800">,</pc>
     </l>
     <l xml:id="B06022-e1230">
      <w lemma="you" pos="pn" xml:id="B06022-001-a-6810">You</w>
      <w lemma="neither" pos="av-x_d" xml:id="B06022-001-a-6820">neither</w>
      <w lemma="value" pos="n1" xml:id="B06022-001-a-6830">value</w>
      <w lemma="Myter" pos="n1-nn" xml:id="B06022-001-a-6840">Myter</w>
      <pc xml:id="B06022-001-a-6850">,</pc>
      <w lemma="nor" pos="cc-x" xml:id="B06022-001-a-6860">nor</w>
      <w lemma="yet" pos="av" xml:id="B06022-001-a-6870">yet</w>
      <w lemma="crown" pos="n1" xml:id="B06022-001-a-6880">Crown</w>
      <pc unit="sentence" xml:id="B06022-001-a-6890">.</pc>
     </l>
    </lg>
    <lg xml:id="B06022-e1240">
     <l xml:id="B06022-e1250">
      <w lemma="and" pos="cc" xml:id="B06022-001-a-6900">And</w>
      <w lemma="yet" pos="av" xml:id="B06022-001-a-6910">yet</w>
      <w lemma="you" pos="pn" xml:id="B06022-001-a-6920">you</w>
      <w lemma="seem" pos="vvb" xml:id="B06022-001-a-6930">seem</w>
      <w lemma="to" pos="to" xml:id="B06022-001-a-6940">to</w>
      <w lemma="like" pos="vvi" xml:id="B06022-001-a-6950">like</w>
      <w lemma="of" pos="acp" xml:id="B06022-001-a-6960">of</w>
      <w lemma="myter" pos="vvn" reg="Mytered" xml:id="B06022-001-a-6970">Myter'd</w>
      <w lemma="man" pos="n2" xml:id="B06022-001-a-6980">men</w>
      <pc xml:id="B06022-001-a-6990">;</pc>
     </l>
     <l xml:id="B06022-e1260">
      <w lemma="o" pos="uh" xml:id="B06022-001-a-7000">O</w>
      <w lemma="conscience" pos="n1" xml:id="B06022-001-a-7010">Conscience</w>
      <w lemma="see" pos="vvb" xml:id="B06022-001-a-7020">see</w>
      <w lemma="what" pos="crq" xml:id="B06022-001-a-7030">what</w>
      <w lemma="interest" pos="n1" xml:id="B06022-001-a-7040">Interest</w>
      <w lemma="can" pos="vmb" xml:id="B06022-001-a-7050">can</w>
      <w lemma="do" pos="vvi" xml:id="B06022-001-a-7060">do</w>
      <pc unit="sentence" xml:id="B06022-001-a-7070">!</pc>
     </l>
     <l xml:id="B06022-e1270">
      <w lemma="for" pos="acp" xml:id="B06022-001-a-7080">For</w>
      <w lemma="if" pos="cs" xml:id="B06022-001-a-7090">if</w>
      <w lemma="instead" pos="av" xml:id="B06022-001-a-7100">instead</w>
      <w lemma="of" pos="acp" xml:id="B06022-001-a-7110">of</w>
      <w lemma="one" pos="pi" xml:id="B06022-001-a-7120">one</w>
      <w lemma="we" pos="pns" xml:id="B06022-001-a-7130">we</w>
      <w lemma="shall" pos="vmd" xml:id="B06022-001-a-7140">should</w>
      <w lemma="have" pos="vvi" xml:id="B06022-001-a-7150">have</w>
      <w lemma="ten" pos="crd" xml:id="B06022-001-a-7160">ten</w>
      <pc xml:id="B06022-001-a-7170">,</pc>
     </l>
     <l xml:id="B06022-e1280">
      <w join="right" lemma="it" pos="pn" xml:id="B06022-001-a-7180">'T</w>
      <w join="left" lemma="be" pos="vvz" xml:id="B06022-001-a-7181">is</w>
      <w lemma="ten" pos="crd" xml:id="B06022-001-a-7190">ten</w>
      <w lemma="to" pos="acp" xml:id="B06022-001-a-7200">to</w>
      <w lemma="one" pos="crd" xml:id="B06022-001-a-7210">one</w>
      <pc xml:id="B06022-001-a-7220">,</pc>
      <w lemma="but" pos="acp" xml:id="B06022-001-a-7230">but</w>
      <w lemma="one" pos="pi" xml:id="B06022-001-a-7240">one</w>
      <w lemma="may" pos="vmd" xml:id="B06022-001-a-7250">might</w>
      <w lemma="fall" pos="vvi" xml:id="B06022-001-a-7260">fall</w>
      <w lemma="to" pos="acp" xml:id="B06022-001-a-7270">to</w>
      <w lemma="you" pos="pn" xml:id="B06022-001-a-7280">you</w>
      <pc unit="sentence" xml:id="B06022-001-a-7290">.</pc>
     </l>
    </lg>
    <lg xml:id="B06022-e1290">
     <l xml:id="B06022-e1300">
      <w lemma="in" pos="acp" xml:id="B06022-001-a-7300">In</w>
      <w lemma="fine" pos="j" xml:id="B06022-001-a-7310">fine</w>
      <w lemma="you" pos="pn" xml:id="B06022-001-a-7320">you</w>
      <w lemma="must" pos="vmb" xml:id="B06022-001-a-7330">must</w>
      <w lemma="not" pos="xx" xml:id="B06022-001-a-7340">not</w>
      <w lemma="sever" pos="vvi" xml:id="B06022-001-a-7350">sever</w>
      <w lemma="church" pos="n1" xml:id="B06022-001-a-7360">Church</w>
      <w lemma="and" pos="cc" xml:id="B06022-001-a-7370">and</w>
      <w lemma="state" pos="n1" xml:id="B06022-001-a-7380">State</w>
      <pc xml:id="B06022-001-a-7390">;</pc>
     </l>
     <l xml:id="B06022-e1310">
      <w lemma="if" pos="cs" xml:id="B06022-001-a-7400">If</w>
      <w lemma="you" pos="pn" xml:id="B06022-001-a-7410">you</w>
      <w lemma="not" pos="xx" xml:id="B06022-001-a-7420">not</w>
      <w lemma="both" pos="d" xml:id="B06022-001-a-7430">both</w>
      <w lemma="obey" pos="vvi" xml:id="B06022-001-a-7440">obey</w>
      <pc xml:id="B06022-001-a-7450">,</pc>
      <w lemma="you" pos="pn" xml:id="B06022-001-a-7460">you</w>
      <w lemma="both" pos="av_d" xml:id="B06022-001-a-7470">both</w>
      <w lemma="provoke" pos="vvi" xml:id="B06022-001-a-7480">provoke</w>
      <pc xml:id="B06022-001-a-7490">:</pc>
     </l>
     <l xml:id="B06022-e1320">
      <w lemma="but" pos="acp" xml:id="B06022-001-a-7500">But</w>
      <w lemma="if" pos="cs" xml:id="B06022-001-a-7510">if</w>
      <w lemma="you" pos="pn" xml:id="B06022-001-a-7520">you</w>
      <w lemma="will" pos="vmb" xml:id="B06022-001-a-7530">will</w>
      <w lemma="not" pos="xx" xml:id="B06022-001-a-7540">not</w>
      <pc unit="sentence" xml:id="B06022-001-a-7550">?</pc>
      <w lemma="porter" pos="n1" xml:id="B06022-001-a-7560">Porter</w>
      <w lemma="open" pos="vvb" reg="open" xml:id="B06022-001-a-7570">ope</w>
      <w lemma="the" pos="d" xml:id="B06022-001-a-7580">the</w>
      <w lemma="gate" pos="n1" xml:id="B06022-001-a-7590">Gate</w>
      <pc xml:id="B06022-001-a-7600">,</pc>
     </l>
     <l xml:id="B06022-e1330">
      <w lemma="and" pos="cc" xml:id="B06022-001-a-7610">And</w>
      <w lemma="farewell" pos="uh" xml:id="B06022-001-a-7620">farewel</w>
      <w lemma="presbyter" pos="n1" rendition="#hi" xml:id="B06022-001-a-7630">Presbyter</w>
      <pc xml:id="B06022-001-a-7640">,</pc>
      <w lemma="farewell" pos="uh" xml:id="B06022-001-a-7650">farewel</w>
      <hi xml:id="B06022-e1350">
       <w lemma="long" pos="j" xml:id="B06022-001-a-7660">long</w>
       <w lemma="cloak" pos="n1" xml:id="B06022-001-a-7670">Cloak</w>
      </hi>
      <pc rendition="#follows-hi" unit="sentence" xml:id="B06022-001-a-7680">.</pc>
     </l>
    </lg>
   </div>
  </body>
  <back xml:id="B06022-e1360">
   <div type="colophon" xml:id="B06022-e1370">
    <p xml:id="B06022-e1380">
     <w lemma="LONDON" pos="n1-nn" rendition="#hi" xml:id="B06022-001-a-7690">LONDON</w>
     <pc xml:id="B06022-001-a-7700">,</pc>
     <w lemma="print" pos="vvn" xml:id="B06022-001-a-7710">Printed</w>
     <w lemma="in" pos="acp" xml:id="B06022-001-a-7720">in</w>
     <w lemma="the" pos="d" xml:id="B06022-001-a-7730">the</w>
     <w lemma="year" pos="n1" xml:id="B06022-001-a-7740">Year</w>
     <w lemma="1666." pos="crd" xml:id="B06022-001-a-7750">1666.</w>
     <pc unit="sentence" xml:id="B06022-001-a-7760"/>
    </p>
   </div>
  </back>
 </text>
</TEI>
