lemma,count
the,26
of,21
be,20
to,9
s,8
a,6
it,6
in,6
that,6
and,6
ireland,6
have,5
history,5
no,5
th,5
not,4
with,4
smith,4
irish,4
l,3
t,3
but,3
will,3
mr,3
r,3
there,3
by,3
y,3
as,2
during,2
century,2
he,2
rule,2
its,2
at,2
parliament,2
h,2
on,2
d,2
f,2
e,2
essay,2
lie,2
o,2
union,2
two,2
co,2
say,2
view,2
this,1
pendent,1
each,1
full,1
power,1
el,1
under,1
cult,1
live,1
ni,1
phillip,1
pa,1
probably,1
more,1
rotten,1
han,1
ind,1
short,1
cl,1
if,1
year,1
many,1
such,1
so,1
could,1
io,1
airy,1
i,1
sad,1
light,1
all,1
tim,1
hr,1
lon,1
isl,1
rh,1
b,1
separation,1
however,1
political,1
hateful,1
series,1
coercion,1
act,1
q,1
tho,1
bee,1
lt,1
an,1
chapter,1
land,1
code,1
hugh,1
old,1
relation,1
la,1
si,1
or,1
onion,1
vi,1
pitt,1
re,1
york,1
morality,1
stat,1
defend,1
new,1
since,1
question,1
much,1
tile,1
li,1
treaty,1
change,1
mournful,1
his,1
england,1
begin,1
evident,1
twelfth,1
accident,1
reign,1
ii,1
historical,1
circumstance,1
establish,1
natural,1
due,1
bane,1
which,1
connection,1
empire,1
date,1
her,1
general,1
brief,1
outline,1
lead,1
up,1
present,1
situation,1
point,1
whose,1
perhaps,1
unduly,1
misfortune,1
failure,1
home,1
incorporate,1
delegate,1
separate,1
realm,1
attach,1
native,1
celt,1
till,1
sixteenth,1
show,1
try,1
antagonism,1
religion,1
ago,1
g,1
rid,1
finally,1
come,1
lr,1
n,1
tribalism,1
norman,1
feudalism,1
english,1
necessarily,1
subordinate,1
part,1
great,1
model,1
after,1
partook,1
other,1
letter,1
corruption,1
henceforth,1
sorrow,1
system,1
confront,1
j,1
