lemma,count
the,140
of,70
be,52
to,43
in,37
a,34
that,33
and,31
it,24
t,20
i,14
this,14
as,13
not,13
s,12
by,12
immigrant,10
for,10
culture,10
or,9
have,9
he,9
l,8
take,7
life,7
c,7
him,7
on,7
at,7
they,7
school,7
community,7
r,7
must,6
his,6
from,6
would,5
group,5
much,5
child,5
make,5
instead,5
understand,5
them,5
only,5
there,5
race,5
what,5
teach,5
high,5
j,5
american,5
their,5
come,4
little,4
work,4
which,4
these,4
nation,4
more,4
middle,4
with,4
one,4
any,4
become,4
out,4
effort,4
re,3
ix,3
different,3
into,3
subject,3
other,3
per,3
all,3
should,3
ur,3
if,3
place,3
old,3
hr,3
do,3
new,3
among,3
america,3
e,3
fusion,3
cultural,3
professor,3
no,3
will,3
may,3
tl,3
we,3
but,3
d,3
who,3
give,3
interest,3
w,3
own,3
put,3
such,3
an,3
racial,3
ly,3
most,2
public,2
unskilled,2
form,2
class,2
est,2
than,2
et,2
lose,2
cent,2
our,2
fact,2
same,2
freedom,2
environment,2
home,2
can,2
force,2
mind,2
true,2
ample,2
contribution,2
say,2
rich,2
civilization,2
up,2
water,2
drop,2
lesson,2
study,2
point,2
year,2
manner,2
without,2
character,2
failure,2
idea,2
those,2
daily,2
run,2
arc,2
y,2
father,2
n,2
call,2
tn,2
hat,2
iv,2
ever,2
foreign,2
good,2
find,2
soon,2
h,2
great,2
her,2
history,2
inter,2
value,2
however,2
m,2
amt,2
possible,2
f,2
so,2
o,2
adult,2
upon,2
basis,2
broaden,2
second,2
like,2
english,2
limit,2
even,2
method,1
heretofore,1
us,1
something,1
similarity,1
position,1
between,1
transform,1
unless,1
improve,1
light,1
institution,1
start,1
forth,1
land,1
madness,1
sin,1
perhaps,1
step,1
attitude,1
v,1
back,1
safeguard,1
merely,1
please,1
whom,1
incomprehensible,1
marry,1
background,1
iron,1
every,1
ex,1
taker,1
giver,1
under,1
too,1
peen,1
original,1
pursue,1
gut,1
civilized,1
later,1
article,1
thousand,1
sufficient,1
world,1
roman,1
record,1
already,1
contrast,1
achievement,1
tire,1
virile,1
club,1
creation,1
ground,1
clear,1
ruthlessly,1
descendant,1
em,1
radically,1
pi,1
proof,1
ask,1
when,1
demonstration,1
author,1
urea,1
proposal,1
trees,1
cherish,1
alteration,1
past,1
glorious,1
remnant,1
ruin,1
classroom,1
space,1
wrecker,1
ally,1
nevertheless,1
conscious,1
colonist,1
instrument,1
need,1
leave,1
wave,1
successive,1
shortly,1
its,1
formation,1
anything,1
owe,1
coal,1
country,1
body,1
miner,1
matter,1
educate,1
vision,1
ingredient,1
live,1
side,1
rice,1
instruction,1
enrich,1
appeal,1
active,1
rome,1
puerile,1
third,1
nat,1
civic,1
rule,1
language,1
play,1
subsequent,1
nu,1
seaboard,1
along,1
medium,1
amusement,1
fin,1
mere,1
shall,1
sign,1
warn,1
dangerous,1
represent,1
incorporate,1
horn,1
transmit,1
expecting,1
hint,1
consciousness,1
ewe,1
seek,1
marshal,1
lie,1
recognition,1
absence,1
hold,1
command,1
oh,1
copying,1
ir,1
oil,1
root,1
healthy,1
blossoming,1
free,1
student,1
intensely,1
how,1
rather,1
mew,1
disintegration,1
save,1
frantic,1
remind,1
throughout,1
foreman,1
word,1
present,1
tray,1
ancient,1
notable,1
include,1
medina,1
tho,1
ii,1
way,1
show,1
carry,1
generation,1
first,1
tendency,1
manufacturing,1
review,1
size,1
room,1
statistic,1
hand,1
x,1
city,1
because,1
fun,1
fl,1
pm,1
fork,1
eta,1
canon,1
system,1
ref,1
rigidity,1
authority,1
prove,1
undertake,1
likely,1
largely,1
lever,1
tic,1
contact,1
cant,1
arid,1
mark,1
nor,1
self,1
total,1
service,1
lt,1
adopt,1
sf,1
commit,1
democracy,1
miss,1
rf,1
tr,1
sn,1
nit,1
rn,1
rs,1
expect,1
assimilation,1
reader,1
lout,1
appear,1
movement,1
americanization,1
mistake,1
fundamental,1
mn,1
cr,1
problem,1
pot,1
text,1
latter,1
whether,1
gas,1
amalgamation,1
u,1
keep,1
tradition,1
preserve,1
turn,1
slav,1
sooner,1
want,1
anti,1
thirteen,1
tia,1
tee,1
lest,1
mac,1
truly,1
end,1
sr,1
tm,1
various,1
blame,1
least,1
main,1
material,1
far,1
offer,1
mediocre,1
chiefly,1
since,1
let,1
immigration,1
rein,1
constantly,1
lack,1
heritage,1
die,1
continuance,1
count,1
lion,1
na,1
tot,1
set,1
imagine,1
future,1
unique,1
weave,1
ian,1
potency,1
invade,1
barbarity,1
justify,1
very,1
ignore,1
deliberate,1
neglect,1
discard,1
genius,1
replace,1
texture,1
people,1
result,1
versatile,1
thought,1
br,1
inevitably,1
wac,1
opportunity,1
grow,1
concern,1
con,1
draw,1
meat,1
sand,1
grain,1
about,1
desk,1
before,1
chair,1
grown,1
placing,1
stiff,1
arrange,1
observe,1
itself,1
building,1
milieu,1
makeup,1
mental,1
whole,1
de,1
seven,1
fur,1
dispose,1
mighty,1
response,1
bear,1
enthusiast,1
enjoy,1
rate,1
reproduce,1
migrant,1
tin,1
tell,1
melt,1
right,1
trouble,1
ree,1
tile,1
heart,1
also,1
builder,1
animate,1
enthusiasm,1
fiery,1
arm,1
last,1
