lemma,count
the,108
of,71
be,55
and,47
he,45
to,42
in,34
a,29
his,27
have,23
which,23
by,19
that,18
it,17
napoleon,17
as,16
but,14
from,13
not,13
him,11
s,10
so,9
people,9
with,9
at,8
when,8
nation,6
one,6
no,6
for,6
all,6
do,6
those,5
russia,5
on,5
think,5
france,5
learn,5
make,5
against,5
into,5
year,4
come,4
i,4
russian,4
an,4
deal,4
l,4
always,4
take,4
st,4
government,4
point,4
this,4
king,4
world,4
most,4
there,4
may,4
their,3
conquest,3
mean,3
frederick,3
lesson,3
army,3
see,3
attempt,3
conquer,3
europe,3
such,3
throne,3
dream,3
way,3
son,3
never,3
helena,3
its,3
thought,3
after,3
would,3
could,3
we,3
them,2
war,2
plainly,2
life,2
fabric,2
striking,2
pictorial,2
merely,2
over,2
t,2
glimpse,2
dialect,2
italian,2
sentiment,2
strong,2
opposition,2
foresee,2
k,2
or,2
time,2
my,2
india,2
me,2
maintain,2
look,2
sea,2
elaborate,2
lay,2
great,2
fact,2
strike,2
say,2
what,2
himself,2
power,2
change,2
awaken,2
face,2
about,2
empire,2
new,2
foe,2
common,2
toward,2
impel,2
compel,2
bourbon,2
even,2
ed,2
like,2
leave,2
stand,2
ally,2
less,2
revise,2
overthrow,2
vain,2
end,2
metternich,2
desire,2
defeat,2
last,2
back,2
only,2
us,2
show,2
history,2
write,2
than,2
up,2
pawn,2
teach,2
who,2
napoleonic,2
master,2
flee,2
aim,2
attribute,2
spain,2
first,2
national,1
enthusiasm,1
wreak,1
diplomacy,1
route,1
german,1
later,1
break,1
before,1
advocate,1
read,1
ruin,1
old,1
hand,1
burn,1
hollow,1
reopen,1
diplomat,1
shall,1
float,1
still,1
author,1
philosopher,1
faultless,1
secret,1
capture,1
earnestly,1
alliance,1
sole,1
pt,1
desert,1
regiment,1
founder,1
previous,1
austria,1
loyalty,1
saxony,1
augustus,1
law,1
neutrality,1
build,1
sword,1
skill,1
fortify,1
aside,1
fate,1
assail,1
doubt,1
enough,1
drive,1
across,1
rhine,1
reluctance,1
sweep,1
timid,1
can,1
improbable,1
goal,1
temporizing,1
diplomatist,1
pro,1
feel,1
join,1
draw,1
wit,1
suez,1
out,1
expectation,1
establishment,1
confidently,1
forward,1
event,1
any,1
expect,1
tie,1
nothing,1
lord,1
differ,1
malignity,1
voice,1
devoid,1
jealous,1
suspicious,1
taciturn,1
punctilious,1
although,1
aura,1
governor,1
duty,1
dismiss,1
investigate,1
various,1
labored,1
hudson,1
iii,1
image,1
reveal,1
blot,1
right,1
promise,1
y,1
foster,1
carefully,1
tradition,1
unable,1
prove,1
rule,1
create,1
reach,1
legend,1
day,1
n,1
ex,1
exile,1
iris,1
map,1
many,1
successful,1
declare,1
lowe,1
sir,1
imagine,1
independence,1
crown,1
robe,1
invincible,1
campaign,1
start,1
relate,1
afterward,1
moscow,1
far,1
alexander,1
liberty,1
blow,1
z,1
greatness,1
mercantile,1
whole,1
contact,1
advance,1
frenchman,1
if,1
tell,1
dependent,1
replace,1
reconcile,1
unlimited,1
czar,1
treat,1
policy,1
hardly,1
instance,1
idea,1
care,1
impartial,1
scrupulous,1
myth,1
examine,1
friendly,1
prof,1
conqueror,1
wide,1
icing,1
open,1
peace,1
sue,1
latter,1
interest,1
her,1
england,1
continent,1
entire,1
intend,1
hut,1
resistance,1
view,1
weld,1
emperor,1
solid,1
believe,1
phantom,1
unreal,1
three,1
pathetic,1
little,1
argument,1
purpose,1
tremendous,1
along,1
gian,1
tower,1
success,1
theirs,1
vaster,1
much,1
group,1
custom,1
parochial,1
appear,1
foundation,1
vivid,1
affair,1
these,1
burst,1
babble,1
once,1
nor,1
forth,1
ring,1
alive,1
just,1
proclaim,1
provisional,1
stroke,1
ready,1
dead,1
report,1
circulate,1
plot,1
paris,1
hurry,1
truth,1
picture,1
touch,1
roman,1
feature,1
domination,1
outline,1
excited,1
english,1
prone,1
too,1
distinguish,1
annie,1
attitude,1
elizabeth,1
almost,1
adam,1
distrust,1
downfall,1
owe,1
book,1
mention,1
salient,1
two,1
decade,1
release,1
complement,1
research,1
cheer,1
devoted,1
instead,1
importance,1
clear,1
third,1
board,1
around,1
move,1
visible,1
famous,1
william,1
factor,1
blind,1
translate,1
monarch,1
edition,1
dwell,1
admirably,1
second,1
while,1
critical,1
sullen,1
cold,1
insignificant,1
leon,1
instinct,1
aid,1
need,1
begin,1
least,1
nd,1
know,1
similar,1
race,1
mighty,1
member,1
round,1
flood,1
weave,1
yore,1
f,1
co,1
holt,1
henry,1
deep,1
sort,1
ia,1
early,1
undertake,1
try,1
easily,1
different,1
barbarous,1
creed,1
religious,1
patriotic,1
soil,1
trespass,1
behind,1
poland,1
moment,1
fee,1
recognize,1
term,1
dictate,1
cabinet,1
front,1
consideration,1
lie,1
sighted,1
short,1
nemesis,1
same,1
lose,1
youth,1
possess,1
state,1
forever,1
tent,1
unaware,1
revolution,1
french,1
product,1
though,1
ion,1
wife,1
chagrin,1
surprised,1
exclaim,1
dear,1
course,1
rotter,1
upon,1
seem,1
every,1
preparation,1
bent,1
persuade,1
go,1
possible,1
except,1
plan,1
elated,1
de,1
prostrate,1
european,1
leer,1
sub,1
conquered,1
found,1
securely,1
own,1
beat,1
ruler,1
career,1
eastern,1
game,1
persia,1
use,1
pathway,1
bubble,1
shatter,1
man,1
