lemma,count
the,31
be,20
and,17
of,14
her,12
she,11
to,10
a,9
he,8
have,8
that,7
it,7
in,6
georgia,6
for,6
jim,5
him,4
s,4
not,4
again,4
but,3
which,3
all,3
divorce,3
mason,3
time,2
go,2
give,2
from,2
child,2
weak,2
they,2
both,2
tie,2
marriage,2
make,2
e,2
work,2
young,2
out,2
good,2
mother,2
permit,2
fact,2
so,2
care,2
each,2
when,2
take,2
lie,2
very,2
feel,2
woman,2
on,2
at,2
friend,2
by,2
new,2
less,2
o,2
order,2
almost,2
will,2
book,2
nothing,2
present,2
as,2
rebel,2
with,2
steven,1
possible,1
religion,1
atmosphere,1
an,1
hervey,1
reason,1
representative,1
ambitious,1
old,1
ill,1
hard,1
i,1
head,1
this,1
case,1
ra,1
clean,1
minded,1
comrade,1
chap,1
their,1
hospital,1
idea,1
argument,1
or,1
training,1
simply,1
such,1
other,1
surround,1
author,1
prevail,1
upon,1
iron,1
doctrine,1
against,1
birth,1
come,1
theme,1
recall,1
second,1
them,1
fortunately,1
die,1
slowly,1
drag,1
way,1
into,1
up,1
misery,1
doom,1
weakling,1
sh,1
call,1
poverty,1
character,1
duty,1
return,1
husband,1
lo,1
brag,1
equally,1
bear,1
believe,1
sentimentalist,1
definite,1
conga,1
there,1
secure,1
hers,1
its,1
tory,1
office,1
strongly,1
charm,1
psychological,1
penetration,1
primitive,1
yet,1
succeed,1
n,1
deal,1
ecclesiastical,1
devoid,1
taboo,1
talbot,1
marry,1
conner,1
roman,1
catholic,1
degenerate,1
job,1
literary,1
narrative,1
ward,1
say,1
mr,1
joseph,1
patterson,1
novel,1
rebellion,1
reilly,1
net,1
may,1
once,1
colorless,1
read,1
no,1
eagerly,1
than,1
enemy,1
t,1
simple,1
straightforward,1
railroad,1
heeler,1
alert,1
despite,1
opening,1
tim,1
lon,1
just,1
increase,1
salary,1
refuse,1
live,1
think,1
ell,1
cut,1
nd,1
sharp,1
put,1
abstract,1
his,1
purse,1
attractive,1
lime,1
sure,1
also,1
reproach,1
become,1
drunkard,1
merely,1
first,1
home,1
drunk,1
coffee,1
do,1
bat,1
moderately,1
d,1
solemn,1
one,1
pledge,1
keep,1
nearly,1
year,1
drink,1
strong,1
