lemma,count
of,68
the,67
a,46
and,42
be,39
i,38
to,34
in,31
his,29
t,26
it,20
for,20
l,18
o,18
s,18
he,17
or,15
r,14
as,13
with,13
on,9
e,9
that,9
m,9
too,8
h,8
x,8
which,7
th,7
have,7
its,7
nd,7
ill,6
one,6
from,6
if,6
thackeray,6
not,6
even,6
n,6
tile,5
often,5
all,5
no,5
will,5
st,5
man,5
do,5
at,5
him,5
upon,5
w,5
their,4
sense,4
an,4
who,4
le,4
quite,4
f,4
own,4
by,4
life,4
seem,4
other,4
this,4
sir,4
thing,4
but,4
hi,4
poor,3
under,3
what,3
need,3
however,3
look,3
lind,3
much,3
may,3
j,3
then,3
lr,3
ken,3
our,3
among,3
any,3
them,3
arthur,3
up,3
make,3
word,3
great,3
di,3
take,3
such,3
anthony,3
couch,3
trollope,3
high,3
snob,3
thai,3
victorian,3
first,3
mean,3
lie,3
understand,3
recognition,2
streak,2
fall,2
y,2
about,2
head,2
house,2
town,2
anti,2
when,2
root,2
those,2
utter,2
without,2
people,2
home,2
world,2
rt,2
deliver,2
know,2
ire,2
chief,2
note,2
ever,2
ad,2
reason,2
secret,2
let,2
ty,2
run,2
hut,2
io,2
ir,2
book,2
thin,2
xx,2
rule,2
we,2
al,2
explain,2
pa,2
more,2
than,2
k,2
lo,2
few,2
still,2
down,2
little,2
ally,2
lit,2
follow,2
music,2
you,2
so,2
now,2
discursive,2
land,2
mr,2
q,2
tao,2
author,2
fail,2
print,2
imagination,2
mo,2
out,2
page,2
into,2
landscape,2
b,2
new,2
countryside,2
english,2
folk,2
full,2
novel,2
city,2
novelist,2
picture,2
eye,2
volume,2
political,2
pr,2
v,2
pall,1
revive,1
ail,1
felicity,1
really,1
country,1
ineptitude,1
greater,1
depict,1
ame,1
like,1
ramify,1
numerous,1
drive,1
sap,1
vital,1
fetch,1
part,1
deep,1
ethel,1
come,1
second,1
henley,1
conscious,1
before,1
merely,1
manifestation,1
foregoing,1
sit,1
these,1
cruder,1
diet,1
sometimes,1
fat,1
unity,1
concentration,1
they,1
ne,1
uneasiness,1
chair,1
ward,1
behind,1
footman,1
choose,1
social,1
lecture,1
amid,1
succor,1
solid,1
privilege,1
attach,1
fame,1
good,1
duty,1
race,1
alien,1
set,1
cheap,1
interesting,1
family,1
eradicate,1
mall,1
temple,1
hulk,1
wick,1
later,1
ned,1
sturdy,1
sort,1
condition,1
neighbor,1
say,1
village,1
match,1
almost,1
field,1
circulation,1
fresh,1
withdraw,1
freshly,1
rare,1
acquire,1
desk,1
reader,1
riper,1
lend,1
jut,1
put,1
me,1
find,1
tr,1
balzac,1
disadvantage,1
historic,1
patch,1
purple,1
hen,1
es,1
hall,1
cathedral,1
liquid,1
search,1
couple,1
relate,1
command,1
memory,1
abbey,1
effortless,1
prove,1
dept,1
scarce,1
haunting,1
lapse,1
knack,1
very,1
c,1
milking,1
hardly,1
melancholy,1
close,1
ors,1
once,1
sink,1
trollop,1
casual,1
most,1
survive,1
non,1
lew,1
stuff,1
lose,1
matter,1
jud,1
characteristic,1
arc,1
while,1
youth,1
can,1
always,1
uncertainty,1
involve,1
writer,1
prose,1
meanly,1
edward,1
shakespeare,1
brion,1
definition,1
reverse,1
gr,1
handle,1
uncontrolled,1
cruelty,1
suspect,1
literature,1
only,1
where,1
same,1
triumphant,1
tax,1
chide,1
lull,1
loose,1
society,1
enter,1
rend,1
yourself,1
surrender,1
pure,1
envy,1
just,1
pl,1
touch,1
must,1
bolster,1
reference,1
bane,1
ly,1
lovely,1
italic,1
caching,1
informal,1
incurable,1
avoid,1
unmistakable,1
prison,1
simple,1
reform,1
ll,1
principle,1
beyond,1
lift,1
hard,1
cir,1
patent,1
court,1
injurious,1
po,1
d,1
legal,1
saw,1
discrimination,1
indignation,1
ox,1
dist,1
cruel,1
barton,1
rx,1
g,1
ye,1
pool,1
kn,1
rep,1
knit,1
plot,1
tat,1
ledger,1
tame,1
item,1
time,1
cardinal,1
indeed,1
flail,1
my,1
fix,1
vol,1
el,1
hie,1
ar,1
ct,1
iii,1
your,1
lead,1
waif,1
xi,1
factory,1
fl,1
mountain,1
purpose,1
single,1
how,1
extinguish,1
molehill,1
themselves,1
subordinate,1
foothill,1
tower,1
finally,1
adjustment,1
disraeli,1
shift,1
height,1
vary,1
recede,1
henry,1
son,1
york,1
pp,1
never,1
breed,1
eminence,1
mrs,1
vivid,1
attention,1
mind,1
day,1
quit,1
woman,1
lt,1
itself,1
rn,1
system,1
tit,1
stretch,1
share,1
peak,1
eon,1
rid,1
group,1
ki,1
fellow,1
endow,1
there,1
over,1
li,1
end,1
invention,1
hy,1
certain,1
dom,1
account,1
should,1
accuse,1
here,1
hierarchy,1
east,1
experience,1
claim,1
distribute,1
domestic,1
thwart,1
ii,1
indian,1
anglo,1
truly,1
anted,1
ouch,1
contemporary,1
allegiance,1
due,1
yet,1
admire,1
ed,1
exile,1
wide,1
personal,1
two,1
pervade,1
creep,1
certainly,1
pretty,1
department,1
state,1
secretary,1
some,1
caprice,1
official,1
idea,1
reward,1
dependent,1
service,1
tradition,1
loyal,1
along,1
upset,1
order,1
try,1
invade,1
charity,1
everything,1
ba,1
colonist,1
justify,1
remain,1
thought,1
aptitude,1
knowledge,1
religion,1
real,1
away,1
shut,1
character,1
ind,1
course,1
mere,1
oil,1
happening,1
isl,1
jill,1
u,1
riot,1
mi,1
happen,1
dot,1
la,1
hilt,1
cut,1
mot,1
short,1
explanation,1
cast,1
foul,1
acceptable,1
ere,1
improvident,1
ah,1
necessary,1
us,1
warm,1
draw,1
hay,1
able,1
aristotelian,1
talc,1
fairy,1
edition,1
cover,1
detail,1
te,1
trio,1
ac,1
