lemma,count
the,33
of,18
a,18
and,15
to,13
in,10
be,9
her,9
by,7
s,7
one,5
german,5
for,4
book,4
on,4
his,4
have,4
that,4
legacy,4
professor,4
coral,3
its,3
but,3
rosamond,3
from,3
tile,3
very,3
much,3
this,3
joan,3
most,3
home,3
englishman,2
young,2
which,2
manner,2
christian,2
story,2
name,2
not,2
background,2
daughter,2
wife,2
an,2
guardian,2
it,2
way,2
comfort,2
into,2
with,2
r,2
she,2
mrs,2
study,2
preside,1
wooing,1
little,1
readable,1
own,1
plot,1
may,1
bound,1
altogether,1
exciting,1
quiet,1
good,1
form,1
tell,1
vengeance,1
humor,1
e,1
ch,1
depend,1
scene,1
romance,1
ph,1
could,1
interesting,1
hose,1
journey,1
finally,1
decide,1
punish,1
ac,1
proposal,1
marriage,1
gong,1
live,1
english,1
y,1
arrangement,1
result,1
usual,1
point,1
describe,1
hardly,1
too,1
until,1
lady,1
sharply,1
contrast,1
devotion,1
love,1
system,1
humble,1
attitude,1
bleakness,1
put,1
cause,1
triumphs,1
bring,1
happy,1
go,1
lucky,1
house,1
over,1
brother,1
make,1
at,1
foot,1
rs,1
shift,1
he,1
c,1
many,1
payment,1
university,1
town,1
country,1
harmless,1
place,1
england,1
few,1
opportunity,1
varied,1
treat,1
picture,1
life,1
order,1
coquettish,1
whom,1
who,1
remind,1
atmosphere,1
popular,1
anglo,1
alliance,1
case,1
sex,1
reverse,1
maiden,1
capture,1
clan,1
fancy,1
highly,1
inexpressive,1
take,1
financial,1
nature,1
consist,1
n,1
unfinished,1
strongly,1
reader,1
sentimental,1
violin,1
girl,1
alfred,1
volume,1
pp,1
new,1
york,1
henry,1
holt,1
co,1
though,1
lack,1
part,1
indefinable,1
charm,1
so,1
long,1
endear,1
miss,1
first,1
both,1
leave,1
celebrated,1
anxious,1
incidentally,1
wickedly,1
ho,1
entice,1
fri,1
offense,1
against,1
consequence,1
these,1
transgression,1
de,1
ere,1
rescue,1
calculate,1
touch,1
heart,1
there,1
also,1
fat,1
day,1
night,1
pupil,1
sleepless,1
helper,1
already,1
needless,1
absorb,1
attention,1
entire,1
exclusion,1
detriment,1
happiness,1
drop,1
el,1
after,1
death,1
while,1
feminine,1
portion,1
immediately,1
begin,1
because,1
or,1
