lemma,count
the,155
of,82
be,73
a,68
and,66
to,50
have,44
in,42
that,35
it,34
as,28
his,25
he,24
not,20
for,18
moore,16
george,15
s,15
which,14
with,13
brook,13
one,13
would,12
but,12
say,11
on,11
she,11
book,11
there,10
at,10
we,10
come,10
out,9
do,9
may,9
him,8
i,8
who,8
irish,8
ruth,8
its,8
or,8
her,8
an,8
make,7
so,7
narrative,7
story,7
style,7
character,7
from,7
upon,6
life,6
us,6
go,6
give,6
f,6
water,6
departure,5
then,5
o,5
if,5
this,5
show,5
see,5
turn,5
once,5
man,5
certain,5
paul,5
can,5
t,5
word,5
me,5
up,4
rachel,4
distinctively,4
seem,4
young,4
choose,4
them,4
think,4
great,4
other,4
legend,4
e,4
gospel,4
create,4
when,4
answer,4
more,4
you,4
n,4
gregory,4
take,4
tell,4
esther,4
re,4
table,4
no,4
what,4
writer,3
city,3
wonder,3
lady,3
base,3
joseph,3
another,3
true,3
speech,3
much,3
holy,3
thought,3
only,3
th,3
land,3
write,3
some,3
people,3
modern,3
all,3
between,3
single,3
discovery,3
never,3
ask,3
speak,3
into,3
your,3
movement,3
new,3
by,3
ireland,3
could,3
return,3
arm,3
farewell,3
r,3
end,3
nd,3
place,3
wedding,3
feast,3
now,3
any,3
x,2
reply,2
joy,2
know,2
appear,2
lover,2
sorrow,2
friend,2
bring,2
why,2
face,2
read,2
smile,2
bridegroom,2
present,2
iv,2
oil,2
whose,2
love,2
ha,2
their,2
landscape,2
passage,2
h,2
monotony,2
thousand,2
girl,2
like,2
nor,2
still,2
actually,2
same,2
belong,2
beauty,2
get,2
way,2
hear,2
period,2
w,2
little,2
name,2
close,2
figure,2
because,2
without,2
except,2
lie,2
fail,2
indeed,2
too,2
revelation,2
such,2
well,2
novel,2
than,2
something,2
hail,2
will,2
introduction,2
produce,2
lake,2
field,2
even,2
few,2
note,2
wrapper,2
syrian,2
pass,2
work,2
reader,2
memorable,2
prophet,2
after,2
title,2
achievement,2
vital,2
remarkable,2
early,2
christ,2
about,2
anything,2
ill,1
language,1
crew,1
owe,1
back,1
lean,1
loyalty,1
vale,1
unusual,1
watch,1
soon,1
gilbert,1
don,1
learn,1
call,1
late,1
later,1
lit,1
hr,1
anti,1
white,1
abe,1
interest,1
flare,1
labor,1
flower,1
touch,1
corn,1
protestantism,1
inc,1
bible,1
intimate,1
bind,1
while,1
woo,1
where,1
rt,1
thou,1
actual,1
thee,1
knox,1
hour,1
evil,1
cadence,1
behind,1
norm,1
fill,1
telling,1
fore,1
every,1
laugh,1
happy,1
abundance,1
seemingly,1
p,1
each,1
beautiful,1
pleasure,1
sword,1
concord,1
flow,1
martial,1
jest,1
laughter,1
raiment,1
silt,1
across,1
cup,1
ardor,1
shall,1
draw,1
revolt,1
brother,1
beloved,1
sister,1
listen,1
jew,1
detail,1
jar,1
yesterday,1
l,1
before,1
fixture,1
worker,1
group,1
perspective,1
ms,1
offer,1
down,1
sun,1
apostle,1
glow,1
purple,1
bath,1
abut,1
cliff,1
ever,1
high,1
tower,1
dome,1
patch,1
last,1
start,1
persistence,1
news,1
hasty,1
background,1
eel,1
v,1
jewish,1
religious,1
himself,1
meditation,1
atmosphere,1
agnostic,1
capital,1
mid,1
how,1
sit,1
pestle,1
author,1
publish,1
scenario,1
chief,1
jesus,1
play,1
remain,1
challenger,1
ago,1
dublin,1
bit,1
bare,1
painter,1
dominate,1
pleasantly,1
minor,1
however,1
insist,1
tore,1
exception,1
previous,1
bethink,1
view,1
beach,1
label,1
moonlight,1
ruin,1
leave,1
thus,1
fervor,1
introduce,1
always,1
account,1
many,1
extraordinary,1
surprisingly,1
presentation,1
absent,1
half,1
cookery,1
hastiness,1
understand,1
bo,1
enter,1
archaic,1
historical,1
feature,1
spend,1
time,1
insistently,1
country,1
fable,1
impression,1
need,1
discuss,1
dan,1
neither,1
death,1
devitalized,1
mr,1
sake,1
twain,1
herself,1
endowment,1
gesticulation,1
power,1
pilate,1
judas,1
peter,1
endow,1
had,1
personality,1
satisfy,1
convincing,1
expect,1
day,1
picture,1
vivid,1
grouping,1
sense,1
fine,1
these,1
old,1
probably,1
century,1
currency,1
they,1
beyond,1
scope,1
credit,1
prose,1
hyde,1
fish,1
nothing,1
mad,1
god,1
lad,1
yet,1
initiator,1
absolutely,1
georg,1
train,1
dramatic,1
abbey,1
playwright,1
j,1
certainly,1
again,1
hold,1
although,1
saying,1
competent,1
astound,1
gin,1
daring,1
success,1
tr,1
permit,1
result,1
important,1
none,1
succession,1
permanent,1
transcend,1
naturalistic,1
english,1
credential,1
palpable,1
novelist,1
safely,1
company,1
macmillan,1
york,1
fiction,1
realistic,1
basis,1
form,1
christian,1
logy,1
astonishing,1
build,1
thai,1
c,1
cross,1
die,1
tie,1
star,1
find,1
eagerly,1
vet,1
mark,1
heretofore,1
theme,1
mixture,1
dissimilarity,1
surprising,1
itself,1
capable,1
genius,1
halt,1
compare,1
tad,1
cave,1
confession,1
translation,1
poem,1
collection,1
dearly,1
strength,1
coming,1
decide,1
able,1
hither,1
good,1
trouble,1
relieve,1
haman,1
bur,1
blanching,1
cheek,1
solve,1
longer,1
bear,1
unable,1
length,1
till,1
alternatively,1
favor,1
uncertain,1
long,1
desire,1
grow,1
both,1
begin,1
lid,1
plead,1
tat,1
wish,1
against,1
openly,1
q,1
lay,1
spell,1
brood,1
else,1
pale,1
id,1
ti,1
away,1
loss,1
behoove,1
my,1
self,1
ira,1
gladness,1
divide,1
heart,1
rival,1
song,1
sty,1
hardly,1
fifty,1
monotonous,1
become,1
tend,1
reason,1
suspense,1
lack,1
balance,1
danger,1
hillside,1
hundred,1
circle,1
continually,1
talk,1
bad,1
la,1
follow,1
sh,1
ir,1
use,1
hint,1
keep,1
twenty,1
fair,1
effort,1
two,1
village,1
perfection,1
hews,1
here,1
own,1
pa,1
liquid,1
balanced,1
clear,1
compose,1
effect,1
sentence,1
lure,1
delight,1
continual,1
must,1
writing,1
source,1
glory,1
allen,1
bog,1
g,1
