lemma,count
the,58
and,37
of,37
a,25
be,22
to,15
s,13
in,10
with,10
our,8
t,8
e,8
from,7
have,7
that,7
write,7
its,7
as,7
we,6
i,6
fur,6
by,6
for,5
an,5
book,5
not,4
other,4
her,4
on,4
democracy,4
n,4
who,4
which,4
dy,4
r,4
f,3
it,3
j,3
tribute,3
sn,3
l,3
his,3
war,3
will,3
en,3
all,3
nation,3
d,3
interesting,3
this,3
stir,2
those,2
st,2
great,2
word,2
john,2
o,2
firm,2
union,2
part,2
own,2
but,2
day,2
she,2
rn,2
can,2
sad,2
hate,2
ire,2
contribute,2
ere,2
work,2
general,2
poem,2
b,2
de,2
good,2
send,2
no,2
contribution,2
little,2
among,2
life,2
form,2
or,2
con,2
reader,2
gift,2
w,2
think,2
many,2
nut,2
volume,2
london,1
suddenly,1
burst,1
al,1
lincoln,1
bind,1
restaurant,1
savoy,1
what,1
play,1
open,1
barnard,1
into,1
star,1
spa,1
banner,1
lead,1
while,1
just,1
arrive,1
cesare,1
cartoon,1
staff,1
enter,1
gabriele,1
thayer,1
italy,1
heritage,1
woman,1
paper,1
tend,1
locke,1
fit,1
lint,1
definition,1
pa,1
lace,1
anatole,1
pay,1
stirring,1
len,1
vt,1
beck,1
pr,1
lola,1
tor,1
h,1
lady,1
aberdeen,1
ralph,1
lay,1
laced,1
dew,1
america,1
mention,1
ex,1
trot,1
ion,1
ocher,1
short,1
george,1
republish,1
study,1
frontispiece,1
color,1
goodly,1
illustrate,1
array,1
popular,1
writer,1
beautifully,1
lout,1
harriet,1
especially,1
anti,1
number,1
american,1
hartley,1
wu,1
drama,1
daniel,1
memory,1
several,1
state,1
far,1
pt,1
speech,1
take,1
definitely,1
concerned,1
periodical,1
permission,1
few,1
iron,1
robert,1
wit,1
bale,1
additional,1
dodge,1
us,1
understand,1
m,1
painting,1
japan,1
greece,1
reproduction,1
elliott,1
latin,1
sterner,1
edgar,1
iran,1
vat,1
albert,1
hale,1
op,1
falter,1
joseph,1
drawing,1
sargent,1
serbia,1
sketch,1
portrait,1
include,1
stone,1
arthur,1
guy,1
help,1
notable,1
thyme,1
ft,1
opener,1
et,1
care,1
onto,1
surely,1
hint,1
ant,1
etc,1
cur,1
at,1
writ,1
national,1
c,1
hr,1
two,1
every,1
ante,1
must,1
knave,1
heart,1
even,1
if,1
them,1
task,1
run,1
fortune,1
ag,1
everything,1
th,1
now,1
alas,1
win,1
than,1
when,1
add,1
tuna,1
lash,1
sailor,1
volunteer,1
family,1
needy,1
use,1
fire,1
sale,1
profit,1
mercy,1
beautiful,1
review,1
brief,1
only,1
holiday,1
pock,1
opinion,1
man,1
ea,1
value,1
charming,1
give,1
generous,1
because,1
cari,1
content,1
cf,1
ne,1
cr,1
ir,1
come,1
ls,1
question,1
necessity,1
suffer,1
fight,1
within,1
practical,1
people,1
common,1
thoughtfully,1
cam,1
g,1
name,1
pea,1
better,1
novel,1
whom,1
comma,1
cat,1
call,1
english,1
speak,1
world,1
he,1
outward,1
slap,1
need,1
gal,1
worthy,1
hanna,1
offer,1
here,1
their,1
answer,1
canon,1
emile,1
privilege,1
sentiment,1
fr,1
then,1
first,1
high,1
lord,1
hope,1
tn,1
constantly,1
mess,1
fellow,1
letter,1
tun,1
do,1
peace,1
dean,1
iv,1
rory,1
tin,1
coll,1
u,1
treat,1
int,1
alike,1
writing,1
means,1
aft,1
devote,1
laval,1
defend,1
render,1
service,1
co,1
