lemma,count
of,112
the,111
be,82
and,45
i,43
in,39
to,38
a,36
t,28
it,24
l,23
s,21
for,19
as,18
which,17
that,17
his,16
he,13
tile,13
who,12
ill,12
so,12
by,11
with,11
have,10
h,10
hi,9
e,9
not,9
there,9
n,8
an,8
all,7
d,7
ii,7
at,7
will,7
furniture,7
style,6
if,6
work,6
th,6
make,6
about,6
know,6
century,5
now,5
r,5
o,5
chippendale,5
its,5
time,5
name,5
from,5
when,5
shop,4
man,4
do,4
though,4
house,4
till,4
y,4
thoma,4
what,4
tr,4
c,4
k,4
eighteenth,4
this,3
lie,3
qt,3
ir,3
maker,3
most,3
f,3
their,3
tl,3
first,3
classic,3
himself,3
far,3
old,3
age,3
hill,3
year,3
fashion,3
than,3
fact,3
el,3
like,3
since,3
our,3
we,3
out,3
hall,2
show,2
influence,2
much,2
villa,2
later,2
run,2
architect,2
put,2
lind,2
firm,2
prevalent,2
mode,2
period,2
more,2
wren,2
al,2
humble,2
largely,2
less,2
bl,2
fl,2
mr,2
director,2
dead,2
g,2
also,2
aid,2
york,2
own,2
adam,2
apply,2
list,2
seduce,2
light,2
pl,2
use,2
mastery,2
li,2
may,2
ar,2
m,2
gothic,2
tn,2
business,2
martin,2
along,2
force,2
into,2
way,2
great,2
come,2
drawing,2
original,2
chinese,2
er,2
take,2
p,2
england,2
study,2
life,2
ed,2
mahogany,2
people,2
raise,2
self,2
kind,2
conscious,2
go,2
live,2
edition,2
set,2
hut,2
then,2
frederick,2
sort,2
xx,2
jr,2
park,2
di,2
oat,2
gilt,2
seem,2
utterly,2
q,2
one,2
after,2
still,2
no,2
lane,2
publication,2
date,2
ho,2
new,2
cabinetmaker,2
st,2
church,2
any,1
dart,1
rather,1
en,1
suitable,1
propose,1
last,1
dining,1
incidentally,1
mayor,1
fill,1
conservator,1
tho,1
verse,1
elegant,1
signer,1
builder,1
apartment,1
saloon,1
invasion,1
enterprise,1
row,1
jen,1
burnish,1
jerry,1
rent,1
toss,1
avid,1
building,1
marry,1
sol,1
how,1
pugnacious,1
george,1
br,1
king,1
him,1
b,1
preserve,1
honor,1
record,1
vii,1
va,1
maia,1
ia,1
j,1
ambitious,1
wale,1
johnson,1
ts,1
museum,1
albert,1
victoria,1
loan,1
piece,1
xvi,1
some,1
number,1
they,1
text,1
fr,1
david,1
furnish,1
teal,1
get,1
royal,1
item,1
ex,1
among,1
loll,1
lint,1
ten,1
sp,1
si,1
eighteen,1
ell,1
lilac,1
prison,1
herself,1
lady,1
le,1
weal,1
ht,1
hen,1
fee,1
place,1
gin,1
head,1
nil,1
charge,1
she,1
coldly,1
her,1
visit,1
thu,1
oho,1
hind,1
nit,1
or,1
cr,1
outside,1
peron,1
sketchy,1
kn,1
between,1
disproportion,1
vi,1
horror,1
represent,1
hop,1
filial,1
utility,1
hy,1
ce,1
mid,1
aft,1
execute,1
elf,1
wholly,1
wt,1
design,1
blend,1
accord,1
draw,1
pile,1
fuse,1
lion,1
up,1
teresa,1
singer,1
italian,1
provide,1
gill,1
scanty,1
train,1
sh,1
datum,1
concern,1
conspiracy,1
propensity,1
spite,1
detail,1
corded,1
account,1
inference,1
deal,1
good,1
part,1
those,1
gentry,1
connection,1
early,1
grow,1
job,1
find,1
tall,1
oh,1
ah,1
inventory,1
actually,1
don,1
note,1
another,1
carver,1
whether,1
scent,1
affect,1
leaf,1
foliage,1
acanthus,1
authentic,1
descended,1
fine,1
on,1
position,1
yell,1
nd,1
mill,1
every,1
tel,1
wood,1
monkey,1
treat,1
supply,1
half,1
second,1
exactly,1
able,1
essential,1
paul,1
profession,1
hap,1
consist,1
creation,1
even,1
creator,1
lifter,1
least,1
true,1
but,1
taste,1
hang,1
swiftly,1
tor,1
fae,1
truth,1
size,1
retell,1
fail,1
would,1
invoke,1
malty,1
certain,1
v,1
familiar,1
few,1
very,1
rowing,1
french,1
model,1
folk,1
critical,1
craftsman,1
yet,1
theatrical,1
tat,1
education,1
lack,1
handicap,1
course,1
matter,1
service,1
ade,1
xiv,1
accustom,1
composite,1
rank,1
wealth,1
public,1
wealthy,1
rant,1
glibly,1
little,1
whom,1
lr,1
spell,1
point,1
permanent,1
ever,1
slide,1
kinship,1
such,1
sensibility,1
acute,1
indeed,1
everything,1
superbly,1
day,1
these,1
perhaps,1
conjure,1
right,1
brock,1
company,1
boston,1
development,1
select,1
illustration,1
oliver,1
vogue,1
mongrel,1
mock,1
circumscribe,1
ruthless,1
ind,1
cd,1
fame,1
art,1
epoch,1
mention,1
wen,1
marquetry,1
ardor,1
equal,1
whereas,1
indissolubly,1
revive,1
wm,1
nineteenth,1
clearly,1
middle,1
cabinet,1
famous,1
thai,1
twenty,1
say,1
before,1
fur,1
testimony,1
happen,1
x,1
teacher,1
employ,1
considerable,1
opinion,1
inherent,1
mystical,1
express,1
fancy,1
exotic,1
break,1
regard,1
utterance,1
struggle,1
wan,1
romance,1
venture,1
escape,1
author,1
lose,1
unwilling,1
rage,1
monument,1
nth,1
forward,1
engraving,1
tippling,1
enjoy,1
castle,1
effort,1
lifeless,1
keep,1
bench,1
per,1
robert,1
under,1
favor,1
adopt,1
blame,1
prince,1
anti,1
deer,1
society,1
member,1
rise,1
classical,1
upholsterer,1
personage,1
typically,1
adorn,1
ruin,1
artificial,1
start,1
romantic,1
impulse,1
misguided,1
feeble,1
lip,1
necessary,1
ft,1
definition,1
couple,1
europe,1
weight,1
incline,1
indisputable,1
riot,1
material,1
complete,1
ion,1
imaginative,1
craft,1
lead,1
dutch,1
create,1
ervin,1
vagary,1
andi,1
cod,1
actual,1
absurdity,1
many,1
interior,1
general,1
conduct,1
mainly,1
produce,1
knowledge,1
try,1
alive,1
purpose,1
restoration,1
only,1
front,1
towel,1
western,1
ration,1
leg,1
avoid,1
hard,1
esteem,1
hat,1
low,1
hold,1
ilium,1
du,1
revival,1
ll,1
fall,1
object,1
occidental,1
oriental,1
attempt,1
us,1
