lemma,count
the,127
of,76
and,72
be,52
in,50
his,45
a,43
he,39
to,28
for,23
with,19
it,19
i,17
art,16
all,15
but,14
on,14
that,13
as,13
or,12
have,12
not,10
at,10
more,10
year,9
him,9
too,9
an,9
from,8
even,8
s,7
by,7
do,7
critic,6
so,6
e,6
this,6
go,6
which,6
who,6
may,6
t,5
their,5
over,5
never,5
some,5
know,5
always,5
letter,5
yet,5
would,5
there,4
work,4
we,4
after,4
many,4
any,4
music,4
own,4
life,4
painting,4
two,4
himself,4
one,4
if,4
o,4
end,4
will,4
few,4
volume,4
than,4
l,4
quite,3
later,3
much,3
declare,3
garden,3
author,3
these,3
way,3
out,3
little,3
should,3
less,3
indeed,3
once,3
register,3
house,3
keep,3
picture,3
time,3
far,3
our,3
de,3
such,3
like,3
first,3
see,3
its,3
say,3
make,3
swan,3
into,3
show,3
steeplejack,3
take,3
p,3
back,3
opera,3
field,2
ever,2
you,2
sometimes,2
another,2
requirement,2
perhaps,2
last,2
alike,2
ye,2
sayer,2
reality,2
them,2
h,2
feel,2
write,2
then,2
through,2
no,2
beer,2
abstract,2
fact,2
hi,2
self,2
god,2
alway,2
lovely,2
quote,2
review,2
general,2
ha,2
charge,2
still,2
practice,2
line,2
idea,2
wire,2
try,2
seem,2
become,2
could,2
sculpture,2
most,2
young,2
pause,2
good,2
mean,2
your,2
toward,2
rot,2
current,2
despite,2
broad,2
they,2
le,2
must,2
d,2
already,2
though,2
die,2
certain,2
old,2
world,2
friend,2
seven,2
jame,2
story,2
book,2
issue,2
admit,2
gallery,2
great,2
only,2
writer,2
day,2
illustrate,2
re,2
think,2
new,2
york,2
further,2
paris,2
whether,2
same,2
drive,2
b,2
treat,2
full,2
company,2
neglect,2
personality,2
everywhere,2
fiction,2
publish,2
fail,2
how,2
spill,2
among,2
soul,2
up,2
something,2
intimate,2
portrayal,2
gibbon,2
thus,2
inexorable,1
rodin,1
shiver,1
law,1
syntax,1
lave,1
expose,1
cruelly,1
evade,1
ferocity,1
archaic,1
frequent,1
logical,1
tor,1
polished,1
stein,1
ire,1
symbolism,1
cold,1
attitude,1
during,1
rise,1
leave,1
shadow,1
just,1
anatole,1
between,1
duel,1
famous,1
es,1
print,1
altogether,1
editor,1
understand,1
practicality,1
bubble,1
stone,1
pas,1
catch,1
hat,1
require,1
frankly,1
exigency,1
forth,1
architecture,1
acting,1
precede,1
rhetoric,1
sensuous,1
replace,1
idealist,1
was,1
stare,1
obvious,1
finally,1
when,1
evasive,1
enigma,1
palpitate,1
v,1
cryptic,1
wholly,1
top,1
unheard,1
premonition,1
subtle,1
poetic,1
let,1
deliberately,1
bane,1
pardon,1
me,1
pack,1
message,1
multiple,1
send,1
intention,1
worth,1
obscure,1
literature,1
veil,1
consoling,1
candle,1
corner,1
prove,1
lack,1
read,1
crudely,1
ordinary,1
worshipfully,1
searcher,1
ore,1
tile,1
half,1
y,1
claude,1
tone,1
interpret,1
ned,1
lear,1
ourselves,1
thrill,1
ab,1
under,1
almost,1
inviolate,1
remain,1
lamp,1
secret,1
alone,1
orchestral,1
brush,1
vigorous,1
vision,1
robust,1
lighting,1
deserve,1
peak,1
mt,1
eye,1
ear,1
continent,1
number,1
hear,1
report,1
immense,1
tl,1
turn,1
modern,1
ibsen,1
clearing,1
quarter,1
man,1
firing,1
ahead,1
thing,1
without,1
well,1
ks,1
look,1
get,1
anything,1
cultivate,1
vivid,1
hem,1
direct,1
poignant,1
contact,1
criticism,1
possess,1
composer,1
russian,1
face,1
europe,1
come,1
loyalty,1
deserving,1
strengthen,1
characteristic,1
round,1
merry,1
bizarre,1
flashing,1
mind,1
per,1
bi,1
sever,1
furthermore,1
ry,1
board,1
america,1
cause,1
cry,1
develop,1
give,1
plumage,1
concrete,1
ruffle,1
matter,1
black,1
rather,1
white,1
sound,1
novelist,1
richness,1
ere,1
discourse,1
chopin,1
polyphonic,1
thought,1
overtake,1
mirage,1
marvelous,1
chase,1
shock,1
youthful,1
health,1
decline,1
yearn,1
grow,1
strauss,1
richard,1
lit,1
spark,1
present,1
abroad,1
prophet,1
collection,1
caruso,1
friday,1
next,1
cover,1
limited,1
circulation,1
intensity,1
ex,1
r,1
g,1
long,1
extract,1
continents,1
varied,1
hall,1
rafter,1
haunt,1
conversation,1
survive,1
associate,1
real,1
vocal,1
highly,1
loud,1
shout,1
ad,1
pageant,1
frequently,1
hush,1
voice,1
midst,1
down,1
place,1
express,1
ts,1
drab,1
passing,1
pass,1
sidewalk,1
taste,1
wisdom,1
live,1
hint,1
lind,1
monday,1
hair,1
tell,1
ask,1
energy,1
momentum,1
locomotive,1
head,1
terminal,1
station,1
platform,1
bull,1
hand,1
pull,1
word,1
yes,1
progress,1
remember,1
very,1
accord,1
rely,1
besides,1
masterpiece,1
bumble,1
bee,1
flower,1
luxuriant,1
produce,1
orchid,1
ill,1
dubious,1
skunk,1
cabbage,1
perilous,1
tree,1
home,1
brake,1
tic,1
adventure,1
condemn,1
theme,1
however,1
slant,1
strong,1
fifteen,1
thai,1
reject,1
esoteric,1
month,1
italian,1
marble,1
effect,1
cure,1
horror,1
idiotic,1
erotic,1
ru,1
indulgence,1
titan,1
upon,1
fix,1
set,1
principle,1
expressly,1
human,1
exotic,1
hob,1
reproach,1
early,1
disciple,1
rhapsody,1
variation,1
saul,1
catholicity,1
verdi,1
kitchen,1
formal,1
intimacy,1
establishment,1
move,1
rearward,1
bathroom,1
porch,1
prevailed,1
perceive,1
garbage,1
pall,1
walt,1
ashman,1
pres,1
second,1
manner,1
morel,1
pp,1
enthusiast,1
drama,1
collect,1
edit,1
josephine,1
subscriber,1
henry,1
dress,1
reader,1
beyond,1
vestibule,1
reception,1
room,1
correspondence,1
complete,1
pungent,1
action,1
philadelphia,1
pat,1
rance,1
ma,1
trio,1
london,1
native,1
traffic,1
event,1
industriously,1
celebrity,1
feed,1
spring,1
commentator,1
z,1
above,1
musical,1
interest,1
leg,1
method,1
frantic,1
wear,1
prevail,1
throughout,1
four,1
hold,1
exhibition,1
writing,1
table,1
stirring,1
meet,1
nothing,1
amsterdam,1
terrible,1
ii,1
allow,1
suffering,1
ton,1
jeer,1
within,1
town,1
rat,1
quality,1
journalist,1
am,1
title,1
au,1
em,1
gard,1
bottom,1
amateur,1
breed,1
preference,1
modest,1
intend,1
cultural,1
mencken,1
net,1
advertising,1
sunday,1
broadcloth,1
discipline,1
often,1
spirit,1
glad,1
wm,1
wine,1
vine,1
otherwise,1
vociferous,1
surprise,1
extravagance,1
artist,1
visionary,1
adventurously,1
triumph,1
exacting,1
hot,1
footed,1
comprehensive,1
french,1
allusiveness,1
casual,1
paragraph,1
elusive,1
explicit,1
tonal,1
tr,1
length,1
solid,1
marvelously,1
andi,1
sedate,1
delight,1
tour,1
mont,1
n,1
erudite,1
introduction,1
find,1
charming,1
figure,1
short,1
piece,1
provide,1
ethical,1
praise,1
der,1
petty,1
movement,1
whose,1
buy,1
crude,1
nor,1
junk,1
revolution,1
ten,1
interesting,1
deflect,1
moment,1
eternal,1
nd,1
m,1
beginning,1
wilderness,1
provocative,1
silly,1
period,1
style,1
lon,1
grave,1
profound,1
pompous,1
amatory,1
phrase,1
attenuation,1
involution,1
contemporary,1
better,1
honest,1
staccato,1
chap,1
fume,1
sputter,1
study,1
joy,1
follow,1
here,1
jam,1
course,1
derive,1
dozen,1
revert,1
honor,1
pleasure,1
us,1
indefinitely,1
hence,1
demand,1
soon,1
what,1
education,1
educationally,1
civic,1
surmise,1
difficult,1
organ,1
both,1
skilled,1
pedagogue,1
joyous,1
ought,1
maintain,1
trunk,1
parent,1
drop,1
add,1
