lemma,count
the,151
of,100
be,80
a,59
and,46
i,38
in,34
to,34
it,29
that,20
not,17
story,16
which,14
s,14
by,14
for,14
t,13
at,12
his,11
with,11
an,10
or,10
all,10
may,10
this,9
th,9
one,9
if,8
have,7
he,7
who,6
as,6
l,5
quality,5
upon,5
e,5
old,5
c,5
any,5
young,5
our,5
only,5
we,5
even,5
these,4
thing,4
r,4
they,4
you,4
tale,4
volume,4
man,4
h,4
yet,4
author,4
bunk,4
u,4
high,4
other,4
n,4
most,4
f,4
o,4
on,4
provide,4
would,3
modern,3
from,3
into,3
furnish,3
very,3
more,3
out,3
contribution,3
count,3
hy,3
deal,3
little,3
mr,3
horse,3
much,3
thai,3
make,3
arlen,3
like,3
fifteen,3
far,3
content,3
do,3
manner,3
woman,3
hostage,3
keep,2
go,2
k,2
reader,2
pretty,2
against,2
bored,2
mountain,2
motive,2
pro,2
its,2
garden,2
present,2
include,2
y,2
facile,2
youngster,2
just,2
cheap,2
spring,2
british,2
own,2
love,2
impulse,2
perhaps,2
tragic,2
particularly,2
difference,2
bit,2
her,2
war,2
time,2
will,2
reprobate,2
another,2
along,2
good,2
there,2
properly,2
note,2
elderly,2
ha,2
nature,2
narrative,2
many,2
wall,2
q,2
advantage,2
behind,2
take,2
line,2
get,2
handle,2
title,2
year,2
set,2
two,2
full,2
look,2
air,2
j,2
pay,2
enough,2
us,2
she,2
cover,2
after,2
fortune,2
hill,2
hold,2
hartley,2
richard,2
call,2
single,2
huxley,2
b,2
hugh,2
number,2
ce,2
state,2
read,2
writing,2
arnold,2
v,2
osbert,2
king,2
drive,2
po,2
modernity,2
word,2
teller,2
up,2
son,2
style,2
them,2
naomi,2
particular,2
writer,2
than,2
collection,2
invention,2
michael,2
neither,2
georgian,2
way,2
intellectual,2
interest,2
coloration,2
approach,1
transcendently,1
follow,1
book,1
find,1
often,1
wind,1
true,1
inviting,1
qt,1
slave,1
achieve,1
article,1
current,1
mode,1
g,1
never,1
unmistakably,1
beck,1
remain,1
magi,1
great,1
should,1
expect,1
clever,1
justify,1
hay,1
simplicity,1
macgregor,1
selection,1
believe,1
toward,1
miscellaneous,1
index,1
verisimilitude,1
reveal,1
fa,1
so,1
no,1
distribute,1
feat,1
price,1
hard,1
age,1
member,1
equally,1
head,1
melodrama,1
under,1
elixir,1
populace,1
mask,1
infect,1
fate,1
influence,1
presumably,1
ia,1
victorian,1
marriage,1
propose,1
accompany,1
deadly,1
kin,1
ear,1
irresistible,1
sentiment,1
music,1
among,1
revive,1
company,1
fortuitously,1
collect,1
sen,1
well,1
theme,1
wound,1
because,1
fear,1
mere,1
three,1
outrageous,1
real,1
elf,1
rio,1
pity,1
penchant,1
ill,1
pride,1
indulge,1
el,1
jon,1
liter,1
inextinguishable,1
x,1
di,1
lie,1
merit,1
fling,1
what,1
youth,1
survivor,1
pat,1
eva,1
entertainment,1
tinder,1
public,1
belong,1
nd,1
hr,1
form,1
p,1
ought,1
lately,1
living,1
te,1
ethic,1
insist,1
practical,1
consideration,1
anti,1
sport,1
pure,1
thwart,1
contrast,1
recruit,1
twist,1
fact,1
racing,1
quire,1
admirable,1
satirical,1
sort,1
without,1
lover,1
oppose,1
preserve,1
buy,1
couple,1
girt,1
hunt,1
hound,1
ready,1
ion,1
lil,1
allowance,1
ho,1
action,1
dishonest,1
business,1
honest,1
blank,1
third,1
ilia,1
rt,1
d,1
famous,1
die,1
diary,1
write,1
sling,1
de,1
hat,1
climb,1
eon,1
yarn,1
handy,1
gully,1
hanging,1
ii,1
endeavor,1
emulation,1
ix,1
gt,1
manly,1
rival,1
al,1
lack,1
tribute,1
m,1
lira,1
kinsfolk,1
conviction,1
tory,1
lead,1
city,1
hang,1
band,1
consider,1
alp,1
highway,1
part,1
reading,1
regard,1
doe,1
generation,1
job,1
vernacular,1
translate,1
sporting,1
proxy,1
shall,1
climbing,1
their,1
those,1
away,1
observe,1
pleasant,1
reason,1
pa,1
human,1
material,1
bel,1
melodramatic,1
scoffer,1
protective,1
team,1
ff,1
carefully,1
short,1
wander,1
engaged,1
dumb,1
hut,1
record,1
ending,1
utter,1
importance,1
impose,1
penalty,1
suspect,1
failure,1
blood,1
freeze,1
quite,1
silence,1
scream,1
frustrated,1
thud,1
dull,1
springing,1
artful,1
preparation,1
trick,1
mastery,1
surprisingly,1
murder,1
horror,1
five,1
poe,1
school,1
point,1
aim,1
cheviot,1
appetizer,1
thus,1
lord,1
ida,1
cookery,1
literary,1
piece,1
apply,1
skill,1
hal,1
undeniable,1
stomach,1
calculate,1
common,1
first,1
integer,1
absent,1
indeed,1
surmise,1
proof,1
suppose,1
factory,1
arm,1
product,1
finished,1
bomb,1
dud,1
turn,1
explosive,1
substance,1
come,1
when,1
smith,1
unread,1
england,1
george,1
moment,1
here,1
brock,1
hi,1
putnam,1
york,1
new,1
portrait,1
horace,1
squire,1
penn,1
proportional,1
frank,1
palmer,1
montague,1
jesse,1
tennyson,1
aldous,1
forster,1
em,1
armstrong,1
martin,1
chiefly,1
excel,1
afraid,1
united,1
arbitrary,1
each,1
represent,1
large,1
minute,1
hunk,1
proportion,1
deny,1
hardly,1
ell,1
lest,1
co,1
outstanding,1
er,1
between,1
mentality,1
lush,1
re,1
ultimate,1
damn,1
ar,1
amount,1
connote,1
roughly,1
fairly,1
capture,1
power,1
estimate,1
intrinsically,1
average,1
itself,1
ont,1
appeal,1
comfort,1
next,1
few,1
supposition,1
future,1
fifty,1
everybody,1
projection,1
superfluous,1
ls,1
financial,1
peron,1
agency,1
limit,1
continental,1
interesting,1
bavaria,1
rate,1
second,1
plant,1
guest,1
dozen,1
don,1
tangle,1
expose,1
jew,1
stand,1
w,1
item,1
instead,1
period,1
post,1
helium,1
immortal,1
gilbert,1
seem,1
blame,1
but,1
catch,1
every,1
kiss,1
whom,1
youngish,1
several,1
maid,1
journalist,1
soldier,1
choleric,1
arrive,1
embittered,1
thwarted,1
actor,1
leave,1
considerately,1
moral,1
civilization,1
machinery,1
reproach,1
term,1
appear,1
solid,1
attempt,1
impudence,1
reduce,1
impropriety,1
conclude,1
mexican,1
range,1
wide,1
east,1
license,1
veneer,1
lr,1
audacity,1
oriental,1
odalisque,1
rank,1
impossible,1
long,1
thu,1
contrivance,1
maternal,1
market,1
shave,1
transform,1
galileo,1
rise,1
nobleman,1
rich,1
snobbery,1
sense,1
latin,1
jangle,1
sake,1
father,1
plump,1
too,1
extend,1
infer,1
episode,1
imagination,1
precisely,1
plea,1
birthright,1
give,1
incidentally,1
background,1
color,1
agreeably,1
italy,1
liberty,1
enjoy,1
parent,1
respectability,1
hitch,1
lieutenant,1
dash,1
figure,1
res,1
reversal,1
gain,1
fresco,1
excellent,1
special,1
