lemma,count
the,197
of,133
be,122
and,112
to,60
a,60
in,54
that,48
have,43
it,36
his,28
he,25
there,23
no,22
for,21
well,20
as,20
utopia,20
with,19
we,18
mr,18
by,18
man,16
all,15
this,15
but,14
from,14
not,14
o,14
i,13
an,12
one,12
s,12
at,12
like,11
earth,10
learn,10
these,10
our,10
world,10
into,10
they,10
more,9
book,9
new,8
their,8
some,8
most,8
who,8
say,8
when,7
out,7
great,7
will,7
her,7
know,7
day,7
if,7
its,7
which,7
present,7
very,7
utopian,6
age,6
little,6
car,6
human,6
many,6
only,6
own,6
take,6
on,6
mankind,6
how,6
statesman,6
what,6
place,6
confusion,5
would,5
believe,5
come,5
other,5
conquer,5
life,5
road,5
than,5
earthling,5
make,5
last,5
or,5
nature,5
mind,5
course,5
too,5
him,5
may,5
nor,4
experiment,4
impossible,4
can,4
lie,4
land,4
now,4
good,4
interest,4
first,4
effort,4
progress,4
god,4
could,4
change,4
planet,4
state,4
war,4
large,4
since,4
old,4
disappear,3
back,3
less,3
thought,3
always,3
end,3
scientific,3
romance,3
none,3
samurai,3
three,3
education,3
teacher,3
long,3
father,3
so,3
see,3
windsor,3
turn,3
them,3
condition,3
almost,3
matter,3
yet,3
contempt,3
young,3
skid,3
should,3
because,3
read,3
high,3
point,3
upon,3
beyond,3
private,3
picture,3
live,3
up,3
something,3
ruin,3
about,3
however,3
every,3
continue,3
story,3
h,3
writer,3
probably,2
hunker,2
family,2
where,2
away,2
disease,2
conclude,2
need,2
making,2
least,2
usual,2
govern,2
editor,2
show,2
existence,2
such,2
kind,2
against,2
desire,2
rather,2
hatred,2
hg,2
member,2
quality,2
stand,2
poor,2
struggle,2
after,2
hesitate,2
indeed,2
famous,2
toughness,2
century,2
former,2
also,2
whom,2
catskill,2
rupert,2
ratlike,2
beautiful,2
yellow,2
year,2
observe,2
manifestly,2
page,2
property,2
except,2
inform,2
word,2
clean,2
convey,2
earthly,2
government,2
describe,2
cry,2
dream,2
precede,2
automobile,2
party,2
speed,2
comet,2
unknown,2
love,2
evil,2
corner,2
way,2
motor,2
hand,2
powerful,2
hotel,2
use,2
become,2
quite,2
few,2
modern,2
suddenly,2
castle,2
school,2
conference,2
business,2
wealth,2
both,2
master,2
cease,2
fear,2
later,2
bring,2
dimension,2
child,2
rotate,2
respect,2
hope,2
society,2
plot,2
start,2
country,2
dominate,2
event,2
deem,2
any,2
share,2
j,2
complete,2
affair,2
republic,2
plato,2
think,2
hi,2
beginning,2
interested,2
imaginary,2
thing,2
impossibility,2
through,2
common,2
obvious,2
give,2
still,2
grow,2
much,2
naked,2
hut,2
future,2
reader,2
visible,2
astonish,2
fascinating,2
toward,2
sir,2
even,2
do,2
write,2
socially,1
peer,1
indignant,1
insurance,1
over,1
toady,1
parliament,1
rembrandt,1
death,1
politic,1
seldom,1
egypt,1
chinese,1
revelation,1
case,1
text,1
r,1
prince,1
comb,1
teach,1
silly,1
heed,1
cricket,1
schoolboy,1
tennis,1
logo,1
universe,1
boat,1
reality,1
sport,1
watch,1
dreary,1
duty,1
poland,1
palm,1
wash,1
similar,1
forget,1
german,1
humanist,1
johann,1
valentin,1
publish,1
express,1
welcome,1
competition,1
childish,1
view,1
scheme,1
wax,1
really,1
commerce,1
gain,1
wide,1
far,1
bad,1
estate,1
police,1
prison,1
lunatic,1
cripple,1
proclamation,1
strenuous,1
unclean,1
fern,1
extraordinarily,1
bolshevist,1
assure,1
flagrant,1
fault,1
civilization,1
low,1
quarrel,1
nasty,1
fancy,1
contrive,1
pickle,1
force,1
experienced,1
instead,1
nobly,1
creature,1
perpetual,1
sensual,1
le,1
engender,1
petty,1
concern,1
tn,1
thinking,1
pray,1
ignobly,1
individual,1
selfishness,1
infuriate,1
virtually,1
politics,1
isaiah,1
narrative,1
extensive,1
lose,1
seem,1
energy,1
price,1
surrender,1
intensity,1
collectively,1
central,1
torment,1
concentrated,1
steady,1
chatter,1
eliminate,1
column,1
breeding,1
demarcations,1
poverty,1
successfully,1
childishness,1
hag,1
pettiness,1
meanness,1
meaning,1
mother,1
personal,1
intimately,1
suppress,1
nuisance,1
boundary,1
design,1
la,1
alike,1
psyche,1
sacrifice,1
thus,1
cat,1
skill,1
bigot,1
apostasy,1
organization,1
ourselves,1
gradually,1
strong,1
execution,1
social,1
structure,1
instructor,1
position,1
dreg,1
light,1
welt,1
youthful,1
anything,1
occidental,1
west,1
must,1
invention,1
same,1
expect,1
is,1
sincerity,1
irony,1
airplane,1
research,1
us,1
humor,1
wit,1
japanese,1
fade,1
malice,1
period,1
detail,1
differ,1
pen,1
instance,1
twenty,1
class,1
entertainment,1
dedicate,1
full,1
educate,1
substance,1
discipline,1
rule,1
deal,1
early,1
influence,1
japan,1
folly,1
observer,1
useless,1
result,1
untraceable,1
device,1
martian,1
overcome,1
empire,1
again,1
affliction,1
infect,1
half,1
outgrow,1
germ,1
ago,1
latent,1
baneful,1
battle,1
uncover,1
susceptible,1
dupont,1
frenchman,1
sin,1
produce,1
participate,1
garden,1
glory,1
paradise,1
trample,1
non,1
dust,1
act,1
d,1
magnate,1
movie,1
latter,1
run,1
american,1
french,1
protect,1
sadly,1
attain,1
rich,1
vulgarity,1
bolshevism,1
fundamental,1
actually,1
afflict,1
tall,1
wife,1
race,1
relationship,1
arise,1
spatial,1
cope,1
inter,1
flood,1
being,1
bear,1
prey,1
support,1
those,1
overcrowding,1
inch,1
wastefulness,1
means,1
choice,1
citizen,1
person,1
whose,1
often,1
access,1
stamp,1
sun,1
equally,1
hater,1
creator,1
self,1
scan,1
elf,1
newspaper,1
remain,1
pick,1
swing,1
adventurer,1
peril,1
birth,1
turbulent,1
rid,1
misery,1
subjection,1
bis,1
cradle,1
cajole,1
epidemic,1
buy,1
sell,1
impudent,1
minority,1
difficult,1
nowadays,1
monstrous,1
stupidity,1
finally,1
hustle,1
best,1
acquisitive,1
reconstruct,1
better,1
control,1
economic,1
system,1
clumsily,1
staple,1
convulsively,1
meet,1
predatory,1
production,1
barn,1
cruel,1
exploitation,1
vents,1
multitudinous,1
congestion,1
weakness,1
girl,1
celebrated,1
interesting,1
william,1
morris,1
quicken,1
pulse,1
naturally,1
real,1
understandable,1
lucid,1
prophetic,1
disillusioned,1
tie,1
mi,1
profess,1
hopeless,1
collective,1
optimist,1
mold,1
nearer,1
heart,1
t,1
abet,1
spence,1
bacon,1
thoma,1
faith,1
boy,1
down,1
above,1
hart,1
sussex,1
my,1
yes,1
sense,1
ponder,1
successor,1
subject,1
let,1
examine,1
ideal,1
commonwealth,1
mumford,1
each,1
contribution,1
rise,1
plane,1
image,1
stimulating,1
jive,1
me,1
fifty,1
said,1
pf,1
face,1
england,1
simplicity,1
minded,1
overwork,1
forward,1
look,1
assistant,1
liberal,1
organ,1
depressing,1
aspect,1
advanced,1
achingly,1
generation,1
theme,1
achieve,1
chief,1
departure,1
living,1
intimacy,1
villain,1
piece,1
milton,1
demon,1
everlasting,1
concerned,1
order,1
rational,1
decent,1
infinite,1
possibility,1
advancement,1
evolution,1
vastly,1
creative,1
attempt,1
saturate,1
institution,1
traditionalism,1
office,1
dwelling,1
rapid,1
expansion,1
doubtless,1
chiefly,1
responsible,1
credit,1
doubt,1
horn,1
era,1
constructively,1
respectable,1
certain,1
clear,1
en,1
mapping,1
explore,1
persistence,1
admirable,1
ultimate,1
provide,1
call,1
then,1
review,1
henry,1
jame,1
york,1
macmillan,1
company,1
heretofore,1
require,1
considerable,1
imagination,1
part,1
brilliant,1
able,1
perceive,1
humanity,1
today,1
you,1
find,1
politician,1
astonishing,1
enough,1
release,1
filing,1
g,1
preoccupy,1
already,1
discern,1
dim,1
swimming,1
outline,1
favor,1
breeze,1
arrive,1
possession,1
l,1
ike,1
late,1
hook,1
direct,1
line,1
liberating,1
assert,1
arouse,1
distinctly,1
brand,1
ia,1
futile,1
futility,1
term,1
mild,1
lip,1
abstract,1
average,1
despite,1
fact,1
thinker,1
france,1
without,1
time,1
cave,1
miserable,1
principle,1
pi,1
ogress,1
essay,1
painfully,1
holiday,1
want,1
accomplished,1
ho,1
eve,1
sham,1
novel,1
parliamentarian,1
america,1
under,1
spell,1
visit,1
here,1
recent,1
past,1
er,1
secretary,1
lady,1
stella,1
fashionable,1
priest,1
go,1
urbane,1
cecil,1
blunder,1
remote,1
building,1
recently,1
wreck,1
smoke,1
youth,1
dead,1
among,1
obviously,1
engage,1
mean,1
hear,1
subsequent,1
fur,1
f,1
just,1
acquire,1
hence,1
sphere,1
parallel,1
luncheon,1
rd,1
inquiry,1
flame,1
pot,1
spokesman,1
brief,1
account,1
during,1
thousand,1
earlier,1
scandalize,1
hotly,1
host,1
absence,1
religious,1
formalism,1
framework,1
creed,1
ritual,1
v,1
stringent,1
marriage,1
boil,1
lambent,1
balfour,1
reviewer,1
winston,1
churchill,1
divine,1
p,1
vaughan,1
exploiter,1
wholly,1
obscure,1
realization,1
nearest,1
spot,1
entry,1
wholesome,1
dreamer,1
hurleigh,1
agile,1
polished,1
orator,1
english,1
lonely,1
big,1
badly,1
along,1
feature,1
flat,1
landscape,1
hedge,1
board,1
advertisement,1
maidenhead,1
week,1
distance,1
nothing,1
nil,1
ordinary,1
two,1
pass,1
short,1
slough,1
blank,1
amazement,1
perfectly,1
bath,1
particular,1
stretch,1
nowhere,1
get,1
hot,1
summer,1
si,1
various,1
quiet,1
pride,1
affection,1
otherwise,1
disturb,1
chromatic,1
offspring,1
throw,1
tricky,1
runabout,1
off,1
aimlessly,1
suburban,1
home,1
level,1
sight,1
occupant,1
replace,1
violently,1
experience,1
snap,1
bowstring,1
head,1
recover,1
second,1
everything,1
front,1
entirely,1
different,1
sign,1
weekend,1
ahead,1
lost,1
strange,1
material,1
unmistakably,1
alien,1
happen,1
plateau,1
travel,1
swiss,1
hundred,1
mile,1
hour,1
absolutely,1
side,1
method,1
enter,1
tc,1
island,1
escape,1
vagrant,1
leave,1
beneficent,1
gas,1
terrestrial,1
atmosphere,1
arrival,1
pure,1
hypothesis,1
public,1
