lemma,count
the,87
of,59
be,55
and,36
in,31
to,24
that,16
a,16
for,14
it,14
as,13
there,12
by,12
their,10
right,9
not,9
have,9
they,8
function,8
which,8
cole,7
or,7
no,7
all,7
society,7
at,7
good,7
will,7
mr,7
guild,7
our,7
s,7
government,7
class,6
power,6
who,6
organization,6
control,6
we,5
than,5
but,5
servile,5
under,5
worker,5
most,5
economic,5
even,5
into,5
union,5
education,5
can,5
state,5
represent,4
service,4
user,4
industry,4
institution,4
from,4
them,4
unionism,4
do,4
n,4
make,4
where,4
he,4
work,3
fit,3
now,3
capitalism,3
competence,3
o,3
with,3
capitalist,3
common,3
craft,3
its,3
other,3
must,3
before,3
labor,3
use,3
may,3
functional,3
life,3
could,3
system,3
national,3
want,3
citizen,3
british,3
administration,3
more,3
federation,3
claim,3
leave,2
doctrine,2
master,2
pride,2
authority,2
itself,2
universal,2
political,2
seem,2
england,2
any,2
specialized,2
f,2
college,2
manual,2
social,2
public,2
necessary,2
so,2
why,2
producer,2
industrial,2
doubt,2
american,2
geographical,2
movement,2
trade,2
despite,2
manner,2
governmental,2
become,2
on,2
organize,2
basis,2
each,2
human,2
subservience,2
way,2
various,2
indictment,2
favor,2
instruction,2
politic,2
one,2
should,2
op,2
employer,2
those,2
get,2
many,2
this,2
matter,2
give,2
choose,2
ideal,2
show,2
lenin,2
position,2
stone,2
would,2
naturally,2
secure,2
only,2
largely,2
body,2
rule,2
man,2
money,2
stepping,2
bolshevism,2
consider,1
superior,1
mere,1
govern,1
mess,1
if,1
how,1
themselves,1
instead,1
without,1
unholy,1
come,1
arrive,1
general,1
particular,1
relation,1
specific,1
administrator,1
head,1
still,1
educate,1
better,1
sumer,1
co,1
vigorously,1
aspect,1
need,1
t,1
these,1
also,1
propagandist,1
take,1
apology,1
crichton,1
admirable,1
duty,1
incapacity,1
tune,1
province,1
politician,1
together,1
professional,1
expect,1
when,1
what,1
failure,1
explanation,1
desire,1
satan,1
single,1
purpose,1
up,1
remark,1
push,1
differ,1
complete,1
lo,1
enough,1
comma,1
produce,1
engage,1
ail,1
embrace,1
ax,1
never,1
unskilled,1
skilled,1
word,1
maker,1
draw,1
candlestick,1
high,1
resign,1
supremacy,1
bring,1
see,1
fail,1
tender,1
visualize,1
joint,1
branch,1
olive,1
decisively,1
er,1
employ,1
divide,1
supplant,1
finally,1
defect,1
regard,1
management,1
martian,1
grade,1
rank,1
people,1
understand,1
baker,1
former,1
agreement,1
settle,1
alike,1
affect,1
constituency,1
elect,1
congress,1
parliament,1
merit,1
st,1
number,1
among,1
division,1
find,1
freedom,1
self,1
negation,1
sphere,1
every,1
two,1
provision,1
disagreement,1
thug,1
ruling,1
butcher,1
ft,1
while,1
cr,1
prepare,1
proletarian,1
modern,1
supersede,1
none,1
mei,1
utter,1
borrow,1
humanly,1
tool,1
nature,1
foot,1
per,1
e,1
guilty,1
character,1
powerless,1
supreme,1
nominally,1
citizenry,1
great,1
electorate,1
result,1
woman,1
over,1
illegitimate,1
vicious,1
less,1
few,1
train,1
sm,1
capital,1
prejudice,1
development,1
backward,1
think,1
actually,1
because,1
enthrone,1
circumstance,1
h,1
prophet,1
enemy,1
alien,1
commerce,1
blockade,1
go,1
injunction,1
run,1
edict,1
slavery,1
own,1
resent,1
except,1
net,1
slave,1
reflect,1
responsibility,1
accustom,1
us,1
press,1
often,1
thought,1
b,1
york,1
new,1
d,1
g,1
book,1
department,1
research,1
secretary,1
honorable,1
newcastle,1
armstrong,1
philosophy,1
professorship,1
him,1
past,1
just,1
biography,1
reformer,1
chairmanship,1
bernard,1
shaw,1
fellowship,1
school,1
advanced,1
representative,1
voluminous,1
writing,1
his,1
aristocratic,1
magdalen,1
intellectual,1
original,1
oxford,1
graduation,1
enterprise,1
an,1
propaganda,1
socialist,1
carry,1
idea,1
enfranchise,1
bluntly,1
non,1
commonwealth,1
fault,1
develop,1
yet,1
race,1
happiness,1
pursuit,1
liberty,1
maintain,1
establish,1
shocking,1
bl,1
profit,1
student,1
promotion,1
selection,1
both,1
fortify,1
moreover,1
heresy,1
trouble,1
dominate,1
declare,1
interest,1
utility,1
sad,1
recreation,1
health,1
question,1
local,1
justice,1
ire,1
son,1
dual,1
least,1
very,1
separate,1
clash,1
end,1
upon,1
aggression,1
means,1
clang,1
endow,1
shamelessly,1
thus,1
long,1
falsity,1
wrong,1
ex,1
citizenship,1
qualified,1
ourselves,1
america,1
however,1
about,1
thing,1
bad,1
fact,1
well,1
form,1
ruler,1
order,1
thorough,1
ix,1
against,1
foundation,1
current,1
month,1
property,1
reform,1
hope,1
same,1
consistent,1
fruit,1
tho,1
enjoy,1
seal,1
saxon,1
chair,1
anglo,1
endowment,1
shameful,1
thin,1
capitalistic,1
nothing,1
university,1
civil,1
offense,1
