lemma,count
the,68
of,44
to,36
in,32
a,32
he,25
be,24
and,23
with,15
as,14
his,13
for,10
s,10
not,9
that,8
have,8
do,8
war,7
than,7
socialist,6
on,6
yet,6
man,6
which,6
by,6
great,5
more,5
year,5
themselves,4
their,4
or,4
much,4
would,4
english,4
last,4
an,4
him,4
party,4
who,4
government,3
death,3
this,3
may,3
land,3
come,3
upon,3
out,3
think,3
labor,3
other,3
doctrine,3
but,3
l,3
many,2
return,2
expect,2
it,2
revolution,2
fight,2
though,2
after,2
willing,2
how,2
class,2
personality,2
could,2
before,2
send,2
book,2
good,2
husband,2
her,2
between,2
neither,2
term,2
power,2
social,2
life,2
two,2
even,2
ministry,2
call,2
issue,2
important,2
nor,2
army,2
set,2
england,2
group,2
whom,2
at,2
from,2
during,2
himself,2
garibaldi,2
marxian,2
first,2
although,2
i,2
german,2
when,2
follower,2
will,2
crowd,2
up,2
traver,2
describe,2
petulant,2
all,2
shaw,2
world,2
pay,2
british,2
one,2
most,2
perhaps,2
rich,2
victorian,2
political,2
rosalind,2
find,2
fond,1
bother,1
somewhat,1
danzig,1
become,1
give,1
business,1
conceive,1
mini,1
model,1
capable,1
determination,1
country,1
city,1
advocate,1
citizen,1
otherwise,1
sketch,1
zeal,1
mental,1
abate,1
false,1
question,1
handle,1
nationality,1
hue,1
genuine,1
adhere,1
strictly,1
aware,1
optimistic,1
well,1
militarism,1
early,1
pole,1
self,1
privately,1
despite,1
defeat,1
foreign,1
oppose,1
stoutly,1
idea,1
establishment,1
scheme,1
eng,1
individualist,1
rage,1
help,1
refuse,1
only,1
agree,1
believer,1
peace,1
o,1
intervention,1
russia,1
spread,1
influential,1
irony,1
except,1
league,1
wealthy,1
conscious,1
speak,1
never,1
failure,1
russian,1
exile,1
assist,1
should,1
ally,1
practical,1
politician,1
modesty,1
actual,1
support,1
its,1
majority,1
virulent,1
persuade,1
form,1
orator,1
draw,1
sway,1
persistent,1
preaching,1
public,1
able,1
compromise,1
know,1
clan,1
ever,1
control,1
prevent,1
elector,1
rejection,1
people,1
three,1
endeavor,1
policy,1
prejudice,1
fabian,1
intelligentsia,1
handed,1
sect,1
distinct,1
organized,1
worker,1
always,1
unite,1
so,1
parliament,1
insistence,1
peaceful,1
tempt,1
economic,1
federation,1
instrumentality,1
democratic,1
moderately,1
work,1
without,1
rancor,1
state,1
maintain,1
unemployed,1
full,1
what,1
formation,1
propose,1
carry,1
necessity,1
adapt,1
french,1
devoid,1
under,1
hate,1
unused,1
cultivate,1
field,1
doubtless,1
found,1
very,1
effect,1
adopt,1
adherence,1
rigid,1
capitalism,1
love,1
elimination,1
present,1
situation,1
lead,1
picture,1
sir,1
boat,1
pressure,1
insist,1
congress,1
too,1
society,1
revolutionary,1
attempt,1
none,1
unworkable,1
desperately,1
poor,1
ignorant,1
combination,1
tenor,1
opera,1
romantic,1
touch,1
they,1
side,1
bad,1
commercial,1
modern,1
any,1
advancement,1
view,1
certain,1
press,1
reader,1
duce,1
biography,1
objective,1
virtue,1
can,1
own,1
shortly,1
m,1
thee,1
december,1
publication,1
decade,1
record,1
volume,1
apparent,1
axe,1
characteristic,1
high,1
price,1
close,1
consequently,1
half,1
republican,1
gentleman,1
free,1
say,1
belong,1
marx,1
educate,1
bayard,1
socialism,1
father,1
mayer,1
henry,1
once,1
bernard,1
york,1
new,1
pp,1
review,1
nineteenth,1
century,1
duke,1
accomplished,1
decoration,1
official,1
interested,1
permit,1
ability,1
various,1
far,1
cosmopolitan,1
brilliant,1
burton,1
writer,1
trotter,1
globe,1
laurence,1
blunt,1
wilfrid,1
herbert,1
auberon,1
seek,1
ac,1
international,1
less,1
square,1
trafalgar,1
speech,1
ender,1
bitter,1
conduct,1
thing,1
conscription,1
energy,1
into,1
throw,1
safety,1
britain,1
essential,1
navy,1
menace,1
point,1
long,1
socialistic,1
july,1
declare,1
our,1
no,1
arch,1
belgian,1
camille,1
offend,1
bolshevist,1
pro,1
pacifist,1
use,1
anger,1
govern,1
justifiable,1
rouse,1
independent,1
pamphlet,1
beat,1
thoroughly,1
germany,1
e,1
imbue,1
forty,1
striking,1
democrat,1
indeed,1
itself,1
express,1
now,1
generation,1
likely,1
through,1
variance,1
practically,1
n,1
mrs,1
old,1
wife,1
adore,1
tribute,1
mind,1
bear,1
those,1
fifty,1
like,1
align,1
yes,1
aristocratic,1
utmost,1
tile,1
strain,1
subsequent,1
conference,1
delegate,1
t,1
organ,1
word,1
rather,1
journalistic,1
london,1
post,1
morning,1
occasionally,1
letter,1
number,1
radical,1
extension,1
