lemma,count
the,118
of,81
and,59
be,51
to,42
in,35
a,30
that,22
which,14
sea,14
from,13
he,13
ship,13
not,12
privateer,11
it,11
her,11
by,11
as,10
have,10
at,10
with,9
but,9
for,9
his,9
one,8
connecticut,8
more,8
make,8
war,8
s,7
capture,7
new,6
vessel,6
who,6
prize,6
we,6
these,6
all,6
they,6
than,6
london,5
many,5
i,5
this,5
out,5
way,5
two,5
good,5
some,5
our,5
on,5
what,5
like,4
take,4
come,4
british,4
hundred,4
give,4
those,4
knowledge,4
man,4
upon,4
when,4
into,4
state,4
river,4
american,4
english,4
little,4
only,3
town,3
three,3
add,3
once,3
along,3
captain,3
secure,3
life,3
will,3
long,3
because,3
history,3
such,3
part,3
order,3
their,3
during,3
nearly,3
material,3
maritime,3
may,3
munition,3
up,3
do,3
so,3
naval,3
sound,3
where,3
first,3
power,3
also,3
should,3
bring,2
or,2
large,2
together,2
escape,2
revolution,2
con,2
die,2
still,2
attack,2
head,2
command,2
after,2
swarm,2
thirteen,2
volume,2
alone,2
seem,2
twice,2
anything,2
possible,2
can,2
far,2
hitherto,2
arrange,2
profiteer,2
revolutionary,2
even,2
present,2
soon,2
round,2
water,2
voyage,2
book,2
forth,2
relate,2
call,2
world,2
fact,2
body,2
there,2
year,2
very,2
romance,2
later,2
she,2
other,2
seek,2
e,2
enemy,2
use,2
money,2
find,2
day,2
west,2
off,2
concern,2
island,2
coast,2
crew,2
hartford,2
gain,2
various,2
them,2
certainly,2
number,2
go,2
historian,2
protection,2
great,2
learn,2
germ,2
yet,2
among,2
fifty,2
fairfield,2
win,2
boat,2
tile,2
an,2
down,2
merchant,2
officer,2
exciting,2
tenth,2
no,2
nd,2
time,2
sometimes,2
jonathan,2
under,2
governor,2
write,2
until,2
tender,1
indian,1
account,1
lon,1
vest,1
hose,1
pick,1
var,1
leave,1
example,1
return,1
don,1
certain,1
break,1
board,1
captor,1
us,1
successful,1
norm,1
near,1
probably,1
congress,1
division,1
occupation,1
delight,1
method,1
business,1
piracy,1
before,1
recruit,1
difficulty,1
inside,1
prospect,1
adventure,1
combine,1
consider,1
wonder,1
patriotism,1
high,1
petty,1
fifth,1
rest,1
wheal,1
pirate,1
about,1
quite,1
complete,1
expense,1
wealth,1
attain,1
solely,1
themselves,1
hat,1
however,1
assume,1
resemble,1
ridiculous,1
would,1
law,1
name,1
company,1
establish,1
rock,1
block,1
word,1
million,1
estimate,1
value,1
rich,1
vera,1
carry,1
channel,1
mediterranean,1
boldly,1
india,1
depredation,1
contemporary,1
toward,1
n,1
notion,1
price,1
old,1
well,1
through,1
navy,1
iron,1
grapple,1
pistol,1
glass,1
distance,1
logarithm,1
sterling,1
consequence,1
unusual,1
melancholy,1
y,1
grow,1
rate,1
any,1
deserve,1
below,1
interpret,1
skill,1
author,1
th,1
regret,1
afford,1
flag,1
nation,1
color,1
reduce,1
thus,1
own,1
property,1
europe,1
commodity,1
french,1
particularly,1
foreign,1
sight,1
affair,1
now,1
volunteer,1
back,1
defense,1
brig,1
over,1
raw,1
clearly,1
samuel,1
career,1
short,1
age,1
mu,1
active,1
spring,1
thence,1
thing,1
france,1
dig,1
portsmouth,1
prison,1
send,1
prisoner,1
rise,1
owner,1
deliver,1
recapture,1
loop,1
overhaul,1
boy,1
tall,1
thee,1
lift,1
treat,1
sanctity,1
odor,1
home,1
finally,1
dozen,1
half,1
d,1
commando,1
literature,1
place,1
trumbull,1
report,1
misspelled,1
grievously,1
laconic,1
story,1
celebration,1
q,1
cruiser,1
read,1
reef,1
bartlett,1
run,1
indeed,1
instance,1
considerable,1
although,1
widely,1
habituated,1
les,1
expose,1
community,1
agricultural,1
miracle,1
less,1
how,1
x,1
without,1
disperse,1
numerous,1
period,1
extremely,1
fragmentary,1
operation,1
land,1
compare,1
record,1
slowly,1
full,1
fully,1
annal,1
national,1
dependence,1
set,1
bear,1
commerce,1
valuable,1
badly,1
style,1
confused,1
feeble,1
conclusion,1
reach,1
b,1
factor,1
control,1
already,1
interpretation,1
scientific,1
accumulate,1
last,1
interposition,1
divine,1
due,1
success,1
regard,1
content,1
foremost,1
against,1
chapter,1
romantic,1
compose,1
side,1
salt,1
mystic,1
horn,1
slip,1
pasture,1
quiet,1
port,1
city,1
know,1
people,1
few,1
think,1
longer,1
institute,1
essex,1
mass,1
salem,1
pp,1
illustrate,1
f,1
louis,1
peace,1
class,1
tiny,1
village,1
exploit,1
east,1
whose,1
second,1
host,1
expand,1
chance,1
greatly,1
help,1
low,1
sister,1
unfamiliar,1
windsor,1
democracy,1
assertion,1
thrush,1
hermit,1
song,1
today,1
hear,1
wood,1
ring,1
maul,1
flourish,1
building,1
contribution,1
amount,1
gold,1
hook,1
most,1
authority,1
fit,1
na,1
belong,1
court,1
cree,1
de,1
brother,1
letter,1
newspaper,1
log,1
crude,1
derive,1
biography,1
consist,1
rime,1
vol,1
arm,1
wrest,1
sword,1
plowshare,1
beat,1
hastily,1
cruise,1
atone,1
dual,1
knight,1
spanish,1
prey,1
tioga,1
elizabethan,1
situation,1
devour,1
always,1
newfoundland,1
seaboard,1
atlantic,1
prowl,1
alike,1
shut,1
transport,1
waylay,1
annoy,1
title,1
unless,1
develop,1
policy,1
definite,1
nothing,1
errant,1
while,1
colonist,1
try,1
turn,1
lead,1
invaluable,1
ht,1
further,1
never,1
remarkably,1
burning,1
incident,1
exception,1
stretch,1
defend,1
task,1
difficult,1
entrench,1
firmly,1
brilliant,1
typical,1
restrict,1
really,1
ha,1
pen,1
concentration,1
available,1
mine,1
ams,1
infant,1
ammunition,1
addition,1
welcome,1
young,1
shoot,1
double,1
chain,1
shell,1
ere,1
v,1
c,1
expedition,1
november,1
put,1
four,1
early,1
general,1
colony,1
important,1
conic,1
sailing,1
wooden,1
owe,1
army,1
able,1
