lemma,count
the,32
of,24
and,22
a,21
be,11
in,9
to,8
as,7
which,7
story,5
tale,5
it,4
have,4
i,4
her,3
its,3
them,3
grim,3
by,3
child,3
that,3
come,3
with,3
painful,2
she,2
horror,2
girl,2
but,2
little,2
for,2
all,2
section,2
o,2
thing,2
he,2
instance,2
tinge,2
white,2
love,2
almost,2
each,2
nothing,2
you,2
t,2
one,2
this,2
volume,2
con,2
scene,2
fellow,1
compare,1
quite,1
hideous,1
dreadful,1
read,1
brutal,1
imaginative,1
too,1
powerful,1
they,1
however,1
seem,1
certain,1
succeed,1
perhaps,1
good,1
artistic,1
promise,1
funeral,1
cheerful,1
classy,1
until,1
may,1
mother,1
beloved,1
order,1
pay,1
history,1
pansy,1
price,1
hy,1
strong,1
quality,1
wilt,1
op,1
plot,1
well,1
manage,1
often,1
consider,1
end,1
gorilla,1
if,1
find,1
lift,1
boot,1
better,1
adapt,1
daylight,1
than,1
evening,1
hour,1
just,1
before,1
most,1
while,1
stroke,1
clear,1
above,1
colorful,1
underworld,1
book,1
deal,1
haft,1
caste,1
oriental,1
lend,1
lose,1
effectiveness,1
ir,1
s,1
hand,1
these,1
interesting,1
character,1
portray,1
few,1
tortured,1
life,1
intensely,1
leave,1
author,1
know,1
how,1
suggest,1
make,1
reader,1
shiver,1
much,1
unwritten,1
bestiality,1
what,1
set,1
actual,1
black,1
or,1
es,1
ar,1
their,1
fear,1
cruelty,1
share,1
part,1
robert,1
co,1
down,1
est,1
east,1
india,1
not,1
ant,1
london,1
lost,1
there,1
pleas,1
about,1
any,1
fourteen,1
r,1
lay,1
legion,1
full,1
lion,1
an,1
lender,1
chinaman,1
bruise,1
beat,1
starve,1
thoma,1
thrash,1
out,1
tragic,1
tract,1
pure,1
humor,1
lather,1
follow,1
then,1
woman,1
vengeance,1
neat,1
paw,1
holy,1
e,1
go,1
et,1
w,1
here,1
touch,1
beauty,1
glimpse,1
real,1
like,1
flew,1
from,1
flit,1
cranny,1
rock,1
chant,1
tell,1
up,1
destruction,1
such,1
flower,1
bedtime,1
