lemma,count
the,152
be,98
of,89
in,68
and,67
a,49
to,39
that,38
by,25
it,24
spiritualism,19
his,17
have,16
he,16
movement,15
which,14
one,13
but,12
this,12
as,12
not,12
do,11
great,10
war,10
on,9
with,9
they,9
spiritualist,9
there,8
fashion,8
say,8
spirit,8
or,8
from,8
england,7
no,7
present,7
i,7
medium,7
mr,7
all,7
new,7
what,6
for,6
sir,6
another,6
s,6
her,6
though,6
fox,6
wave,6
who,6
come,6
begin,6
make,5
could,5
book,5
year,5
revival,5
other,5
until,5
an,5
american,5
into,5
america,5
then,5
at,5
most,5
world,4
question,4
history,4
about,4
its,4
whole,4
any,4
if,4
lair,4
name,4
she,4
work,4
under,4
short,4
only,4
day,4
call,4
early,3
home,3
such,3
katie,3
than,3
difference,3
chapter,3
need,3
more,3
end,3
down,3
materialization,3
f,3
numerous,3
almost,3
fire,3
first,3
phenomenon,3
leave,3
when,3
exposure,3
yet,3
form,3
fraudulent,3
become,3
see,3
france,3
since,3
conan,3
life,3
public,3
also,3
us,3
convert,3
l,3
their,3
period,3
know,3
give,3
doyle,3
r,3
go,3
sister,3
should,3
decade,3
idea,3
last,3
report,3
actually,3
man,3
d,3
is,2
h,2
change,2
style,2
raise,2
note,2
repetition,2
curious,2
certainly,2
levitation,2
hear,2
follow,2
cause,2
due,2
prior,2
mere,2
throw,2
cloud,2
time,2
boom,2
state,2
however,2
start,2
popularize,2
even,2
up,2
rochester,2
everything,2
well,2
thing,2
subsequently,2
confession,2
nearly,2
leah,2
genius,2
music,2
extend,2
trance,2
young,2
within,2
famous,2
invent,2
epidemic,2
district,2
part,2
like,2
pentecostal,2
over,2
bring,2
kind,2
j,2
just,2
woman,2
people,2
so,2
admit,2
congregation,2
circle,2
middle,2
keep,2
fear,2
some,2
out,2
how,2
would,2
except,2
fact,2
proceed,2
clear,2
york,2
reader,2
e,2
him,2
disease,2
reach,2
very,2
much,2
novice,2
can,2
among,2
rather,2
expect,2
real,2
read,2
study,2
cut,2
impression,2
now,2
without,2
story,2
reaction,2
finally,2
popular,2
date,2
probably,2
join,2
between,2
never,2
growth,2
himself,2
physical,2
quite,2
back,2
honestly,1
astounding,1
minor,1
remain,1
examine,1
experience,1
quartet,1
attest,1
eminent,1
press,1
depression,1
country,1
conflagration,1
record,1
ferment,1
describe,1
hallucination,1
quotable,1
fifty,1
add,1
sweep,1
academy,1
psychical,1
seem,1
research,1
found,1
stage,1
publicly,1
two,1
arid,1
painstaking,1
psychological,1
appreciate,1
pennsylvania,1
praise,1
suppose,1
perhaps,1
society,1
communicate,1
lawyer,1
air,1
compel,1
mostly,1
after,1
afterward,1
toss,1
furniture,1
spite,1
oliver,1
lodge,1
adhesion,1
municipal,1
extension,1
month,1
fall,1
few,1
building,1
look,1
prosperous,1
assistant,1
herself,1
trick,1
learn,1
possibility,1
street,1
immense,1
word,1
op,1
float,1
conquest,1
gordon,1
henry,1
profusion,1
professor,1
physician,1
w,1
philosopher,1
heading,1
scientist,1
judge,1
gather,1
era,1
commencement,1
during,1
memory,1
illustration,1
deliver,1
nothing,1
creator,1
century,1
success,1
twentieth,1
ebb,1
sitting,1
score,1
pulpit,1
clergyman,1
gain,1
tom,1
feat,1
number,1
instead,1
skepticism,1
rapidly,1
inquiry,1
golden,1
awake,1
age,1
halt,1
distinguished,1
swindle,1
enthusiast,1
alfred,1
t,1
water,1
russel,1
wallace,1
cold,1
sergeant,1
cox,1
increase,1
william,1
lilt,1
britten,1
mean,1
recantation,1
sot,1
principle,1
prosper,1
successful,1
th,1
publish,1
expositor,1
french,1
mme,1
belong,1
chief,1
daniel,1
z,1
person,1
craze,1
operation,1
continent,1
already,1
introduce,1
russian,1
career,1
further,1
nobility,1
crook,1
love,1
convict,1
austria,1
bench,1
mount,1
seize,1
temptation,1
break,1
employ,1
favor,1
smoke,1
insure,1
practice,1
risk,1
cap,1
ho,1
pillar,1
lame,1
climax,1
ten,1
davis,1
lump,1
every,1
english,1
sermon,1
repute,1
possess,1
strong,1
popularity,1
child,1
shout,1
free,1
help,1
investigator,1
near,1
involve,1
case,1
scandal,1
series,1
lecturer,1
writer,1
detection,1
voluminous,1
constant,1
adopt,1
emma,1
mrs,1
tongue,1
strange,1
procession,1
include,1
prominent,1
fatal,1
error,1
thousand,1
challenge,1
sew,1
periodicity,1
proud,1
mode,1
acknowledge,1
concern,1
deeply,1
deluge,1
mild,1
guidance,1
city,1
class,1
tempt,1
may,1
theory,1
hag,1
sampson,1
dr,1
superb,1
cash,1
hard,1
reade,1
character,1
forget,1
wonderful,1
simply,1
ant,1
deep,1
accomplish,1
get,1
characteristic,1
mistake,1
ism,1
spiritual,1
alteration,1
account,1
imply,1
ask,1
directly,1
these,1
mistaken,1
spin,1
genuine,1
true,1
fraud,1
rid,1
manifestation,1
statement,1
longer,1
cal,1
heart,1
setting,1
imitator,1
tactic,1
flay,1
you,1
unspoken,1
unmistakably,1
definite,1
clearness,1
instantly,1
sitar,1
prehistoric,1
tie,1
properly,1
available,1
each,1
hitherto,1
inform,1
entire,1
sketch,1
historical,1
spiritualistic,1
flood,1
use,1
witch,1
truly,1
alike,1
co,1
head,1
ry,1
fit,1
late,1
subject,1
preface,1
truth,1
understate,1
joseph,1
anything,1
jeanne,1
finish,1
interesting,1
ft,1
lay,1
able,1
hope,1
accustom,1
plunge,1
find,1
aside,1
lie,1
unpretentious,1
reading,1
deceive,1
lucidly,1
arc,1
compactly,1
tell,1
anniversary,1
second,1
seventy,1
celebrate,1
them,1
invite,1
london,1
justify,1
hold,1
modern,1
often,1
desolation,1
slaughter,1
following,1
till,1
future,1
repel,1
heaven,1
material,1
believe,1
cease,1
vis,1
mind,1
master,1
hers,1
engineer,1
way,1
gee,1
prepare,1
create,1
sensation,1
youth,1
haired,1
long,1
uncanny,1
precocious,1
shoemaker,1
we,1
healer,1
mesmeric,1
disembodied,1
follower,1
terrible,1
commercialize,1
teen,1
furor,1
live,1
married,1
homestead,1
p,1
fun,1
girl,1
skirt,1
rapping,1
tho,1
joke,1
organizing,1
promptly,1
tribute,1
likely,1
injustice,1
duress,1
retract,1
feud,1
confess,1
later,1
forty,1
too,1
knocking,1
swallow,1
think,1
content,1
because,1
small,1
bound,1
feel,1
consolation,1
same,1
desolate,1
confederacy,1
union,1
judgment,1
measure,1
size,1
relative,1
matter,1
course,1
lei,1
secession,1
rot,1
inflame,1
torch,1
something,1
put,1
those,1
progress,1
marked,1
discover,1
difficult,1
three,1
canada,1
north,1
south,1
fir,1
ox,1
jackson,1
andrew,1
borrower,1
gentle,1
literary,1
throughout,1
surprised,1
c,1
boldly,1
ring,1
message,1
wait,1
ridicule,1
cover,1
large,1
grow,1
arthur,1
conversion,1
accept,1
ix,1
ir,1
copy,1
strike,1
standstill,1
draw,1
