lemma,count
the,216
of,102
be,99
and,77
to,63
a,53
in,46
that,39
he,25
dr,24
which,23
or,20
as,19
it,18
his,18
on,18
with,18
not,16
by,16
there,16
an,15
who,15
s,13
but,13
man,13
us,12
have,12
we,11
for,10
this,10
between,9
know,9
so,9
how,9
say,9
will,9
i,9
jesus,9
no,9
at,8
religion,8
all,8
t,7
find,7
from,7
horus,7
into,7
its,6
like,6
l,6
do,6
fact,6
year,6
many,5
symbolism,5
ever,5
him,5
here,5
more,5
egypt,5
any,5
our,5
tell,5
those,5
than,5
write,5
faith,4
if,4
hebrew,4
only,4
one,4
take,4
divine,4
o,4
book,4
these,4
race,4
other,4
bear,4
r,4
himself,4
truth,4
what,4
time,4
new,4
must,4
evolution,4
lincoln,4
paul,4
always,3
regard,3
kind,3
them,3
negro,3
learn,3
mean,3
both,3
end,3
century,3
mankind,3
work,3
le,3
think,3
n,3
god,3
should,3
cannibal,3
question,3
come,3
exist,3
however,3
alive,3
whether,3
never,3
eat,3
e,3
merely,3
worship,3
temple,3
spiritual,3
age,3
over,3
upon,3
may,3
double,3
ritual,3
c,3
accord,3
g,3
you,3
two,3
add,3
result,3
bird,3
good,3
believe,3
illimitable,3
mount,3
cease,2
set,2
when,2
need,2
abuse,2
dynamite,2
arise,2
develop,2
satan,2
ocean,2
world,2
final,2
u,2
anticipate,2
first,2
career,2
during,2
read,2
st,2
cross,2
less,2
give,2
jr,2
bread,2
es,2
indeed,2
also,2
gospel,2
life,2
together,2
miraculous,2
event,2
solution,2
john,2
hand,2
little,2
hiawatha,2
nation,2
use,2
could,2
prophecy,2
their,2
ace,2
certainly,2
among,2
quotation,2
wonderful,2
ancient,2
contain,2
inner,2
dead,2
four,2
enter,2
upper,2
then,2
ancestor,2
after,2
she,2
ha,2
ape,2
your,2
declare,2
mother,2
long,2
link,2
last,2
communion,2
teacher,2
bible,2
son,2
feast,2
testament,2
difference,2
word,2
let,2
country,2
trinity,2
multitude,2
egyptian,2
star,2
make,2
remain,2
average,2
afterward,2
f,2
own,2
precede,2
magic,2
offer,2
speculation,2
call,2
second,2
original,2
origin,2
later,2
thing,2
thus,2
flesh,2
child,2
soul,2
immortality,2
albert,2
eternal,2
something,2
search,2
until,2
state,2
story,2
primitive,2
proceed,2
each,2
matter,2
humanity,2
day,2
account,2
agree,2
spirit,2
past,2
page,2
high,2
opinion,2
appear,2
nor,1
bewilder,1
merit,1
least,1
hard,1
has,1
riddle,1
winter,1
simplicity,1
reproduce,1
gesture,1
kill,1
war,1
departure,1
dedicate,1
enthusiast,1
non,1
help,1
astronomy,1
content,1
therefore,1
wilson,1
q,1
gnostic,1
epistle,1
mention,1
inauguration,1
wish,1
lead,1
paper,1
transcript,1
symbolical,1
imaginative,1
hrs,1
sect,1
ag,1
distinction,1
bride,1
inquiry,1
issue,1
handle,1
elaborate,1
paraphrase,1
eye,1
hear,1
vii,1
real,1
con,1
ball,1
draw,1
human,1
courage,1
tail,1
anna,1
was,1
appeal,1
house,1
bethlehem,1
egos,1
preach,1
vine,1
shepherd,1
pundit,1
v,1
verdict,1
apostle,1
twelve,1
loaf,1
note,1
seven,1
feed,1
water,1
walk,1
see,1
blind,1
net,1
mir,1
fish,1
go,1
mountain,1
onto,1
carry,1
et,1
place,1
hence,1
evangelist,1
genuine,1
personal,1
canonical,1
definitely,1
fully,1
crucify,1
tic,1
interpretation,1
put,1
tis,1
outside,1
record,1
thaw,1
saviour,1
twin,1
messiah,1
twofold,1
iota,1
about,1
writing,1
sophia,1
thereof,1
correspond,1
dual,1
creed,1
base,1
refer,1
ill,1
subscribe,1
rewrite,1
really,1
simple,1
jewish,1
better,1
mathematic,1
sun,1
hitch,1
explanation,1
perhaps,1
delightful,1
can,1
sermon,1
palm,1
third,1
twenty,1
ten,1
get,1
ear,1
unearth,1
most,1
socialism,1
peril,1
avoid,1
theologian,1
warning,1
doubtless,1
years,1
destroy,1
burn,1
library,1
murder,1
occur,1
stage,1
strange,1
fa,1
build,1
return,1
common,1
mot,1
persist,1
run,1
rile,1
d,1
dedication,1
happiness,1
promote,1
fail,1
ab,1
tragic,1
reduction,1
lind,1
people,1
monument,1
quote,1
supreme,1
tomb,1
pyramid,1
humility,1
due,1
induce,1
hope,1
building,1
unattainable,1
accuracy,1
reveal,1
orientation,1
green,1
colonel,1
why,1
try,1
language,1
would,1
light,1
va,1
tb,1
objection,1
likely,1
pp,1
ease,1
york,1
ceremonial,1
co,1
spoken,1
christ,1
ms,1
far,1
writer,1
true,1
testimony,1
tie,1
saluter,1
rig,1
different,1
wholly,1
conflict,1
student,1
personally,1
shake,1
repute,1
m,1
nonagenarian,1
parallel,1
shadow,1
dawn,1
instantaneous,1
qt,1
form,1
piece,1
mad,1
wisdom,1
b,1
withhold,1
still,1
talisman,1
apparently,1
mystery,1
her,1
much,1
lr,1
h,1
raise,1
realization,1
actual,1
advance,1
biography,1
ts,1
mystic,1
anticipation,1
namely,1
produce,1
expectation,1
themselves,1
md,1
feel,1
athenian,1
mu,1
isis,1
baptize,1
adam,1
order,1
ecclesiastical,1
public,1
hint,1
depriving,1
brown,1
bishop,1
throne,1
beneath,1
explode,1
recently,1
eve,1
durham,1
fred,1
ll,1
start,1
quest,1
cover,1
orthodoxy,1
lo,1
way,1
possibly,1
sublime,1
live,1
surround,1
garden,1
hi,1
boar,1
black,1
ward,1
eden,1
continue,1
arden,1
represent,1
peer,1
totem,1
cannibalism,1
originate,1
eucharist,1
statement,1
gaze,1
peak,1
shall,1
eternity,1
hg,1
journalist,1
recognize,1
outline,1
superstition,1
early,1
connection,1
heretic,1
orthodox,1
alike,1
future,1
history,1
resurrection,1
death,1
include,1
hist,1
begin,1
redemption,1
spear,1
discern,1
von,1
effort,1
tree,1
duality,1
yucatan,1
become,1
wan,1
stars,1
candor,1
sufficient,1
suggest,1
they,1
conscience,1
within,1
liturgical,1
remus,1
denounce,1
hat,1
status,1
fall,1
declension,1
ed,1
dwell,1
radix,1
ne,1
creep,1
foot,1
corruptible,1
behind,1
image,1
glory,1
evil,1
reptile,1
bats,1
resemble,1
peru,1
southward,1
coast,1
along,1
alaska,1
reach,1
latitude,1
narrow,1
intensely,1
eastward,1
field,1
fascinating,1
exp,1
migration,1
tan,1
pacific,1
island,1
exploration,1
recent,1
quakerism,1
mexican,1
opposite,1
lord,1
babylon,1
discover,1
deity,1
head,1
symbol,1
mn,1
herself,1
up,1
rather,1
old,1
manifest,1
hop,1
institute,1
right,1
sacrifice,1
perpetuate,1
atonement,1
ordain,1
victim,1
alternative,1
sir,1
jame,1
immolate,1
propose,1
abraham,1
authoritative,1
tone,1
gracious,1
frankness,1
frazer,1
indicate,1
yesterday,1
today,1
meat,1
holy,1
love,1
autocrat,1
depend,1
re,1
elucidate,1
especial,1
father,1
seek,1
comment,1
theory,1
announce,1
reputed,1
derive,1
av,1
tn,1
attention,1
close,1
devote,1
whom,1
change,1
osiris,1
emphasis,1
confine,1
national,1
local,1
doctrine,1
authority,1
charge,1
differ,1
happen,1
sure,1
regeneration,1
service,1
io,1
document,1
emancipation,1
interval,1
food,1
topic,1
entitle,1
adherent,1
devout,1
grate,1
means,1
tat,1
receive,1
million,1
tel,1
solely,1
churchyard,1
argument,1
express,1
duty,1
allow,1
morsel,1
veritably,1
blood,1
body,1
rite,1
such,1
die,1
because,1
apply,1
corrective,1
present,1
absolutely,1
enough,1
tribe,1
open,1
mme,1
cave,1
none,1
assume,1
fore,1
dissimilarity,1
transformation,1
out,1
contrast,1
complete,1
congo,1
hank,1
another,1
vinci,1
leonardo,1
paint,1
miss,1
even,1
ourselves,1
assumption,1
lie,1
fourth,1
tribal,1
mere,1
sacrament,1
similarly,1
pure,1
y,1
evolutionist,1
foreshorten,1
tall,1
ev,1
