lemma,count
the,36
and,33
of,32
be,25
a,14
to,14
tile,12
its,12
with,11
who,10
there,9
our,8
house,7
s,7
we,6
her,6
that,6
have,6
book,5
london,5
in,5
or,5
on,4
from,4
one,4
as,4
story,4
she,4
life,4
it,3
more,3
all,3
which,3
find,3
nd,3
not,3
beggar,3
world,3
i,3
l,3
mrs,3
by,3
then,3
out,3
domestic,3
bob,2
own,2
play,2
picture,2
come,2
will,2
r,2
f,2
but,2
tenant,2
dramatist,2
his,2
old,2
take,2
o,2
for,2
too,2
famous,2
go,2
cook,2
opinion,2
stevenson,2
henley,2
elizabeth,2
robin,2
french,2
joseph,2
english,2
trimmer,2
no,2
other,2
servant,2
good,2
british,2
extremely,2
well,2
so,2
worth,2
would,2
could,2
respectable,2
oil,2
what,2
tell,2
than,2
ki,1
this,1
upon,1
ned,1
ste,1
squalid,1
wreck,1
much,1
eventually,1
sire,1
question,1
h,1
household,1
aver,1
two,1
week,1
mother,1
bear,1
affectionately,1
mill,1
home,1
brag,1
phil,1
x,1
whose,1
rea,1
get,1
die,1
louise,1
pr,1
brave,1
smile,1
lid,1
latin,1
grace,1
worthless,1
husband,1
unmentionable,1
board,1
deserve,1
whole,1
seller,1
habit,1
clerk,1
front,1
studio,1
hazy,1
spire,1
bridge,1
innumerable,1
chimney,1
pot,1
very,1
potent,1
reason,1
possession,1
new,1
certain,1
irresistible,1
lu,1
explain,1
choice,1
instead,1
say,1
en,1
rejoice,1
bird,1
lean,1
motel,1
least,1
chapter,1
herself,1
tim,1
guest,1
licensed,1
ingenious,1
name,1
craft,1
america,1
unmeasured,1
thing,1
suffragette,1
lo,1
largely,1
folk,1
away,1
lovely,1
se,1
modest,1
fife,1
socialist,1
g,1
credit,1
drive,1
remain,1
humor,1
first,1
three,1
coolie,1
acid,1
charwoman,1
fellow,1
neighbor,1
whom,1
meet,1
ave,1
feel,1
sc,1
ought,1
he,1
sort,1
an,1
inside,1
wall,1
air,1
allow,1
into,1
phase,1
living,1
know,1
hut,1
must,1
rare,1
only,1
after,1
ending,1
whistler,1
their,1
beardsley,1
window,1
illustration,1
company,1
if,1
delightful,1
paragraph,1
round,1
exactly,1
think,1
still,1
heroic,1
eminently,1
read,1
joy,1
particular,1
page,1
beside,1
audrey,1
anti,1
bad,1
live,1
piteous,1
charm,1
four,1
struggle,1
write,1
association,1
pepys,1
bacon,1
dam,1
mantelpiece,1
year,1
ago,1
between,1
strand,1
since,1
they,1
chamber,1
at,1
top,1
work,1
see,1
ont,1
door,1
fourth,1
fine,1
quarter,1
part,1
np,1
record,1
those,1
breadth,1
quietness,1
ta,1
woman,1
leisure,1
ml,1
brilliance,1
t,1
effect,1
midst,1
usually,1
over,1
sea,1
any,1
clover,1
sketch,1
easy,1
fill,1
e,1
dramatic,1
observation,1
few,1
give,1
such,1
th,1
mellow,1
char,1
louse,1
believe,1
