lemma,count
of,56
the,56
a,30
i,28
be,27
and,23
to,18
her,17
in,14
that,14
my,11
he,11
s,9
have,9
for,8
as,7
it,7
on,7
l,6
book,6
at,6
him,6
she,6
with,5
me,5
miss,5
an,5
man,5
there,4
own,4
from,4
day,4
year,4
time,4
out,4
o,3
tell,3
most,3
which,3
method,3
this,3
his,3
woman,3
would,3
life,3
n,3
one,3
may,3
personal,2
sex,2
before,2
each,2
but,2
who,2
battle,2
long,2
what,2
much,2
t,2
back,2
when,2
morning,2
call,2
sell,2
united,2
great,2
client,2
do,2
american,2
any,2
end,2
know,2
yet,2
our,2
minute,2
than,2
little,2
into,2
complete,2
then,2
author,2
representative,2
return,2
d,2
war,2
receive,2
new,2
or,2
many,2
al,2
all,2
however,2
other,2
them,2
ha,2
more,2
story,2
read,2
less,2
by,2
banana,2
full,2
subject,2
mighty,1
notice,1
attention,1
pay,1
royalty,1
now,1
instead,1
situation,1
fruit,1
right,1
outright,1
thank,1
early,1
too,1
allot,1
nit,1
arise,1
promptly,1
neglect,1
harvest,1
record,1
elsie,1
father,1
infinitely,1
those,1
green,1
clock,1
see,1
take,1
literally,1
v,1
ahead,1
ask,1
seat,1
w,1
demand,1
object,1
vi,1
plunge,1
wish,1
aid,1
revolutionize,1
bunch,1
french,1
play,1
large,1
state,1
point,1
himself,1
anecdote,1
reap,1
proceed,1
contain,1
wealth,1
lack,1
tour,1
mature,1
structure,1
four,1
prove,1
conclusively,1
sentence,1
gross,1
punctuation,1
aggregate,1
if,1
competent,1
so,1
describe,1
hal,1
probably,1
suffer,1
blum,1
andi,1
dozen,1
interesting,1
pleasantly,1
figure,1
wolfe,1
reaction,1
de,1
public,1
city,1
toward,1
purchase,1
door,1
lie,1
stirring,1
say,1
fifteen,1
disposal,1
win,1
half,1
hour,1
nearly,1
word,1
urge,1
minimum,1
big,1
bring,1
decisive,1
map,1
tate,1
chatty,1
show,1
listener,1
decidedly,1
relative,1
position,1
population,1
mi,1
victory,1
able,1
reply,1
paradigm,1
ir,1
court,1
herself,1
h,1
america,1
drive,1
arid,1
economic,1
ix,1
dependence,1
ii,1
f,1
movement,1
stand,1
here,1
bourbon,1
credit,1
r,1
k,1
no,1
not,1
only,1
ex,1
upon,1
ad,1
independent,1
fa,1
b,1
illusion,1
et,1
comment,1
familiar,1
ore,1
re,1
memory,1
crystal,1
ball,1
elizabeth,1
illustration,1
york,1
course,1
reviewer,1
such,1
complication,1
follow,1
failure,1
employ,1
mia,1
give,1
us,1
picture,1
pa,1
poe,1
ates,1
playwright,1
actor,1
society,1
folk,1
generally,1
thin,1
document,1
once,1
st,1
very,1
remember,1
friday,1
rue,1
lore,1
first,1
don,1
ability,1
choice,1
meet,1
service,1
could,1
render,1
typical,1
incident,1
career,1
find,1
live,1
du,1
forget,1
di,1
how,1
get,1
interview,1
haunting,1
hopeless,1
preoccupation,1
why,1
wait,1
intermediary,1
letter,1
ace,1
old,1
hi,1
thoroughly,1
field,1
will,1
whether,1
everything,1
en,1
thirty,1
ago,1
e,1
home,1
heel,1
some,1
thing,1
strength,1
ly,1
womanhood,1
become,1
agent,1
fact,1
g,1
presence,1
make,1
entry,1
ff,1
closely,1
related,1
something,1
dauntless,1
doubt,1
number,1
m,1
competitive,1
organization,1
rarity,1
