lemma,count
the,59
of,56
and,29
be,25
a,20
to,19
his,15
in,13
he,12
not,8
have,7
story,7
it,6
her,6
s,6
on,5
do,4
with,4
from,4
through,4
life,4
die,4
good,3
they,3
know,3
but,3
upon,3
end,3
him,3
when,3
come,3
an,3
old,3
f,3
that,3
one,3
this,3
at,3
suggest,3
t,3
dorothy,3
make,3
up,2
yet,2
late,2
w,2
now,2
page,2
tile,2
you,2
i,2
continue,2
few,2
short,2
she,2
real,2
them,2
out,2
perhaps,2
n,2
all,2
pragmatist,2
self,2
work,2
word,2
five,2
cry,2
feel,2
choice,2
for,2
hue,2
course,2
artist,2
painter,2
by,2
follow,2
time,2
my,2
what,2
most,2
change,2
tim,2
these,2
more,1
put,1
credence,1
breathe,1
file,1
bi,1
redolent,1
brush,1
show,1
fa,1
j,1
april,1
gracefully,1
flavor,1
spring,1
wife,1
gut,1
ere,1
ix,1
lt,1
mother,1
themselves,1
vat,1
open,1
death,1
curse,1
struggle,1
elf,1
people,1
heart,1
there,1
promising,1
achievement,1
your,1
cornea,1
remember,1
smart,1
get,1
give,1
no,1
then,1
mean,1
too,1
well,1
sister,1
drown,1
herself,1
lonely,1
terrific,1
majestic,1
pageantry,1
modernity,1
power,1
o,1
face,1
own,1
unanswered,1
warren,1
sentence,1
question,1
we,1
judge,1
bad,1
until,1
immerse,1
complexity,1
sleep,1
provocative,1
lose,1
reader,1
han,1
so,1
affair,1
become,1
destiny,1
new,1
decree,1
d,1
soil,1
away,1
business,1
home,1
child,1
bring,1
bet,1
spirit,1
thinker,1
will,1
pleasure,1
bent,1
jule,1
last,1
lack,1
socialist,1
internationalism,1
lead,1
u,1
pageant,1
diverse,1
taste,1
belief,1
family,1
pay,1
fitting,1
homage,1
merely,1
z,1
copyist,1
realistic,1
interesting,1
passion,1
country,1
benediction,1
genius,1
philosophy,1
volume,1
brilliance,1
verse,1
belong,1
al,1
futile,1
e,1
retch,1
flood,1
inspiriting,1
resolute,1
aspiration,1
impostor,1
those,1
who,1
lat,1
say,1
ill,1
ax,1
lot,1
ce,1
joy,1
almost,1
perfect,1
sketch,1
less,1
than,1
author,1
much,1
immortality,1
here,1
value,1
humanity,1
vibrato,1
once,1
quest,1
haunt,1
hearten,1
motive,1
g,1
henry,1
holt,1
co,1
net,1
introduce,1
strike,1
theme,1
collection,1
publish,1
under,1
title,1
as,1
lie,1
shudder,1
because,1
lifelong,1
mask,1
which,1
impossible,1
pretend,1
courage,1
certainty,1
could,1
enemy,1
irresistible,1
encourage,1
other,1
memorable,1
fiction,1
heritage,1
himself,1
moral,1
sickness,1
realism,1
lookout,1
three,1
whose,1
poem,1
include,1
book,1
call,1
climb,1
into,1
crow,1
nest,1
look,1
over,1
ocean,1
day,1
shout,1
down,1
me,1
whether,1
chance,1
fight,1
faith,1
keep,1
man,1
wile,1
v,1
ls,1
vision,1
precede,1
see,1
q,1
st,1
h,1
together,1
eminent,1
ti,1
c,1
sin,1
m,1
proprietor,1
grocery,1
stare,1
sit,1
tie,1
porch,1
clothe,1
cottage,1
r,1
fashioned,1
revivalist,1
float,1
church,1
increase,1
smug,1
ha,1
contemplation,1
prosperity,1
surprising,1
friend,1
america,1
