lemma,count
of,95
the,92
be,66
and,53
to,42
in,42
his,38
a,35
he,27
it,24
that,21
s,17
novel,16
not,16
have,16
benson,15
at,15
with,15
one,13
but,13
robert,12
life,12
which,11
or,11
hugh,11
write,10
for,9
this,8
do,8
i,8
t,7
an,7
on,7
its,7
make,7
furiously,7
work,7
reader,6
when,6
o,6
him,6
by,6
interest,5
who,5
most,5
only,5
their,5
some,5
interested,5
find,5
interesting,5
course,5
every,5
visit,4
so,4
many,4
perhaps,4
die,4
take,4
as,4
u,4
monsignor,4
y,4
c,4
there,4
we,4
e,4
into,4
priest,3
us,3
j,3
now,3
b,3
all,3
more,3
like,3
time,3
able,3
world,3
thing,3
even,3
would,3
may,3
p,3
if,3
deal,3
such,3
great,3
fear,3
from,3
letter,3
emotion,3
our,3
any,3
writer,3
author,3
other,3
day,3
these,3
archbishop,3
h,3
how,3
son,3
out,3
family,3
christopher,3
well,3
those,3
because,3
yet,3
give,3
through,2
preaching,2
nor,2
sermon,2
religious,2
issue,2
catholic,2
midst,2
terror,2
r,2
enough,2
while,2
place,2
go,2
chapter,2
tho,2
read,2
put,2
ordain,2
thus,2
actually,2
f,2
over,2
electric,2
come,2
under,2
scheme,2
ha,2
chief,2
rest,2
court,2
accomplished,2
will,2
hear,2
compelling,2
preach,2
seem,2
war,2
much,2
about,2
condition,2
must,2
mind,2
volume,2
month,2
style,2
also,2
creative,2
distinction,2
sort,2
arthur,2
already,2
m,2
present,2
america,2
among,2
w,2
say,2
you,2
consideration,2
friend,2
numerous,2
death,2
tn,2
two,2
ever,2
ts,2
use,2
action,2
new,2
biography,2
novelist,2
man,2
communion,2
en,2
explain,2
york,2
deliver,2
year,2
own,2
d,2
father,2
soot,1
cover,1
trip,1
destination,1
mos,1
x,1
genial,1
charming,1
president,1
dignified,1
arnold,1
analyst,1
arrive,1
caboose,1
locomotive,1
delightedly,1
shore,1
novell,1
cording,1
albany,1
lecture,1
sometimes,1
critic,1
strenuous,1
after,1
mr,1
entire,1
bennett,1
city,1
nil,1
suds,1
tin,1
sketch,1
notebook,1
chi,1
lecturer,1
z,1
jame,1
pound,1
dr,1
school,1
actor,1
cal,1
opium,1
cost,1
happy,1
et,1
rio,1
numerical,1
strength,1
flatiron,1
advance,1
ga,1
supreme,1
white,1
justice,1
benefit,1
above,1
le,1
three,1
early,1
mn,1
opening,1
thesis,1
spring,1
varied,1
attend,1
washington,1
ghost,1
they,1
banish,1
oh,1
inter,1
thin,1
typical,1
character,1
genuine,1
dram,1
elevation,1
due,1
ht,1
realm,1
penetrate,1
willing,1
courage,1
proof,1
lie,1
th,1
apply,1
spread,1
power,1
presentation,1
admit,1
significance,1
spiritual,1
without,1
hi,1
theory,1
length,1
coward,1
realism,1
formulate,1
picturesque,1
n,1
ad,1
message,1
direct,1
convince,1
brother,1
lack,1
absolutely,1
force,1
hypnotic,1
almost,1
very,1
uppermost,1
tell,1
artist,1
undoubtedly,1
way,1
matter,1
touch,1
group,1
help,1
point,1
reply,1
worth,1
trouble,1
anther,1
paragraph,1
few,1
house,1
european,1
plot,1
construct,1
before,1
week,1
island,1
retreat,1
plan,1
curacy,1
historical,1
search,1
street,1
sheer,1
hare,1
moment,1
odd,1
train,1
lay,1
minister,1
lecturing,1
strap,1
insist,1
she,1
sing,1
list,1
synopsis,1
curiously,1
suggestive,1
algernon,1
warfare,1
medea,1
associate,1
inseparably,1
delineation,1
masterful,1
vital,1
tenuous,1
certainly,1
loneliness,1
page,1
nov,1
detail,1
physiological,1
psychological,1
wealth,1
ch,1
pen,1
certain,1
naive,1
rather,1
method,1
attitude,1
episcopal,1
state,1
live,1
occur,1
phenomenon,1
explanation,1
inquiry,1
extensive,1
subject,1
literature,1
mater,1
care,1
orator,1
eve,1
thought,1
leader,1
prolific,1
old,1
reaction,1
motif,1
story,1
elaborate,1
moat,1
excerpt,1
pad,1
record,1
them,1
realistically,1
portray,1
mew,1
canterbury,1
edward,1
prelate,1
scholarly,1
india,1
lew,1
edwards,1
language,1
english,1
nearly,1
amy,1
noble,1
authority,1
what,1
door,1
cathedral,1
westminster,1
pack,1
than,1
alway,1
turn,1
appeal,1
chronological,1
mere,1
disposal,1
publication,1
review,1
monthly,1
weekly,1
large,1
inspire,1
career,1
material,1
amount,1
literary,1
criticism,1
favorable,1
devote,1
follow,1
oct,1
net,1
co,1
green,1
cc,1
famous,1
popularity,1
endure,1
comprehensive,1
since,1
considerable,1
short,1
observation,1
exactitude,1
accomplish,1
proportion,1
formidable,1
moor,1
cl,1
rev,1
official,1
low,1
forceful,1
opportunity,1
space,1
then,1
leslie,1
shane,1
discerning,1
mention,1
special,1
form,1
book,1
bring,1
critical,1
night,1
fiery,1
random,1
fantastic,1
main,1
surprise,1
likely,1
occult,1
manifestation,1
investigate,1
unusual,1
least,1
popular,1
itself,1
cambridge,1
student,1
unofficial,1
become,1
church,1
roman,1
enter,1
clergyman,1
anglican,1
fact,1
central,1
member,1
true,1
reason,1
why,1
intensely,1
top,1
example,1
play,1
suppose,1
wet,1
gesture,1
violent,1
pie,1
thur,1
aglow,1
speed,1
mal,1
himself,1
mon,1
something,1
always,1
axe,1
q,1
cam,1
villain,1
er,1
word,1
frequently,1
rat,1
public,1
hold,1
cousin,1
talent,1
thai,1
parent,1
reich,1
duplicate,1
themselves,1
marriage,1
points,1
ancestor,1
common,1
second,1
bear,1
wife,1
notice,1
aptitude,1
sir,1
mother,1
illustrious,1
show,1
respect,1
constant,1
rt,1
know,1
till,1
manner,1
name,1
contemporary,1
study,1
essay,1
gentle,1
imagine,1
difficult,1
third,1
palace,1
exhaust,1
connection,1
title,1
int,1
upon,1
society,1
modern,1
brilliant,1
widely,1
ne,1
charm,1
sid,1
attention,1
ml,1
li,1
