lemma,count
and,36
a,31
the,31
be,27
in,23
of,19
to,13
she,13
have,10
an,10
all,8
s,8
with,8
her,8
tile,7
penelope,7
but,6
not,6
for,5
one,5
who,5
mr,5
no,5
lady,5
that,4
man,4
at,4
his,4
he,4
robert,4
such,4
by,4
would,3
it,3
lord,3
which,3
so,3
make,3
must,3
woman,3
them,3
time,3
their,3
eight,3
jew,3
father,2
as,2
especially,2
house,2
on,2
mother,2
widely,2
different,2
timid,2
american,2
marquis,2
still,2
name,2
announce,2
about,2
war,2
improve,2
o,2
good,2
reform,2
each,2
exercise,2
herself,2
call,2
tie,2
upon,2
q,2
ill,2
young,2
marry,2
do,2
much,2
know,2
way,2
husband,2
society,2
they,2
simplicity,2
morley,2
whose,2
womanhood,2
amazing,2
serious,2
what,2
rachel,2
world,2
country,2
wedding,1
or,1
two,1
offend,1
ideal,1
public,1
vow,1
notion,1
pp,1
england,1
before,1
knot,1
comedy,1
registrar,1
mo,1
brown,1
william,1
happy,1
arthur,1
resolve,1
large,1
pain,1
disqualification,1
race,1
impose,1
illustrate,1
soldier,1
admiral,1
anew,1
virginia,1
rural,1
himself,1
real,1
course,1
courtesy,1
wag,1
levi,1
isaac,1
last,1
idiom,1
novel,1
accuse,1
genius,1
financial,1
run,1
gordon,1
co,1
salt,1
semite,1
luna,1
tic,1
balloonist,1
jame,1
r,1
rufus,1
page,1
plant,1
ire,1
allege,1
bear,1
boston,1
poet,1
endow,1
read,1
i,1
exchange,1
you,1
rather,1
d,1
we,1
besides,1
cunning,1
devilishly,1
end,1
too,1
almost,1
till,1
convention,1
like,1
limit,1
speed,1
insist,1
this,1
gift,1
solemn,1
arm,1
audacity,1
spontaneous,1
manner,1
matter,1
respectable,1
number,1
point,1
astonishing,1
touch,1
satire,1
clever,1
airy,1
its,1
defy,1
car,1
motor,1
because,1
gravely,1
infliction,1
these,1
under,1
beautifully,1
behave,1
then,1
mostly,1
prejudice,1
wile,1
ballooning,1
go,1
promotion,1
leopold,1
publicly,1
promise,1
later,1
together,1
gaspingly,1
blush,1
keep,1
word,1
author,1
year,1
there,1
announcement,1
birth,1
son,1
mention,1
mad,1
move,1
norfolk,1
guard,1
c,1
serenely,1
grow,1
ward,1
let,1
upper,1
hear,1
often,1
though,1
wise,1
turn,1
humorous,1
liberal,1
nobleman,1
over,1
my,1
up,1
naturally,1
mean,1
ride,1
neglect,1
education,1
superstition,1
thwart,1
impulse,1
idol,1
twenty,1
immemorial,1
therefore,1
th,1
abuse,1
cruelly,1
healthy,1
quaint,1
assign,1
orphan,1
earl,1
farce,1
case,1
bold,1
pen,1
say,1
allow,1
happen,1
shocking,1
thing,1
great,1
effect,1
tragedy,1
produce,1
atmosphere,1
provincial,1
leave,1
narrow,1
vast,1
passion,1
both,1
collect,1
old,1
quality,1
same,1
essentially,1
yet,1
moat,1
obstacle,1
puny,1
early,1
handsome,1
rich,1
v,1
delightful,1
hand,1
wax,1
ere,1
creature,1
execute,1
set,1
utterly,1
residuary,1
simple,1
straightforward,1
feat,1
agility,1
ho,1
hellion,1
horizon,1
particular,1
limited,1
aspect,1
len,1
groat,1
big,1
ii,1
other,1
picture,1
adequate,1
book,1
de,1
vote,1
abhor,1
gay,1
win,1
money,1
tad,1
hospital,1
wife,1
leg,1
tee,1
bea,1
breed,1
lad,1
humor,1
short,1
perfect,1
more,1
detail,1
believe,1
clergyman,1
politician,1
deceased,1
sister,1
near,1
eminent,1
physician,1
constitution,1
hygiene,1
use,1
cold,1
water,1
subscribe,1
utter,1
establish,1
national,1
play,1
bernard,1
show,1
resentment,1
