lemma,count
the,48
be,42
of,33
a,31
and,30
to,22
she,22
it,20
that,20
her,18
in,15
he,13
with,11
not,10
life,8
for,8
you,8
s,7
have,6
t,6
its,6
this,6
as,6
after,5
by,5
feel,5
book,5
but,5
his,5
there,5
one,5
story,5
n,4
something,4
more,4
l,4
from,4
write,4
want,4
son,4
at,4
no,3
do,3
nothing,3
get,3
go,3
sure,3
ii,3
or,3
will,3
must,3
thing,3
art,3
war,3
woman,3
call,3
on,3
what,3
idea,3
continue,3
e,3
can,3
only,3
i,3
grow,2
none,2
all,2
taste,2
tit,2
similar,2
great,2
belief,2
both,2
good,2
mother,2
young,2
day,2
tell,2
force,2
london,2
site,2
world,2
than,2
quality,2
hope,2
come,2
break,2
successful,2
la,2
into,2
people,2
u,2
if,2
money,2
soon,2
take,2
very,2
which,2
first,2
yet,2
plot,2
few,2
d,2
other,2
talk,2
think,2
mrs,2
herself,2
interesting,2
least,2
flood,2
relate,2
how,2
see,2
without,2
simply,2
r,2
cease,2
an,2
feeling,1
c,1
bear,1
root,1
fluff,1
eagerly,1
time,1
find,1
toiling,1
content,1
hit,1
flo,1
try,1
agony,1
bo,1
tut,1
rush,1
telegram,1
help,1
up,1
v,1
crone,1
air,1
spiritualism,1
pager,1
number,1
dead,1
rest,1
grief,1
then,1
reaction,1
thin,1
experience,1
bad,1
such,1
insight,1
large,1
pare,1
wartime,1
own,1
sh,1
anal,1
mutter,1
here,1
impel,1
toward,1
fie,1
strut,1
beyond,1
anything,1
ha,1
over,1
live,1
worth,1
make,1
less,1
md,1
thous,1
again,1
truth,1
intellectual,1
ra,1
b,1
hip,1
hi,1
troll,1
tho,1
co,1
th,1
si,1
hear,1
o,1
appear,1
arr,1
h,1
arid,1
froth,1
impart,1
within,1
many,1
emotional,1
friend,1
church,1
forever,1
part,1
tone,1
rance,1
bone,1
heap,1
little,1
exist,1
proof,1
perhaps,1
hop,1
attend,1
iv,1
et,1
disgust,1
arv,1
much,1
pl,1
them,1
ir,1
neither,1
course,1
further,1
any,1
reader,1
spoil,1
hook,1
tenseness,1
ti,1
useful,1
either,1
impress,1
rhetoric,1
commonplace,1
nor,1
hymn,1
somewhat,1
ritual,1
form,1
begin,1
who,1
smoothly,1
end,1
rave,1
when,1
read,1
while,1
reality,1
whole,1
fact,1
unconscious,1
drat,1
fine,1
so,1
express,1
figure,1
central,1
artist,1
every,1
person,1
effort,1
deeply,1
lien,1
passionate,1
hay,1
reading,1
writing,1
seem,1
singularly,1
contact,1
actual,1
brief,1
passage,1
descriptive,1
alive,1
develop,1
swiftly,1
pretty,1
move,1
character,1
remarkable,1
mr,1
morris,1
we,1
andrew,1
mary,1
joseph,1
short,1
novel,1
late,1
theme,1
death,1
problem,1
maxwell,1
practically,1
fascinate,1
hold,1
f,1
slot,1
current,1
tire,1
style,1
masterly,1
partly,1
w,1
page,1
unfinished,1
down,1
lay,1
present,1
hardly,1
those,1
st,1
author,1
give,1
movement,1
eh,1
raise,1
valuable,1
line,1
however,1
could,1
bang,1
interest,1
old,1
le,1
tear,1
off,1
him,1
though,1
fiction,1
charge,1
program,1
seller,1
each,1
spur,1
audience,1
fife,1
out,1
wheedle,1
look,1
hat,1
charity,1
frock,1
new,1
smart,1
consist,1
well,1
cloud,1
oft,1
alt,1
through,1
itself,1
jolly,1
lead,1
comrade,1
boy,1
widow,1
fashion,1
may,1
gaiety,1
integrity,1
sheer,1
carry,1
cohesive,1
wave,1
like,1
frivolous,1
di,1
hone,1
fr,1
afraid,1
conviction,1
bye,1
bid,1
hint,1
glimpse,1
donald,1
serious,1
existence,1
their,1
enjoy,1
energetically,1
they,1
thought,1
gesture,1
