lemma,count
the,109
of,76
be,65
to,63
and,53
a,36
in,35
i,28
have,24
letter,24
that,23
lamb,20
s,19
which,17
for,17
not,16
with,16
it,15
this,15
as,15
from,13
at,13
will,12
you,12
by,11
one,10
volume,10
his,10
my,9
all,8
more,8
so,8
we,7
but,7
he,7
do,7
new,7
write,6
many,6
some,6
who,5
me,5
very,5
two,5
your,5
mr,5
over,5
her,5
these,5
them,5
little,5
name,5
or,5
come,4
brother,4
o,4
book,4
good,4
first,4
give,4
about,4
no,4
lucas,4
other,4
like,3
when,3
than,3
on,3
should,3
say,3
note,3
tale,3
work,3
leave,3
hazlitt,3
l,3
they,3
whole,3
an,3
paper,3
into,3
meet,3
way,3
t,3
include,3
set,3
edition,3
think,3
us,3
now,3
luca,3
least,3
also,3
time,3
any,3
g,3
second,3
tell,3
our,3
wordsworth,3
much,3
india,2
then,2
street,2
already,2
same,2
coleridge,2
just,2
story,2
twenty,2
excellent,2
american,2
view,2
author,2
yet,2
great,2
y,2
number,2
end,2
content,2
where,2
star,2
serve,2
english,2
fact,2
reading,2
series,2
student,2
course,2
may,2
begin,2
old,2
fashion,2
see,2
try,2
upon,2
interest,2
plan,2
count,2
read,2
she,2
cut,2
othello,2
portrait,2
most,2
frontispiece,2
another,2
d,2
rest,2
damn,2
bottom,2
enough,2
put,2
hamlet,2
there,2
affair,2
original,2
would,2
mrs,2
here,2
dear,2
forget,2
commission,2
know,2
speak,2
myself,2
wish,2
out,2
partnership,2
debt,2
hand,2
after,2
family,2
friend,2
along,2
dorothy,2
per,2
quote,2
f,2
entirely,2
rather,2
every,2
year,2
forty,2
down,2
spend,2
money,2
nine,2
find,2
complete,2
up,2
manuscript,2
almost,2
furnish,2
each,2
editor,2
collection,2
mary,2
possess,2
add,2
copy,2
order,2
make,2
seem,2
law,2
day,2
owner,2
if,2
plate,1
baby,1
lad,1
coach,1
choose,1
suppose,1
mischief,1
hint,1
bad,1
principle,1
enact,1
subject,1
choice,1
discretion,1
complication,1
nowhere,1
forgive,1
venice,1
beastly,1
bile,1
produce,1
far,1
reach,1
guess,1
suspect,1
though,1
fanny,1
unexpected,1
swan,1
vulgarity,1
exist,1
grave,1
awkward,1
dig,1
justify,1
authority,1
atom,1
scene,1
neck,1
regret,1
off,1
eloquent,1
sister,1
william,1
curious,1
acquaint,1
bring,1
picture,1
paint,1
operation,1
copyright,1
age,1
thai,1
beautiful,1
persuade,1
scenery,1
mountain,1
bank,1
wander,1
pas,1
month,1
possible,1
correspondence,1
indeed,1
owe,1
pretty,1
iv,1
library,1
dr,1
take,1
e,1
follow,1
addi,1
duly,1
testimony,1
vi,1
reproduce,1
woman,1
state,1
publish,1
remark,1
size,1
fond,1
preface,1
girl,1
nice,1
before,1
well,1
giantess,1
king,1
illustration,1
elia,1
unpublished,1
several,1
foe,1
reduce,1
desire,1
could,1
fastidious,1
making,1
typography,1
text,1
reproduction,1
edit,1
immediately,1
insert,1
ev,1
inform,1
best,1
contribute,1
unable,1
reference,1
above,1
himself,1
painting,1
mention,1
list,1
value,1
crest,1
company,1
address,1
ar,1
whom,1
person,1
accord,1
arrange,1
alphabetically,1
index,1
henry,1
admirable,1
sensible,1
thereabout,1
thoma,1
drawing,1
likeness,1
charming,1
office,1
preserve,1
meyer,1
passage,1
intend,1
canute,1
mean,1
circumstance,1
load,1
abstract,1
egregious,1
advertisement,1
go,1
simplicity,1
their,1
duff,1
repent,1
cheat,1
lear,1
place,1
folly,1
taste,1
especially,1
save,1
suffice,1
summer,1
giant,1
courtier,1
reprove,1
answerable,1
macbeth,1
eighty,1
only,1
seventy,1
between,1
arrangement,1
lr,1
total,1
cl,1
fancy,1
johnny,1
tear,1
beg,1
hope,1
timon,1
mine,1
hers,1
spelling,1
man,1
correction,1
piece,1
tall,1
occasionally,1
certain,1
romeo,1
richmond,1
kind,1
solo,1
ix,1
frank,1
its,1
el,1
light,1
service,1
long,1
lie,1
mother,1
father,1
demolish,1
since,1
run,1
queen,1
live,1
sigh,1
connection,1
lust,1
pig,1
roast,1
dissertation,1
matter,1
admission,1
week,1
has,1
finish,1
even,1
bite,1
rational,1
somewhat,1
get,1
either,1
quaint,1
remember,1
ella,1
watchman,1
experiment,1
br,1
explain,1
three,1
evil,1
continue,1
madhouse,1
agreeably,1
servant,1
humble,1
likely,1
source,1
early,1
through,1
acquire,1
popularity,1
measure,1
h,1
attain,1
word,1
possessor,1
absolute,1
property,1
steward,1
world,1
peculiarly,1
private,1
document,1
ry,1
te,1
country,1
response,1
cheerfully,1
literary,1
print,1
cooperation,1
across,1
spite,1
pride,1
greedy,1
side,1
antic,1
proof,1
without,1
exception,1
buy,1
convince,1
america,1
aid,1
mark,1
fault,1
closeness,1
table,1
glance,1
interesting,1
americans,1
previous,1
newly,1
together,1
sot,1
ungracious,1
however,1
collation,1
shall,1
shop,1
tempting,1
fletcher,1
jonson,1
ben,1
enumeration,1
proceed,1
mb,1
lg,1
ft,1
generously,1
accommodate,1
amount,1
remain,1
century,1
among,1
cry,1
thing,1
scurvy,1
enable,1
debar,1
liquidation,1
fear,1
possibly,1
soul,1
purchase,1
contain,1
quite,1
sheet,1
air,1
page,1
opposite,1
forward,1
request,1
letters,1
b,1
tiara,1
av,1
otter,1
present,1
n,1
son,1
p,1
q,1
rust,1
vii,1
v,1
wait,1
own,1
must,1
god,1
cash,1
abound,1
why,1
truth,1
tile,1
distribute,1
sure,1
th,1
october,1
excerpt,1
attend,1
hardship,1
pity,1
material,1
turn,1
change,1
verbal,1
divide,1
show,1
lover,1
possession,1
merit,1
important,1
such,1
rewarded,1
use,1
extent,1
skill,1
dispose,1
difficulty,1
lay,1
propose,1
sum,1
town,1
draft,1
thus,1
once,1
sorry,1
pound,1
require,1
cover,1
motto,1
ground,1
draw,1
attention,1
become,1
indispensable,1
