lemma,count
the,137
be,101
of,84
and,64
a,58
in,54
to,45
as,31
that,23
he,23
they,21
his,21
mr,21
their,19
have,18
by,17
on,16
for,15
which,14
this,13
man,13
will,13
with,13
at,12
white,11
s,11
them,10
i,10
old,10
one,9
who,9
it,9
chapter,9
no,8
say,7
not,7
there,7
texas,6
then,6
romantic,6
today,6
cattle,6
what,6
but,6
day,6
from,6
these,5
southwest,5
all,5
change,5
new,5
out,5
year,5
come,5
up,5
little,5
know,5
tell,5
other,4
see,4
more,4
prohibition,4
last,4
lie,4
end,4
go,4
ranger,4
or,4
into,4
neither,4
el,4
mexican,4
give,4
tragedy,4
even,4
john,3
point,3
when,3
live,3
where,3
period,3
picture,3
shoot,3
wire,3
start,3
indian,3
him,3
complex,3
moral,3
paso,3
every,3
long,3
except,3
range,3
such,3
able,3
nor,3
some,3
brother,3
many,3
county,3
kill,3
proper,3
l,3
cow,3
once,3
should,3
horn,3
do,3
herd,3
pioneer,3
e,3
so,3
could,3
r,3
people,3
good,3
ago,3
than,3
its,3
foreign,2
person,2
writer,2
course,2
es,2
prairie,2
ad,2
officer,2
fiction,2
ho,2
most,2
great,2
can,2
halo,2
figure,2
hero,2
note,2
peace,2
self,2
write,2
yet,2
first,2
finally,2
love,2
still,2
wild,2
place,2
look,2
king,2
young,2
acre,2
house,2
government,2
owner,2
sell,2
friend,2
forty,2
affair,2
tale,2
also,2
famous,2
post,2
feud,2
upon,2
tribe,2
mexico,2
sumner,2
folk,2
family,2
overrun,2
if,2
murder,2
both,2
individual,2
knowledge,2
lead,2
life,2
primitive,2
future,2
hanger,2
pat,2
now,2
away,2
sure,2
time,2
killer,2
q,2
hardin,2
about,2
prestige,2
force,2
bad,2
make,2
c,2
very,2
manner,2
enough,2
own,2
like,2
past,2
barbed,2
volume,2
use,2
recognize,2
m,2
an,2
instead,2
fence,2
repair,2
highly,2
automobile,2
sketch,2
ross,2
homely,2
gun,2
ride,2
hip,2
draw,2
rapid,2
chief,2
how,2
dead,2
p,2
influence,2
pasture,2
h,2
cut,2
author,2
country,2
lock,1
meridian,1
york,1
local,1
jail,1
promptly,1
take,1
round,1
themselves,1
quarrel,1
survive,1
previous,1
misdeed,1
three,1
frightful,1
naturally,1
casualty,1
pp,1
death,1
small,1
over,1
acquit,1
amicably,1
water,1
foe,1
banger,1
rather,1
psychological,1
flimsy,1
harrier,1
seldom,1
tamper,1
again,1
virtually,1
permit,1
yearn,1
glory,1
departed,1
respect,1
deadly,1
revivalist,1
rustle,1
summer,1
few,1
nowadays,1
drink,1
co,1
attend,1
baptist,1
encampment,1
tom,1
fudge,1
son,1
battler,1
earnest,1
any,1
expect,1
elect,1
charge,1
war,1
find,1
public,1
behind,1
anecdote,1
rio,1
south,1
dominion,1
humorous,1
crouch,1
carry,1
intermittent,1
indeed,1
section,1
populate,1
almost,1
exclusively,1
farmer,1
square,1
wall,1
return,1
stone,1
raw,1
history,1
bite,1
worthy,1
lincoln,1
ar,1
recount,1
playful,1
youth,1
billy,1
kid,1
principal,1
actor,1
visitor,1
may,1
five,1
grimly,1
troublesome,1
customer,1
here,1
walker,1
haste,1
dance,1
hall,1
retaliate,1
eight,1
woman,1
race,1
combine,1
stanley,1
between,1
fore,1
boswell,1
ebullient,1
rest,1
calamity,1
hear,1
ben,1
observation,1
pack,1
move,1
idea,1
sanguinary,1
activity,1
get,1
husband,1
trouble,1
readable,1
fandango,1
fort,1
fourteen,1
jealous,1
efficiency,1
mud,1
illustrate,1
confine,1
uplifting,1
banditry,1
breeding,1
fighting,1
gamecock,1
lament,1
coming,1
pass,1
devote,1
bartender,1
praise,1
executive,1
ability,1
keep,1
mouth,1
republic,1
within,1
job,1
thrive,1
priest,1
occupy,1
minister,1
relation,1
monte,1
dealer,1
chihuahua,1
secretary,1
treasury,1
only,1
industry,1
outside,1
basic,1
operating,1
gambling,1
shut,1
lawyer,1
newspaper,1
rancher,1
never,1
screen,1
conventional,1
further,1
vociferous,1
always,1
refer,1
progress,1
t,1
lose,1
something,1
value,1
perhaps,1
book,1
sense,1
speak,1
strictly,1
synthetic,1
stroke,1
well,1
random,1
stylish,1
profound,1
care,1
broad,1
series,1
prefer,1
truthful,1
pity,1
genuine,1
stuff,1
easily,1
available,1
catholic,1
president,1
become,1
compact,1
flask,1
stop,1
search,1
faint,1
forever,1
heroic,1
hold,1
same,1
rank,1
dog,1
catcher,1
u,1
describe,1
town,1
hole,1
citizen,1
begin,1
drastic,1
accurately,1
unimportant,1
final,1
blow,1
pious,1
talk,1
owen,1
ma,1
law,1
ferguson,1
decide,1
often,1
agent,1
enforce,1
state,1
mountain,1
brilliant,1
happen,1
recently,1
indignity,1
ballot,1
thrust,1
exercise,1
right,1
suffrage,1
late,1
vegetarian,1
francisco,1
done,1
later,1
washington,1
idealist,1
argue,1
thing,1
subject,1
child,1
ask,1
simple,1
delightful,1
sensible,1
precisely,1
illiterate,1
unambitious,1
illogical,1
minded,1
why,1
moreover,1
artist,1
interested,1
annoying,1
duty,1
constitutional,1
governor,1
discuss,1
appear,1
attempt,1
confess,1
connect,1
overland,1
trip,1
schooner,1
cover,1
wagon,1
hammer,1
stage,1
coach,1
ardent,1
lullaby,1
adda,1
novelist,1
writing,1
likewise,1
rattlesnake,1
charity,1
teacher,1
personality,1
apache,1
paint,1
revolver,1
frontier,1
school,1
trader,1
disposition,1
nail,1
coyote,1
tendency,1
reality,1
bag,1
natural,1
sing,1
night,1
drive,1
near,1
bear,1
recital,1
glorious,1
deed,1
hie,1
himself,1
show,1
itself,1
tern,1
mix,1
hoot,1
gibson,1
cowpuncher,1
western,1
turn,1
resemblance,1
restless,1
noble,1
around,1
hut,1
rope,1
portray,1
hard,1
character,1
va,1
doubt,1
difference,1
diagnosis,1
accurate,1
behave,1
predict,1
room,1
et,1
hang,1
bloody,1
southwestern,1
bootlegger,1
foreclose,1
pathetic,1
stigmata,1
advanced,1
ci,1
inexorable,1
cyclone,1
record,1
explain,1
dim,1
nearly,1
formal,1
d,1
feel,1
shirt,1
boil,1
commerce,1
injunction,1
village,1
ly,1
recollection,1
entirely,1
golf,1
elf,1
hotel,1
club,1
damage,1
sue,1
gamble,1
hell,1
mortgage,1
luncheon,1
deeply,1
face,1
reformation,1
understand,1
farm,1
bedtime,1
xv,1
home,1
realistically,1
battle,1
exactly,1
number,1
each,1
party,1
thai,1
two,1
soon,1
k,1
exploit,1
hand,1
humor,1
lugubrious,1
whir,1
ale,1
down,1
inspect,1
fa,1
tho,1
cattleman,1
approximately,1
important,1
baron,1
valhalla,1
outlaw,1
picker,1
cotton,1
romance,1
dreadful,1
situation,1
movie,1
extremely,1
les,1
virginia,1
run,1
ten,1
minion,1
essay,1
ranch,1
west,1
lord,1
grand,1
sort,1
fortress,1
although,1
window,1
pear,1
back,1
fifty,1
horse,1
mythical,1
me,1
literally,1
mortality,1
high,1
mustang,1
drawing,1
rollick,1
page,1
set,1
principle,1
establish,1
simply,1
gunman,1
glass,1
bed,1
sleep,1
modern,1
former,1
copper,1
procession,1
junk,1
anywhere,1
rustler,1
ethic,1
creek,1
development,1
flourish,1
profession,1
uplift,1
under,1
river,1
march,1
head,1
railroad,1
wealth,1
jackal,1
settler,1
close,1
age,1
bare,1
homestead,1
fine,1
visit,1
orchard,1
supply,1
brandy,1
hundred,1
seem,1
low,1
heart,1
fear,1
inspire,1
group,1
dick,1
ware,1
milton,1
george,1
open,1
zingy,1
whom,1
efficient,1
die,1
bullet,1
n,1
case,1
memory,1
jehovah,1
ell,1
notorious,1
reputation,1
th,1
tradition,1
po,1
tent,1
g,1
deal,1
w,1
lama,1
seven,1
immortal,1
ir,1
din,1
domain,1
least,1
twenty,1
crave,1
master,1
b,1
would,1
compliment,1
strong,1
probability,1
lay,1
because,1
afraid,1
comfort,1
somewhat,1
those,1
father,1
x,1
founding,1
violent,1
among,1
nature,1
undoing,1
arm,1
too,1
word,1
decade,1
apply,1
four,1
brand,1
eminent,1
parentage,1
claim,1
american,1
distinct,1
lat,1
moment,1
realize,1
considerable,1
shame,1
