lemma,count
the,81
of,52
and,34
to,21
a,19
be,18
in,11
that,10
s,8
with,8
by,8
which,7
as,6
an,6
it,6
from,5
on,5
this,5
his,5
life,5
have,5
who,5
but,5
one,5
at,5
we,5
city,5
there,4
not,4
for,4
her,4
most,4
all,4
historical,4
book,4
novel,4
he,3
rich,3
its,3
actaeon,3
still,3
carthage,3
only,3
among,3
rome,3
day,3
villa,3
see,3
portion,3
these,3
republic,3
no,3
late,3
because,3
romance,3
world,3
african,3
contrast,3
so,3
wild,2
tribe,2
come,2
before,2
people,2
very,2
first,2
about,2
lead,2
what,2
lay,2
siege,2
many,2
go,2
hannibal,2
upon,2
occur,2
when,2
reader,2
much,2
seem,2
than,2
time,2
e,2
do,2
make,2
greek,2
belong,2
waterfront,2
interesting,2
absorbingly,2
above,2
color,2
she,2
somewhat,2
then,2
page,2
more,2
into,2
fall,2
beautiful,2
own,2
type,2
woman,2
desperate,2
work,2
vivid,2
accompany,1
beauty,1
senate,1
judgment,1
shrewd,1
ii,1
wit,1
citizen,1
force,1
position,1
appear,1
besiege,1
grow,1
face,1
expect,1
wife,1
aid,1
save,1
fail,1
him,1
heir,1
kith,1
greatly,1
hurricane,1
sortie,1
powerful,1
host,1
tl,1
drive,1
meet,1
beginning,1
camp,1
rude,1
back,1
disorder,1
charge,1
prom,1
rescue,1
banquet,1
aphrodite,1
venus,1
troop,1
morning,1
forum,1
widow,1
warrior,1
enemy,1
now,1
wall,1
increase,1
violence,1
stately,1
orgy,1
father,1
cry,1
my,1
c,1
earth,1
exist,1
want,1
i,1
cost,1
matter,1
lord,1
determine,1
ambition,1
devour,1
young,1
course,1
notable,1
tire,1
portrait,1
tale,1
war,1
native,1
mad,1
test,1
desire,1
writer,1
spanish,1
note,1
translation,1
good,1
reality,1
effect,1
movement,1
full,1
construct,1
admirably,1
knowledge,1
amazing,1
even,1
abundant,1
touch,1
sure,1
draw,1
sacrifice,1
outbreak,1
trite,1
will,1
last,1
horror,1
rise,1
hideous,1
lass,1
o,1
debauchery,1
bestial,1
neither,1
nothing,1
strop,1
ix,1
thrilling,1
indomitable,1
defiance,1
heroic,1
return,1
fight,1
delay,1
temporize,1
warfare,1
however,1
culminate,1
present,1
sunshine,1
cite,1
ago,1
long,1
live,1
va,1
detailed,1
pictures,1
se,1
ah,1
besides,1
german,1
modern,1
behave,1
under,1
pillage,1
burn,1
mild,1
comparatively,1
virtue,1
board,1
low,1
our,1
turbulent,1
eager,1
statue,1
thing,1
dead,1
ancient,1
eye,1
recreate,1
fact,1
really,1
xi,1
slight,1
together,1
them,1
hold,1
plot,1
brim,1
over,1
energy,1
stop,1
find,1
finish,1
iv,1
until,1
picture,1
detail,1
malting,1
necessarily,1
must,1
study,1
amount,1
appalling,1
almost,1
something,1
think,1
thread,1
colorful,1
harlot,1
disrepute,1
splendid,1
tragedy,1
adventure,1
packed,1
today,1
partly,1
doubt,1
less,1
swan,1
or,1
dorothy,1
gould,1
nat,1
payson,1
albert,1
fiction,1
heroism,1
craving,1
once,1
attempt,1
black,1
proverbial,1
rare,1
arc,1
net,1
ce,1
k,1
vicente,1
newspaper,1
daily,1
front,1
satisfied,1
abundantly,1
gratify,1
feebly,1
such,1
scene,1
principally,1
some,1
bear,1
dress,1
diverse,1
throng,1
port,1
begin,1
call,1
courtesan,1
independent,1
chip,1
trireme,1
penniless,1
friendless,1
arrive,1
adventurous,1
after,1
asiatic,1
merchant,1
iberian,1
phoenician,1
lop,1
op,1
utter,1
splendor,1
wily,1
hill,1
luxurious,1
strongly,1
filthy,1
gross,1
word,1
know,1
every,1
sailor,1
carthaginian,1
athenian,1
es,1
through,1
cruel,1
empire,1
yet,1
another,1
interior,1
excursion,1
brief,1
new,1
neighbor,1
dangerous,1
near,1
rather,1
itself,1
ally,1
choose,1
recently,1
austere,1
d,1
pt,1
sell,1
indeed,1
part,1
great,1
event,1
important,1
victory,1
story,1
tor,1
youthfulness,1
initiative,1
lack,1
methodical,1
lucre,1
devoted,1
sad,1
unusual,1
