lemma,count
the,138
of,125
be,82
and,68
to,53
in,46
a,43
his,36
he,34
that,30
by,26
have,22
pasteur,19
not,16
it,16
this,14
with,13
great,13
which,12
as,11
who,11
s,11
one,10
their,10
an,10
on,10
j,10
him,10
man,10
i,9
make,9
can,9
at,8
scientific,8
life,8
do,8
all,7
or,7
very,7
from,7
work,7
beer,7
science,6
if,6
these,6
no,6
into,6
know,6
those,6
how,6
may,6
say,5
some,5
sir,5
they,5
its,5
well,5
for,5
so,5
william,5
time,5
research,5
find,5
brewery,4
what,4
brewer,4
examination,4
medicine,4
most,4
any,4
every,4
when,4
there,4
before,4
way,4
disease,4
now,4
being,4
result,4
germ,4
take,4
father,4
story,4
nation,4
france,3
fear,3
admit,3
them,3
process,3
book,3
use,3
seem,3
but,3
place,3
england,3
l,3
theory,3
express,3
faith,3
give,3
until,3
after,3
greatly,3
literature,3
louis,3
french,3
ask,3
student,3
good,3
without,3
produce,3
world,3
itself,3
will,3
only,3
go,3
himself,3
first,3
page,3
study,3
experiment,3
common,3
look,3
small,2
leave,2
scientist,2
such,2
fermentation,2
de,2
discover,2
god,2
would,2
examine,2
explain,2
discovery,2
human,2
even,2
found,2
expect,2
practical,2
dust,2
too,2
question,2
could,2
opinion,2
fail,2
between,2
themselves,2
phenomenon,2
similar,2
affirm,2
microscopic,2
organize,2
matter,2
pas,2
never,2
more,2
we,2
prevent,2
hand,2
frenchman,2
mother,2
hard,2
simple,2
century,2
last,2
typical,2
people,2
answer,2
pay,2
manager,2
country,2
sacrifice,2
read,2
part,2
parent,2
gain,2
astonishment,2
easily,2
englishman,2
day,2
ale,2
hydrophobia,2
laboratory,2
little,2
heart,2
social,2
mere,2
other,2
taste,2
precaution,2
ferment,2
almost,2
dog,2
already,2
sergeant,2
microscope,2
guest,2
keep,2
intensely,2
home,2
contain,2
reader,2
professor,2
osier,2
her,2
worship,2
water,2
example,2
volume,2
centennial,2
high,2
drink,2
quote,2
e,2
different,2
quite,2
edition,2
new,2
escape,2
york,2
about,2
bite,2
us,2
spite,2
george,2
carefully,2
up,2
upon,2
invariably,2
thing,2
several,2
translate,2
hut,2
show,2
school,2
admirable,2
must,2
assist,2
live,2
mean,1
chicken,1
often,1
press,1
grower,1
cholera,1
silkworm,1
beverage,1
among,1
thousand,1
countryman,1
hospitable,1
deeply,1
knowledge,1
idleness,1
plague,1
was,1
fascinating,1
dollar,1
million,1
tuberculosis,1
widely,1
censure,1
save,1
constantly,1
impression,1
absolutely,1
real,1
enumeration,1
aid,1
immaculate,1
effort,1
unfold,1
amateur,1
finish,1
progress,1
desire,1
succeed,1
immediate,1
due,1
prohibition,1
few,1
terrible,1
unselfish,1
bacillus,1
sheep,1
naturally,1
diphtheria,1
hop,1
stage,1
statement,1
dispute,1
ill,1
illusion,1
inspiration,1
dupe,1
idealism,1
caine,1
incentive,1
close,1
problem,1
relation,1
actual,1
circumstance,1
fact,1
spoil,1
open,1
beautiful,1
clear,1
rare,1
method,1
document,1
indefinitely,1
contact,1
certain,1
ami,1
masterpiece,1
preserve,1
conduct,1
error,1
library,1
interesting,1
masterly,1
add,1
valid,1
kind,1
truth,1
drama,1
subsidize,1
frankly,1
paragraph,1
successful,1
g,1
side,1
represent,1
either,1
ma,1
recently,1
attempt,1
pity,1
record,1
incident,1
moving,1
pathetic,1
cure,1
application,1
avoid,1
perceive,1
arm,1
brew,1
however,1
whether,1
desirous,1
moat,1
ho,1
pleased,1
occasion,1
heat,1
argument,1
astounded,1
poison,1
eliminate,1
plate,1
pure,1
perfectly,1
minutely,1
convince,1
soon,1
wiping,1
speck,1
destroy,1
system,1
british,1
pillar,1
think,1
short,1
bad,1
betray,1
sight,1
bond,1
should,1
grape,1
estimation,1
ice,1
yeast,1
choose,1
quantity,1
improvement,1
burton,1
firm,1
lack,1
vienna,1
nancy,1
vaunted,1
call,1
surgical,1
bind,1
beloved,1
cleanliness,1
raise,1
true,1
scrupulous,1
tell,1
head,1
savant,1
dip,1
feeling,1
liquid,1
tightly,1
eye,1
noxious,1
analysis,1
stranger,1
humorous,1
elf,1
slight,1
dismay,1
assure,1
inveterate,1
habit,1
precious,1
curry,1
announce,1
calmly,1
minute,1
care,1
daily,1
imagine,1
strict,1
large,1
tank,1
wine,1
production,1
devote,1
gentleman,1
lady,1
enthusiasm,1
receive,1
likely,1
modern,1
tinge,1
notice,1
chapter,1
anxious,1
through,1
formula,1
preliminary,1
paper,1
piece,1
draw,1
once,1
out,1
cask,1
trough,1
exercise,1
flow,1
porter,1
occur,1
proud,1
host,1
o,1
usually,1
pale,1
bitter,1
next,1
negligence,1
sacred,1
anything,1
year,1
cover,1
possible,1
weak,1
inferior,1
quality,1
kingdom,1
colleague,1
dr,1
declare,1
genius,1
intimately,1
influence,1
christian,1
young,1
democracy,1
ignore,1
mass,1
hold,1
bryan,1
enter,1
whoever,1
perfect,1
bias,1
publication,1
impartial,1
word,1
language,1
beneficial,1
enlightening,1
stimulating,1
charming,1
thoroughly,1
th,1
course,1
list,1
literary,1
sympathetic,1
distinguish,1
clearly,1
luck,1
dead,1
ian,1
understand,1
v,1
err,1
credit,1
fellow,1
love,1
warm,1
puzzle,1
termination,1
cool,1
calmness,1
al,1
nothing,1
supernatural,1
inexplicable,1
pursue,1
experimentation,1
ob,1
severance,1
per,1
gentleness,1
misunderstand,1
detraction,1
obstacle,1
meet,1
ultimate,1
acceptance,1
material,1
advancement,1
talk,1
ken,1
preface,1
willing,1
wit,1
thai,1
personality,1
charm,1
edinburgh,1
astern,1
assertion,1
disraeli,1
education,1
national,1
principle,1
cult,1
english,1
co,1
ea,1
doubleday,1
university,1
oxford,1
md,1
bart,1
introduction,1
devonshire,1
mrs,1
rene,1
egan,1
francis,1
maurice,1
review,1
physic,1
still,1
trace,1
within,1
instance,1
swim,1
force,1
intellect,1
grow,1
arbitrary,1
silas,1
spectator,1
struggle,1
see,1
pa,1
sometimes,1
average,1
offer,1
topic,1
observe,1
jealousy,1
let,1
neglect,1
international,1
american,1
remarkable,1
keener,1
stone,1
stepping,1
er,1
enormously,1
help,1
nature,1
mind,1
vice,1
old,1
ideal,1
suspend,1
industry,1
comparatively,1
account,1
hardly,1
believable,1
today,1
practicing,1
gist,1
cf,1
physiologist,1
chem,1
st,1
physician,1
hear,1
physiology,1
then,1
condone,1
hopeless,1
consider,1
victim,1
suffering,1
unknown,1
mad,1
smother,1
practice,1
against,1
strictly,1
concern,1
law,1
late,1
unnecessary,1
institute,1
malevolence,1
medical,1
consciousness,1
insinuating,1
seriousness,1
bore,1
auditor,1
vogue,1
eternal,1
another,1
specie,1
transformation,1
progressive,1
slow,1
precede,1
come,1
disappoint,1
graceful,1
smart,1
spontaneous,1
function,1
countess,1
duchess,1
fashionable,1
sand,1
alexandre,1
princess,1
tout,1
act,1
lecture,1
evening,1
advocate,1
many,1
generation,1
muzzling,1
slat,1
united,1
rule,1
perform,1
determination,1
ennoble,1
honor,1
legion,1
ribbon,1
adorn,1
coat,1
frock,1
military,1
appear,1
feast,1
dignity,1
government,1
sword,1
spoliation,1
afterward,1
ole,1
tanner,1
respectable,1
become,1
ex,1
x,1
bear,1
ur,1
army,1
brave,1
symbol,1
brotherhood,1
embrace,1
duty,1
debt,1
eighty,1
during,1
ambition,1
fall,1
count,1
reply,1
michel,1
saint,1
boulevard,1
idle,1
henri,1
bohemia,1
picturesque,1
than,1
serious,1
tin,1
existence,1
alacrity,1
description,1
paris,1
licentiousness,1
immorality,1
fiction,1
picture,1
popular,1
mislead,1
general,1
bismarck,1
indemnity,1
german,1
although,1
order,1
interpretation,1
