lemma,count
the,135
of,103
and,66
be,57
a,38
in,35
to,34
i,27
that,26
it,24
with,17
his,16
have,15
as,12
he,12
s,12
which,11
or,11
more,10
some,10
book,10
o,9
this,9
not,9
on,9
for,9
by,9
but,8
its,7
jackson,7
an,7
volume,7
speech,7
verse,7
other,7
one,7
word,7
will,6
h,6
limerick,6
life,6
her,6
good,6
g,6
new,6
cathedral,5
their,5
r,5
problem,5
two,5
tile,5
all,5
l,5
make,5
who,5
among,5
from,5
him,4
early,4
mr,4
no,4
poem,4
include,4
great,4
year,4
ill,4
them,4
these,4
almost,4
each,4
american,4
e,4
section,4
first,4
t,4
write,4
english,4
about,4
m,3
much,3
when,3
doe,3
then,3
at,3
family,3
into,3
through,3
n,3
hall,3
show,3
page,3
writer,3
end,3
many,3
story,3
there,3
follow,3
paper,3
whose,3
contain,3
history,3
hi,3
w,3
co,3
york,3
thirty,3
j,3
pp,3
those,3
interest,3
young,3
while,3
speak,3
bear,2
general,2
still,2
form,2
develop,2
hand,2
authority,2
jacket,2
explain,2
witherspoon,2
print,2
art,2
stonewall,2
worth,2
building,2
strong,2
like,2
half,2
stanza,2
down,2
standard,2
chiefly,2
point,2
teach,2
southern,2
say,2
civil,2
whom,2
war,2
publish,2
suggestive,2
few,2
iv,2
call,2
complete,2
add,2
now,2
way,2
reader,2
me,2
offer,2
dewitt,2
another,2
entertainment,2
picture,2
meaning,2
george,2
final,2
they,2
take,2
work,2
phonetician,2
ha,2
line,2
full,2
original,2
because,2
most,2
lo,2
so,2
since,2
d,2
wide,2
value,2
deal,2
necessity,2
clothe,2
author,2
io,2
last,2
au,2
than,2
amy,2
both,2
lowell,2
rachel,2
we,2
appeal,2
fact,2
nor,2
child,2
people,2
re,2
tl,2
itself,2
our,2
cook,2
likely,2
b,2
alone,2
childhood,2
tell,2
record,2
bind,2
lyric,2
army,2
up,2
nd,2
during,2
themselves,2
result,2
note,2
black,2
boundary,2
unity,2
prose,1
british,1
without,1
permission,1
segregate,1
readily,1
ion,1
hy,1
charming,1
fall,1
thick,1
ago,1
el,1
indeed,1
anthology,1
twenty,1
bring,1
cover,1
y,1
single,1
chant,1
very,1
xi,1
rook,1
humor,1
ts,1
torture,1
sing,1
impulse,1
set,1
land,1
sf,1
cy,1
recognize,1
music,1
musical,1
possibility,1
vesper,1
composer,1
lend,1
palace,1
fetid,1
buckingham,1
market,1
get,1
halfway,1
fashion,1
happiness,1
responsible,1
mu,1
sic,1
decoration,1
fourteen,1
choose,1
sure,1
zeal,1
christian,1
p,1
tee,1
sweep,1
come,1
ardor,1
alice,1
happen,1
bar,1
inevitable,1
green,1
board,1
ev,1
immediate,1
lilac,1
popularity,1
quarto,1
buy,1
loft,1
attractive,1
britain,1
poser,1
thirteen,1
martin,1
rose,1
dust,1
creep,1
genealogical,1
account,1
stone,1
wall,1
eighteenth,1
grandfather,1
subsequent,1
gene,1
decade,1
inclination,1
public,1
produce,1
artist,1
politician,1
truth,1
mistake,1
correction,1
personality,1
appellation,1
proof,1
unique,1
forceful,1
individuality,1
achievement,1
model,1
information,1
quite,1
painstaking,1
investigation,1
tree,1
shaping,1
influence,1
captain,1
hook,1
represent,1
adolescence,1
determinedly,1
walk,1
washington,1
secure,1
appointment,1
vest,1
journey,1
properly,1
horse,1
sta,1
train,1
also,1
chronology,1
over,1
four,1
long,1
live,1
myth,1
faculty,1
manhood,1
outline,1
something,1
mex,1
later,1
ber,1
virginia,1
effectually,1
military,1
institute,1
quote,1
extensively,1
correspondence,1
number,1
th,1
name,1
rightful,1
displace,1
v,1
billie,1
baxter,1
poetry,1
varied,1
eighty,1
would,1
ordinarily,1
ed,1
distinctly,1
doubtless,1
le,1
joyous,1
time,1
son,1
hayden,1
ade,1
jr,1
pro,1
three,1
quotation,1
begin,1
artemus,1
josh,1
billing,1
though,1
henry,1
nye,1
josiah,1
allen,1
wife,1
john,1
bang,1
emily,1
dickinson,1
phoebe,1
ford,1
old,1
pren,1
tie,1
less,1
thorn,1
dam,1
unite,1
bird,1
striking,1
figure,1
side,1
foot,1
sobriquet,1
practically,1
cool,1
loll,1
cary,1
wallace,1
bret,1
harte,1
boyle,1
recent,1
date,1
burgess,1
irwin,1
earl,1
ce,1
vaughn,1
moody,1
carolyn,1
well,1
ad,1
leo,1
brief,1
pest,1
mighty,1
wherever,1
prevail,1
ff,1
collection,1
aid,1
canada,1
tales,1
difficulty,1
compare,1
often,1
view,1
she,1
mis,1
beginning,1
unit,1
sum,1
spherical,1
psychological,1
let,1
arid,1
tote,1
yellow,1
pink,1
map,1
isolated,1
world,1
voice,1
intonation,1
pl,1
momentous,1
mother,1
variation,1
bi,1
illustrate,1
attain,1
order,1
faithfully,1
must,1
sonnet,1
rigid,1
technique,1
fast,1
hard,1
def,1
appear,1
course,1
practice,1
theory,1
explaining,1
stand,1
explanation,1
hut,1
ck,1
my,1
thor,1
orange,1
eldest,1
offspring,1
evolve,1
mir,1
poetic,1
rte,1
ant,1
matter,1
national,1
instead,1
consist,1
con,1
rt,1
fiske,1
mrs,1
walter,1
eliot,1
grant,1
percy,1
rev,1
clergyman,1
educator,1
actor,1
prominent,1
phonetic,1
expert,1
requisite,1
true,1
file,1
second,1
title,1
indication,1
notwithstanding,1
implication,1
stimulating,1
knowledge,1
branch,1
skilled,1
repute,1
miss,1
america,1
slat,1
lind,1
leer,1
xv,1
accept,1
failure,1
such,1
language,1
effort,1
hat,1
prove,1
day,1
acknowledge,1
honor,1
deserve,1
tongue,1
stresses,1
pace,1
little,1
late,1
wit,1
desire,1
fleeting,1
swift,1
briefly,1
phase,1
paramount,1
admit,1
what,1
writing,1
excellent,1
thoughtful,1
incisive,1
success,1
finish,1
arrow,1
recount,1
neat,1
here,1
imagination,1
any,1
interesting,1
melody,1
beauty,1
neither,1
lack,1
imaginative,1
spacious,1
dignified,1
concern,1
important,1
eloquently,1
site,1
introduction,1
bl,1
apparent,1
otherwise,1
significance,1
ref,1
spiritual,1
interpret,1
ly,1
fina,1
within,1
multitude,1
erect,1
concede,1
booklet,1
contribution,1
nation,1
enterprise,1
lord,1
turd,1
wild,1
lad,1
sn,1
li,1
id,1
inland,1
rom,1
trail,1
thread,1
deer,1
ar,1
railer,1
plat,1
k,1
if,1
dall,1
jot,1
spirit,1
structure,1
resent,1
union,1
slate,1
how,1
dozen,1
practical,1
fruitful,1
ought,1
go,1
review,1
leave,1
out,1
bit,1
elsewhere,1
preface,1
method,1
famous,1
score,1
immortal,1
gallery,1
resource,1
alertness,1
mental,1
test,1
invite,1
example,1
fill,1
fifty,1
group,1
furnish,1
purpose,1
puzzle,1
cross,1
social,1
glimmer,1
missing,1
de,1
short,1
dotted,1
beneath,1
place,1
dot,1
afford,1
may,1
crease,1
joy,1
fund,1
benefit,1
sale,1
reprint,1
request,1
privately,1
hit,1
edward,1
volt,1
pit,1
city,1
divine,1
submit,1
witty,1
clever,1
prize,1
contest,1
detail,1
announce,1
finally,1
f,1
variety,1
inspire,1
intend,1
lid,1
rhyme,1
several,1
occasion,1
asocial,1
article,1
