lemma,count
the,188
of,129
be,118
in,75
to,64
a,60
and,49
that,43
he,31
have,30
not,27
by,25
for,24
it,21
on,19
this,18
as,18
party,16
with,15
his,15
do,15
lowell,14
opinion,13
which,13
war,13
would,12
they,12
dr,12
who,11
make,11
at,9
man,9
people,9
one,9
state,9
public,9
more,9
all,8
an,8
than,8
but,8
must,8
conservative,8
because,7
or,7
our,7
good,7
political,7
s,7
them,7
even,7
great,7
house,6
say,6
may,6
from,6
if,6
him,6
i,6
president,6
very,6
truth,5
work,5
those,5
their,5
become,5
time,5
certain,5
take,5
toward,5
believe,5
politician,5
radical,5
much,5
attention,5
show,5
after,5
page,5
age,4
discover,4
modern,4
think,4
r,4
interfere,4
hindu,4
art,4
united,4
present,4
point,4
new,4
election,4
influence,4
important,4
follow,4
how,4
american,4
mr,4
candidate,4
fact,4
world,4
while,4
could,4
democracy,4
so,4
boss,4
will,4
what,4
no,4
human,3
function,3
stand,3
way,3
citizen,3
alternative,3
know,3
english,3
tell,3
platform,3
any,3
policy,3
high,3
england,3
less,3
boston,3
upon,3
republican,3
us,3
vote,3
over,3
book,3
suppose,3
into,3
lord,3
practical,3
word,3
question,3
little,3
most,3
action,3
mean,3
fail,3
twenty,3
measure,3
such,3
give,3
life,3
tho,3
when,3
condition,3
voter,3
nation,3
themselves,3
old,3
country,3
government,3
harvard,3
o,3
consider,3
statistic,3
exist,3
peace,3
before,3
clear,3
englishman,3
equality,3
where,3
assume,2
desire,2
direct,2
instead,2
j,2
hopelessly,2
proper,2
among,2
consideration,2
unless,2
issue,2
generally,2
covenant,2
case,2
office,2
thing,2
only,2
reformer,2
use,2
view,2
trend,2
safe,2
emotion,2
really,2
tendency,2
especially,2
out,2
assumption,2
triumph,2
principle,2
can,2
many,2
dogmatic,2
turn,2
constantly,2
revolution,2
already,2
number,2
problem,2
every,2
course,2
failure,2
live,2
mental,2
valid,2
rub,2
bis,2
intense,2
fellow,2
aspect,2
continue,2
thereby,2
tar,2
senator,2
struggle,2
content,2
leave,2
nothing,2
acquire,2
until,2
object,2
dare,2
person,2
chapter,2
university,2
without,2
radicalism,2
future,2
french,2
circumstance,2
process,2
individual,2
france,2
possible,2
motif,2
power,2
car,2
distinguished,2
class,2
persuade,2
color,2
volume,2
hardly,2
look,2
probably,2
ha,2
result,2
between,2
analyze,2
explain,2
line,2
well,2
wen,2
tweed,2
late,2
north,2
some,2
suddenly,2
south,2
too,2
charitable,2
psychology,2
drive,2
order,2
begin,2
there,2
personality,2
both,2
reaction,2
sense,2
year,2
almost,2
come,2
largely,2
also,2
elect,2
successful,2
purely,2
business,2
suspect,2
reader,2
we,2
see,2
due,2
legislature,2
control,2
today,2
personal,2
civil,2
plane,2
impression,2
lift,2
deep,1
strike,1
probable,1
anarchy,1
mankind,1
materialism,1
should,1
chagrin,1
please,1
treaty,1
generation,1
notwithstanding,1
everybody,1
enthusiastic,1
majority,1
spiritual,1
sacrifice,1
ell,1
napoleon,1
exaltation,1
large,1
spirit,1
progress,1
bad,1
ally,1
nope,1
low,1
write,1
another,1
prevention,1
still,1
foresee,1
postpone,1
discontent,1
reform,1
pronounce,1
long,1
proposition,1
couple,1
h,1
oppose,1
later,1
dimension,1
passage,1
logically,1
difference,1
cabinet,1
reduction,1
history,1
invite,1
paris,1
drift,1
wilson,1
force,1
bring,1
accomplish,1
re,1
call,1
author,1
workingman,1
en,1
ecstasy,1
choice,1
offer,1
publican,1
league,1
wild,1
urge,1
popular,1
fight,1
experience,1
last,1
end,1
wage,1
arm,1
illustration,1
introduce,1
fourth,1
utopia,1
labor,1
chameleon,1
mere,1
series,1
consult,1
directly,1
masterly,1
document,1
worth,1
grave,1
hold,1
fraternity,1
imperfect,1
race,1
entire,1
liberty,1
timid,1
statesman,1
complacent,1
compromise,1
through,1
negative,1
constitution,1
however,1
defeat,1
exercise,1
effective,1
barrier,1
maker,1
law,1
own,1
device,1
reasonable,1
economic,1
waste,1
paragraph,1
enable,1
f,1
thoroughly,1
penetration,1
manifest,1
fearlessly,1
real,1
tremendous,1
brother,1
rapidity,1
style,1
determination,1
precisely,1
easy,1
reading,1
stimulant,1
careful,1
analysis,1
create,1
support,1
fate,1
victory,1
explanation,1
scientific,1
perform,1
define,1
inadequate,1
nature,1
dally,1
food,1
slogan,1
service,1
surprise,1
relation,1
fallacy,1
mock,1
reconstruction,1
welcome,1
rather,1
unpopularity,1
upper,1
therefore,1
continent,1
middle,1
gain,1
against,1
violently,1
axiom,1
moderate,1
forty,1
existence,1
irritate,1
comparatively,1
finish,1
reflect,1
c,1
depravity,1
being,1
reach,1
expect,1
youth,1
l,1
resume,1
its,1
normal,1
form,1
doubtless,1
disagree,1
seem,1
water,1
strangely,1
sure,1
earn,1
reputation,1
friend,1
unstable,1
sake,1
europe,1
bud,1
bite,1
marked,1
mark,1
nearly,1
push,1
backward,1
increase,1
stream,1
super,1
left,1
son,1
liberal,1
peer,1
enter,1
find,1
nip,1
british,1
conceal,1
counteract,1
clock,1
tend,1
move,1
around,1
diagram,1
direction,1
hand,1
two,1
element,1
continuous,1
fa,1
self,1
evident,1
each,1
recruit,1
adopt,1
ability,1
stimulating,1
extreme,1
lea,1
save,1
perceive,1
weak,1
foot,1
region,1
extend,1
fetter,1
cause,1
ana,1
irritated,1
nominations,1
machinery,1
degree,1
concern,1
small,1
properly,1
matter,1
activity,1
chiefly,1
perhaps,1
despotism,1
private,1
despotically,1
vastly,1
senate,1
either,1
closely,1
common,1
contaminate,1
local,1
community,1
wise,1
himself,1
repeat,1
simply,1
value,1
principal,1
student,1
hi,1
obvious,1
accentuate,1
formation,1
analytical,1
diffuse,1
unnecessarily,1
yet,1
plain,1
unsaid,1
rarely,1
divide,1
represent,1
committee,1
prepare,1
bill,1
part,1
congress,1
observe,1
organization,1
inclined,1
label,1
wear,1
nominate,1
chance,1
get,1
privilege,1
emphasis,1
five,1
implication,1
follower,1
assert,1
mention,1
study,1
seriously,1
efficiency,1
school,1
hall,1
tammany,1
textbook,1
change,1
then,1
ago,1
academic,1
enough,1
merely,1
otherwise,1
interesting,1
touch,1
day,1
these,1
near,1
press,1
cambridge,1
abbott,1
egan,1
francis,1
maurice,1
review,1
doubt,1
happen,1
refuse,1
expert,1
pullman,1
la,1
porter,1
negro,1
story,1
insinuate,1
consummation,1
happy,1
up,1
mind,1
collector,1
intend,1
leader,1
pay,1
quite,1
shocking,1
never,1
hospital,1
build,1
beg,1
franciscan,1
intention,1
thought,1
second,1
mendicant,1
manager,1
allude,1
frank,1
naked,1
unveil,1
strong,1
necessary,1
suggestive,1
shoot,1
clearly,1
grouping,1
special,1
concerned,1
machine,1
illegitimate,1
reduce,1
assist,1
politic,1
primary,1
tie,1
desertion,1
enormous,1
encourage,1
deserter,1
w,1
pardon,1
remark,1
alleged,1
lincoln,1
imagination,1
bold,1
hard,1
clearness,1
bind,1
sympathy,1
educate,1
impart,1
rapid,1
solve,1
national,1
unite,1
slow,1
veteran,1
remarkably,1
ought,1
wife,1
tacky,1
governor,1
possibly,1
her,1
lady,1
influential,1
speech,1
hitherto,1
tradition,1
antiquated,1
deceive,1
predict,1
choose,1
male,1
impressed,1
woman,1
whose,1
feminine,1
suspense,1
remain,1
expectant,1
attitude,1
picturesque,1
thrust,1
glowing,1
map,1
put,1
teaching,1
excuse,1
violence,1
entitle,1
insist,1
fashioned,1
respect,1
barbarian,1
western,1
vagary,1
tolerant,1
extent,1
belief,1
faith,1
caste,1
leas,1
happiness,1
least,1
ion,1
mislead,1
futile,1
discussion,1
right,1
doctrine,1
attempt,1
anecdote,1
plastic,1
conviction,1
prejudice,1
attack,1
succession,1
constant,1
evanescent,1
again,1
likely,1
single,1
training,1
distinguish,1
habit,1
till,1
mass,1
sift,1
education,1
apply,1
grant,1
fix,1
keep,1
vital,1
capacity,1
moan,1
factor,1
essential,1
profession,1
attract,1
truly,1
concentration,1
basis,1
predilection,1
lie,1
subject,1
consist,1
persuasion,1
successfully,1
tic,1
deal,1
same,1
happening,1
draw,1
depend,1
