lemma,count
the,56
of,37
be,29
and,24
to,23
a,21
in,17
that,15
he,12
by,11
have,11
it,11
his,10
with,10
mr,9
who,9
an,8
make,8
tale,7
i,7
finger,7
for,6
story,6
on,5
not,5
into,4
him,4
jolly,4
this,4
go,4
from,4
but,4
first,4
their,3
man,3
author,3
reader,3
try,3
entertainment,3
as,3
at,3
result,3
upon,3
up,3
any,3
there,3
after,3
something,3
than,3
draw,2
co,2
vivid,2
strange,2
m,2
which,2
material,2
such,2
g,2
s,2
too,2
london,2
succeed,2
lang,2
may,2
one,2
so,2
curious,2
criminal,2
merrily,2
break,2
wood,2
instead,2
these,2
both,2
tell,2
mental,2
avoid,2
affair,2
mind,2
illustration,2
reservation,2
certain,2
find,2
male,2
know,2
lie,2
would,2
action,2
escape,2
life,2
hope,2
very,2
do,2
rather,2
danger,2
outlaw,2
le,2
face,2
australia,2
own,2
like,2
thrust,2
them,2
hut,2
choose,2
deftly,1
where,1
neighborhood,1
wrong,1
later,1
when,1
course,1
grow,1
io,1
nature,1
wealth,1
career,1
fortune,1
pardon,1
injured,1
childlike,1
disastrous,1
pathetic,1
enough,1
note,1
drive,1
sentimentality,1
writer,1
stubbornness,1
excusable,1
touch,1
refuse,1
proudly,1
beforehand,1
air,1
right,1
scorn,1
tart,1
itself,1
stealth,1
concern,1
third,1
announce,1
prefer,1
haughtily,1
off,1
then,1
intention,1
carry,1
voice,1
keep,1
oversensitive,1
imaginative,1
dirty,1
urchin,1
valor,1
inhabit,1
joseph,1
principle,1
strike,1
inelegant,1
portion,1
become,1
ra,1
errand,1
gentry,1
whomever,1
timidly,1
can,1
impersonal,1
aid,1
tie,1
quail,1
unbearable,1
etch,1
see,1
coldly,1
convention,1
ly,1
last,1
oftener,1
some,1
person,1
fragment,1
y,1
control,1
much,1
doubt,1
whether,1
could,1
refresh,1
evidently,1
ending,1
afford,1
surprise,1
plot,1
conventional,1
matter,1
sophisticated,1
craft,1
sure,1
always,1
eye,1
row,1
without,1
power,1
andrew,1
shake,1
insight,1
bank,1
easily,1
stand,1
final,1
dramatic,1
striking,1
bear,1
hold,1
uproarious,1
ably,1
quietly,1
altogether,1
kelley,1
ned,1
come,1
delightful,1
gentle,1
vigorous,1
fall,1
flat,1
ab,1
ferocity,1
attack,1
disagree,1
will,1
all,1
sympathy,1
opinion,1
form,1
four,1
astonishing,1
anything,1
unforgettable,1
occasion,1
paul,1
rise,1
grand,1
uneasy,1
ever,1
u,1
must,1
reading,1
l,1
admirably,1
once,1
say,1
read,1
incident,1
put,1
odd,1
here,1
out,1
pick,1
settlement,1
convict,1
generate,1
also,1
else,1
far,1
powerful,1
circle,1
outer,1
gloom,1
sanity,1
vaguely,1
what,1
fringe,1
shadowy,1
working,1
stuff,1
ingot,1
ts,1
word,1
casual,1
dismiss,1
social,1
anti,1
sorrow,1
cross,1
under,1
live,1
those,1
use,1
begin,1
term,1
robert,1
york,1
new,1
pp,1
block,1
color,1
eight,1
j,1
company,1
southern,1
signify,1
follow,1
necessarily,1
page,1
freedom,1
slight,1
unknown,1
proclamation,1
emancipation,1
publish,1
dare,1
authority,1
indignity,1
gross,1
tamely,1
submit,1
prisoner,1
siberia,1
often,1
more,1
normal,1
boast,1
take,1
thing,1
just,1
party,1
king,1
earl,1
neck,1
about,1
chain,1
gold,1
decide,1
souvenir,1
through,1
door,1
back,1
still,1
t,1
home,1
whose,1
feel,1
counter,1
pistol,1
lay,1
victim,1
dubiously,1
look,1
horse,1
steal,1
round,1
sentence,1
promptly,1
they,1
seize,1
duty,1
way,1
c,1
customary,1
instance,1
pop,1
petrel,1
stormy,1
fascinating,1
bewilder,1
loom,1
down,1
appear,1
gap,1
case,1
ire,1
startlingly,1
state,1
belief,1
attitude,1
joy,1
whom,1
iv,1
dream,1
george,1
coronation,1
lead,1
idea,1
hie,1
simply,1
reputation,1
bubble,1
or,1
praise,1
understand,1
excitement,1
seek,1
hour,1
epic,1
march,1
