lemma,count
the,47
of,35
and,34
a,28
be,22
in,12
that,9
he,9
to,9
as,9
who,8
at,7
with,7
for,7
very,7
have,6
which,6
but,6
by,6
his,6
s,5
when,5
man,5
it,5
or,5
appear,4
most,4
young,4
wild,4
first,4
story,4
only,4
on,4
well,3
this,3
doctor,3
take,3
pay,3
among,3
she,3
from,3
their,3
all,3
do,3
fact,3
person,3
bill,3
book,3
hard,3
e,3
tale,2
once,2
novelette,2
devil,2
american,2
course,2
two,2
even,2
sick,2
long,2
work,2
before,2
good,2
one,2
her,2
not,2
j,2
sympathetic,2
an,2
however,2
husband,2
must,2
some,2
south,2
those,2
never,2
youth,2
they,2
robber,2
people,2
road,2
no,2
scene,2
y,2
both,2
contain,2
about,2
moreover,2
inhabitant,2
character,2
know,2
minor,2
ever,2
become,2
occasion,1
small,1
wonderment,1
hotel,1
amount,1
always,1
individual,1
temperance,1
quickly,1
united,1
discover,1
key,1
we,1
peculiar,1
behavior,1
church,1
why,1
what,1
last,1
night,1
bow,1
run,1
down,1
join,1
scarcely,1
train,1
call,1
conspicuous,1
success,1
notorious,1
gt,1
modern,1
time,1
arrive,1
behave,1
place,1
follow,1
proceed,1
settle,1
neighbor,1
exemplary,1
manner,1
school,1
trustee,1
finally,1
mayor,1
also,1
get,1
religion,1
continue,1
save,1
revival,1
meeting,1
failure,1
rain,1
away,1
n,1
flame,1
ethereal,1
republic,1
color,1
radiance,1
shed,1
burn,1
t,1
crave,1
soft,1
us,1
vague,1
so,1
glow,1
purple,1
mist,1
plenty,1
mauve,1
c,1
few,1
state,1
anything,1
regrettable,1
net,1
o,1
marmot,1
action,1
br,1
particularly,1
abundance,1
find,1
will,1
fiction,1
pink,1
ex,1
ind,1
fee,1
woman,1
suspect,1
deed,1
far,1
live,1
millionaire,1
refuge,1
sacrifice,1
own,1
condition,1
our,1
ed,1
prow,1
haft,1
benefit,1
natural,1
vast,1
though,1
general,1
behind,1
fire,1
golden,1
there,1
idea,1
nature,1
dream,1
description,1
write,1
gracefully,1
purchase,1
happiness,1
price,1
hill,1
sight,1
ft,1
trouble,1
mr,1
arrival,1
open,1
against,1
violent,1
de,1
feeling,1
mind,1
understand,1
friend,1
irishman,1
humorous,1
wise,1
palsy,1
mrs,1
joe,1
marine,1
come,1
fake,1
possession,1
ranch,1
near,1
lately,1
inherit,1
fir,1
slip,1
wonderfully,1
blue,1
eye,1
huge,1
behemoth,1
body,1
gift,1
sea,1
parker,1
stand,1
high,1
below,1
considerably,1
volume,1
new,1
gilbert,1
real,1
sir,1
regretfully,1
admit,1
act,1
company,1
b,1
set,1
rather,1
gad,1
mean,1
uninteresting,1
slight,1
pleasant,1
found,1
familiar,1
theme,1
together,1
lay,1
canadian,1
prairie,1
town,1
certain,1
these,1
like,1
monster,1
indeed,1
orlando,1
ca,1
deus,1
hag,1
trial,1
many,1
undergo,1
constitutionally,1
fall,1
infant,1
pair,1
ag,1
him,1
d,1
louise,1
hold,1
somewhat,1
firm,1
land,1
distinction,1
li,1
despite,1
holding,1
menial,1
position,1
contrive,1
picturesque,1
exit,1
himself,1
happy,1
jordan,1
travel,1
pretty,1
gallant,1
its,1
fairy,1
mother,1
cruel,1
marry,1
force,1
loose,1
extraordinary,1
oft,1
looking,1
ogre,1
wicked,1
resemblance,1
hose,1
v,1
prey,1
way,1
off,1
mortgage,1
say,1
era,1
unhappy,1
wife,1
aid,1
moment,1
coming,1
little,1
rite,1
sympathy,1
grow,1
develop,1
presently,1
upon,1
page,1
