lemma,count
the,149
of,71
be,68
her,59
to,52
a,45
in,37
and,36
she,35
that,25
duse,25
i,21
as,19
it,18
at,16
for,16
by,14
have,14
s,12
actress,12
with,12
eleanora,12
life,11
which,11
he,10
know,9
but,9
one,9
find,8
write,8
play,8
this,8
not,8
who,8
on,8
say,6
rise,6
stage,5
mr,5
later,5
his,5
performance,5
great,5
subject,5
first,5
denise,5
from,5
world,5
an,5
pen,5
into,4
so,4
love,4
tour,4
rose,4
offer,4
over,4
manager,4
contract,4
could,4
should,4
me,4
make,4
or,4
do,4
most,4
until,4
ever,4
time,4
age,4
all,4
story,4
appear,4
author,4
beginning,3
true,3
death,3
when,3
little,3
mme,3
year,3
after,3
bear,3
venice,3
live,3
incident,3
present,3
interesting,3
america,3
last,3
there,3
many,3
only,3
give,3
company,3
re,3
grand,3
episode,3
receive,3
see,3
york,3
new,3
those,3
birth,3
italy,3
friend,3
use,3
king,3
more,3
familiar,2
intimate,2
can,2
d,2
final,2
promise,2
reader,2
we,2
child,2
these,2
country,2
again,2
l,2
may,2
other,2
want,2
upon,2
ask,2
dream,2
during,2
they,2
cosette,2
scene,2
note,2
essay,2
friendship,2
bow,2
progress,2
up,2
future,2
r,2
simple,2
request,2
then,2
h,2
camille,2
if,2
divinity,2
part,2
italian,2
admiration,2
come,2
unfalteringly,2
drop,2
relate,2
spiritual,2
return,2
actor,2
famous,2
english,2
than,2
real,2
juliet,2
small,2
alexandre,2
through,2
very,2
fill,2
will,2
would,2
follow,2
railway,2
rome,2
father,2
jeanne,2
baltimore,2
poverty,2
arrive,2
biography,2
tragedienne,2
open,2
humble,2
night,2
its,2
close,2
eleanor,2
accompany,1
pathway,1
man,1
deep,1
illumine,1
perhaps,1
romance,1
leading,1
handsome,1
place,1
within,1
curtain,1
describe,1
enshrine,1
heart,1
inimitable,1
inevitable,1
feeling,1
lady,1
u,1
without,1
long,1
wm,1
eleonora,1
personification,1
figure,1
speck,1
command,1
lie,1
therefore,1
citizen,1
private,1
public,1
belong,1
work,1
add,1
once,1
immediately,1
your,1
audience,1
diplomatic,1
sent,1
create,1
even,1
enter,1
take,1
strong,1
seem,1
prophecy,1
track,1
theme,1
fall,1
force,1
afraid,1
get,1
count,1
past,1
crisis,1
die,1
illness,1
serious,1
realization,1
reading,1
already,1
instinctively,1
feel,1
study,1
south,1
fact,1
exert,1
represent,1
properly,1
unfortunately,1
souvenir,1
retain,1
beg,1
certain,1
fountain,1
ready,1
day,1
accept,1
booking,1
le,1
good,1
while,1
control,1
seek,1
none,1
morris,1
although,1
signing,1
concern,1
water,1
ca,1
rescue,1
influence,1
sign,1
differ,1
opinion,1
deception,1
memory,1
sleep,1
unable,1
beautiful,1
three,1
nd,1
hand,1
show,1
graciously,1
realize,1
call,1
depart,1
two,1
hut,1
signature,1
den,1
think,1
kiss,1
second,1
float,1
discuss,1
gainsay,1
soul,1
gabriel,1
nearly,1
chronicler,1
accord,1
development,1
height,1
genuine,1
scale,1
exist,1
wherever,1
awaken,1
often,1
fame,1
worldwide,1
passion,1
sincere,1
confidence,1
near,1
che,1
adviser,1
intellectual,1
constitute,1
meet,1
merit,1
try,1
hide,1
money,1
buy,1
sweden,1
miss,1
own,1
house,1
home,1
greatness,1
render,1
marvelously,1
witness,1
address,1
deeply,1
oh,1
exclaim,1
poet,1
gallant,1
burst,1
bring,1
always,1
tea,1
katherine,1
star,1
sentiment,1
dine,1
journey,1
tedious,1
gain,1
comprehension,1
va,1
book,1
lyme,1
art,1
dramatic,1
preceptor,1
word,1
actual,1
beyond,1
depth,1
unfathomable,1
changeable,1
eventually,1
acclaim,1
above,1
abject,1
oct,1
hort,1
repose,1
need,1
p,1
hat,1
tiny,1
tragedy,1
antique,1
lead,1
natural,1
member,1
miserable,1
es,1
hugo,1
victor,1
shorten,1
tender,1
t,1
act,1
talk,1
walk,1
soon,1
grow,1
like,1
must,1
answer,1
where,1
travel,1
class,1
different,1
each,1
preface,1
mine,1
american,1
pittsburgh,1
intervene,1
writing,1
permit,1
fail,1
undertake,1
beloved,1
memoir,1
plan,1
originally,1
paris,1
reveal,1
intensely,1
george,1
pp,1
arnold,1
four,1
e,1
sight,1
third,1
light,1
actually,1
introduction,1
century,1
twentieth,1
birthplace,1
become,1
town,1
ml,1
october,1
month,1
early,1
road,1
cheap,1
halt,1
tend,1
send,1
mi,1
humbly,1
magnificently,1
destiny,1
merge,1
mark,1
date,1
royalist,1
usually,1
royal,1
anecdote,1
piquant,1
evident,1
caprice,1
creature,1
entertainment,1
well,1
charm,1
reserve,1
salon,1
remarkable,1
white,1
choose,1
finally,1
la,1
consider,1
taste,1
british,1
question,1
w,1
city,1
box,1
refuse,1
much,1
discussion,1
anti,1
voice,1
report,1
similar,1
closely,1
sol,1
reply,1
costume,1
dot,1
corri,1
go,1
humiliating,1
understand,1
sure,1
invitation,1
gracious,1
honor,1
signor,1
majesty,1
ell,1
you,1
hearing,1
victoria,1
queen,1
chance,1
obtain,1
effect,1
delightful,1
doubt,1
rs,1
among,1
rank,1
te,1
fl,1
lea,1
o,1
person,1
personality,1
print,1
name,1
visualize,1
glorious,1
stone,1
ping,1
step,1
remember,1
due,1
understanding,1
london,1
unconsciously,1
truth,1
career,1
portal,1
triumph,1
brilliant,1
hint,1
radiant,1
bud,1
forth,1
blossom,1
young,1
way,1
thai,1
veritable,1
declare,1
critic,1
romeo,1
petal,1
arm,1
tell,1
clear,1
absorbingly,1
