lemma,count
the,127
be,79
of,66
and,58
she,42
to,39
that,36
a,34
it,33
in,31
have,29
i,23
with,19
which,17
not,17
webster,14
mrs,13
secret,13
as,12
but,12
order,11
by,11
all,11
for,11
say,9
s,9
on,9
her,9
international,8
if,7
do,7
at,7
against,7
freemasonry,7
revolution,6
there,6
from,6
movement,6
finance,5
book,5
government,5
one,5
world,5
state,5
who,5
tradition,5
its,5
an,5
other,5
society,5
grand,5
may,5
this,5
present,4
or,4
work,4
attack,4
organize,4
only,4
protocol,4
would,4
between,4
last,4
more,4
any,4
h,4
ritual,4
see,4
we,4
into,3
them,3
liberty,3
even,3
side,3
easy,3
our,3
jews,3
their,3
true,3
orient,3
rs,3
so,3
now,3
too,3
j,3
under,3
agree,3
find,3
whom,3
each,3
writer,3
open,3
labor,3
subversive,3
two,3
theosophy,3
upon,3
revolt,3
social,3
church,2
l,2
old,2
similarity,2
joly,2
condition,2
point,2
than,2
although,2
theory,2
modern,2
man,2
low,2
fit,2
french,2
will,2
war,2
tell,2
prove,2
yet,2
freemason,2
volume,2
great,2
him,2
about,2
ford,2
henry,2
george,2
organization,2
establish,2
author,2
what,2
pass,2
t,2
back,2
conclusion,2
crag,2
century,2
conspiracy,2
germany,2
fact,2
union,2
then,2
evidence,2
guild,2
medieval,2
esperanto,2
revolutionary,2
con,2
secrecy,2
many,2
leave,2
m,2
price,2
deal,2
radical,2
mean,2
chaos,2
enemy,2
second,2
out,2
act,2
mouth,2
arouse,2
his,2
word,2
follow,2
real,2
country,2
enumerate,2
go,2
further,2
enough,2
know,2
moment,2
five,2
england,2
fight,2
nothing,2
condemn,2
tie,2
up,2
take,2
political,2
oral,2
must,2
mysterious,2
aver,2
united,2
foster,2
generation,2
same,2
menace,2
ku,2
money,2
form,2
can,2
almost,2
organized,2
central,2
fraternity,2
ignore,2
conclude,2
christian,2
put,2
jewish,1
ever,1
while,1
admit,1
pay,1
write,1
frightful,1
aerie,1
article,1
wake,1
grit,1
think,1
provocateur,1
escape,1
thousand,1
elder,1
year,1
principal,1
explode,1
bottle,1
blow,1
inner,1
revenue,1
genuine,1
council,1
contend,1
commerce,1
security,1
innumerable,1
wink,1
nationalism,1
fund,1
ave,1
kind,1
represent,1
these,1
cease,1
profit,1
turn,1
first,1
wealthy,1
past,1
most,1
fifty,1
where,1
web,1
finally,1
synonymous,1
ramification,1
pacifist,1
hardly,1
party,1
peace,1
amid,1
wish,1
flourish,1
peculation,1
justify,1
engage,1
baneful,1
industry,1
like,1
eye,1
half,1
clear,1
come,1
machination,1
thick,1
divide,1
unpatriotic,1
horrendous,1
financier,1
let,1
london,1
create,1
european,1
confront,1
peril,1
nature,1
enlighten,1
disclosure,1
prevent,1
di,1
protect,1
influence,1
c,1
conservative,1
recent,1
every,1
newspaper,1
should,1
behavior,1
imperil,1
home,1
law,1
totter,1
throne,1
fulmination,1
convince,1
immoral,1
degradingly,1
nor,1
internationalism,1
course,1
those,1
save,1
civilization,1
publication,1
cost,1
bind,1
fat,1
print,1
st,1
material,1
historical,1
hod,1
parallel,1
offensive,1
misquote,1
circle,1
artistic,1
literary,1
hostility,1
extreme,1
spring,1
exposure,1
complain,1
character,1
national,1
relation,1
information,1
bu,1
unofficial,1
independently,1
insidious,1
regard,1
ease,1
mass,1
aspiration,1
code,1
yiddish,1
indeed,1
adduce,1
fall,1
sure,1
zion,1
eider,1
famous,1
such,1
christianity,1
destruction,1
domination,1
object,1
jewry,1
amongst,1
today,1
exist,1
d,1
appendix,1
six,1
nearly,1
devote,1
authenticity,1
o,1
defense,1
conceal,1
gentile,1
make,1
ewe,1
possible,1
re,1
ore,1
post,1
che,1
opinion,1
ree,1
declaring,1
later,1
sane,1
program,1
th,1
various,1
identical,1
whole,1
accidental,1
could,1
resemblance,1
once,1
affect,1
copy,1
existence,1
already,1
power,1
direct,1
cooperate,1
ar,1
ale,1
company,1
presidential,1
identify,1
brotherliness,1
hut,1
hear,1
probably,1
emotion,1
diverse,1
also,1
monarch,1
frederick,1
de,1
silvester,1
blasphemy,1
z,1
quarter,1
mr,1
clarion,1
emphatic,1
enter,1
sic,1
quote,1
water,1
thia,1
affair,1
unfamiliar,1
seem,1
benediction,1
face,1
notion,1
sub,1
ancient,1
time,1
separated,1
widely,1
psychological,1
psychic,1
sameness,1
general,1
difference,1
likeness,1
superficial,1
look,1
purpose,1
analogy,1
car,1
pythagorean,1
kin,1
r,1
christ,1
anti,1
else,1
knight,1
voltaire,1
link,1
trace,1
origin,1
pronounce,1
ian,1
klux,1
eighteenth,1
since,1
before,1
target,1
bullseye,1
series,1
down,1
show,1
attempt,1
religion,1
reactionary,1
economic,1
discontent,1
due,1
advance,1
here,1
elaborate,1
convincing,1
sensational,1
bent,1
silas,1
co,1
york,1
new,1
pp,1
nesta,1
beginning,1
voluminous,1
choose,1
library,1
fair,1
praise,1
ire,1
especial,1
europe,1
continental,1
harmless,1
esoteric,1
suppose,1
idea,1
democratic,1
weaken,1
france,1
together,1
they,1
democracy,1
brief,1
hold,1
socialism,1
read,1
abhorrent,1
principle,1
equality,1
controversy,1
either,1
account,1
no,1
thesis,1
concede,1
ea,1
ambition,1
readily,1
themselves,1
lend,1
inspire,1
awe,1
oath,1
terrifying,1
suspect,1
propaganda,1
feel,1
use,1
agitator,1
how,1
smoke,1
underneath,1
fire,1
some,1
consider,1
worth,1
cover,1
group,1
force,1
se,1
statement,1
adam,1
prompt,1
wicked,1
strangely,1
issue,1
ry,1
age,1
bull,1
pope,1
just,1
toenail,1
tooth,1
catholic,1
roman,1
occasion,1
particular,1
thought,1
tend,1
often,1
cult,1
atmosphere,1
forth,1
leap,1
colonial,1
wonder,1
begin,1
box,1
therefrom,1
formation,1
away,1
support,1
pro,1
deputy,1
joshua,1
master,1
mos,1
masonic,1
oliver,1
rev,1
thing,1
hostile,1
inspiration,1
source,1
testament,1
behind,1
thus,1
overturn,1
bolshevist,1
strong,1
mason,1
damn,1
dwell,1
strongly,1
however,1
content,1
obviously,1
forerunner,1
warden,1
much,1
laugh,1
give,1
document,1
thoroughly,1
watch,1
us,1
ell,1
propagandist,1
behalf,1
history,1
mystic,1
fascinating,1
astrologer,1
alchemist,1
stone,1
philosopher,1
seek,1
whisper,1
sinister,1
effective,1
become,1
maintain,1
still,1
degree,1
three,1
thirty,1
name,1
nowadays,1
