lemma,count
the,28
of,21
be,10
and,9
in,7
have,6
to,6
its,6
book,6
he,4
our,4
a,4
her,3
with,3
up,3
tibet,3
lhasa,3
author,3
his,3
year,3
mystery,3
about,3
dragon,2
secret,2
who,2
on,2
people,2
world,2
romance,2
tibetan,2
it,2
they,2
closed,2
before,2
col,2
by,2
from,2
their,2
give,2
for,2
grand,2
wood,2
expedition,2
citadel,1
ate,1
now,1
fateful,1
but,1
most,1
enter,1
traveler,1
wreathe,1
adventurous,1
defy,1
yet,1
century,1
d,1
shroud,1
stand,1
lam,1
undying,1
roof,1
another,1
fairy,1
prince,1
lie,1
disenchant,1
western,1
eye,1
thus,1
alas,1
inevitably,1
do,1
cherished,1
old,1
pagan,1
crumble,1
at,1
touch,1
modern,1
id,1
yield,1
nimbus,1
dark,1
rouse,1
nor,1
slumber,1
door,1
break,1
down,1
veil,1
sham,1
lift,1
shrine,1
grotesque,1
cult,1
idolized,1
lama,1
prophecy,1
take,1
fulfillment,1
among,1
really,1
s,1
account,1
authentic,1
an,1
preface,1
write,1
this,1
endeavor,1
during,1
british,1
member,1
other,1
himalayas,1
buddhism,1
open,1
austine,1
l,1
soon,1
very,1
issue,1
preparation,1
active,1
co,1
which,1
appearance,1
make,1
city,1
forbid,1
third,1
as,1
see,1
b,1
one,1
say,1
mission,1
achievement,1
tell,1
street,1
monastery,1
religion,1
holiday,1
custom,1
home,1
describe,1
nature,1
directly,1
picture,1
reproduction,1
colored,1
number,1
include,1
photograph,1
lieut,1
illustration,1
half,1
recent,1
out,1
set,1
inhabitant,1
country,1
many,1
advantage,1
hand,1
