lemma,count
the,34
of,25
be,25
to,19
and,14
a,14
conduct,9
for,8
that,8
in,8
we,8
morality,7
it,7
but,7
not,7
all,7
he,7
henderson,7
one,6
man,6
good,5
thing,5
happiness,5
s,5
end,5
as,5
by,4
more,4
may,4
with,4
they,4
must,4
wisdom,3
fortune,3
first,3
human,3
himself,3
what,3
rule,3
do,3
experience,3
at,3
some,3
which,3
mr,3
worthy,3
efficiency,3
desire,3
his,3
perfect,3
say,3
so,3
because,3
moral,3
have,3
general,2
therefore,2
even,2
nature,2
principle,2
measure,2
whole,2
proceed,2
event,2
produce,2
this,2
way,2
reasonable,2
mean,2
these,2
two,2
no,2
immoral,2
process,2
welfare,2
law,2
far,2
there,2
those,2
want,2
heart,2
very,2
seek,2
virtue,2
name,2
afford,2
know,2
how,2
pursue,2
from,2
child,2
keep,2
thought,1
th,1
ace,1
same,1
you,1
own,1
gather,1
constant,1
ma,1
gain,1
each,1
individual,1
furnish,1
involve,1
judge,1
conflict,1
mind,1
live,1
discipline,1
reference,1
simply,1
stimulate,1
honor,1
time,1
fit,1
correct,1
objective,1
reading,1
book,1
many,1
lead,1
undertake,1
effect,1
primary,1
knowledge,1
both,1
back,1
unnecessary,1
perfectly,1
application,1
pervade,1
light,1
w,1
make,1
financial,1
wise,1
cub,1
broking,1
stock,1
apply,1
instance,1
view,1
advertising,1
declare,1
category,1
unmoral,1
occupation,1
obviously,1
arbitrary,1
substitute,1
hopeful,1
sensible,1
would,1
vend,1
lie,1
off,1
divine,1
medicine,1
striking,1
patent,1
presentation,1
problem,1
life,1
offer,1
theory,1
now,1
exploiting,1
either,1
once,1
on,1
function,1
being,1
dimly,1
order,1
much,1
august,1
veritable,1
nevertheless,1
too,1
ignorant,1
formulate,1
actual,1
device,1
mere,1
generalization,1
derive,1
fallible,1
author,1
after,1
demonstrate,1
morally,1
rabble,1
account,1
social,1
such,1
an,1
essay,1
c,1
mo,1
pp,1
boston,1
co,1
us,1
agent,1
efficiently,1
differ,1
another,1
wholly,1
sort,1
wherefore,1
discern,1
truly,1
intelligently,1
responsible,1
really,1
include,1
bold,1
well,1
nothing,1
attain,1
unworthy,1
aim,1
napoleonic,1
or,1
less,1
satisfy,1
act,1
give,1
desirable,1
tho,1
l,1
contribute,1
secondly,1
since,1
if,1
fruit,1
its,1
rightness,1
tout,1
iv,1
eat,1
drinking,1
sleeping,1
digestion,1
rest,1
define,1
theoretical,1
deal,1
only,1
activity,1
most,1
impersonal,1
upon,1
worth,1
right,1
follow,1
itself,1
