lemma,count
the,25
of,23
be,19
a,16
to,15
and,10
it,8
that,8
as,7
have,6
s,6
his,5
in,5
from,5
but,4
do,4
them,4
an,4
this,4
not,4
who,3
story,3
life,3
realism,3
newspaperman,3
girl,3
he,3
for,3
away,3
which,3
about,2
up,2
one,2
lead,2
picture,2
admirable,2
book,2
perhaps,2
half,2
short,2
novelist,2
such,2
home,2
i,2
week,2
they,2
most,2
novel,2
on,2
ii,2
by,2
so,2
author,2
page,2
with,2
fork,2
may,2
soften,1
forward,1
its,1
progress,1
late,1
there,1
baby,1
ill,1
haughty,1
jam,1
only,1
anticipate,1
break,1
self,1
eve,1
sudden,1
success,1
rather,1
family,1
yield,1
e,1
dozen,1
fur,1
satisfactory,1
romance,1
plot,1
find,1
right,1
use,1
time,1
ur,1
firmness,1
l,1
again,1
without,1
gordon,1
why,1
temptation,1
reminiscent,1
earl,1
historic,1
than,1
friend,1
rest,1
him,1
all,1
these,1
lady,1
w,1
their,1
justify,1
much,1
generally,1
more,1
husband,1
side,1
instinctively,1
economic,1
keep,1
young,1
fairly,1
win,1
atmosphere,1
outsider,1
gut,1
doubtless,1
say,1
wonder,1
though,1
very,1
end,1
enlightening,1
orally,1
million,1
we,1
can,1
t,1
bad,1
wife,1
toward,1
dollar,1
brevet,1
many,1
dy,1
fall,1
ba,1
society,1
us,1
know,1
no,1
before,1
really,1
sort,1
see,1
play,1
rd,1
pity,1
game,1
way,1
poor,1
describe,1
people,1
earn,1
spend,1
month,1
rent,1
strata,1
amid,1
patter,1
newspaper,1
payson,1
garden,1
co,1
unfair,1
make,1
re,1
pub,1
blurb,1
internal,1
appeal,1
sir,1
continue,1
follow,1
description,1
officially,1
give,1
new,1
back,1
ground,1
live,1
h,1
avenue,1
unusual,1
insist,1
dart,1
prove,1
albert,1
happen,1
bat,1
chronicle,1
would,1
pointless,1
dwell,1
upon,1
r,1
write,1
tome,1
d,1
ye,1
realistic,1
varied,1
circle,1
occurrence,1
presenter,1
where,1
mr,1
action,1
paces,1
weave,1
around,1
brunt,1
outlay,1
ac,1
reporter,1
evening,1
paper,1
eighteen,1
year,1
old,1
sister,1
mat,1
ti,1
millionaire,1
m,1
whenever,1
age,1
