lemma,count
the,15
of,12
her,11
a,9
and,7
be,6
d,5
in,4
t,4
who,4
to,4
nd,3
r,3
letter,3
all,3
h,3
for,3
at,3
his,2
aunt,2
home,2
u,2
more,2
sarah,2
e,2
these,2
he,2
i,2
war,2
that,2
will,1
nurse,1
cross,1
reader,1
lead,1
cousin,1
b,1
win,1
have,1
first,1
ho,1
its,1
many,1
ar,1
special,1
mt,1
ix,1
by,1
col,1
k,1
l,1
receive,1
which,1
n,1
there,1
writer,1
hum,1
those,1
very,1
book,1
king,1
try,1
man,1
tidal,1
incorrigible,1
s,1
o,1
heart,1
er,1
their,1
whose,1
feeling,1
an,1
glimpse,1
te,1
touching,1
is,1
when,1
belief,1
chalice,1
captain,1
pa,1
ha,1
tell,1
story,1
m,1
during,1
over,1
y,1
ob,1
spirit,1
relative,1
interpret,1
age,1
hundred,1
volume,1
slender,1
ons,1
p,1
tale,1
ah,1
sap,1
front,1
important,1
due,1
such,1
chiefly,1
indignation,1
arm,1
enlist,1
footman,1
re,1
ad,1
infer,1
attitude,1
least,1
world,1
among,1
than,1
consequence,1
as,1
habit,1
right,1
it,1
class,1
own,1
hold,1
lady,1
f,1
