lemma,count
the,42
of,31
be,29
and,28
to,15
in,13
a,11
s,9
them,8
for,8
than,8
earning,7
with,7
they,7
wage,7
many,7
labor,6
family,6
that,6
child,6
as,6
tire,5
their,5
make,5
book,5
work,5
it,5
not,4
regard,4
by,4
other,4
worker,4
female,3
earner,3
industry,3
fact,3
living,3
condition,3
employer,3
father,3
increase,3
maintain,3
standard,2
support,2
may,2
rather,2
when,2
some,2
can,2
profit,2
give,2
who,2
distribution,2
power,2
t,2
all,2
number,2
without,2
yet,2
so,2
on,2
proportion,2
live,2
machine,2
have,2
these,2
each,2
no,2
i,2
design,2
combine,2
what,2
good,2
upkeep,1
aye,1
underpaid,1
wade,1
contribute,1
caret,1
home,1
flood,1
reliance,1
main,1
promote,1
until,1
begin,1
then,1
parent,1
decline,1
conclusion,1
fancily,1
individual,1
considerable,1
mid,1
alone,1
mare,1
unable,1
because,1
reseal,1
welfare,1
however,1
honestly,1
reduce,1
wear,1
tear,1
among,1
operative,1
also,1
bonus,1
or,1
premium,1
upon,1
sharing,1
scheme,1
cloak,1
underpayment,1
he,1
useful,1
unit,1
refresh,1
millennium,1
poorly,1
pay,1
population,1
suitable,1
fault,1
great,1
despite,1
sacrifice,1
dy,1
sub,1
ct,1
earring,1
strong,1
appeal,1
which,1
consist,1
sentiment,1
matter,1
own,1
this,1
way,1
difficult,1
society,1
perceive,1
aboard,1
vice,1
if,1
x,1
sound,1
sad,1
cost,1
high,1
present,1
emphasize,1
workman,1
health,1
efficiency,1
ire,1
national,1
wealth,1
mean,1
subsistence,1
more,1
pitiable,1
blameworthy,1
simply,1
america,1
case,1
average,1
below,1
budget,1
perhaps,1
majority,1
hat,1
explanation,1
how,1
get,1
organization,1
hand,1
find,1
happy,1
competent,1
two,1
union,1
company,1
chapter,1
follow,1
city,1
loss,1
reason,1
turk,1
amt,1
describe,1
reveal,1
shortcoming,1
factory,1
lodging,1
occupational,1
hazard,1
bad,1
feeding,1
ii,1
employ,1
luck,1
woman,1
various,1
w,1
lo,1
together,1
merit,1
apart,1
compilation,1
theory,1
although,1
easy,1
see,1
thus,1
author,1
idea,1
use,1
open,1
portrait,1
nation,1
relation,1
force,1
orderly,1
put,1
investigation,1
racial,1
recent,1
result,1
inadequacy,1
topic,1
blame,1
where,1
numerous,1
eager,1
arc,1
beat,1
away,1
under,1
modern,1
human,1
laborer,1
often,1
advantage,1
over,1
property,1
those,1
could,1
there,1
thing,1
necessary,1
provide,1
plant,1
valuable,1
devote,1
one,1
applicant,1
mention,1
frost,1
at,1
authoritatively,1
sympathetically,1
ought,1
blind,1
rage,1
effort,1
most,1
striking,1
table,1
compare,1
decrease,1
point,1
mechanical,1
starting,1
only,1
multitude,1
common,1
soft,1
along,1
least,1
efficient,1
several,1
trade,1
contented,1
