lemma,count
the,82
of,55
be,39
in,39
to,29
and,27
a,22
have,14
it,13
i,12
which,10
by,10
as,9
not,8
its,8
an,7
business,7
this,7
on,7
human,7
t,7
that,7
for,6
industry,6
revolutionary,5
mr,5
world,5
c,5
paper,5
view,4
more,4
both,4
he,4
with,4
executive,4
economic,4
than,4
present,4
science,4
labor,4
hall,4
from,4
element,3
these,3
theory,3
course,3
them,3
due,3
our,3
industrial,3
point,3
they,3
far,3
man,3
so,3
all,3
do,3
union,3
company,3
or,3
intelligent,3
hamilton,3
s,3
other,3
rate,3
change,3
wage,3
will,3
never,3
mere,3
trade,3
th,2
professor,2
today,2
method,2
particular,2
action,2
idea,2
thee,2
well,2
johnson,2
appear,2
through,2
there,2
if,2
problem,2
minded,2
only,2
immigration,2
see,2
two,2
pay,2
stock,2
power,2
membership,2
reason,2
social,2
keep,2
would,2
but,2
revolution,2
order,2
grow,2
who,2
work,2
country,2
member,2
about,2
law,2
no,2
l,2
j,2
can,2
form,2
america,2
invention,2
r,2
give,2
new,2
rise,2
bureau,2
attitude,2
state,2
contribution,2
ba,2
analysis,2
robert,2
wolf,2
under,2
make,2
lr,2
actually,2
write,2
purpose,2
include,2
volume,2
able,2
henry,2
rather,2
their,2
link,2
purely,1
combination,1
utility,1
temperamental,1
workingman,1
quality,1
character,1
mental,1
treat,1
production,1
immediate,1
indefinitely,1
ir,1
up,1
play,1
part,1
remain,1
measure,1
institution,1
some,1
bargaining,1
participation,1
serviceable,1
floyd,1
practically,1
management,1
may,1
expect,1
hut,1
extend,1
we,1
haman,1
say,1
survive,1
line,1
clay,1
elimination,1
rapid,1
relationship,1
apt,1
emotionally,1
n,1
moral,1
seem,1
alvin,1
many,1
alert,1
brew,1
reaction,1
o,1
ab,1
support,1
merge,1
property,1
hospital,1
chairman,1
highly,1
f,1
york,1
inferiority,1
clam,1
feeling,1
end,1
interest,1
hand,1
force,1
emotion,1
major,1
ad,1
bank,1
stoppage,1
io,1
contributor,1
rarefy,1
theorize,1
al,1
el,1
sex,1
aid,1
principle,1
day,1
incidentally,1
his,1
remark,1
anti,1
carver,1
clouds,1
speculative,1
suspend,1
long,1
economist,1
agree,1
manifest,1
shortcoming,1
first,1
impression,1
matter,1
fact,1
like,1
ascertained,1
physical,1
phenomenon,1
d,1
student,1
among,1
faction,1
therefore,1
beyond,1
control,1
general,1
isa,1
concern,1
classical,1
balloon,1
likely,1
abstract,1
sr,1
modern,1
theirs,1
mark,1
ear,1
reasoning,1
intent,1
logic,1
harvey,1
objective,1
conduct,1
voice,1
activity,1
steadily,1
several,1
faith,1
jame,1
psychologist,1
h,1
existence,1
consequently,1
b,1
mainly,1
further,1
where,1
economy,1
productive,1
cf,1
formal,1
process,1
perplexity,1
applicable,1
lt,1
believe,1
log,1
behaviorist,1
prove,1
main,1
early,1
ought,1
labeling,1
expedient,1
themselves,1
faker,1
certain,1
ease,1
achieve,1
exponent,1
standing,1
hence,1
profit,1
find,1
affair,1
commercial,1
into,1
incorporate,1
ha,1
money,1
prosaic,1
re,1
circle,1
implicit,1
mast,1
year,1
five,1
exactly,1
anything,1
recently,1
chief,1
receptive,1
open,1
y,1
each,1
corporation,1
large,1
vice,1
when,1
upon,1
come,1
consider,1
prompt,1
assume,1
generation,1
professional,1
brilliant,1
count,1
abstraction,1
ponderous,1
benjamin,1
united,1
radicalism,1
exact,1
lucidly,1
vary,1
heavily,1
clark,1
evan,1
william,1
baltimore,1
pp,1
edit,1
person,1
affinity,1
korzybski,1
expound,1
liberal,1
lecture,1
result,1
art,1
discover,1
introduction,1
director,1
u,1
administration,1
evening,1
series,1
title,1
topic,1
tenuously,1
together,1
hold,1
whole,1
creation,1
plane,1
periodic,1
ago,1
put,1
pat,1
immediately,1
active,1
movement,1
organized,1
exhaust,1
war,1
civil,1
prefer,1
group,1
thousand,1
twenty,1
speak,1
english,1
cent,1
per,1
recruit,1
without,1
international,1
third,1
ill,1
land,1
complete,1
failure,1
technical,1
stand,1
what,1
cooperation,1
distribution,1
wide,1
ownership,1
diffusion,1
efficiency,1
pros,1
late,1
comparative,1
restriction,1
advance,1
disarm,1
forestall,1
bed,1
largely,1
official,1
simple,1
glorify,1
affiliation,1
observation,1
extremely,1
whom,1
itinerary,1
nominal,1
significance,1
worker,1
k,1
e,1
footnote,1
most,1
take,1
relation,1
wait,1
willing,1
must,1
leader,1
move,1
suspicion,1
collect,1
lumber,1
moscow,1
club,1
hide,1
structure,1
labyrinthine,1
out,1
fight,1
try,1
dissipate,1
quickly,1
nothing,1
camp,1
party,1
communist,1
here,1
political,1
discussion,1
theoretical,1
vagrant,1
less,1
humane,1
