lemma,count
the,106
of,87
be,61
in,57
s,44
his,41
i,37
and,37
to,32
a,29
as,23
mansfield,22
winter,20
mr,18
that,17
with,15
he,14
o,13
r,13
not,13
have,13
all,12
by,12
it,11
h,11
from,10
fitch,10
an,10
t,10
book,8
but,8
name,8
life,7
biography,7
man,7
early,7
n,7
v,6
write,6
for,6
beau,6
f,6
u,6
do,6
actor,5
so,5
play,5
on,5
which,5
its,5
or,5
great,5
only,4
subject,4
place,4
him,4
first,4
other,4
this,4
j,4
error,4
ask,4
art,4
few,4
may,4
at,4
letter,3
portrayal,3
we,3
nearly,3
no,3
fact,3
value,3
statement,3
record,3
there,3
ii,3
act,3
selection,3
hi,3
before,3
m,3
own,3
page,3
call,3
print,3
phrase,3
use,3
volume,3
two,3
serious,3
appear,3
most,3
reason,3
also,3
authorship,3
title,3
such,3
thing,2
more,2
literary,2
charm,2
l,2
lend,2
rosa,2
date,2
several,2
remember,2
performance,2
much,2
effort,2
histrionic,2
these,2
though,2
course,2
passage,2
after,2
particular,2
w,2
ir,2
k,2
year,2
prejudice,2
ni,2
clear,2
nobody,2
artistic,2
intimate,2
biographer,2
over,2
matter,2
idea,2
c,2
greatly,2
keen,2
good,2
re,2
bring,2
relation,2
death,2
fit,2
mrs,2
little,2
fisk,2
among,2
history,2
stage,2
know,2
emotion,2
appreciation,2
genius,2
long,2
controversy,2
clyde,2
biographical,2
hero,2
account,2
richard,2
veracious,2
your,2
would,2
will,2
upon,2
line,2
quote,2
well,2
many,2
arc,2
career,2
one,2
some,2
william,2
bum,1
newspaper,1
memorable,1
mystery,1
indefinable,1
scene,1
personage,1
mistake,1
rehearsal,1
afterthought,1
betrothal,1
seem,1
plot,1
association,1
turn,1
due,1
success,1
express,1
almost,1
inevitable,1
sanction,1
form,1
feature,1
either,1
lately,1
bill,1
arid,1
organize,1
power,1
inborn,1
spell,1
gift,1
share,1
test,1
cultivate,1
wit,1
native,1
disregard,1
compton,1
observation,1
consult,1
common,1
industry,1
tireless,1
house,1
triumph,1
owe,1
hook,1
suggest,1
heiress,1
child,1
you,1
when,1
uncle,1
theatrical,1
right,1
change,1
make,1
fop,1
appraisal,1
aid,1
every,1
pecuniary,1
rival,1
behalf,1
ta,1
her,1
claim,1
relinquishment,1
young,1
love,1
she,1
marry,1
discovery,1
audience,1
relate,1
summon,1
footnote,1
proof,1
curtain,1
sheet,1
remove,1
lead,1
character,1
tn,1
goldsmith,1
boos,1
author,1
pot,1
possible,1
dispute,1
boil,1
arbiter,1
bath,1
manner,1
clearly,1
eat,1
monsieur,1
musical,1
clerical,1
direct,1
ru,1
ra,1
voice,1
thin,1
comprise,1
chorus,1
hold,1
gil,1
jordan,1
jr,1
sins,1
port,1
were,1
jame,1
jubilee,1
however,1
famous,1
chronology,1
part,1
fir,1
mailer,1
novitiate,1
iv,1
true,1
london,1
mme,1
mental,1
frau,1
gilmore,1
music,1
summer,1
fire,1
sort,1
repetition,1
peace,1
cannon,1
anvil,1
jubilant,1
int,1
band,1
lime,1
ts,1
then,1
soloist,1
chief,1
hip,1
adelaide,1
france,1
violin,1
england,1
carl,1
bull,1
participate,1
sue,1
sir,1
ls,1
estimate,1
production,1
spite,1
prim,1
tin,1
minnie,1
irv,1
give,1
set,1
ba,1
once,1
madison,1
insufficiency,1
elsewhere,1
plays,1
serviceable,1
square,1
instead,1
who,1
festival,1
talent,1
lyceum,1
any,1
sense,1
pictorial,1
ft,1
mention,1
si,1
pi,1
mother,1
y,1
ku,1
es,1
arly,1
merton,1
air,1
meg,1
lie,1
than,1
jim,1
bl,1
li,1
diversion,1
ly,1
lo,1
st,1
ar,1
ma,1
ann,1
mm,1
tie,1
certain,1
fa,1
embody,1
reveal,1
historical,1
tour,1
original,1
style,1
variety,1
remarkable,1
arrangement,1
toil,1
patient,1
capacity,1
swear,1
accurate,1
complete,1
peer,1
termination,1
opinion,1
abrupt,1
sadly,1
chronological,1
ascertain,1
full,1
recent,1
find,1
accept,1
what,1
tell,1
try,1
imagining,1
cast,1
th,1
slay,1
trivial,1
dream,1
mood,1
irritability,1
weakness,1
human,1
revelation,1
enhance,1
temperament,1
whim,1
expression,1
spread,1
discreet,1
conventionally,1
contain,1
both,1
differ,1
month,1
publish,1
authorized,1
vastly,1
dawn,1
associate,1
if,1
mn,1
important,1
vain,1
fail,1
freely,1
illustrate,1
must,1
collection,1
private,1
exist,1
rare,1
likeness,1
photographic,1
while,1
photograph,1
drawing,1
painting,1
reproduction,1
profusely,1
ton,1
look,1
eye,1
exacting,1
fair,1
handsomely,1
sumptuous,1
now,1
edward,1
warm,1
american,1
contribution,1
valuable,1
remarkably,1
rich,1
large,1
rape,1
mat,1
frequently,1
education,1
origin,1
about,1
comprehend,1
measure,1
nature,1
depth,1
sound,1
acquaintance,1
veracity,1
limit,1
sure,1
amazingly,1
sometimes,1
proceed,1
sanctuary,1
constant,1
me,1
truth,1
webster,1
john,1
those,1
motto,1
conquest,1
field,1
disappointment,1
certainly,1
reply,1
can,1
am,1
id,1
de,1
noteworthy,1
otherwise,1
mar,1
seriously,1
pity,1
taste,1
bad,1
unjust,1
they,1
just,1
fie,1
pitch,1
evidence,1
strongly,1
interest,1
daly,1
between,1
friendly,1
maintain,1
establish,1
story,1
argument,1
ploy,1
conceive,1
plan,1
jesse,1
capt,1
away,1
largely,1
company,1
partly,1
fool,1
head,1
reliant,1
self,1
ambitious,1
beginning,1
very,1
question,1
ever,1
treatment,1
exalt,1
writ,1
think,1
choice,1
spring,1
business,1
illustrative,1
shape,1
service,1
manager,1
personal,1
potential,1
often,1
doubt,1
always,1
believe,1
way,1
authorize,1
prove,1
late,1
three,1
birth,1
acting,1
study,1
respectively,1
devote,1
stout,1
praise,1
sparing,1
fitness,1
technical,1
message,1
authenticity,1
quality,1
artist,1
out,1
round,1
help,1
request,1
talk,1
himself,1
mu,1
tl,1
bi,1
lia,1
mark,1
quotation,1
without,1
writer,1
another,1
word,1
public,1
rally,1
kent,1
p,1
nev,1
ill,1
hut,1
various,1
deserve,1
yard,1
mt,1
op,1
words,1
because,1
severe,1
inclined,1
permanent,1
