lemma,count
the,47
of,34
be,28
to,24
and,22
a,20
in,12
do,9
have,8
s,7
for,7
with,7
that,6
at,6
go,5
but,5
they,5
we,5
war,5
his,5
new,5
train,4
man,4
an,4
not,4
on,4
book,4
he,4
work,4
stanton,4
their,4
as,3
chapter,3
down,3
no,3
there,3
from,3
jack,3
john,3
or,3
then,3
effect,3
need,3
american,3
last,2
too,2
motor,2
page,2
people,2
daughter,2
make,2
more,2
entitle,2
learn,2
many,2
germany,2
service,2
york,2
while,2
see,2
which,2
come,2
our,2
father,2
t,2
business,2
accomplish,2
lie,2
supply,2
how,2
alt,2
i,2
them,2
take,2
some,2
describe,2
her,2
friend,2
all,2
what,2
she,2
good,2
camp,2
hail,1
girl,1
is,1
interesting,1
p,1
use,1
deficiency,1
so,1
wide,1
awake,1
shit,1
something,1
who,1
asleep,1
become,1
order,1
forceful,1
him,1
chance,1
way,1
very,1
ball,1
contest,1
nearly,1
hat,1
write,1
anti,1
himself,1
excellent,1
give,1
certain,1
shoe,1
ship,1
thereby,1
wax,1
sir,1
reception,1
island,1
drain,1
long,1
present,1
training,1
metropolitan,1
workshop,1
grasp,1
must,1
if,1
pull,1
share,1
conflict,1
yet,1
ore,1
fully,1
understand,1
infamy,1
treacherous,1
tongue,1
brutal,1
sword,1
significance,1
us,1
president,1
declaration,1
can,1
treat,1
military,1
descendant,1
teutonic,1
knight,1
fir,1
call,1
sensible,1
fervently,1
patriotic,1
admirably,1
admirable,1
tire,1
lack,1
district,1
worker,1
rich,1
roll,1
around,1
two,1
box,1
drive,1
truck,1
car,1
procure,1
although,1
g,1
chauffeur,1
during,1
la,1
final,1
vigorous,1
presentation,1
america,1
position,1
struggle,1
against,1
any,1
such,1
awful,1
calamity,1
german,1
victory,1
inconclusive,1
peace,1
winter,1
servant,1
debut,1
orient,1
income,1
harvard,1
graduate,1
married,1
child,1
boy,1
college,1
just,1
overwork,1
spend,1
ten,1
month,1
wander,1
even,1
comfortable,1
news,1
united,1
state,1
vary,1
rousing,1
traveler,1
july,1
cone,1
letter,1
say,1
commission,1
decide,1
e,1
private,1
merchant,1
canteen,1
ever,1
arthur,1
ant,1
rather,1
series,1
special,1
article,1
titan,1
novel,1
it,1
also,1
by,1
far,1
piece,1
typical,1
bond,1
family,1
wealthy,1
upper,1
class,1
upon,1
au,1
mouthpiece,1
old,1
beta,1
england,1
stock,1
reside,1
successful,1
return,1
leave,1
feeling,1
wife,1
cut,1
expense,1
numerous,1
extravagant,1
ry,1
huge,1
bill,1
food,1
household,1
clothe,1
luxury,1
sort,1
helen,1
hold,1
ce,1
end,1
ft,1
right,1
viii,1
bur,1
satisfied,1
nothing,1
through,1
ric,1
show,1
woman,1
particular,1
emergency,1
thing,1
course,1
year,1
dollar,1
change,1
city,1
up,1
content,1
first,1
discover,1
standstill,1
one,1
partner,1
follow,1
alice,1
brown,1
precede,1
longing,1
get,1
off,1
twenty,1
big,1
most,1
want,1
only,1
eight,1
remain,1
rest,1
mere,1
working,1
government,1
clear,1
