lemma,count
the,93
of,43
a,32
and,29
be,28
in,27
to,25
i,21
his,15
at,13
it,11
he,11
have,10
by,10
s,9
that,9
adventure,9
we,9
london,9
which,8
this,8
who,8
all,7
t,7
for,7
l,6
as,6
e,6
with,6
would,5
book,5
or,5
such,4
from,4
may,4
even,4
man,4
arthur,4
know,4
there,4
if,4
not,4
through,3
however,3
but,3
al,3
o,3
thing,3
egg,3
no,3
author,3
genius,3
on,3
them,3
so,3
do,3
write,3
go,3
one,3
upon,3
great,3
style,3
indeed,2
n,2
hi,2
thin,2
low,2
into,2
come,2
another,2
high,2
reveal,2
matter,2
ex,2
army,2
regard,2
white,2
field,2
him,2
very,2
dine,2
make,2
ill,2
suppose,2
must,2
can,2
r,2
our,2
suit,2
admirably,2
get,2
notebook,2
many,2
th,2
de,2
art,2
end,2
other,2
an,2
re,2
name,2
seem,2
j,2
b,2
true,2
think,2
curate,2
volume,2
ty,2
slightly,2
ia,2
hill,2
whether,2
little,2
than,2
hear,2
lie,2
himself,2
tower,1
dr,1
over,1
tar,1
haunt,1
us,1
sea,1
alphabet,1
blind,1
smith,1
hebrew,1
forget,1
lind,1
lr,1
how,1
aluminum,1
further,1
ha,1
put,1
number,1
line,1
hose,1
run,1
tragedy,1
wrong,1
tale,1
story,1
cordially,1
appear,1
writing,1
add,1
every,1
ride,1
reply,1
comment,1
bishop,1
vein,1
stunning,1
account,1
hall,1
impotence,1
major,1
ar,1
mere,1
learn,1
shall,1
letter,1
when,1
estate,1
aid,1
whom,1
day,1
vision,1
land,1
grail,1
dimly,1
troy,1
jane,1
longer,1
desire,1
mr,1
poet,1
dream,1
will,1
less,1
none,1
hal,1
collect,1
posthumously,1
note,1
va,1
butler,1
samuel,1
somewhat,1
whole,1
work,1
relation,1
grand,1
reader,1
hag,1
time,1
waste,1
impatient,1
off,1
welcome,1
increase,1
devotee,1
summer,1
mai,1
inaccuracy,1
clue,1
lea,1
well,1
title,1
boastful,1
distaste,1
hut,1
begin,1
hook,1
without,1
here,1
city,1
z,1
thus,1
frankly,1
pretend,1
hat,1
v,1
far,1
still,1
hardly,1
hash,1
equation,1
link,1
theory,1
repudiate,1
properly,1
why,1
bankrupt,1
grocer,1
inclined,1
least,1
hand,1
heartily,1
laugh,1
joke,1
whoso,1
rot,1
novel,1
paper,1
country,1
column,1
corner,1
me,1
violent,1
form,1
first,1
dementia,1
symptom,1
develop,1
plumber,1
laborer,1
agricultural,1
mad,1
farmer,1
rate,1
iv,1
while,1
evident,1
what,1
tennyson,1
wordsworth,1
milton,1
shakespeare,1
take,1
fact,1
examine,1
neglect,1
flower,1
redeem,1
nothing,1
ship,1
scholar,1
lon,1
lt,1
laden,1
heavily,1
cal,1
obviously,1
compulsion,1
under,1
le,1
impatience,1
indelible,1
show,1
er,1
unkind,1
rap,1
st,1
earl,1
exploit,1
peculiar,1
supreme,1
age,1
rag,1
instantly,1
wheat,1
rain,1
any,1
adapt,1
best,1
qr,1
pas,1
idea,1
some,1
bu,1
life,1
cd,1
reality,1
appearance,1
hind,1
force,1
ht,1
ext,1
chapter,1
wander,1
prompt,1
reason,1
much,1
give,1
knopf,1
york,1
new,1
pp,1
essay,1
living,1
carter,1
john,1
review,1
fittingly,1
entitle,1
nearly,1
within,1
journeying,1
disease,1
distemper,1
hole,1
dear,1
lime,1
individual,1
reference,1
ni,1
nook,1
d,1
rh,1
cockney,1
physic,1
skin,1
queer,1
demand,1
manner,1
bland,1
usual,1
incident,1
follow,1
describe,1
see,1
more,1
gem,1
anything,1
dork,1
near,1
lacey,1
bridge,1
old,1
office,1
their,1
misunderstand,1
equally,1
coal,1
dig,1
call,1
mystery,1
word,1
way,1
secret,1
fern,1
riley,1
brook,1
once,1
home,1
rb,1
substance,1
languid,1
desultory,1
among,1
clear,1
impediment,1
fan,1
artificial,1
thrive,1
occult,1
sheridan,1
narrative,1
exposition,1
pie,1
present,1
m,1
maxwell,1
lucille,1
illustrate,1
sign,1
wonderful,1
need,1
catch,1
gilt,1
small,1
mouse,1
turn,1
mood,1
find,1
triangles,1
ah,1
el,1
extract,1
comic,1
section,1
ace,1
rum,1
heal,1
tea,1
afternoon,1
real,1
bell,1
cs,1
fall,1
creature,1
elm,1
nature,1
inanimate,1
gate,1
perhaps,1
utter,1
amuse,1
slave,1
curious,1
moat,1
pronounce,1
inhabit,1
speech,1
talk,1
village,1
tuscan,1
drink,1
anti,1
amount,1
