lemma,count
the,133
be,96
a,77
of,63
and,59
to,42
in,39
he,32
his,27
as,26
i,25
it,24
s,24
that,23
not,23
have,23
on,20
an,16
miner,16
with,15
for,14
one,14
but,14
this,14
we,13
all,13
by,12
do,11
e,10
like,10
no,9
my,9
which,8
man,8
would,8
their,8
who,8
you,8
there,7
l,7
so,7
from,7
down,7
they,7
say,7
mine,7
then,6
roger,6
too,6
take,5
good,5
will,5
get,5
j,5
what,5
day,5
me,5
can,5
may,5
at,5
pit,5
when,5
after,5
about,5
know,5
out,5
mind,5
here,5
go,5
life,5
water,4
light,4
much,4
way,4
own,4
more,4
shaft,4
work,4
tell,4
let,4
if,4
or,4
every,4
less,4
book,4
page,3
jump,3
write,3
t,3
hear,3
due,3
h,3
sir,3
pain,3
british,3
under,3
reason,3
night,3
darkness,3
shift,3
far,3
read,3
such,3
wife,3
detailer,3
pony,3
only,3
nor,3
whose,3
yet,3
friend,3
mining,3
him,3
along,3
them,3
dark,3
labor,3
could,3
er,3
once,3
place,3
its,3
word,3
pitman,3
us,3
home,3
oh,3
school,3
still,3
hand,3
our,3
describe,3
sunday,3
than,3
find,3
lt,2
horse,2
experience,2
symptom,2
strain,2
into,2
these,2
v,2
upon,2
yes,2
danger,2
material,2
how,2
honest,2
dig,2
first,2
flash,2
moor,2
lead,2
joseph,2
other,2
morning,2
art,2
drip,2
sing,2
talk,2
dear,2
human,2
document,2
come,2
crack,2
praise,2
answer,2
o,2
some,2
aye,2
hell,2
wilson,2
back,2
eternal,2
tom,2
stop,2
tile,2
press,2
lie,2
moment,2
choke,2
wheel,2
bit,2
make,2
piece,2
between,2
song,2
town,2
enjoy,2
try,2
any,2
detonator,2
give,2
point,2
put,2
child,2
even,2
follow,2
himself,2
part,2
state,2
together,2
transcript,2
seem,2
miller,2
treat,2
vivid,2
neck,2
must,2
around,2
industry,2
notebook,2
old,2
thursday,2
itself,2
realism,2
inspector,2
reveal,2
suit,2
ill,2
right,2
time,2
very,2
lay,2
off,2
drop,2
coal,2
community,2
quite,2
nearer,2
tuesday,2
nearly,2
father,2
wrong,2
lunatic,2
el,2
cottage,1
form,1
u,1
beyond,1
di,1
statesmanship,1
themselves,1
matter,1
involve,1
exceptional,1
open,1
hoy,1
plea,1
verdict,1
each,1
bad,1
question,1
effect,1
ho,1
generation,1
cate,1
hereditary,1
strict,1
ra,1
ed,1
y,1
tb,1
keep,1
tar,1
call,1
sight,1
lunacy,1
ole,1
medical,1
oscillation,1
headache,1
neurotic,1
never,1
opening,1
edge,1
vise,1
tight,1
fat,1
madman,1
chat,1
nice,1
compare,1
war,1
soldier,1
habitual,1
tho,1
dim,1
both,1
whisper,1
lamp,1
occasionally,1
inert,1
lose,1
sudden,1
arm,1
throw,1
see,1
just,1
ever,1
comrade,1
among,1
civilization,1
en,1
mean,1
bel,1
should,1
council,1
gandhi,1
program,1
nervous,1
disease,1
send,1
hoer,1
rotary,1
chief,1
sine,1
ts,1
admit,1
later,1
few,1
apprehend,1
agree,1
wilt,1
shall,1
bottom,1
cage,1
unpleasant,1
excuse,1
whir,1
social,1
aerated,1
entirely,1
despise,1
spiritualism,1
indeed,1
known,1
consult,1
shade,1
henry,1
ward,1
beecher,1
teak,1
mr,1
primitive,1
methodist,1
local,1
preacher,1
superintendent,1
bond,1
opinion,1
perturbed,1
somewhat,1
q,1
animate,1
church,1
amble,1
annual,1
performance,1
messiah,1
service,1
yr,1
remove,1
apt,1
ideal,1
swear,1
mystic,1
convince,1
adherent,1
mis,1
effort,1
rest,1
absolutely,1
always,1
shirk,1
atlantic,1
cromwell,1
sweep,1
occupy,1
mayflower,1
chant,1
hymn,1
those,1
long,1
fen,1
industrious,1
crag,1
torrent,1
voice,1
want,1
none,1
company,1
wish,1
myself,1
think,1
conscientious,1
also,1
pl,1
gaze,1
benign,1
proprietary,1
black,1
convert,1
hi,1
elf,1
although,1
product,1
workman,1
pew,1
people,1
backbone,1
society,1
pay,1
twenty,1
shilling,1
pound,1
piety,1
placid,1
dirty,1
succeed,1
cry,1
x,1
add,1
else,1
drown,1
sick,1
badger,1
declare,1
another,1
deter,1
neighbor,1
remark,1
worth,1
grim,1
humor,1
laugh,1
side,1
sore,1
tater,1
f,1
earle,1
up,1
consist,1
les,1
dangerous,1
ire,1
useless,1
remediable,1
grievance,1
real,1
fallacy,1
tendency,1
feed,1
entire,1
existence,1
third,1
three,1
four,1
hour,1
self,1
plunge,1
ah,1
she,1
dee,1
drive,1
witness,1
testify,1
strong,1
manager,1
equally,1
ownership,1
plain,1
truth,1
simple,1
accept,1
conclusion,1
methodists,1
insist,1
necessity,1
change,1
personal,1
convulsion,1
revival,1
bribe,1
offer,1
illiteracy,1
chronic,1
fault,1
letter,1
piquant,1
year,1
yours,1
truly,1
nine,1
responsible,1
pull,1
assign,1
carry,1
detection,1
overtake,1
away,1
again,1
raft,1
arc,1
deputy,1
calling,1
gable,1
rt,1
sombre,1
style,1
hence,1
phrase,1
across,1
stroke,1
brush,1
sargent,1
cooler,1
regard,1
stand,1
gloom,1
aloof,1
cherry,1
jr,1
smoke,1
cigarette,1
accomplish,1
management,1
blacken,1
worker,1
why,1
ramsay,1
macdonald,1
surround,1
worship,1
merely,1
actual,1
strive,1
consecrate,1
blindly,1
beautiful,1
aim,1
increase,1
output,1
live,1
polytechnic,1
plod,1
drove,1
defy,1
shock,1
body,1
death,1
accident,1
courage,1
christ,1
blasphemy,1
jest,1
seasoned,1
spirit,1
ear,1
caliban,1
heaven,1
nobler,1
hero,1
ribaldry,1
brutal,1
chain,1
paradox,1
etching,1
propaganda,1
pittsburgh,1
hood,1
shirt,1
mrs,1
stowe,1
uncle,1
cabin,1
suggest,1
illuminate,1
remedy,1
demand,1
emancipation,1
content,1
god,1
prometheus,1
bind,1
bare,1
culture,1
hungry,1
marion,1
sincere,1
sign,1
volume,1
observe,1
observation,1
include,1
whom,1
bluntly,1
happily,1
chapel,1
parcel,1
problem,1
twentieth,1
century,1
young,1
finish,1
disclosure,1
inflict,1
against,1
lincoln,1
view,1
etch,1
harlow,1
gallery,1
pp,1
new,1
york,1
dial,1
harsh,1
diary,1
dubious,1
forgery,1
allege,1
industrial,1
present,1
genuine,1
sentence,1
break,1
correct,1
c,1
britain,1
mild,1
version,1
russia,1
flame,1
torrid,1
maxim,1
without,1
glorify,1
revolution,1
discontent,1
divine,1
demonic,1
avoid,1
dynamite,1
rebel,1
m,1
example,1
immediate,1
masefield,1
literature,1
tree,1
genius,1
lady,1
infinite,1
comfort,1
blessed,1
lia,1
ex,1
mark,1
free,1
wild,1
description,1
photograph,1
deity,1
oath,1
quotation,1
soft,1
r,1
eared,1
ira,1
soon,1
clear,1
district,1
arrange,1
blank,1
lambert,1
startle,1
sententiously,1
ave,1
pleasure,1
se,1
blast,1
happen,1
great,1
awhile,1
ur,1
kill,1
hy,1
left,1
closing,1
convulsively,1
rubble,1
beneath,1
finger,1
hie,1
du,1
mad,1
dug,1
xx,1
worry,1
d,1
foot,1
card,1
li,1
hurry,1
slide,1
tenderly,1
receive,1
relate,1
american,1
naked,1
cap,1
hal,1
inquire,1
notice,1
roar,1
condition,1
deal,1
bituminous,1
anthracite,1
possible,1
fail,1
adequate,1
hard,1
round,1
rush,1
public,1
tamp,1
explosion,1
tooth,1
apply,1
ce,1
role,1
safety,1
ar,1
carefully,1
united,1
examine,1
n,1
sn,1
singleton,1
emigrate,1
return,1
month,1
protrude,1
knee,1
fashion,1
maker,1
sober,1
laggard,1
thou,1
lord,1
end,1
age,1
ly,1
everybody,1
hall,1
heartily,1
sonorously,1
confess,1
amazement,1
religious,1
lot,1
sufficiently,1
jingle,1
music,1
cramp,1
lean,1
care,1
flower,1
language,1
understand,1
often,1
curse,1
blow,1
limb,1
beer,1
whippet,1
high,1
value,1
pet,1
race,1
holiday,1
drink,1
drunk,1
unthinkingly,1
horizon,1
bear,1
pt,1
something,1
strange,1
bellyache,1
prop,1
roof,1
fall,1
shoulder,1
vain,1
terribly,1
w,1
blanket,1
gasp,1
wheeze,1
head,1
bewildering,1
clothe,1
well,1
hide,1
damn,1
elusive,1
country,1
road,1
impel,1
attitude,1
profound,1
devotion,1
invest,1
singing,1
benedictory,1
air,1
dirt,1
authority,1
caesar,1
restless,1
elsewhere,1
