lemma,count
the,68
of,42
be,36
to,22
and,22
for,16
a,10
all,9
make,9
as,9
in,8
sad,8
than,7
that,7
will,7
housing,7
so,6
t,6
it,6
not,6
s,5
which,5
good,4
with,4
on,4
have,4
problem,4
there,4
joke,4
or,4
about,4
but,4
more,4
one,4
take,3
them,3
they,3
same,3
experience,3
value,3
think,3
use,3
would,3
house,3
if,3
e,3
thus,3
at,3
other,3
he,3
no,3
their,3
city,3
without,3
landlord,3
tax,3
family,2
home,2
grow,2
industrial,2
part,2
can,2
first,2
ti,2
after,2
world,2
by,2
day,2
question,2
increment,2
improvement,2
decade,2
wit,2
layer,2
street,2
premise,2
risk,2
building,2
instead,2
builder,2
worker,2
land,2
man,2
end,2
rent,2
do,2
none,2
dr,2
area,2
through,2
grim,2
regard,2
life,2
ancient,2
whitaker,2
since,2
horsing,2
ideal,2
wealthy,2
discuss,2
possible,2
writer,2
f,2
y,2
matter,2
production,2
great,2
i,2
an,2
who,2
those,2
each,2
book,2
create,1
destroy,1
valve,1
parallel,1
fortune,1
pay,1
perhaps,1
elf,1
result,1
public,1
invention,1
angle,1
corner,1
equal,1
attention,1
particular,1
sake,1
capable,1
effort,1
valuable,1
meet,1
find,1
impracticable,1
taxation,1
absorb,1
unearned,1
d,1
ranch,1
individual,1
contribution,1
creation,1
reset,1
off,1
another,1
need,1
stork,1
planner,1
er,1
arc,1
inferior,1
worth,1
ta,1
enterpriser,1
warn,1
improve,1
omnibus,1
hat,1
single,1
drive,1
essay,1
tate,1
architect,1
bad,1
pope,1
planning,1
cs,1
modern,1
ho,1
remedy,1
positioning,1
vii,1
relation,1
attach,1
market,1
shop,1
direct,1
proper,1
hurry,1
settle,1
too,1
poem,1
solve,1
shoot,1
surely,1
echo,1
two,1
different,1
condition,1
fail,1
laxer,1
present,1
sys,1
profit,1
own,1
blame,1
rt,1
rho,1
themselves,1
heating,1
tact,1
apology,1
floor,1
work,1
earthen,1
between,1
tie,1
compensation,1
injustice,1
name,1
reflect,1
add,1
trouble,1
loan,1
ft,1
posit,1
hon,1
re,1
ash,1
social,1
mat,1
concern,1
lily,1
physically,1
badly,1
shelter,1
seem,1
him,1
wage,1
o,1
coat,1
get,1
rood,1
tad,1
realize,1
finance,1
mechanism,1
discover,1
v,1
spiral,1
similar,1
most,1
we,1
et,1
root,1
pace,1
several,1
nature,1
subject,1
mr,1
bpi,1
boston,1
despair,1
rather,1
hope,1
try,1
scan,1
emerge,1
race,1
existence,1
dy,1
rs,1
mean,1
alone,1
realization,1
ere,1
prob,1
taste,1
differ,1
eat,1
grad,1
fin,1
ugh,1
ore,1
build,1
costlier,1
see,1
long,1
high,1
over,1
again,1
vicious,1
circle,1
should,1
chi,1
z,1
its,1
appropriate,1
allow,1
enrich,1
appeal,1
lion,1
tel,1
tint,1
speech,1
only,1
write,1
fact,1
scheme,1
lloyd,1
george,1
announce,1
bravely,1
ago,1
ir,1
raise,1
useless,1
poor,1
methods,1
quality,1
brew,1
dearer,1
crowd,1
people,1
flat,1
apartment,1
abode,1
both,1
rise,1
proceed,1
now,1
alto,1
whether,1
sleet,1
fir,1
dousing,1
oust,1
room,1
tenant,1
tenement,1
hoax,1
law,1
subsidy,1
cheap,1
form,1
construction,1
p,1
