lemma,count
the,52
be,24
of,21
and,20
to,19
in,18
a,16
man,11
trench,8
that,8
have,7
on,7
it,6
they,6
under,5
as,5
them,5
life,5
we,4
for,4
do,4
an,4
war,4
all,4
one,4
who,4
this,4
so,4
great,4
little,4
there,4
o,3
what,3
which,3
fight,3
but,3
work,3
with,3
follow,3
make,3
soldier,3
will,3
tho,3
their,3
say,3
he,2
part,2
story,2
seem,2
at,2
exist,2
various,2
bombardment,2
thing,2
e,2
from,2
now,2
w,2
then,2
put,2
condition,2
my,2
offer,2
also,2
see,2
give,2
continue,2
than,2
station,2
by,2
fire,2
satisfactory,1
result,1
method,1
while,1
scorn,1
necessity,1
scene,1
among,1
i,1
sort,1
inspire,1
eminently,1
knapsack,1
truth,1
adapt,1
style,1
carry,1
write,1
extremely,1
natural,1
country,1
author,1
value,1
state,1
service,1
intellect,1
big,1
word,1
place,1
idea,1
acme,1
bravely,1
win,1
io,1
not,1
want,1
present,1
advance,1
step,1
its,1
misery,1
slaughter,1
count,1
thousand,1
unable,1
de,1
beast,1
brave,1
s,1
lie,1
succeed,1
unforgettable,1
impression,1
t,1
us,1
new,1
point,1
view,1
consider,1
end,1
like,1
about,1
none,1
because,1
no,1
hatred,1
german,1
common,1
officer,1
against,1
whom,1
direct,1
suspect,1
heart,1
much,1
uncomfortable,1
more,1
take,1
come,1
hard,1
time,1
re,1
your,1
average,1
go,1
his,1
faithfully,1
suffer,1
live,1
less,1
relief,1
army,1
cal,1
western,1
front,1
grim,1
picture,1
f,1
paint,1
hell,1
everywhere,1
reek,1
slime,1
mud,1
sodden,1
drench,1
befoul,1
equipment,1
dank,1
pool,1
canal,1
force,1
use,1
every,1
expedient,1
keep,1
surround,1
page,1
possible,1
precede,1
v,1
fork,1
p,1
co,1
originally,1
title,1
le,1
book,1
modern,1
heroic,1
wrapping,1
strip,1
receive,1
even,1
deal,1
attention,1
n,1
translation,1
opportunity,1
general,1
public,1
late,1
fiction,1
comfortable,1
trimness,1
adjunct,1
everyday,1
up,1
iron,1
walk,1
france,1
through,1
furlough,1
again,1
action,1
open,1
field,1
dressing,1
ordinary,1
glimpse,1
paris,1
spout,1
where,1
resume,1
normal,1
insight,1
into,1
worker,1
behind,1
line,1
squad,1
medium,1
associate,1
tell,1
real,1
painting,1
chance,1
space,1
himself,1
generally,1
presentable,1
such,1
smell,1
wet,1
horror,1
bad,1
business,1
dancer,1
minimum,1
or,1
charge,1
discomfort,1
endlessness,1
sameness,1
arc,1
terrible,1
ill,1
la,1
