lemma,count
the,195
be,124
of,87
and,78
to,62
a,56
in,48
that,38
which,31
it,31
for,28
as,24
mind,22
have,21
by,20
not,19
this,19
we,19
author,19
he,18
with,16
you,14
his,14
more,13
all,13
or,12
say,12
your,11
from,11
but,11
they,10
may,10
do,9
exercise,9
so,9
its,9
s,9
than,9
doctor,9
air,9
at,8
there,8
on,8
o,8
work,8
will,8
patient,8
our,7
up,7
one,7
how,7
if,7
us,6
should,6
any,6
disease,6
book,6
two,6
life,6
much,6
their,6
butler,6
an,6
learn,5
come,5
can,5
them,5
headache,5
too,5
deeply,5
must,5
breathing,5
other,5
good,5
cure,5
when,5
sleep,5
food,5
way,5
dream,5
great,4
body,4
dr,4
d,4
those,4
physical,4
only,4
far,4
nor,4
time,4
rather,4
within,4
while,4
always,4
eat,4
use,4
like,4
manner,4
tell,4
medical,4
mental,4
simple,4
form,4
thought,4
natural,4
state,4
health,3
hygienic,3
upon,3
most,3
love,3
into,3
make,3
increase,3
these,3
selfishness,3
could,3
y,3
enough,3
wisdom,3
power,3
last,3
action,3
under,3
ha,3
poison,3
physician,3
conversation,3
out,3
through,3
about,3
attention,3
day,3
concern,3
pain,3
enlighten,3
pleasant,3
posture,3
prevent,3
take,3
first,3
several,3
cell,3
start,3
breathe,3
night,3
muscle,3
relieve,3
blood,3
here,3
possible,3
before,3
who,3
i,3
cold,3
permit,3
well,3
keep,2
l,2
bother,2
leg,2
sensual,2
seat,2
case,2
active,2
inch,2
back,2
never,2
human,2
obstacle,2
allow,2
thesis,2
free,2
circulation,2
without,2
once,2
rest,2
yourself,2
everything,2
furnish,2
purpose,2
self,2
long,2
net,2
matter,2
heat,2
stand,2
foot,2
thing,2
expel,2
inhale,2
bodily,2
tea,2
bad,2
lung,2
treat,2
what,2
just,2
remain,2
try,2
feel,2
properly,2
live,2
problem,2
nourish,2
element,2
need,2
near,2
plain,2
best,2
diet,2
substance,2
morning,2
effort,2
know,2
then,2
normal,2
sentence,2
creation,2
ill,2
result,2
accord,2
reason,2
play,2
create,2
wise,2
act,2
shall,2
wish,2
worth,2
consciously,2
control,2
become,2
least,2
ten,2
thus,2
real,2
easy,2
rule,2
tissue,2
see,2
move,2
mean,2
bath,2
benevolent,2
history,2
fact,2
no,2
tie,2
opportunity,2
easily,2
part,2
such,2
truth,2
gradually,2
t,2
expound,2
teach,2
tense,2
psychotherapy,2
sad,2
system,2
over,2
man,2
vanish,2
disturbance,2
train,2
divert,2
wide,2
specific,2
tran,2
influence,2
m,2
contain,2
among,2
mankind,1
content,1
probably,1
pour,1
note,1
want,1
solve,1
immerse,1
whop,1
gnat,1
point,1
enjoyment,1
mere,1
welfare,1
f,1
york,1
likely,1
prove,1
experience,1
tat,1
improperly,1
statistic,1
compile,1
involuntary,1
voluntary,1
whether,1
kind,1
mus,1
laud,1
te,1
ignorance,1
laziness,1
coffee,1
four,1
alcohol,1
condemn,1
environment,1
bf,1
intelligent,1
unintelligent,1
cause,1
ultimately,1
course,1
because,1
w,1
effect,1
aide,1
lessen,1
often,1
both,1
find,1
would,1
quantity,1
commonly,1
toward,1
repeat,1
whom,1
person,1
expiration,1
rush,1
nostril,1
enter,1
process,1
desirable,1
between,1
badly,1
twenty,1
five,1
begin,1
fifth,1
ker,1
exhale,1
forward,1
chest,1
inhalation,1
seeker,1
exhalation,1
apply,1
relief,1
portion,1
used,1
foul,1
dead,1
injurious,1
lee,1
residual,1
interesting,1
intake,1
assure,1
public,1
though,1
variety,1
value,1
special,1
own,1
z,1
reservoir,1
sane,1
each,1
mine,1
readily,1
thrive,1
ale,1
very,1
milk,1
single,1
conduct,1
sud,1
wt,1
ir,1
different,1
ordinarily,1
erroneously,1
frequently,1
furnace,1
intend,1
guarantee,1
share,1
get,1
general,1
naked,1
user,1
weather,1
ge,1
supposedly,1
submit,1
ordinary,1
review,1
soothing,1
van,1
give,1
bed,1
position,1
assume,1
average,1
comprehension,1
term,1
evolve,1
correct,1
base,1
ls,1
decade,1
tack,1
array,1
formidable,1
promulgate,1
follower,1
freud,1
naught,1
seem,1
line,1
meaning,1
source,1
implicit,1
discover,1
useless,1
soft,1
beneficent,1
bear,1
culmination,1
fitting,1
conclusion,1
reality,1
fatigue,1
intimate,1
being,1
chapter,1
addition,1
aloud,1
cry,1
habit,1
unhealthy,1
voice,1
world,1
featherbed,1
careless,1
rain,1
write,1
common,1
ca,1
page,1
instructive,1
plenty,1
everybody,1
breakfast,1
water,1
glass,1
mattress,1
modern,1
md,1
grope,1
fittingly,1
little,1
hut,1
outline,1
tr,1
embody,1
prolong,1
after,1
sore,1
why,1
waste,1
acid,1
accumulation,1
invite,1
cumbersome,1
title,1
harmful,1
deal,1
nature,1
store,1
oxygen,1
tho,1
burn,1
ferment,1
e,1
call,1
she,1
n,1
ia,1
draw,1
cara,1
secrete,1
mark,1
difference,1
ail,1
better,1
describe,1
sulk,1
misery,1
lifelong,1
fall,1
appearance,1
sens,1
mislead,1
people,1
multitude,1
infinity,1
eh,1
attain,1
primer,1
humanity,1
joy,1
r,1
nay,1
observable,1
run,1
disaster,1
scad,1
product,1
tonic,1
amount,1
augment,1
superimpose,1
remembering,1
white,1
nose,1
nest,1
lo,1
even,1
symbol,1
earthly,1
outer,1
beyond,1
expression,1
infinite,1
capable,1
eternal,1
hereafter,1
continue,1
am,1
assurance,1
connection,1
locate,1
vastly,1
touch,1
reverse,1
scope,1
judge,1
supreme,1
miracle,1
perform,1
seize,1
fiesta,1
art,1
brine,1
machinery,1
distract,1
remove,1
conscious,1
gland,1
h,1
animate,1
ow,1
nothing,1
distinguish,1
peon,1
intelligence,1
law,1
tue,1
evident,1
poet,1
nd,1
employment,1
pursuit,1
swallow,1
editor,1
b,1
application,1
personal,1
gain,1
fob,1
disregard,1
stream,1
disorder,1
produce,1
open,1
contagion,1
flow,1
channel,1
itself,1
science,1
ea,1
road,1
treatment,1
aster,1
race,1
alienist,1
sit,1
although,1
however,1
conform,1
flash,1
longer,1
ancient,1
phrase,1
heart,1
front,1
erect,1
nit,1
oblige,1
chair,1
forth,1
mold,1
tin,1
future,1
method,1
avoid,1
lice,1
care,1
homily,1
load,1
stomach,1
steel,1
go,1
ache,1
himself,1
tee,1
clamor,1
previously,1
amazed,1
yep,1
direct,1
knowledge,1
many,1
depart,1
question,1
him,1
engage,1
hence,1
ignorant,1
hitherto,1
working,1
information,1
diversion,1
saver,1
introduce,1
ed,1
pill,1
comfortable,1
therefore,1
ventilation,1
maximum,1
read,1
construct,1
office,1
down,1
lie,1
pi,1
reputation,1
soothe,1
breath,1
gently,1
sequence,1
consider,1
mast,1
proper,1
draft,1
possibility,1
preclude,1
current,1
deflect,1
evolution,1
windowsill,1
slant,1
board,1
side,1
inception,1
heal,1
ventilate,1
practice,1
room,1
mesmerism,1
hypnotism,1
example,1
arrangement,1
hegira,1
oral,1
various,1
let,1
react,1
assist,1
turn,1
short,1
logical,1
necessity,1
lead,1
visit,1
stretching,1
powerful,1
whole,1
indeed,1
arm,1
extend,1
splitting,1
every,1
ankle,1
bend,1
bead,1
toe,1
finger,1
foundation,1
warm,1
during,1
window,1
bothersome,1
aspect,1
change,1
astonish,1
yon,1
require,1
minute,1
forget,1
comprehensible,1
deliberation,1
arise,1
task,1
tedium,1
pa,1
suggestion,1
meeting,1
seek,1
instead,1
oppose,1
hold,1
boston,1
ourselves,1
demise,1
pew,1
literary,1
full,1
ability,1
put,1
themselves,1
direction,1
ax,1
succeed,1
member,1
argument,1
follow,1
selfish,1
editorial,1
american,1
journal,1
clinical,1
perfectly,1
mistake,1
max,1
rebuild,1
refer,1
my,1
help,1
opinion,1
tranquil,1
irksome,1
diem,1
extent,1
modification,1
steep,1
eating,1
together,1
elastic,1
principle,1
broadcast,1
number,1
living,1
keynote,1
ease,1
opposite,1
die,1
dis,1
id,1
v,1
word,1
early,1
bring,1
clearly,1
home,1
forestall,1
annual,1
lesson,1
valuable,1
able,1
