lemma,count
the,98
of,54
be,52
and,36
to,34
in,33
a,31
his,31
he,17
which,16
s,15
as,15
by,14
that,14
it,12
have,12
with,10
prof,10
our,10
would,9
an,8
on,8
this,7
so,7
comedy,7
not,6
time,6
all,6
but,5
or,5
at,5
out,5
for,5
too,5
we,5
some,5
other,4
prophetic,4
from,4
if,4
lie,4
between,4
view,4
such,4
story,4
there,4
him,4
modern,4
own,4
prophet,4
tile,4
them,4
scene,3
upon,3
any,3
can,3
ready,3
those,3
state,3
see,3
end,3
us,3
character,3
medium,3
ancestor,3
history,3
well,3
new,3
sense,3
even,3
far,3
one,3
most,3
divine,2
feud,2
fall,2
let,2
t,2
work,2
h,2
thing,2
these,2
empire,2
ha,2
activity,2
unscrupulousness,2
without,2
face,2
blood,2
mr,2
human,2
world,2
their,2
go,2
follower,2
perfectly,2
revelation,2
man,2
find,2
contrast,2
against,2
among,2
suppose,2
sacred,2
harem,2
body,2
law,2
scholarship,2
after,2
fact,2
l,2
turn,2
interest,2
into,2
language,2
moral,2
bad,2
will,2
hand,2
second,2
take,2
nd,2
hold,2
r,2
touch,2
matter,2
who,2
blanket,2
statesman,2
its,2
secular,2
professor,2
plane,2
standard,2
respect,2
unity,2
provoke,1
cover,1
voluntarily,1
case,1
certain,1
footnote,1
adduce,1
hy,1
rage,1
emerge,1
trickery,1
conscious,1
perspire,1
berate,1
ho,1
violent,1
tue,1
agitation,1
himself,1
livid,1
copiously,1
like,1
hero,1
fraudulent,1
standpoint,1
overt,1
course,1
event,1
procession,1
manage,1
how,1
p,1
g,1
lr,1
odd,1
preserve,1
aspect,1
ob,1
involve,1
taste,1
extraordinarily,1
outright,1
bock,1
closer,1
should,1
expression,1
renunciation,1
oblige,1
characteristic,1
keep,1
ordinary,1
show,1
f,1
trace,1
spiritualism,1
key,1
moment,1
requirement,1
pat,1
pretend,1
foremost,1
first,1
bye,1
incongruity,1
actual,1
validity,1
recognition,1
imply,1
sensible,1
conception,1
ethical,1
ideal,1
act,1
process,1
doctrine,1
treachery,1
conceive,1
again,1
idolatry,1
temporize,1
length,1
require,1
humanity,1
policy,1
whenever,1
practice,1
cherished,1
violation,1
over,1
throw,1
reade,1
common,1
cool,1
pronouncement,1
betray,1
ignorance,1
nerve,1
offer,1
inspiration,1
display,1
truce,1
describe,1
upper,1
know,1
probably,1
wife,1
divorce,1
threaten,1
broil,1
domestic,1
month,1
shadow,1
wear,1
chamber,1
discover,1
exuberant,1
recourse,1
situation,1
save,1
try,1
innocence,1
grave,1
constraint,1
swell,1
feel,1
appetite,1
sexual,1
allege,1
account,1
ca,1
le,1
study,1
appear,1
interrupt,1
when,1
morsel,1
proceed,1
fashion,1
deliver,1
eat,1
while,1
address,1
ire,1
deft,1
tale,1
preparation,1
slight,1
produce,1
could,1
form,1
normal,1
recognize,1
presently,1
snore,1
accompany,1
theatrical,1
effect,1
confederate,1
something,1
fail,1
spring,1
ls,1
ce,1
humor,1
ac,1
continuous,1
q,1
perfume,1
fragrant,1
eye,1
paint,1
night,1
every,1
person,1
ed,1
care,1
scrupulous,1
angel,1
interlocutor,1
identify,1
gabriel,1
part,1
derogatory,1
mot,1
semblance,1
through,1
calculated,1
notoriety,1
love,1
interesting,1
entertaining,1
infinitely,1
repulsive,1
tedious,1
cynical,1
philosophy,1
large,1
till,1
diffuse,1
nature,1
outlook,1
deliberate,1
import,1
art,1
literary,1
discipline,1
irony,1
bring,1
cunning,1
sensuality,1
shock,1
apostle,1
practical,1
steady,1
build,1
family,1
pride,1
split,1
group,1
war,1
agglomeration,1
chaos,1
politically,1
tribe,1
before,1
regards,1
what,1
exactly,1
clear,1
make,1
pain,1
experience,1
god,1
charge,1
source,1
criticism,1
approach,1
rather,1
conspicuous,1
difference,1
recent,1
presentment,1
late,1
reflect,1
yet,1
mark,1
wide,1
crass,1
impostor,1
islam,1
founder,1
speak,1
simple,1
london,1
arrangement,1
about,1
book,1
review,1
spirit,1
change,1
problem,1
place,1
historical,1
seriously,1
grapple,1
frivolity,1
exclude,1
c,1
version,1
prominent,1
pervade,1
indeed,1
where,1
indignation,1
they,1
inform,1
theological,1
attention,1
fix,1
ix,1
counterfeit,1
nani,1
religious,1
genius,1
impose,1
red,1
te,1
splendor,1
eternal,1
enough,1
importance,1
attach,1
dogma,1
justify,1
y,1
author,1
under,1
system,1
unstable,1
trill,1
cripple,1
countryman,1
ht,1
choose,1
deliberately,1
artifice,1
uteri,1
repress,1
construe,1
break,1
darkness,1
arab,1
soul,1
lo,1
de,1
here,1
acknowledge,1
may,1
gibbon,1
wit,1
kinship,1
whose,1
tell,1
entail,1
manifold,1
examination,1
real,1
base,1
favor,1
urge,1
rate,1
carlyle,1
popular,1
circumstance,1
diversely,1
lose,1
absorb,1
tribute,1
elaborate,1
protest,1
specially,1
mad,1
down,1
put,1
infanticide,1
virtue,1
unquestioned,1
seem,1
heart,1
warm,1
sphere,1
especially,1
register,1
many,1
point,1
authority,1
concrete,1
mass,1
indeterminate,1
regulation,1
administer,1
religion,1
leave,1
only,1
found,1
ag,1
duller,1
way,1
altogether,1
great,1
thus,1
stand,1
earthly,1
achievement,1
fairly,1
claim,1
settle,1
endeavor,1
knowledge,1
arithmetical,1
fax,1
equitable,1
member,1
no,1
fear,1
