lemma,count
of,23
the,21
be,14
and,12
to,9
in,8
a,7
investment,5
that,5
on,5
with,5
i,5
one,5
s,5
it,4
for,4
any,4
financial,4
he,3
who,3
as,3
write,3
doubt,3
than,3
t,2
editor,2
o,2
stock,2
him,2
more,2
may,2
yet,2
his,2
street,2
not,2
what,2
information,2
other,2
by,2
new,2
york,2
mr,2
they,2
would,2
investor,2
should,2
hospital,1
bond,1
add,1
method,1
resort,1
malfeasance,1
evil,1
favorite,1
less,1
nor,1
necessary,1
presumably,1
rectory,1
those,1
neither,1
while,1
engagement,1
business,1
farm,1
all,1
dweller,1
finance,1
caution,1
economy,1
fraught,1
danger,1
sight,1
tact,1
if,1
these,1
ill,1
position,1
predict,1
re,1
absolute,1
inwardness,1
speculation,1
soon,1
cerise,1
mere,1
blossom,1
out,1
multi,1
lose,1
refer,1
v,1
know,1
tile,1
purchase,1
lessen,1
learn,1
dill,1
pickle,1
internal,1
have,1
hut,1
upon,1
literary,1
market,1
deny,1
fr,1
knowledge,1
sincerity,1
la,1
comfort,1
we,1
counsel,1
deal,1
different,1
exchange,1
just,1
full,1
sage,1
pitfall,1
mention,1
prepare,1
g,1
united,1
state,1
describe,1
terse,1
security,1
never,1
assumption,1
schuster,1
snare,1
common,1
sense,1
money,1
stanley,1
simon,1
book,1
speculator,1
many,1
hundred,1
volume,1
instruction,1
possibly,1
entertainment,1
simple,1
term,1
man,1
but,1
hold,1
this,1
source,1
l,1
go,1
district,1
whether,1
lie,1
there,1
ks,1
r,1
therein,1
section,1
city,1
country,1
writer,1
lead,1
publisher,1
hope,1
mecca,1
wall,1
see,1
child,1
school,1
heal,1
truth,1
accept,1
definition,1
preface,1
author,1
our,1
millionaire,1
