lemma,count
the,89
of,69
be,69
and,43
to,41
a,36
in,22
he,20
that,18
not,18
for,16
we,15
on,15
his,13
i,12
tile,12
by,11
but,11
as,10
one,10
our,10
bierce,9
do,9
without,9
law,8
all,8
mr,8
from,8
s,8
it,8
say,7
civilization,7
with,7
so,6
if,6
have,6
good,6
this,6
there,6
even,5
can,5
life,5
world,5
only,5
may,5
at,5
tell,4
should,4
or,4
any,4
europe,4
essay,4
into,4
man,4
him,4
author,4
community,4
no,4
preacher,3
little,3
day,3
secret,3
their,3
these,3
lie,3
evil,3
least,3
y,3
anarchist,3
crime,3
look,3
dial,3
l,3
page,3
know,3
yet,3
an,3
paper,3
its,3
which,3
sense,3
title,3
nothing,3
take,3
field,3
thing,3
own,3
great,2
century,2
thirteenth,2
could,2
stand,2
because,2
kill,2
mutilation,2
my,2
race,2
then,2
rest,2
tn,2
education,2
some,2
further,2
watch,2
rule,2
though,2
eye,2
what,2
cease,2
straight,2
air,2
believe,2
speak,2
mean,2
vision,2
those,2
instance,2
would,2
murder,2
altogether,2
prevent,2
keep,2
remain,2
t,2
reluctantly,2
who,2
many,2
since,2
bearer,2
two,2
surely,2
begin,2
few,2
quote,2
england,2
american,2
superior,2
virtue,2
just,2
consider,2
up,2
they,2
moral,2
like,2
small,2
boy,2
unconscious,2
another,2
m,2
coattail,2
often,2
ignore,2
tend,2
cassandra,2
tiding,2
dog,2
woe,2
upon,2
leave,2
character,2
ambrose,2
ill,2
shadow,2
tim,2
volume,2
murderer,2
far,2
e,2
something,2
being,2
word,2
view,2
exception,2
equally,2
cat,2
willing,2
commentator,1
horribly,1
bind,1
absolutely,1
understand,1
sight,1
hawthorne,1
chiefly,1
through,1
hurtle,1
southeastern,1
see,1
fresh,1
prejudice,1
unprejudiced,1
hop,1
terser,1
interest,1
mingle,1
vie,1
downward,1
preference,1
pageantry,1
hildegarde,1
hell,1
ty,1
si,1
costume,1
republican,1
mitigation,1
object,1
sole,1
grotesquely,1
resemble,1
fear,1
king,1
leg,1
society,1
allude,1
courtier,1
will,1
half,1
pass,1
language,1
myself,1
finger,1
gesticulate,1
original,1
ourselves,1
range,1
adopt,1
universally,1
until,1
devise,1
call,1
makeshift,1
along,1
struggle,1
us,1
ground,1
safe,1
moment,1
corner,1
need,1
sufficient,1
confront,1
golden,1
height,1
indicate,1
realize,1
fail,1
progress,1
fantastic,1
huge,1
rhea,1
later,1
arm,1
guidance,1
wave,1
wild,1
factory,1
tight,1
noisy,1
criminal,1
treatment,1
reform,1
prison,1
fierceness,1
furiously,1
require,1
give,1
plead,1
under,1
jesus,1
animosity,1
judge,1
infallibly,1
easily,1
claim,1
where,1
uphold,1
spitfire,1
sand,1
scratchiness,1
rope,1
brute,1
matter,1
lu,1
ly,1
d,1
ht,1
na,1
environment,1
versus,1
heredity,1
dispute,1
much,1
wisdom,1
mass,1
must,1
execute,1
than,1
rather,1
ought,1
above,1
imply,1
degree,1
benefactor,1
illogical,1
j,1
thief,1
toward,1
attitude,1
prophet,1
amazing,1
fact,1
me,1
among,1
accord,1
hack,1
go,1
you,1
hooded,1
expect,1
whom,1
them,1
god,1
now,1
last,1
amusement,1
delightfully,1
add,1
knowledge,1
doubt,1
longer,1
shall,1
sure,1
convinced,1
birth,1
before,1
determine,1
sum,1
ber,1
submit,1
th,1
devil,1
gloomy,1
disclose,1
reference,1
public,1
hang,1
heir,1
most,1
count,1
everything,1
person,1
innocent,1
against,1
unhappy,1
constitutionally,1
arrival,1
drown,1
mere,1
tod,1
recall,1
wonder,1
ten,1
out,1
fate,1
nine,1
commonly,1
form,1
nor,1
desirable,1
entitle,1
uncover,1
soul,1
smug,1
courage,1
generosity,1
justice,1
sentiment,1
elevated,1
warm,1
de,1
alight,1
conscience,1
constitute,1
beacon,1
honor,1
fire,1
altar,1
morality,1
universal,1
thin,1
feed,1
sin,1
contrast,1
ara,1
engross,1
scrambling,1
beholder,1
hair,1
alike,1
reformer,1
hand,1
strong,1
fool,1
clothe,1
labor,1
wife,1
ear,1
nose,1
villain,1
rt,1
when,1
time,1
reversion,1
inimical,1
stamp,1
death,1
follow,1
incite,1
down,1
convict,1
bloody,1
favor,1
extirpate,1
dub,1
bristle,1
head,1
claws,1
haul,1
occasionally,1
pen,1
throw,1
light,1
none,1
working,1
innumerable,1
together,1
peace,1
live,1
divine,1
elsewhere,1
prehistoric,1
intend,1
possibly,1
sort,1
hy,1
reason,1
want,1
here,1
indeed,1
humble,1
poor,1
away,1
dust,1
regret,1
besides,1
book,1
also,1
method,1
judgment,1
possibility,1
open,1
bit,1
statesman,1
lawyer,1
remark,1
yea,1
turn,1
woman,1
religion,1
herself,1
tiff,1
verse,1
indifferently,1
opportunity,1
shin,1
span,1
spread,1
blindly,1
cris,1
wish,1
sometimes,1
court,1
tradition,1
bench,1
think,1
literary,1
lend,1
first,1
gleam,1
topic,1
devote,1
naughty,1
space,1
hamper,1
capable,1
make,1
ease,1
bar,1
mankind,1
mortal,1
money,1
amount,1
strain,1
exact,1
class,1
er,1
enable,1
purpose,1
exist,1
off,1
thump,1
universe,1
get,1
victim,1
decorate,1
similarly,1
active,1
onlooker,1
increase,1
burden,1
situation,1
humor,1
misplace,1
always,1
lot,1
after,1
thereof,1
print,1
largely,1
obnoxious,1
scrap,1
n,1
robert,1
sad,1
san,1
other,1
pin,1
round,1
telltale,1
addition,1
raiment,1
cleverness,1
phrase,1
epigram,1
footing,1
slippery,1
thumb,1
desperate,1
cheapness,1
actual,1
too,1
inquire,1
degenerate,1
new,1
doubtless,1
very,1
enough,1
apt,1
modern,1
fault,1
sham,1
arraignment,1
material,1
jeremiad,1
mix,1
deal,1
back,1
fred,1
alien,1
dash,1
undoubtedly,1
english,1
creation,1
mischief,1
error,1
indebted,1
reader,1
nearly,1
discover,1
echo,1
stammering,1
faint,1
america,1
government,1
science,1
art,1
letter,1
learning,1
knock,1
three,1
himself,1
country,1
subject,1
blow,1
special,1
intellectual,1
solely,1
product,1
young,1
praise,1
hope,1
passion,1
real,1
idiot,1
entertain,1
forth,1
male,1
mate,1
crazy,1
roman,1
every,1
solitary,1
likewise,1
receive,1
unqualified,1
point,1
admiration,1
dunce,1
rogue,1
improvement,1
unconcealed,1
approbation,1
part,1
dictum,1
