lemma,count
the,127
of,80
and,66
be,62
in,46
to,38
a,37
he,34
his,18
that,17
for,15
it,14
have,13
at,12
church,12
as,10
by,10
an,9
state,9
order,9
one,8
but,8
not,8
which,8
south,7
do,7
s,7
wilmer,7
war,6
good,6
so,6
civil,6
bishop,6
prayer,6
all,6
part,6
episcopal,6
would,5
time,5
from,5
american,5
come,5
when,5
great,5
with,5
this,5
many,5
other,5
force,4
position,4
never,4
virginia,4
man,4
i,4
take,4
who,4
us,4
t,4
few,4
confederacy,4
or,4
on,4
life,4
them,4
about,4
him,4
hear,4
old,3
we,3
united,3
father,3
they,3
no,3
er,3
believe,3
use,3
h,3
book,3
here,3
culture,3
under,3
power,3
its,3
art,3
up,3
give,3
rock,3
conversation,3
work,3
lie,3
after,3
story,3
president,3
there,3
fight,3
because,3
their,3
southern,3
thoma,3
day,3
die,3
people,3
wit,3
receive,2
hi,2
sell,2
landing,2
finally,2
pilgrim,2
gen,2
present,2
illustration,2
contest,2
become,2
event,2
require,2
issue,2
make,2
himself,2
general,2
buy,2
dower,2
reflection,2
will,2
co,2
whom,2
tell,2
america,2
ho,2
favor,2
urge,2
only,2
however,2
while,2
l,2
woman,2
still,2
spirit,2
slavery,2
hie,2
letter,2
john,2
slave,2
money,2
hat,2
plymouth,2
personal,2
go,2
first,2
now,2
must,2
large,2
hooker,2
soon,2
union,2
endeavor,2
richard,2
out,2
desire,2
why,2
feeling,2
ever,2
what,2
alabama,2
independence,2
defeat,2
immediately,2
way,2
authority,2
close,2
far,2
service,2
fr,2
our,2
exercise,2
you,2
conundrum,2
incident,2
may,2
mr,2
education,2
language,2
country,2
some,2
more,2
hen,2
say,2
x,1
propound,1
mental,1
hard,1
asylum,1
maury,1
invent,1
gem,1
party,1
carry,1
violate,1
harry,1
induce,1
irresistible,1
into,1
washington,1
conference,1
reunion,1
grief,1
melody,1
depart,1
net,1
early,1
eat,1
formal,1
studied,1
insult,1
question,1
wipe,1
bitter,1
train,1
meantime,1
restore,1
behind,1
put,1
leave,1
london,1
constant,1
york,1
recently,1
new,1
later,1
year,1
lon,1
tired,1
pleasant,1
forth,1
burst,1
regular,1
uphold,1
justice,1
condemn,1
acknowledge,1
fierce,1
sometimes,1
revoke,1
warn,1
couch,1
oppose,1
thing,1
late,1
ad,1
chapter,1
write,1
ha,1
improvement,1
point,1
deficiency,1
national,1
sense,1
read,1
home,1
bring,1
commendable,1
acquire,1
rich,1
lose,1
much,1
nor,1
shortcoming,1
realize,1
bad,1
least,1
civilization,1
possess,1
nationality,1
charming,1
lea,1
volume,1
explain,1
perhaps,1
address,1
vii,1
alon,1
help,1
advice,1
profit,1
pleasure,1
both,1
enhance,1
own,1
always,1
seek,1
strongly,1
efficient,1
idea,1
numerous,1
knowledge,1
wide,1
command,1
mean,1
most,1
calling,1
progressive,1
young,1
those,1
chiefly,1
poor,1
axe,1
north,1
inflexible,1
gratify,1
bite,1
dog,1
hair,1
proverb,1
reply,1
calmly,1
sir,1
beg,1
doe,1
gt,1
blurt,1
face,1
except,1
joke,1
host,1
lick,1
she,1
being,1
lazarus,1
like,1
find,1
immunity,1
promise,1
wu,1
know,1
chan,1
worth,1
ge,1
consider,1
even,1
anything,1
think,1
indeed,1
below,1
languish,1
value,1
surpass,1
benefaction,1
achieve,1
mead,1
accomplish,1
can,1
water,1
robert,1
encourage,1
el,1
g,1
ryan,1
praise,1
end,1
toward,1
soften,1
mind,1
defend,1
courageously,1
sake,1
vicinity,1
company,1
arm,1
determine,1
sympathize,1
ardently,1
establish,1
well,1
career,1
beyond,1
spread,1
worker,1
preacher,1
fame,1
nut,1
break,1
ebb,1
sink,1
lifework,1
upon,1
enter,1
va,1
alexandria,1
neap,1
raise,1
nd,1
science,1
begin,1
dot,1
sour,1
battle,1
pub,1
z,1
price,1
j,1
jacob,1
w,1
george,1
tenn,1
knoxville,1
rector,1
c,1
ly,1
ni,1
sec,1
back,1
send,1
sober,1
week,1
marching,1
drill,1
seminary,1
theological,1
yale,1
educate,1
latin,1
practice,1
scholar,1
presence,1
splendid,1
remarkable,1
truly,1
generation,1
dispassionately,1
view,1
remote,1
sufficiently,1
important,1
play,1
fresh,1
memory,1
appropriate,1
biography,1
character,1
southerner,1
hunt,1
support,1
how,1
each,1
record,1
ordinary,1
saints,1
family,1
maryland,1
billiard,1
expert,1
horseman,1
fine,1
d,1
humorist,1
note,1
champion,1
dun,1
eloquence,1
debt,1
vicissitude,1
through,1
economist,1
practical,1
field,1
hunting,1
shot,1
dead,1
pulpit,1
right,1
verdict,1
history,1
shattered,1
military,1
yet,1
drop,1
course,1
fall,1
secession,1
until,1
correspond,1
place,1
tie,1
liturgy,1
tho,1
last,1
long,1
set,1
briefly,1
famous,1
account,1
advantage,1
peculiar,1
show,1
engage,1
threshold,1
government,1
devastation,1
surround,1
ill,1
con,1
persecute,1
themselves,1
cordial,1
house,1
private,1
hold,1
if,1
ask,1
o,1
against,1
overwhelm,1
action,1
hint,1
smart,1
win,1
traitor,1
pronounce,1
tough,1
commander,1
re,1
conquer,1
institution,1
fragment,1
eventually,1
gather,1
thereafter,1
almost,1
ed,1
argue,1
could,1
nevertheless,1
hum,1
rob,1
ne,1
income,1
par,1
poverty,1
provide,1
stewart,1
borrow,1
trader,1
bout,1
negro,1
once,1
lead,1
grow,1
wife,1
her,1
found,1
such,1
had,1
consecrate,1
over,1
conflict,1
during,1
annihilation,1
save,1
energy,1
courage,1
existence,1
march,1
richmond,1
confederate,1
before,1
instead,1
season,1
due,1
hut,1
cy,1
any,1
ned,1
secede,1
gain,1
occupy,1
degree,1
