lemma,count
the,88
of,63
be,43
and,38
to,33
a,26
it,23
in,21
that,20
he,18
have,17
not,17
his,14
tile,12
for,12
peace,12
as,11
war,10
its,9
s,9
but,9
i,9
europe,9
emperor,9
britain,8
by,8
at,8
germany,8
no,8
can,7
on,7
world,6
one,6
may,6
which,6
will,6
interest,5
there,5
her,4
any,4
if,4
friend,4
present,4
between,4
all,4
market,4
power,4
people,4
him,3
recognize,3
occasion,3
strength,3
stand,3
must,3
make,3
do,3
know,3
more,3
hold,3
european,3
only,3
them,3
singing,3
when,3
say,3
long,3
german,3
h,3
fry,3
relation,3
toward,3
good,3
so,3
against,2
before,2
other,2
full,2
she,2
contrary,2
century,2
speak,2
their,2
navy,2
diplomacy,2
who,2
day,2
moment,2
want,2
wonder,2
plainly,2
lead,2
ill,2
word,2
gain,2
lose,2
grandchild,2
means,2
balkan,2
use,2
east,2
nation,2
great,2
both,2
they,2
midst,2
common,2
place,2
us,2
point,2
out,2
desire,2
or,2
value,2
outer,2
sore,2
would,2
promise,2
suddenly,2
formal,2
because,2
truth,2
mind,2
within,2
among,2
into,2
convince,2
with,2
well,2
purpose,2
from,2
naval,2
live,2
favorite,2
art,2
expression,2
set,2
mean,2
lie,1
greatly,1
average,1
admire,1
th,1
sturdy,1
future,1
abhorrent,1
thought,1
cleanliness,1
next,1
think,1
englishman,1
british,1
nonplus,1
seem,1
sometimes,1
appreciation,1
evidently,1
arm,1
die,1
prod,1
victoria,1
position,1
queen,1
central,1
justly,1
forget,1
sense,1
t,1
strong,1
peron,1
ought,1
quell,1
little,1
entitle,1
strike,1
practical,1
believe,1
reflection,1
figurative,1
herself,1
strain,1
time,1
imperial,1
court,1
under,1
unless,1
rb,1
richard,1
g,1
appear,1
create,1
regret,1
canto,1
this,1
kindly,1
inform,1
veil,1
folk,1
every,1
gulf,1
persian,1
interested,1
anywhere,1
south,1
english,1
advance,1
commercial,1
j,1
cross,1
happen,1
understand,1
upon,1
disposition,1
fruit,1
receive,1
near,1
injury,1
permanent,1
kin,1
indiscreet,1
foul,1
orthodox,1
unfortunate,1
painfully,1
ally,1
deplore,1
diplomatist,1
incline,1
eat,1
pussy,1
true,1
tie,1
knowledge,1
plain,1
test,1
slow,1
rebuff,1
slowness,1
situation,1
observer,1
outside,1
put,1
ila,1
turkey,1
openness,1
man,1
son,1
confidence,1
rid,1
beget,1
likely,1
absolutely,1
therein,1
austria,1
single,1
hohenzollern,1
like,1
effect,1
lightly,1
talk,1
precisely,1
conflagration,1
bound,1
work,1
through,1
mere,1
friendly,1
regard,1
utterance,1
interpret,1
noticeably,1
take,1
england,1
snap,1
responsible,1
cause,1
victory,1
cost,1
austrian,1
turkish,1
political,1
ruffling,1
bristle,1
instance,1
high,1
interview,1
telegraph,1
daily,1
rt,1
ft,1
fame,1
n,1
everything,1
abstain,1
vehemently,1
misunderstand,1
role,1
conscious,1
peculiarly,1
office,1
import,1
sanction,1
theory,1
sacredly,1
another,1
ere,1
dramatic,1
popular,1
preparation,1
evident,1
doe,1
probably,1
confidently,1
earlier,1
serve,1
matter,1
though,1
empire,1
mostly,1
spend,1
discord,1
element,1
encourage,1
peculiar,1
impair,1
fir,1
v,1
decisively,1
mechanism,1
perfect,1
powerful,1
most,1
quarter,1
nearly,1
rein,1
during,1
control,1
overlook,1
should,1
hope,1
argue,1
just,1
entirely,1
sure,1
mr,1
book,1
distinct,1
read,1
co,1
george,1
alfred,1
california,1
university,1
president,1
d,1
wheeler,1
benjamin,1
pacifist,1
imagination,1
figment,1
fist,1
forth,1
how,1
express,1
far,1
significant,1
various,1
reign,1
beginning,1
very,1
remember,1
determine,1
accurate,1
peacemaker,1
transmute,1
lord,1
whereby,1
development,1
gradual,1
result,1
attitude,1
represent,1
right,1
author,1
discuss,1
stipulate,1
limitation,1
system,1
inst,1
ago,1
close,1
arbitrarily,1
ware,1
reliable,1
seek,1
sea,1
reason,1
distrust,1
federation,1
danger,1
face,1
half,1
snotty,1
mailed,1
manifest,1
shall,1
peril,1
colonial,1
procuring,1
armament,1
thing,1
merchant,1
prosperity,1
industrial,1
path,1
enlargement,1
real,1
till,1
refuse,1
possibility,1
endanger,1
maintenance,1
colony,1
device,1
adopt,1
propose,1
trade,1
solidity,1
give,1
past,1
resource,1
need,1
state,1
share,1
race,1
balance,1
disturb,1
afford,1
territory,1
annexation,1
further,1
tor,1
wish,1
small,1
whether,1
about,1
tel,1
measurement,1
accept,1
itself,1
responsibility,1
roman,1
slav,1
creed,1
frontier,1
least,1
soil,1
is,1
could,1
ground,1
food,1
find,1
home,1
keep,1
intensively,1
industry,1
until,1
develop,1
order,1
quiet,1
first,1
heal,1
alsace,1
province,1
polish,1
badger,1
