lemma,count
the,37
and,23
be,19
of,18
to,12
a,11
in,10
s,9
it,8
i,6
which,6
from,3
re,3
with,3
t,3
character,3
war,3
not,3
r,2
l,2
london,2
nor,2
her,2
ireland,2
so,2
if,2
sylvia,2
one,2
old,2
principal,2
later,2
would,2
she,2
very,2
for,2
this,2
as,2
dominic,2
go,2
who,2
tile,2
novel,2
all,2
lie,2
at,2
many,2
c,1
thwart,1
ir,1
search,1
him,1
author,1
regard,1
dre,1
ad,1
right,1
y,1
surprise,1
find,1
denounce,1
german,1
denunciation,1
enough,1
course,1
co,1
swap,1
orphan,1
have,1
live,1
moot,1
year,1
officer,1
cast,1
upon,1
climax,1
near,1
house,1
where,1
net,1
incident,1
story,1
shelter,1
form,1
dramatic,1
cousin,1
vii,1
lay,1
parity,1
by,1
ex,1
land,1
op,1
life,1
uncle,1
louse,1
mare,1
employ,1
stupidly,1
run,1
department,1
thence,1
return,1
rich,1
charming,1
scene,1
reader,1
sympathy,1
some,1
actor,1
sire,1
evidently,1
lead,1
up,1
mechanism,1
riot,1
creak,1
quite,1
loudly,1
best,1
draw,1
took,1
v,1
oman,1
considerable,1
win,1
half,1
lot,1
de,1
ever,1
wound,1
face,1
generally,1
despairing,1
but,1
because,1
people,1
sacrifice,1
futile,1
f,1
hire,1
green,1
bough,1
killing,1
ah,1
release,1
tho,1
boy,1
deal,1
tell,1
happen,1
hospital,1
tale,1
never,1
amt,1
front,1
than,1
on,1
lo,1
home,1
o,1
most,1
its,1
n,1
en,1
thing,1
invalid,1
ly,1
man,1
new,1
hero,1
absorb,1
petty,1
mean,1
squabble,1
hut,1
mop,1
well,1
popular,1
fire,1
reason,1
why,1
each,1
large,1
amount,1
et,1
station,1
narrow,1
merely,1
attention,1
those,1
leave,1
then,1
loose,1
d,1
e,1
intolerance,1
avenge,1
our,1
whole,1
folly,1
produce,1
present,1
judge,1
come,1
book,1
rave,1
boob,1
