lemma,count
the,204
of,163
be,128
and,97
in,87
a,85
his,80
he,80
to,79
for,43
that,36
i,33
have,33
at,32
it,30
this,26
with,23
s,23
as,22
osier,22
on,22
one,21
man,20
which,19
him,18
but,16
great,16
not,15
year,15
medical,13
say,13
there,13
who,13
from,13
an,12
life,12
medicine,11
all,11
by,11
so,10
come,10
william,10
t,10
work,9
know,9
when,9
make,9
do,9
revere,8
old,8
sir,8
get,8
write,8
period,7
these,7
than,7
upon,7
what,7
go,7
time,7
take,7
those,7
into,7
book,7
they,7
its,6
would,6
member,6
reader,6
world,6
friend,6
love,6
good,6
other,6
two,6
bear,6
age,6
you,5
call,5
british,5
before,5
student,5
read,5
them,5
school,5
her,5
first,5
my,5
professional,5
home,5
name,5
way,5
many,5
only,5
oxford,5
or,5
back,5
america,5
we,5
dr,5
church,4
although,4
after,4
soon,4
she,4
must,4
put,4
more,4
public,4
become,4
see,4
if,4
ideal,4
health,4
textbook,4
new,4
out,4
during,4
johns,4
day,4
well,4
mr,4
could,4
library,4
himself,4
hospital,4
never,4
university,4
own,4
l,4
should,4
baltimore,4
until,3
wife,3
friendship,3
die,3
need,3
now,3
teach,3
montreal,3
rare,3
last,3
head,3
general,3
spend,3
here,3
m,3
lie,3
physician,3
e,3
keep,3
mind,3
child,3
f,3
england,3
peace,3
bring,3
return,3
word,3
shadow,3
practice,3
activity,3
eminence,3
later,3
up,3
through,3
publish,3
win,3
no,3
their,3
large,3
father,3
fix,3
such,3
whom,3
think,3
leave,3
sixty,3
chloroform,3
harvey,3
biography,3
colleague,3
service,3
rockefeller,3
influence,3
while,3
career,3
teacher,3
enter,3
part,3
johnson,3
can,3
remarkable,3
some,3
army,3
above,3
three,3
prevention,3
little,3
early,3
carry,3
france,2
d,2
power,2
week,2
hard,2
r,2
revolution,2
talent,2
capacity,2
once,2
place,2
toronto,2
month,2
cause,2
like,2
howard,2
second,2
kill,2
science,2
today,2
microscope,2
dead,2
mean,2
less,2
remark,2
honor,2
blow,2
often,2
fin,2
distinguished,2
me,2
because,2
room,2
hearted,2
happen,2
endure,2
few,2
useless,2
really,2
humanity,2
different,2
boston,2
idea,2
cure,2
literature,2
thing,2
principle,2
start,2
uselessness,2
anthony,2
begin,2
how,2
reputation,2
treatment,2
forty,2
study,2
address,2
w,2
whimsical,2
open,2
pioneer,2
edition,2
correspondence,2
tuberculosis,2
house,2
constantly,2
increase,2
addition,2
philadelphia,2
paul,2
page,2
profession,2
smallpox,2
trollope,2
fall,2
about,2
slap,2
genius,2
teaching,2
therein,2
ward,2
forget,2
spirit,2
tail,2
hope,2
indeed,2
bedside,2
clinical,2
bu,2
feel,2
lady,2
club,2
charm,2
admirable,2
visit,2
remain,2
college,2
son,2
clinician,2
edward,2
energy,2
delightful,2
academic,2
autopsy,2
professor,2
full,2
lecture,2
fly,2
find,2
memory,2
modern,2
real,2
history,2
merely,2
hundred,2
end,2
gay,2
black,2
though,2
course,2
realize,2
young,2
volume,2
remember,2
give,2
alone,2
outline,2
live,2
record,2
copy,2
much,2
press,2
light,2
color,2
o,2
labor,2
contemporary,2
figure,2
attribute,2
object,2
will,2
letter,2
breathless,2
generation,2
spit,2
most,2
brief,2
ellen,2
namely,2
paper,2
near,2
tell,2
seventy,2
incident,2
luncheon,2
difficult,2
portrait,2
especially,2
rev,2
c,2
med,2
far,2
field,2
true,2
ir,2
value,2
ought,1
occur,1
obsession,1
harmless,1
post,1
medici,1
statement,1
reluctant,1
send,1
around,1
judge,1
constant,1
farewell,1
tn,1
companion,1
fifty,1
apocryphal,1
incalculable,1
sometimes,1
unveiling,1
drop,1
sexagenarian,1
bridge,1
plot,1
hinge,1
statue,1
scheme,1
retire,1
direct,1
contemplation,1
peaceful,1
whether,1
dubious,1
short,1
garble,1
account,1
usage,1
ancient,1
advantage,1
practical,1
bering,1
important,1
problem,1
comparative,1
whose,1
chair,1
benefit,1
commercial,1
political,1
stop,1
charming,1
novel,1
browne,1
thoma,1
discuss,1
exalt,1
concern,1
invitation,1
fever,1
vision,1
diverse,1
inimitable,1
tabloid,1
clear,1
wide,1
host,1
founding,1
furnish,1
already,1
existence,1
society,1
rejuvenate,1
collect,1
incunabula,1
body,1
abroad,1
malaria,1
typhoid,1
literally,1
trudeau,1
frederick,1
gate,1
john,1
hint,1
staff,1
reveal,1
matter,1
attention,1
result,1
institute,1
research,1
encircle,1
globe,1
indefinitely,1
foot,1
ms,1
noble,1
innumerable,1
imprint,1
literary,1
respond,1
darn,1
marry,1
departure,1
mankind,1
majority,1
vest,1
franklin,1
street,1
maiden,1
grace,1
framed,1
granddaughter,1
resist,1
edinburgh,1
unable,1
behind,1
continue,1
half,1
momentous,1
finish,1
delightfully,1
detachment,1
mile,1
distant,1
impel,1
reviewer,1
flag,1
youth,1
perspective,1
urge,1
believe,1
both,1
person,1
amiss,1
widow,1
apply,1
gross,1
hale,1
happy,1
utter,1
van,1
bronze,1
rugged,1
unscathed,1
again,1
arrow,1
slacken,1
flight,1
newly,1
heavily,1
scene,1
clarendon,1
pp,1
hero,1
fighting,1
common,1
illustrate,1
tender,1
astor,1
transplant,1
junior,1
our,1
redouble,1
rest,1
studious,1
quiet,1
wale,1
minimization,1
war,1
change,1
everything,1
triumph,1
walton,1
title,1
universal,1
provider,1
dread,1
lad,1
boy,1
fishing,1
izaak,1
yon,1
beloved,1
ever,1
smile,1
fatal,1
follow,1
illness,1
play,1
speech,1
doctor,1
cheer,1
depart,1
nurse,1
pneumonia,1
servant,1
laboratory,1
optimistic,1
dec,1
ad,1
intend,1
habitual,1
delighted,1
ls,1
stricken,1
then,1
same,1
shall,1
wonder,1
propagandist,1
yes,1
confine,1
news,1
heart,1
break,1
sob,1
list,1
us,1
sad,1
tremulous,1
hand,1
beneath,1
firmly,1
proudly,1
waiting,1
hour,1
coveted,1
mask,1
money,1
panel,1
fireplace,1
contain,1
couple,1
create,1
project,1
require,1
spending,1
subscribe,1
response,1
sit,1
lightly,1
baronetcy,1
confer,1
disturb,1
accustom,1
poise,1
prank,1
ceaselessly,1
toast,1
react,1
lead,1
sorrow,1
lear,1
arouse,1
storm,1
protest,1
pursue,1
temperament,1
reckon,1
garden,1
duty,1
occasion,1
fill,1
fur,1
arm,1
norwich,1
quaint,1
custom,1
dart,1
staid,1
tile,1
hunting,1
capital,1
decide,1
property,1
intersperse,1
revision,1
occasional,1
vacation,1
serene,1
foreign,1
paris,1
stand,1
rome,1
egypt,1
brain,1
dusting,1
reality,1
changed,1
rummage,1
shop,1
ly,1
umbrella,1
recognize,1
nestor,1
pick,1
your,1
where,1
every,1
look,1
personal,1
almost,1
special,1
another,1
over,1
atmosphere,1
undignified,1
secretly,1
insert,1
bulky,1
coat,1
picket,1
lean,1
preface,1
therapeutic,1
seriously,1
reprint,1
margin,1
count,1
les,1
note,1
pioneering,1
memorandum,1
lake,1
thus,1
nine,1
always,1
family,1
p,1
sou,1
was,1
appraisal,1
july,1
mater,1
ontario,1
scribble,1
throughout,1
long,1
hon,1
cornwall,1
biology,1
native,1
clergyman,1
use,1
wise,1
ed,1
even,1
foster,1
knowledge,1
tradition,1
sow,1
hippocratic,1
oath,1
woman,1
curate,1
art,1
observe,1
bond,1
concentration,1
enforce,1
repose,1
any,1
thence,1
active,1
combined,1
potency,1
escape,1
feeling,1
pub,1
measure,1
prefer,1
ge,1
sooner,1
ave,1
patient,1
flit,1
dedication,1
secret,1
language,1
optimist,1
motto,1
pod,1
magnetism,1
draw,1
hold,1
thee,1
unbroken,1
among,1
animator,1
able,1
ill,1
temporary,1
without,1
peer,1
organizer,1
patience,1
fleeting,1
purpose,1
natural,1
interest,1
develop,1
emerge,1
except,1
perhaps,1
remainder,1
tyranny,1
hickory,1
expose,1
themselves,1
chickenpox,1
people,1
sent,1
bern,1
housekeeper,1
celt,1
arrest,1
chum,1
lock,1
lively,1
contact,1
harm,1
clever,1
athletic,1
fortuitous,1
environment,1
fit,1
leaching,1
premier,1
devote,1
ancestry,1
amply,1
testify,1
sm,1
handsome,1
pierce,1
hi,1
auspicious,1
blanket,1
lithe,1
graceful,1
witty,1
pretty,1
london,1
satisfied,1
arthur,1
royal,1
apprentice,1
saxon,1
attend,1
jame,1
anglo,1
act,1
preceptor,1
broad,1
eyed,1
palm,1
gray,1
stocky,1
reserved,1
latter,1
io,1
navy,1
andi,1
pail,1
want,1
slop,1
jail,1
dark,1
defend,1
small,1
brother,1
reprimand,1
scholarly,1
cost,1
adventurous,1
action,1
owe,1
male,1
success,1
ft,1
serve,1
several,1
hook,1
wing,1
rice,1
devotion,1
scientific,1
treatise,1
reverence,1
promulgate,1
sweep,1
reach,1
deep,1
wherever,1
present,1
something,1
foresee,1
establish,1
fateful,1
unusual,1
dedicate,1
stress,1
truth,1
inspire,1
pretense,1
also,1
crusade,1
notable,1
city,1
painful,1
experience,1
plague,1
finally,1
community,1
el,1
grow,1
steadily,1
decade,1
j,1
invite,1
pennsylvania,1
accept,1
toss,1
coin,1
memoir,1
tone,1
disease,1
sympathetic,1
appearance,1
characterize,1
exponent,1
development,1
nihilism,1
attitude,1
incite,1
search,1
layman,1
select,1
summer,1
reading,1
outcome,1
vol,1
romance,1
ultimate,1
evaluation,1
set,1
designate,1
limit,1
cabot,1
self,1
conclusion,1
independent,1
ailment,1
seven,1
deplore,1
drenching,1
arrive,1
single,1
drug,1
u,1
opinion,1
nursing,1
inspiration,1
courage,1
since,1
acute,1
malady,1
tory,1
charge,1
lot,1
thousand,1
wonderful,1
yard,1
herein,1
trait,1
cosmopolitan,1
compose,1
dispute,1
difference,1
high,1
just,1
unity,1
concord,1
pupil,1
cm,1
together,1
heavy,1
meet,1
humanist,1
pg,1
graduate,1
sense,1
al,1
may,1
convey,1
particularly,1
lest,1
recital,1
gain,1
impression,1
cal,1
amazement,1
seem,1
fitting,1
quote,1
h,1
garrison,1
very,1
inform,1
recently,1
mi,1
ten,1
volunteer,1
describe,1
prodigious,1
recover,1
author,1
hos,1
institution,1
lay,1
foundation,1
subsequent,1
brilliant,1
character,1
morbid,1
anatomist,1
thirteen,1
personality,1
itself,1
po,1
attempt,1
pathologist,1
chiefly,1
class,1
add,1
europe,1
opportunity,1
essence,1
quality,1
paint,1
lecturer,1
institutes,1
term,1
ingrain,1
type,1
ordinarily,1
dry,1
final,1
attractive,1
delight,1
twelve,1
simplicity,1
