lemma,count
the,124
be,80
of,76
and,76
in,69
a,68
to,41
have,27
that,25
not,25
she,23
it,21
with,17
as,17
one,17
s,17
for,16
all,15
they,14
do,14
at,14
her,13
his,13
lady,13
ward,13
mrs,13
man,12
life,12
we,12
or,12
but,12
on,11
by,11
who,11
merton,11
from,10
so,9
their,8
an,8
come,8
them,8
problem,8
where,8
there,8
england,7
i,7
can,7
novel,7
like,7
this,6
country,6
canadian,6
no,6
father,6
he,6
old,5
which,5
most,5
here,5
its,5
love,5
bear,5
new,5
george,5
anderson,5
own,5
any,5
marriage,5
great,5
woman,5
such,5
would,5
know,5
when,5
say,5
home,5
could,5
write,5
make,4
forget,4
time,4
into,4
live,4
tale,4
nothing,4
thing,4
story,4
now,4
may,4
should,4
after,4
english,4
show,3
ghost,3
ton,3
spirit,3
queen,3
deal,3
him,3
poet,3
only,3
about,3
even,3
dewy,3
fall,3
you,3
god,3
your,3
consider,3
type,3
northwest,3
sing,3
us,3
tho,3
fault,3
then,3
toward,3
englishwoman,3
through,3
up,3
give,3
u,3
way,3
death,3
become,3
et,3
nature,3
prove,3
hold,3
leave,3
marie,3
sand,3
seriously,3
antoinette,3
america,3
level,3
pass,3
colonist,3
canada,3
too,3
year,3
africa,2
future,2
carry,2
meet,2
marry,2
some,2
portrait,2
call,2
order,2
tree,2
produce,2
hand,2
serious,2
doubtless,2
will,2
just,2
brother,2
shepherdess,2
lake,2
mountain,2
interesting,2
young,2
gentleman,2
boy,2
discuss,2
set,2
join,2
fine,2
reason,2
hunt,2
soon,2
tell,2
strange,2
land,2
take,2
congress,2
gang,2
rob,2
bis,2
fairy,2
force,2
still,2
ancestor,2
unexpected,2
distinction,2
quiet,2
work,2
o,2
themselves,2
grave,2
moment,2
critic,2
walk,2
husband,2
aristocrat,2
cultured,2
cottage,2
west,2
adventure,2
civilization,2
break,2
upon,2
noble,2
plebeian,2
sit,2
fact,2
freedom,2
manner,2
feel,2
cold,2
illusion,2
round,2
little,2
always,2
present,2
discontent,2
never,2
provide,2
morning,2
able,2
two,2
find,2
move,2
yesterday,2
wife,2
eighteenth,2
century,2
east,2
must,2
band,2
novelist,2
try,2
greek,2
many,2
grant,2
rare,2
our,2
admirably,2
since,2
represent,2
modern,2
simple,2
alive,2
well,2
good,1
k,1
ts,1
odd,1
disappointing,1
custom,1
certificate,1
something,1
fifty,1
book,1
attitude,1
est,1
decorum,1
destiny,1
tea,1
search,1
anybody,1
successfully,1
strong,1
rigorous,1
case,1
nearly,1
occasionally,1
tn,1
beautifully,1
ability,1
efficiency,1
tour,1
birth,1
mayflower,1
brow,1
spell,1
absurdly,1
section,1
high,1
forever,1
murmur,1
earth,1
r,1
sun,1
smite,1
people,1
river,1
himself,1
l,1
outdo,1
april,1
much,1
wonderful,1
right,1
melton,1
authority,1
condemn,1
enough,1
myself,1
let,1
depend,1
till,1
win,1
loss,1
spiritual,1
without,1
democratic,1
interested,1
require,1
homer,1
qualify,1
parent,1
need,1
number,1
ineffectiveness,1
same,1
seem,1
every,1
futility,1
arithmetically,1
count,1
horse,1
breeder,1
tame,1
minister,1
inquire,1
bacon,1
mean,1
noise,1
tim,1
date,1
name,1
steerage,1
passage,1
moon,1
half,1
fitting,1
snip,1
arc,1
whether,1
think,1
western,1
begin,1
italian,1
look,1
respectful,1
silence,1
bellini,1
saskatchewan,1
heaven,1
why,1
possibly,1
hers,1
understand,1
happily,1
ever,1
realistic,1
kind,1
bo,1
town,1
beloved,1
backwood,1
elizabeth,1
solve,1
caricature,1
jesse,1
jame,1
finally,1
overlook,1
bed,1
insist,1
wedding,1
genoa,1
teach,1
very,1
pale,1
experience,1
sad,1
formal,1
reach,1
mail,1
necessary,1
exile,1
foolish,1
down,1
impossible,1
m,1
except,1
possibility,1
disillusionment,1
miller,1
few,1
none,1
remind,1
those,1
between,1
forty,1
either,1
moot,1
pocket,1
apologist,1
roll,1
conveniently,1
balzac,1
system,1
eye,1
feudal,1
start,1
disappointment,1
premise,1
boob,1
indeed,1
construct,1
situation,1
relic,1
sustain,1
train,1
create,1
recently,1
hero,1
diverse,1
beg,1
fundamentally,1
pardon,1
society,1
constitute,1
character,1
andersen,1
circumstance,1
together,1
portrayal,1
earnest,1
american,1
reader,1
careful,1
temperament,1
lack,1
unnamed,1
consuelo,1
mer,1
stop,1
however,1
lead,1
fever,1
blood,1
t,1
incapable,1
passion,1
merely,1
distraction,1
convalescing,1
dear,1
encounter,1
representative,1
entirely,1
exist,1
pacific,1
mining,1
expand,1
plan,1
montana,1
son,1
past,1
drop,1
dead,1
excitement,1
turn,1
shoot,1
police,1
study,1
hod,1
prevent,1
loot,1
camp,1
idyllic,1
pure,1
nevada,1
melodramatic,1
villain,1
whose,1
honeymoon,1
stage,1
drunken,1
stupor,1
epilogue,1
fire,1
burn,1
four,1
daughter,1
criminal,1
record,1
yukon,1
tack,1
panel,1
dissenter,1
duo,1
wooden,1
crook,1
evening,1
park,1
faint,1
hope,1
uncharitable,1
de,1
fit,1
essentially,1
pastoral,1
cataclysm,1
befell,1
cut,1
off,1
if,1
tor,1
shape,1
diadem,1
jewel,1
bath,1
winter,1
hat,1
austrian,1
dull,1
royal,1
tired,1
lofty,1
coiffure,1
lacing,1
don,1
smock,1
flower,1
hair,1
empty,1
instead,1
send,1
temple,1
value,1
angel,1
bench,1
pope,1
disturb,1
universal,1
harmony,1
world,1
child,1
cease,1
disappointed,1
drift,1
caucasus,1
gravitate,1
klondike,1
south,1
browning,1
dignity,1
guillotine,1
another,1
hill,1
happy,1
impunity,1
peasant,1
chimney,1
corner,1
often,1
rule,1
kingdom,1
sphere,1
deviate,1
proper,1
orbit,1
easily,1
quickly,1
marvel,1
matter,1
diderot,1
dismiss,1
schoolboy,1
wonder,1
hour,1
appear,1
serial,1
form,1
believe,1
france,1
widely,1
read,1
earnestly,1
important,1
fiction,1
what,1
shall,1
therefore,1
virtue,1
fond,1
certainly,1
morrow,1
keynote,1
premier,1
suggest,1
feudalism,1
overthrow,1
christian,1
gauss,1
digger,1
hamlet,1
feeling,1
business,1
pause,1
before,1
judgment,1
use,1
dress,1
plunge,1
stand,1
had,1
chat,1
immortality,1
philosopher,1
escape,1
everlasting,1
candlelight,1
rise,1
early,1
once,1
real,1
bare,1
foot,1
grass,1
equivalent,1
fan,1
piece,1
dairymaid,1
away,1
complex,1
laud,1
relief,1
sensation,1
under,1
hundred,1
branched,1
candelabra,1
green,1
gaming,1
table,1
low,1
hum,1
voice,1
flick,1
these,1
nook,1
oh,1
tudor,1
original,1
place,1
overhead,1
uneven,1
stuccoed,1
ceiling,1
pattern,1
rose,1
chance,1
holbein,1
romney,1
girl,1
black,1
gray,1
twilight,1
d,1
ago,1
collect,1
agate,1
crystal,1
cordovan,1
leather,1
fill,1
beautiful,1
cabinet,1
lacquer,1
oriental,1
carpet,1
carve,1
chair,1
luxurious,1
sofa,1
gleam,1
silver,1
rock,1
pasture,1
soft,1
than,1
landscape,1
upland,1
cumberland,1
church,1
embower,1
lichen,1
farm,1
generation,1
die,1
soil,1
summer,1
leaf,1
air,1
squire,1
farmer,1
unborn,1
wood,1
animal,1
sleep,1
keep,1
store,1
haunt,1
ancient,1
peace,1
raw,1
untamed,1
la,1
rear,1
wall,1
roof,1
timber,1
put,1
cooking,1
sewing,1
bake,1
stamp,1
room,1
disorder,1
married,1
officer,1
letta,1
widow,1
shortly,1
nob,1
le,1
refine,1
womanhood,1
best,1
how,1
draw,1
full,1
inherit,1
european,1
culture,1
army,1
aristocracy,1
italy,1
practically,1
precisely,1
fate,1
each,1
single,1
soul,1
cinderella,1
course,1
more,1
acute,1
somewhat,1
exaggerated,1
statement,1
fundamental,1
involve,1
term,1
appreciate,1
music,1
drudgery,1
intention,1
trip,1
rockie,1
sudden,1
face,1
settle,1
tenderly,1
nurture,1
tradition,1
house,1
everything,1
run,1
wheel,1
servant,1
everybody,1
post,1
invite,1
archaeological,1
art,1
flit,1
poetry,1
acquaint,1
member,1
parliament,1
les,1
duchess,1
tintoretto,1
open,1
receive,1
pleasure,1
suit,1
engage,1
translate,1
mad,1
spend,1
magazine,1
