lemma,count
the,134
be,84
of,76
and,72
a,59
to,44
have,30
that,29
in,27
it,24
i,23
with,20
or,18
by,18
his,16
on,16
s,14
he,14
from,13
mr,13
not,12
one,11
l,11
their,11
as,11
t,11
for,11
which,10
we,10
its,10
well,10
when,10
tile,9
will,9
all,9
at,8
they,8
do,7
there,7
mind,7
an,7
dream,7
o,6
make,5
even,5
e,5
r,5
ill,5
go,5
no,5
body,5
thing,5
my,5
new,5
into,5
learn,5
story,5
book,4
f,4
us,4
know,4
class,4
may,4
our,4
time,4
life,4
than,4
who,4
other,4
face,4
man,4
her,4
ask,4
would,4
work,4
say,4
afraid,4
none,3
race,3
d,3
future,3
b,3
memory,3
m,3
up,3
again,3
own,3
use,3
real,3
past,3
still,3
only,3
expect,3
those,3
word,3
follow,3
year,3
so,3
any,3
england,3
firefly,3
harry,3
n,3
like,3
series,3
these,3
turn,3
some,3
dawn,3
clear,3
what,3
two,3
great,3
through,3
never,3
explain,3
this,3
today,3
him,3
girl,3
far,3
force,3
boy,3
way,2
welcome,2
night,2
suggestive,2
eat,2
where,2
find,2
disease,2
sheer,2
ha,2
th,2
fa,2
en,2
yon,2
ruin,2
mate,2
upon,2
whole,2
about,2
radiant,2
rather,2
community,2
willow,2
terrible,2
very,2
lie,2
lover,2
prayer,2
fanny,2
mortimer,2
piano,2
fear,2
right,2
law,2
education,2
rearrangement,2
too,2
middle,2
fact,2
age,2
daily,2
long,2
name,2
pamper,2
lead,2
religion,2
c,2
father,2
attack,2
length,2
more,2
also,2
kitchen,2
child,2
little,2
picture,2
v,2
early,2
same,2
if,2
however,2
pass,2
write,2
you,2
tell,2
process,2
day,2
arden,2
leave,2
comment,2
page,2
round,2
then,2
w,2
out,2
country,2
but,2
feel,2
such,2
every,2
shabby,2
first,2
sea,2
head,2
g,2
mother,2
look,2
low,2
religious,2
intellectual,2
people,2
perhaps,2
always,2
break,2
high,2
seem,2
science,2
character,2
ore,2
vivid,2
off,2
grow,2
h,2
fruitful,2
air,2
already,2
writer,2
most,2
yet,2
few,2
view,2
himself,2
reach,2
contemporary,2
between,2
present,2
muddle,2
contrast,2
sense,2
see,2
author,2
fair,2
novel,2
utopia,2
review,2
york,2
whom,2
hg,2
nd,2
guide,1
map,1
ll,1
howling,1
hand,1
arid,1
possibility,1
die,1
ty,1
shall,1
second,1
field,1
hymn,1
fuss,1
unison,1
sing,1
six,1
fascinating,1
chant,1
wireless,1
gentle,1
ow,1
ne,1
inevitably,1
meek,1
ram,1
call,1
cherry,1
buy,1
war,1
appetite,1
provoking,1
grudge,1
remain,1
enjoy,1
announce,1
iv,1
sumac,1
everything,1
glimpse,1
professor,1
perfunctory,1
epoch,1
dither,1
bu,1
suppose,1
repeat,1
stretch,1
k,1
re,1
united,1
state,1
luxury,1
averse,1
anti,1
mild,1
timidly,1
wood,1
haldane,1
ward,1
another,1
hold,1
slide,1
incredibly,1
lure,1
bread,1
ed,1
week,1
ago,1
publication,1
tomorrow,1
thy,1
haloed,1
leaven,1
shortly,1
lu,1
publish,1
here,1
ayer,1
p,1
begin,1
refer,1
footpath,1
co,1
public,1
j,1
reverence,1
ts,1
caricature,1
positive,1
al,1
childish,1
te,1
knowledge,1
philological,1
three,1
exegesis,1
unaided,1
mongol,1
tackle,1
grown,1
similar,1
them,1
childhood,1
recall,1
poison,1
bitterly,1
yell,1
me,1
scold,1
butter,1
waist,1
russell,1
bertrand,1
icarus,1
matter,1
curtain,1
lout,1
attempt,1
herd,1
crystal,1
blame,1
lt,1
good,1
puzzle,1
can,1
hardly,1
praise,1
naturally,1
express,1
less,1
sagas,1
reassertion,1
formula,1
become,1
old,1
sober,1
world,1
drunk,1
either,1
moment,1
rate,1
behave,1
imagine,1
fast,1
enough,1
scientific,1
spirited,1
act,1
habit,1
inhibition,1
congeal,1
murder,1
outside,1
pal,1
sky,1
maybe,1
fire,1
beginning,1
spin,1
open,1
awhile,1
silent,1
sit,1
thread,1
while,1
webs,1
squalor,1
objection,1
gather,1
beautiful,1
forget,1
ridden,1
gossamer,1
weave,1
together,1
until,1
divorce,1
intricacy,1
restore,1
elucidation,1
indignation,1
understand,1
reincarnate,1
imagination,1
instructive,1
punctuate,1
impatient,1
ignorance,1
continue,1
uncle,1
vertiginous,1
per,1
thous,1
fell,1
result,1
emancipate,1
question,1
amazed,1
offer,1
nearly,1
throughout,1
nothing,1
device,1
clever,1
quotation,1
shove,1
common,1
school,1
draw,1
rich,1
america,1
cave,1
competitive,1
differently,1
realism,1
fantasy,1
general,1
vital,1
boyish,1
pretty,1
mass,1
recrimination,1
storm,1
dirty,1
meet,1
chance,1
superstition,1
uncharted,1
butcher,1
pork,1
match,1
prospective,1
merely,1
portent,1
countryside,1
heart,1
heir,1
district,1
urban,1
suchlike,1
cancer,1
tumor,1
shy,1
herald,1
sm,1
accident,1
bear,1
laggard,1
spring,1
thaw,1
possible,1
afterward,1
instruction,1
wind,1
ann,1
son,1
daughter,1
god,1
serene,1
philosopher,1
rove,1
rain,1
exhilaration,1
naked,1
robust,1
death,1
q,1
prevent,1
elemental,1
peril,1
lug,1
nine,1
lake,1
italian,1
since,1
christian,1
chronology,1
haler,1
simply,1
z,1
ears,1
ahead,1
armageddon,1
attain,1
choose,1
group,1
joyous,1
bosom,1
once,1
lightning,1
fe,1
original,1
model,1
wine,1
bowl,1
gt,1
moor,1
canoe,1
settlement,1
woman,1
clay,1
kr,1
delight,1
disc,1
behind,1
ga,1
tunnel,1
molder,1
rebuild,1
honey,1
fruit,1
ly,1
towards,1
dark,1
hereafter,1
drive,1
specialist,1
worker,1
sympathetic,1
nerve,1
starlight,1
sister,1
electrician,1
expert,1
educate,1
rest,1
lush,1
asphodel,1
acre,1
strikingly,1
remember,1
repetition,1
condition,1
mood,1
teller,1
inventor,1
lack,1
variety,1
plot,1
big,1
del,1
position,1
unique,1
shaw,1
chesterton,1
belong,1
u,1
trilogy,1
largely,1
hypothesis,1
thinker,1
bleak,1
entitle,1
rearrange,1
notion,1
henry,1
stuart,1
pp,1
near,1
macmillan,1
company,1
incorrigible,1
optimist,1
wish,1
correct,1
toward,1
particularly,1
cursory,1
english,1
former,1
human,1
perfectibility,1
beyond,1
nose,1
ream,1
certain,1
tempe,1
odium,1
many,1
letter,1
before,1
doe,1
conviction,1
hitherto,1
indulge,1
vehicle,1
reincarnation,1
bait,1
dance,1
compromise,1
poor,1
seek,1
stir,1
value,1
violently,1
shift,1
antiquity,1
prosper,1
indefinite,1
continuance,1
how,1
distance,1
humanity,1
adroit,1
tempt,1
complacency,1
failure,1
thin,1
tar,1
les,1
fine,1
gesture,1
tinsel,1
sword,1
flame,1
across,1
bar,1
absorb,1
prejudice,1
power,1
show,1
sign,1
flag,1
oar,1
much,1
vella,1
aside,1
put,1
gate,1
forbidden,1
method,1
foresee,1
hy,1
dint,1
milieu,1
inspire,1
ever,1
retrospective,1
shudder,1
ting,1
sentimental,1
contact,1
love,1
land,1
beau,1
lower,1
masquer,1
away,1
deliver,1
thai,1
logical,1
rolland,1
french,1
must,1
estimate,1
lucre,1
reincarnated,1
principle,1
smith,1
unending,1
tea,1
table,1
underground,1
swarm,1
cockroach,1
monumental,1
instead,1
tradition,1
revel,1
confused,1
biological,1
tawdry,1
furnishing,1
dust,1
cobwebs,1
lurk,1
obscure,1
assault,1
sordid,1
live,1
million,1
content,1
true,1
space,1
acquaintance,1
need,1
cloud,1
ground,1
tragic,1
scratch,1
arm,1
poisoned,1
rubbish,1
fevered,1
back,1
doubly,1
blindly,1
over,1
roam,1
polly,1
kipp,1
young,1
home,1
county,1
grim,1
dose,1
subtly,1
sentiment,1
rally,1
fall,1
generation,1
visit,1
handle,1
implement,1
st,1
curiosity,1
slightly,1
pity,1
sensibility,1
excavator,1
experience,1
pompeii,1
golden,1
whose,1
hill,1
down,1
commitment,1
development,1
place,1
serious,1
ardent,1
dreamy,1
family,1
huckster,1
dishonest,1
ragged,1
edge,1
bankruptcy,1
sombre,1
evangelical,1
fist,1
hit,1
enforce,1
previous,1
cockney,1
ir,1
holidaymaker,1
song,1
lark,1
ear,1
northward,1
southward,1
london,1
black,1
smudge,1
smoke,1
horizon,1
stage,1
drama,1
play,1
familial,1
later,1
