lemma,count
the,58
to,23
of,21
that,20
and,20
be,19
his,15
have,15
he,14
a,14
in,13
it,13
for,9
at,8
as,8
than,6
storm,6
center,5
but,5
stevenson,5
an,5
this,4
us,4
story,4
by,4
s,4
reader,4
with,4
all,4
plot,4
more,4
its,3
what,3
old,3
do,3
express,3
train,3
mr,3
leave,3
american,3
only,3
one,3
give,3
him,3
on,3
let,3
warning,3
once,3
e,3
if,3
too,2
age,2
indicate,2
start,2
thick,2
archaeologist,2
boat,2
after,2
way,2
part,2
party,2
move,2
roman,2
into,2
add,2
author,2
hardly,2
page,2
continue,2
or,2
lay,2
interest,2
city,2
beauty,2
far,2
message,2
home,2
africa,2
first,2
prosaic,2
romance,2
aim,2
not,2
which,2
end,2
away,2
himself,2
character,2
from,2
new,2
novel,2
out,2
burton,2
chief,2
itself,1
imperial,1
even,1
rival,1
their,1
certain,1
promise,1
building,1
plan,1
famous,1
oasis,1
where,1
treasury,1
informative,1
suave,1
announce,1
reach,1
remain,1
rich,1
occupation,1
assistant,1
run,1
attractive,1
explore,1
tunis,1
algeria,1
general,1
great,1
opulent,1
above,1
lift,1
follow,1
those,1
overthrow,1
about,1
carthage,1
woe,1
scientist,1
intention,1
air,1
bare,1
academic,1
study,1
bury,1
racy,1
mainspring,1
treasure,1
among,1
threaten,1
veiled,1
lust,1
appeal,1
some,1
romantic,1
ring,1
grandeur,1
i,1
et,1
unusual,1
actor,1
loot,1
swiftly,1
drama,1
stand,1
algerian,1
allure,1
power,1
mab,1
foot,1
wealth,1
fair,1
p,1
death,1
ne,1
conversation,1
unsportsmanlike,1
caesar,1
prospect,1
morel,1
mystery,1
course,1
flag,1
never,1
workmanlike,1
combine,1
reviewer,1
would,1
so,1
weave,1
concern,1
detract,1
rather,1
pattern,1
pleasure,1
colored,1
prospective,1
highly,1
merely,1
unique,1
thread,1
join,1
enjoyment,1
african,1
objective,1
introduce,1
automatically,1
fire,1
change,1
government,1
holiday,1
thus,1
force,1
upon,1
decide,1
spend,1
sail,1
across,1
mediterranean,1
lie,1
ignore,1
usual,1
preliminary,1
process,1
whereby,1
thicken,1
make,1
succeed,1
emphasis,1
quickly,1
comparative,1
then,1
moment,1
history,1
past,1
bizarre,1
pp,1
york,1
mead,1
co,1
true,1
take,1
completely,1
every,1
day,1
existence,1
transport,1
environment,1
accomplish,1
france,1
very,1
literally,1
well,1
could,1
unromantic,1
meet,1
hero,1
attach,1
foreign,1
consular,1
service,1
being,1
onward,1
compelling,1
sweep,1
late,1
respond,1
fascination,1
fellow,1
traveler,1
uncommonly,1
beautiful,1
woman,1
necessity,1
watch,1
step,1
off,1
iv,1
fiction,1
breathless,1
reward,1
mysterious,1
charmer,1
intend,1
hi,1
second,1
come,1
same,1
fatal,1
also,1
secure,1
definite,1
rea,1
no,1
superlative,1
almost,1
board,1
overcrowded,1
when,1
find,1
literal,1
stranger,1
up,1
scat,1
now,1
vacant,1
young,1
realize,1
oblige,1
our,1
stronger,1
desire,1
escape,1
scarcely,1
tell,1
stop,1
conclude,1
persist,1
die,1
heed,1
we,1
should,1
thriller,1
