lemma,count
the,61
of,48
be,36
a,27
in,22
and,22
to,19
it,18
psychology,14
have,12
prof,11
tile,11
as,10
soul,9
on,9
for,8
but,8
not,8
his,7
which,7
study,7
do,6
our,6
with,6
textbook,5
work,5
result,5
s,5
this,5
t,5
problem,4
most,4
than,4
that,4
he,4
we,4
mental,4
self,4
an,4
book,4
by,4
life,3
leave,3
m,3
only,3
one,3
who,3
possible,3
d,3
i,3
new,3
such,3
from,3
little,3
so,3
give,3
will,3
object,2
th,2
all,2
ask,2
long,2
or,2
its,2
concern,2
ia,2
experience,2
other,2
ha,2
section,2
important,2
begin,2
without,2
ill,2
till,2
ideal,2
q,2
purposive,2
conceive,2
generosity,2
outline,2
truth,2
individual,2
understanding,2
information,2
us,2
ben,2
le,2
more,2
how,2
student,2
direction,2
no,2
doe,2
social,2
o,2
many,2
science,2
enough,2
good,2
discourse,2
any,2
hugo,2
her,2
style,2
research,2
apply,2
take,2
room,2
year,2
medicine,1
disappointing,1
es,1
sum,1
present,1
relation,1
practically,1
tar,1
alone,1
pioneer,1
c,1
field,1
law,1
ever,1
former,1
aspect,1
rd,1
pr,1
department,1
industry,1
var,1
education,1
uncritical,1
touch,1
public,1
group,1
too,1
word,1
f,1
neglect,1
inter,1
ts,1
haw,1
vast,1
should,1
tl,1
sch,1
genuine,1
question,1
person,1
u,1
fruit,1
entity,1
gustave,1
kernel,1
hold,1
ten,1
conclusion,1
sq,1
border,1
empty,1
brilliant,1
turn,1
subject,1
brain,1
sol,1
organ,1
lead,1
permit,1
wide,1
sweep,1
tim,1
knotty,1
read,1
rather,1
inquiry,1
desire,1
evolve,1
state,1
intent,1
award,1
approach,1
slow,1
deer,1
mineral,1
vocabulary,1
inexcusably,1
prolix,1
slate,1
toward,1
structure,1
prune,1
what,1
place,1
pure,1
rush,1
laboratory,1
far,1
authority,1
rich,1
case,1
throughout,1
unfortunate,1
aim,1
mark,1
popular,1
list,1
abstraction,1
broad,1
base,1
comp,1
ant,1
primarily,1
supplement,1
intensive,1
specific,1
w,1
sketch,1
immanuel,1
exposition,1
different,1
ether,1
forward,1
pen,1
tendency,1
modern,1
think,1
away,1
materialism,1
notoriously,1
averse,1
position,1
advanced,1
current,1
stream,1
first,1
formal,1
ample,1
discover,1
say,1
berg,1
system,1
remain,1
itself,1
develop,1
potential,1
act,1
real,1
world,1
conscious,1
free,1
immortal,1
marked,1
personality,1
accelerated,1
follow,1
scientific,1
general,1
york,1
appleton,1
co,1
early,1
day,1
literally,1
human,1
when,1
finally,1
admit,1
demand,1
exactitude,1
banish,1
vague,1
wisp,1
now,1
curiously,1
return,1
up,1
abode,1
beside,1
color,1
theory,1
association,1
natural,1
matter,1
reason,1
look,1
hilt,1
thorough,1
going,1
hy,1
end,1
always,1
sufficiently,1
dubious,1
io,1
x,1
ll,1
line,1
tearer,1
xe,1
bestow,1
helpful,1
may,1
lie,1
commendable,1
much,1
clarity,1
conjecture,1
enlarge,1
domain,1
g,1
ton,1
comprise,1
two,1
even,1
bar,1
let,1
postulate,1
physicist,1
fiction,1
must,1
seek,1
actual,1
side,1
causal,1
man,1
ila,1
pick,1
bit,1
great,1
confusion,1
consciousness,1
after,1
nothing,1
explain,1
bring,1
force,1
over,1
beauty,1
religion,1
morality,1
psychologist,1
amply,1
call,1
construction,1
aid,1
deplorable,1
