lemma,count
the,32
of,22
be,14
to,14
and,10
a,10
with,7
have,5
not,5
in,5
young,4
as,4
it,4
than,3
wife,3
will,3
his,3
that,3
much,3
by,3
all,2
who,2
when,2
hero,2
aylmer,2
marital,2
their,2
course,2
true,2
even,2
go,2
but,2
whose,2
her,2
good,2
way,2
situation,2
take,2
say,2
story,2
daughter,2
our,2
an,2
s,2
me,2
begin,2
work,2
old,2
new,2
tile,2
seem,1
thereto,1
though,1
expect,1
wise,1
give,1
matter,1
counsel,1
vision,1
do,1
incendiary,1
make,1
egg,1
really,1
on,1
thing,1
however,1
gravity,1
possible,1
only,1
hardly,1
blame,1
devoted,1
husband,1
for,1
strenuously,1
object,1
into,1
home,1
woman,1
most,1
evil,1
repute,1
ar,1
log,1
keep,1
end,1
care,1
fray,1
out,1
they,1
f,1
high,1
too,1
preaching,1
some,1
character,1
why,1
nave,1
purpose,1
general,1
vital,1
such,1
extraordinary,1
na,1
vivacious,1
original,1
enough,1
relieve,1
can,1
no,1
despite,1
sustain,1
himself,1
book,1
contribute,1
solution,1
problem,1
economic,1
or,1
strong,1
clear,1
clever,1
aside,1
lay,1
interest,1
well,1
one,1
praise,1
small,1
little,1
we,1
law,1
john,1
heroine,1
christian,1
son,1
t,1
early,1
bring,1
about,1
financial,1
ruin,1
result,1
insulting,1
death,1
become,1
elder,1
hide,1
love,1
run,1
more,1
sn,1
its,1
marriage,1
off,1
leave,1
fashion,1
hand,1
h,1
author,1
bread,1
pp,1
mo,1
cloth,1
york,1
re,1
co,1
so,1
often,1
happen,1
present,1
day,1
mrs,1
novel,1
where,1
those,1
under,1
less,1
ina,1
mill,1
naturally,1
follow,1
which,1
disturbance,1
confess,1
king,1
sympathy,1
incline,1
party,1
other,1
part,1
rather,1
soul,1
reprehensible,1
possess,1
great,1
patience,1
particularly,1
try,1
socialistic,1
trodden,1
trouble,1
down,1
ideal,1
rear,1
noble,1
puritan,1
father,1
clash,1
easy,1
hus,1
band,1
life,1
luxury,1
moral,1
business,1
ethic,1
distort,1
conscience,1
moreover,1
inspire,1
x,1
plain,1
