lemma,count
the,118
of,76
and,38
be,35
in,32
to,32
a,22
that,17
with,15
it,13
his,11
have,11
tho,10
which,9
by,9
our,9
at,9
for,9
american,8
war,8
author,7
so,7
s,7
he,6
book,6
bassett,6
professor,6
history,6
chapter,6
make,5
an,5
such,5
this,5
as,5
material,5
not,5
do,5
important,4
write,4
t,4
more,4
work,4
them,4
time,4
add,4
their,4
over,4
on,4
take,4
government,3
historian,3
attitude,3
follow,3
out,3
people,3
judicial,3
course,3
both,3
or,3
during,3
controversy,3
use,3
very,3
whose,3
year,3
conflict,3
quickly,3
most,3
who,3
much,3
must,3
historical,3
germany,3
upon,3
plan,3
diplomatic,3
many,3
country,3
party,3
up,3
conference,3
its,3
then,2
long,2
duo,2
w,2
deal,2
all,2
account,2
just,2
two,2
toward,2
submarine,2
if,2
good,2
publisher,2
same,2
language,2
sum,2
obtain,2
value,2
warfare,2
but,2
president,2
i,2
one,2
abuse,2
man,2
defeat,2
german,2
factor,2
violent,2
result,2
probably,2
her,2
see,2
brief,2
from,2
serious,2
fairly,2
however,2
when,2
devote,2
only,2
again,2
throughout,2
feeling,2
handle,2
describe,2
home,2
find,2
prepare,2
force,2
finally,2
peace,2
share,2
cover,2
skill,2
every,2
each,2
hold,2
give,2
great,2
york,2
example,1
costly,1
experiment,1
perhaps,1
tor,1
greatly,1
cost,1
plus,1
proofreader,1
let,1
machinery,1
contract,1
production,1
printer,1
seriously,1
distinction,1
fault,1
blame,1
excuse,1
stand,1
dollar,1
alone,1
than,1
precious,1
moment,1
deplorable,1
merit,1
adopt,1
method,1
wage,1
general,1
grow,1
tia,1
price,1
common,1
expenditure,1
private,1
haste,1
pitiless,1
personal,1
squabble,1
story,1
similar,1
say,1
defense,1
development,1
subsequent,1
light,1
throw,1
previous,1
quantity,1
widespread,1
impartiality,1
lark,1
true,1
treat,1
craftsman,1
fie,1
u,1
bitterness,1
interfere,1
accompany,1
after,1
also,1
continue,1
across,1
desire,1
get,1
misgiving,1
thing,1
speak,1
slackness,1
view,1
help,1
point,1
undertake,1
responsibility,1
huge,1
own,1
underrate,1
understand,1
us,1
quality,1
taking,1
troop,1
tr,1
l,1
debt,1
acknowledge,1
preface,1
recent,1
within,1
aware,1
fully,1
become,1
hay,1
responsible,1
character,1
source,1
appalling,1
capably,1
already,1
newspaper,1
extensive,1
due,1
pear,1
win,1
may,1
file,1
whoever,1
tit,1
making,1
blemish,1
somebody,1
english,1
d,1
carelessness,1
reading,1
obligation,1
feel,1
fail,1
can,1
contemporary,1
writer,1
copy,1
library,1
public,1
appear,1
proof,1
bind,1
spur,1
vital,1
france,1
operation,1
predicate,1
tabor,1
negotiation,1
error,1
last,1
while,1
water,1
glare,1
seem,1
without,1
ordinary,1
naval,1
cur,1
later,1
until,1
liar,1
fighting,1
volume,1
supply,1
service,1
p,1
cave,1
ifs,1
problem,1
vivid,1
countryman,1
es,1
meantime,1
mother,1
him,1
hop,1
through,1
effort,1
malt,1
skillfully,1
team,1
tongue,1
instance,1
double,1
drive,1
these,1
sentence,1
covenant,1
extraordinary,1
situation,1
space,1
define,1
attend,1
vent,1
preparation,1
world,1
fact,1
stunning,1
amazing,1
react,1
sensation,1
emotion,1
mind,1
reader,1
recreate,1
enable,1
en,1
effect,1
curly,1
introductory,1
contention,1
estimate,1
level,1
attempt,1
preserve,1
merely,1
status,1
cruiser,1
comply,1
promise,1
keep,1
february,1
g,1
month,1
nine,1
statement,1
judgment,1
impartial,1
e,1
admirably,1
full,1
arouse,1
protest,1
c,1
f,1
blockade,1
british,1
anti,1
balance,1
section,1
individual,1
viewpoint,1
achievement,1
organization,1
evolution,1
into,1
roach,1
matte,1
knopf,1
h,1
map,1
spencer,1
john,1
wail,1
alike,1
inclusive,1
broad,1
construct,1
dozen,1
half,1
college,1
smith,1
chair,1
apparent,1
therefore,1
la,1
ana,1
difference,1
lie,1
whether,1
truth,1
forth,1
set,1
pad,1
wok,1
exposition,1
spirit,1
participation,1
evident,1
commendation,1
warm,1
deserve,1
temper,1
calm,1
judge,1
collect,1
train,1
she,1
heft,1
amount,1
interest,1
harmony,1
put,1
congress,1
formulate,1
economy,1
domestic,1
reform,1
measure,1
aggressive,1
belong,1
undoubtedly,1
credit,1
high,1
voter,1
doubtless,1
hand,1
crisis,1
affair,1
conduct,1
tun,1
leader,1
unfortunate,1
accuracy,1
ready,1
prominence,1
immense,1
worth,1
constantly,1
administration,1
criticism,1
question,1
open,1
purpose,1
essential,1
definitely,1
bring,1
treatment,1
order,1
tend,1
clear,1
scope,1
comprehensive,1
end,1
wide,1
admirable,1
organize,1
threat,1
raise,1
inconclusively,1
ii,1
different,1
definite,1
demand,1
imperial,1
compliance,1
hat,1
case,1
n,1
publish,1
recently,1
von,1
circle,1
governmental,1
go,1
what,1
know,1
opportunity,1
before,1
rule,1
those,1
defiance,1
sort,1
old,1
admiral,1
presidential,1
portent,1
fm,1
cause,1
several,1
attributable,1
candidate,1
republican,1
reason,1
election,1
rapid,1
rage,1
necessity,1
study,1
although,1
first,1
excellent,1
affect,1
ideal,1
retirement,1
enforced,1
conscience,1
