lemma,count
the,67
of,61
a,47
and,39
be,34
in,29
to,28
i,26
l,23
s,20
t,19
her,17
have,14
with,13
r,11
his,11
that,10
tile,10
old,9
it,9
fraser,9
n,9
h,8
he,8
at,8
all,7
for,7
one,7
ill,7
by,7
an,7
as,7
she,6
year,6
on,6
when,6
lady,5
day,5
wife,5
ii,5
crawford,5
who,5
v,5
c,5
my,5
first,5
tl,5
lie,5
though,4
not,4
or,4
their,4
f,4
life,4
many,4
d,4
family,3
which,3
io,3
new,3
land,3
full,3
ti,3
visit,3
present,3
e,3
two,3
little,3
m,3
few,3
death,3
us,3
its,3
so,3
they,3
this,3
diplomatist,3
father,3
up,3
me,3
place,3
go,3
but,3
sister,3
hugh,3
art,2
house,2
lr,2
horror,2
draw,2
o,2
character,2
court,2
studio,2
ward,2
q,2
give,2
lt,2
young,2
hi,2
from,2
into,2
air,2
where,2
stop,2
end,2
y,2
back,2
dear,2
follow,2
page,2
lo,2
vienna,2
later,2
terrify,2
die,2
irish,2
there,2
married,2
marry,2
three,2
verdict,2
march,2
child,2
we,2
music,2
live,2
forward,2
bear,2
here,2
no,2
make,2
tn,2
england,2
la,2
much,2
any,2
delightful,2
cover,2
world,2
find,2
than,2
till,2
more,2
tell,2
herself,2
rd,2
xv,2
own,2
small,2
keep,2
man,2
woman,2
lad,2
fortunate,2
ll,2
book,2
mrs,2
english,2
about,2
over,2
fr,1
vt,1
himself,1
attach,1
chinese,1
w,1
very,1
peasant,1
band,1
once,1
xx,1
forbidden,1
break,1
boyhood,1
cost,1
eb,1
lord,1
russian,1
diplomat,1
itinerant,1
rt,1
ally,1
stonecutter,1
chisel,1
ring,1
enchanting,1
hear,1
j,1
workshop,1
confirm,1
shy,1
id,1
oil,1
apprentice,1
discover,1
lilac,1
disappear,1
sir,1
ta,1
light,1
pt,1
sky,1
slide,1
glowing,1
pope,1
genuine,1
thai,1
possess,1
birth,1
lit,1
scotch,1
ca,1
recollection,1
like,1
k,1
li,1
vivid,1
retain,1
ty,1
courtier,1
five,1
ir,1
hot,1
occur,1
even,1
freedom,1
disregard,1
picturesque,1
quiet,1
other,1
maiden,1
joyous,1
early,1
fragrance,1
fecal,1
reset,1
love,1
st,1
bill,1
arv,1
hal,1
tr,1
modify,1
ever,1
could,1
consequence,1
destine,1
royal,1
sweet,1
witness,1
consign,1
hastily,1
cholera,1
fri,1
file,1
reason,1
unless,1
however,1
ms,1
nd,1
ave,1
ion,1
never,1
castle,1
whore,1
italian,1
wit,1
x,1
widow,1
several,1
also,1
win,1
ye,1
friend,1
insane,1
flight,1
torie,1
b,1
iron,1
twist,1
er,1
lil,1
fine,1
lille,1
ct,1
near,1
th,1
ghastly,1
behind,1
lid,1
too,1
ell,1
vile,1
fin,1
body,1
inn,1
then,1
tier,1
ear,1
ls,1
seat,1
franc,1
central,1
last,1
resource,1
limit,1
reach,1
tit,1
until,1
z,1
lilt,1
orpheus,1
success,1
re,1
get,1
ghost,1
boy,1
mona,1
course,1
gill,1
iii,1
opera,1
hare,1
nick,1
everything,1
en,1
line,1
story,1
yon,1
g,1
excellent,1
wolf,1
fear,1
nothing,1
after,1
cheek,1
contain,1
letter,1
retinal,1
hy,1
await,1
down,1
statue,1
figure,1
shrouded,1
save,1
ly,1
girlhood,1
continue,1
presently,1
howe,1
julia,1
mother,1
thoma,1
sculptor,1
diplomacy,1
door,1
sesame,1
open,1
these,1
since,1
marriage,1
heritage,1
both,1
peculiarly,1
every,1
pleasure,1
murmuring,1
chuckle,1
joy,1
constant,1
time,1
really,1
late,1
author,1
bo,1
rich,1
influential,1
legislature,1
trip,1
meet,1
aide,1
pass,1
hat,1
raise,1
still,1
exchange,1
stock,1
honor,1
portrait,1
bankrupt,1
yorker,1
repudiate,1
state,1
york,1
debt,1
pay,1
grandfather,1
samuel,1
island,1
governor,1
colonial,1
descended,1
lands,1
reminiscence,1
autobiography,1
experience,1
standard,1
quite,1
bit,1
regret,1
bias,1
delicious,1
humor,1
charm,1
crowded,1
can,1
person,1
wide,1
none,1
influence,1
mellow,1
kindly,1
wisdom,1
wise,1
juice,1
some,1
know,1
privilege,1
among,1
chat,1
those,1
less,1
volume,1
past,1
red,1
bright,1
between,1
such,1
just,1
may,1
read,1
big,1
listen,1
interesting,1
matter,1
gossip,1
thoroughly,1
anecdote,1
gay,1
memory,1
whose,1
above,1
perfection,1
lack,1
howsoever,1
alive,1
because,1
interested,1
abroad,1
home,1
king,1
rome,1
annie,1
sketch,1
spirited,1
against,1
prop,1
folio,1
piano,1
come,1
morning,1
persistence,1
deafen,1
otter,1
solitaire,1
promenade,1
les,1
practice,1
warning,1
cony,1
incident,1
least,1
must,1
journeying,1
record,1
indeed,1
bread,1
show,1
pair,1
forlornly,1
felicitous,1
composer,1
writer,1
painter,1
gallery,1
varied,1
what,1
description,1
word,1
clearly,1
vigorously,1
touch,1
particularly,1
wear,1
want,1
application,1
agree,1
will,1
reader,1
venture,1
dare,1
underneath,1
write,1
boot,1
out,1
your,1
eat,1
you,1
garden,1
romance,1
midst,1
happy,1
america,1
occasional,1
include,1
travel,1
gaiety,1
plenty,1
literature,1
atmosphere,1
play,1
twenty,1
society,1
roman,1
good,1
intimate,1
palace,1
vast,1
grow,1
marion,1
brother,1
aria,1
mary,1
history,1
secretary,1
say,1
account,1
face,1
earnestly,1
gaze,1
street,1
london,1
gypsy,1
ago,1
do,1
wandering,1
adventurous,1
take,1
far,1
british,1
europe,1
brilliant,1
most,1
perhaps,1
assign,1
husband,1
son,1
four,1
spend,1
china,1
peking,1
if,1
