lemma,count
the,47
be,33
of,26
and,23
a,17
to,16
that,9
in,9
s,7
this,6
not,6
with,6
have,5
an,5
war,5
her,4
it,4
only,4
before,3
by,3
novel,3
he,3
as,3
go,3
but,3
she,3
picture,3
which,3
there,2
trial,2
hero,2
atmosphere,2
class,2
anti,2
come,2
mystery,2
force,2
all,2
vice,2
what,2
paris,2
german,2
herself,2
give,2
old,2
should,2
than,2
page,2
officer,2
somewhat,2
you,2
europe,2
character,2
richard,2
who,2
life,2
author,2
him,2
blind,2
l,2
on,2
like,2
bennett,2
hath,2
book,2
france,2
kill,2
sad,2
hectic,1
outbreak,1
true,1
probably,1
transformation,1
convincing,1
ix,1
last,1
enough,1
op,1
e,1
aristocratic,1
doubtless,1
yet,1
much,1
truth,1
considerable,1
skill,1
n,1
delineation,1
ft,1
certainly,1
society,1
intellectual,1
drift,1
hopelessly,1
poor,1
severe,1
indictment,1
england,1
since,1
town,1
peter,1
b,1
virtuous,1
beautiful,1
gel,1
entirely,1
change,1
way,1
lover,1
whose,1
mistress,1
rather,1
his,1
country,1
report,1
then,1
appear,1
want,1
marry,1
though,1
stroke,1
shell,1
shock,1
intervene,1
sight,1
restore,1
reader,1
confidence,1
ambitiously,1
coming,1
heroine,1
idea,1
girl,1
howl,1
vastly,1
y,1
convention,1
re,1
need,1
tell,1
happen,1
young,1
flying,1
fall,1
la,1
love,1
english,1
great,1
lady,1
secretary,1
no,1
good,1
regulation,1
braggadocio,1
brutishness,1
xi,1
build,1
waster,1
wing,1
at,1
age,1
tango,1
game,1
twilight,1
sleep,1
russian,1
dancer,1
bone,1
match,1
asquith,1
suffragette,1
bailey,1
london,1
navel,1
over,1
nearly,1
f,1
devote,1
meticulous,1
ball,1
night,1
club,1
music,1
hall,1
dim,1
set,1
highly,1
quality,1
new,1
york,1
g,1
ons,1
say,1
about,1
late,1
do,1
achieve,1
certain,1
panoramic,1
hover,1
fast,1
oven,1
j,1
strange,1
far,1
off,1
so,1
mach,1
eagle,1
scandalize,1
blink,1
owl,1
sex,1
charge,1
word,1
suddenly,1
virtue,1
pervading,1
declaration,1
disappoint,1
disappear,1
ushering,1
armageddon,1
totter,1
profligate,1
first,1
become,1
into,1
prelude,1
paragon,1
man,1
their,1
stature,1
magnify,1
semi,1
courtesan,1
lead,1
begin,1
confession,1
other,1
contrast,1
elaborate,1
deeply,1
fey,1
through,1
these,1
gag,1
strong,1
difference,1
mr,1
touch,1
treatment,1
slightly,1
ironical,1
scientist,1
scarcely,1
insidious,1
enervate,1
method,1
hushed,1
raconteur,1
smoking,1
room,1
constantly,1
make,1
feel,1
disclosure,1
pervade,1
design,1
