lemma,count
the,97
be,78
of,59
and,57
that,44
to,39
a,32
in,29
it,26
as,22
we,18
have,17
they,15
not,14
man,13
by,12
woman,12
or,11
will,11
sex,10
he,9
their,9
more,9
with,9
right,9
but,8
o,8
can,8
for,7
equal,7
an,7
this,7
there,7
do,7
such,7
which,6
morality,6
than,6
so,6
most,6
j,6
believe,6
one,5
wear,5
state,5
from,5
dominant,5
go,5
no,5
would,5
when,4
about,4
on,4
beauty,4
statement,4
them,4
even,4
what,4
read,4
i,4
development,4
could,4
law,4
sexual,4
feminist,4
any,4
its,4
old,4
our,4
those,4
may,4
thing,4
masculine,4
at,3
you,3
ethical,3
reviewer,3
if,3
bachelor,3
characteristic,3
who,3
through,3
convince,3
time,3
get,3
duplex,3
country,3
toward,3
quality,3
change,3
s,3
his,3
business,3
few,3
other,3
call,3
without,3
display,3
able,3
dress,3
book,3
today,3
author,3
witness,3
bad,3
still,3
under,2
winter,2
price,2
attend,2
place,2
lot,2
reward,2
into,2
england,2
make,2
present,2
some,2
now,2
credulous,2
give,2
value,2
virtue,2
la,2
money,2
people,2
save,2
dominance,2
chastity,2
upon,2
deny,2
likely,2
belief,2
venture,2
acceptable,2
feminine,2
literature,2
chief,2
sunday,2
year,2
hope,2
lose,2
maid,2
male,2
fact,2
sympathy,2
leave,2
modern,2
admit,2
own,2
hair,2
say,2
high,2
little,2
eden,2
plato,2
comparative,2
psychology,2
well,2
pay,2
equality,2
all,2
further,2
knowledge,2
us,2
speak,2
acquire,2
put,2
government,2
among,2
find,2
quite,2
where,2
mob,2
breech,2
nine,2
sparta,2
trend,2
example,2
progress,2
cedar,2
only,2
club,2
exorbitant,1
objection,1
soul,1
word,1
afternoon,1
saver,1
raise,1
same,1
must,1
body,1
justness,1
bath,1
weight,1
american,1
trouser,1
she,1
again,1
charge,1
disagree,1
succeed,1
moment,1
t,1
please,1
although,1
two,1
park,1
fur,1
skirt,1
suggest,1
germany,1
sleeveless,1
ward,1
gown,1
poison,1
suspect,1
abbreviate,1
summer,1
unquestionably,1
english,1
toed,1
accompany,1
square,1
short,1
herr,1
should,1
discourage,1
your,1
hyde,1
gathering,1
jury,1
cut,1
want,1
scientific,1
molest,1
coin,1
show,1
content,1
diaphanous,1
silk,1
tn,1
auction,1
re,1
stocking,1
shoe,1
much,1
first,1
profoundly,1
until,1
climax,1
opinion,1
since,1
attain,1
then,1
anticipate,1
contrary,1
liberation,1
undergo,1
disorder,1
modification,1
happiness,1
life,1
family,1
ex,1
reason,1
serious,1
intriguing,1
interest,1
prophecy,1
field,1
maintain,1
m,1
intimacy,1
dread,1
ensue,1
symposium,1
meet,1
conclude,1
civilization,1
conduct,1
personal,1
scope,1
liberal,1
dramatize,1
real,1
republic,1
reach,1
approximate,1
decline,1
never,1
greek,1
mean,1
depend,1
stage,1
ideal,1
absolutely,1
betoken,1
found,1
ill,1
perhaps,1
course,1
question,1
symptom,1
every,1
combine,1
tue,1
come,1
join,1
c,1
dressmaker,1
preserver,1
mediator,1
generator,1
slight,1
approval,1
thousand,1
useful,1
nun,1
very,1
tax,1
income,1
evidence,1
live,1
scale,1
sacrifice,1
thrifty,1
allow,1
madness,1
tasteful,1
simplicity,1
answer,1
out,1
prophet,1
far,1
unbuttoning,1
button,1
end,1
act,1
overt,1
him,1
reconcile,1
note,1
shade,1
always,1
also,1
beach,1
run,1
car,1
member,1
motor,1
friend,1
complement,1
full,1
after,1
moderately,1
clothing,1
dresser,1
domination,1
whose,1
learn,1
nude,1
totally,1
market,1
walk,1
certain,1
civil,1
deprive,1
witch,1
thief,1
axe,1
sound,1
name,1
contumelious,1
receive,1
title,1
refuse,1
korean,1
another,1
race,1
history,1
parallel,1
single,1
instructive,1
singing,1
song,1
descriptive,1
addition,1
interpolate,1
himself,1
just,1
seem,1
efficient,1
method,1
spartan,1
apparatus,1
gubernatorial,1
marvelous,1
recent,1
shame,1
operation,1
success,1
attentive,1
amendment,1
constitutional,1
eliminate,1
favor,1
up,1
too,1
cold,1
sense,1
common,1
construct,1
instance,1
custom,1
habit,1
trait,1
social,1
moral,1
mental,1
physical,1
world,1
tell,1
themselves,1
average,1
merely,1
believable,1
many,1
pair,1
company,1
h,1
george,1
paul,1
german,1
translate,1
mathilde,1
simply,1
subordinate,1
sieve,1
sure,1
fine,1
dogmatic,1
divert,1
reader,1
general,1
individual,1
fan,1
sociology,1
anthropology,1
student,1
suggestive,1
require,1
however,1
protest,1
though,1
savage,1
iroquois,1
egyptian,1
ancient,1
proof,1
mere,1
something,1
juncture,1
longing,1
cure,1
hint,1
quote,1
rumor,1
accept,1
readiness,1
childish,1
credulity,1
false,1
bear,1
universal,1
infraction,1
less,1
lead,1
break,1
because,1
god,1
against,1
marriage,1
outside,1
principle,1
infringement,1
preferential,1
prevail,1
necessarily,1
prostitution,1
familiar,1
advanced,1
manifest,1
coiffure,1
respect,1
between,1
assimilation,1
united,1
late,1
luck,1
noticeable,1
europe,1
movement,1
anything,1
absorb,1
shed,1
proportion,1
yet,1
popular,1
goal,1
advancement,1
distressing,1
know,1
absurd,1
civilized,1
justify,1
non,1
detract,1
resent,1
anti,1
large,1
appellation,1
similar,1
citizen,1
chicago,1
womanliness,1
dignity,1
serenity,1
her,1
clearly,1
america,1
cultural,1
ornament,1
derogate,1
think,1
how,1
matter,1
sting,1
contempt,1
term,1
see,1
conjugal,1
writer,1
immorality,1
nor,1
recall,1
care,1
over,1
extend,1
yellow,1
black,1
white,1
pagan,1
christian,1
ignorance,1
outcome,1
ed,1
contact,1
engender,1
possession,1
guard,1
carefully,1
hence,1
hereafter,1
radical,1
bolshevik,1
intensity,1
