lemma,count
the,66
of,41
and,31
be,21
to,13
that,11
in,10
german,8
have,8
which,8
nation,6
present,6
at,6
by,6
its,6
a,6
her,5
influence,5
war,5
philosophy,4
french,4
people,4
his,4
some,4
upon,4
part,4
he,4
for,4
world,4
result,3
more,3
thought,3
between,3
teaching,3
it,3
l,3
find,3
thinker,3
study,3
from,3
as,3
future,2
conduct,2
would,2
own,2
other,2
those,2
also,2
examine,2
f,2
many,2
cause,2
self,2
great,2
brutality,2
important,2
ii,2
s,2
year,2
day,2
show,2
volume,2
t,2
make,2
rest,2
this,2
time,2
absorb,2
moral,2
principle,2
within,2
problem,2
conclude,2
very,2
fichte,2
doctrine,2
life,2
itself,2
there,2
method,2
begin,1
regard,1
wonder,1
get,1
just,1
glimpse,1
with,1
chagrin,1
acid,1
no,1
one,1
book,1
notion,1
direct,1
inevitable,1
remark,1
comment,1
again,1
bring,1
into,1
foreground,1
relation,1
action,1
do,1
difficult,1
perhaps,1
though,1
same,1
mankind,1
because,1
accept,1
not,1
fig,1
permeate,1
animate,1
doubtless,1
invincible,1
hopefulness,1
human,1
nature,1
ever,1
endeavor,1
somewhat,1
good,1
evil,1
i,1
wit,1
gather,1
large,1
profit,1
struggle,1
will,1
e,1
their,1
well,1
being,1
whose,1
stress,1
long,1
under,1
ago,1
recognize,1
whither,1
tend,1
what,1
shortcoming,1
thinking,1
investigation,1
research,1
education,1
if,1
tell,1
us,1
why,1
outcome,1
germany,1
so,1
valuation,1
real,1
service,1
civilization,1
several,1
chapter,1
n,1
kingdom,1
far,1
clearly,1
reason,1
spirit,1
c,1
leer,1
explosion,1
shake,1
order,1
may,1
gee,1
con,1
university,1
v,1
him,1
rout,1
ft,1
initiate,1
think,1
among,1
speech,1
deliver,1
cover,1
dis,1
attempt,1
pen,1
emile,1
ctr,1
york,1
co,1
et,1
consequent,1
disability,1
past,1
seventy,1
take,1
active,1
front,1
di,1
famous,1
philosopher,1
member,1
academy,1
turn,1
intellect,1
before,1
berlin,1
obligation,1
base,1
than,1
ran,1
god,1
develop,1
cigar,1
consequence,1
characteristic,1
tendency,1
culture,1
these,1
ts,1
idea,1
materialistic,1
science,1
intensify,1
increase,1
original,1
essence,1
warfare,1
repudiation,1
none,1
universe,1
g,1
heft,1
hate,1
effect,1
summarize,1
message,1
thing,1
announce,1
supreme,1
creation,1
unity,1
mind,1
seek,1
transcendental,1
without,1
reality,1
dwell,1
absolute,1
source,1
all,1
activity,1
way,1
