lemma,count
the,29
of,23
and,15
to,15
be,14
a,9
they,6
in,5
s,5
that,4
by,4
daniel,4
not,4
for,4
because,4
but,4
his,4
old,4
own,3
she,3
tho,3
this,3
them,3
her,3
have,3
federalist,3
all,3
him,3
it,3
lack,2
american,2
their,2
or,2
an,2
escape,2
call,2
most,2
t,2
party,2
when,2
story,2
pat,2
f,2
i,2
he,2
friend,2
man,2
general,2
late,2
unitarian,2
do,2
amalia,2
la,2
one,2
too,2
perhaps,2
so,2
rose,2
e,2
novel,2
as,2
say,2
from,2
agree,1
shelter,1
care,1
wounded,1
well,1
though,1
widow,1
site,1
much,1
learn,1
know,1
identity,1
effort,1
pretend,1
summer,1
beautiful,1
would,1
timely,1
seriously,1
ground,1
can,1
take,1
house,1
nor,1
safe,1
young,1
therefore,1
latter,1
presently,1
escort,1
home,1
cousin,1
protect,1
page,1
fairly,1
fe,1
discover,1
acre,1
handling,1
fiction,1
fashioned,1
type,1
w,1
interesting,1
particular,1
period,1
picture,1
which,1
work,1
we,1
should,1
north,1
good,1
deal,1
then,1
terror,1
reign,1
these,1
complicated,1
plot,1
sister,1
law,1
precede,1
os,1
among,1
pursuer,1
d,1
y,1
disposition,1
partly,1
hatred,1
those,1
filthy,1
parity,1
heroism,1
only,1
mach,1
thank,1
ed,1
part,1
important,1
luck,1
who,1
energy,1
more,1
numerous,1
than,1
fail,1
overcome,1
argentine,1
bloodthirsty,1
hour,1
de,1
blow,1
camp,1
cultured,1
host,1
tartan,1
power,1
time,1
under,1
leadership,1
ho,1
villainous,1
around,1
very,1
cruelly,1
throughout,1
persecute,1
lay,1
antagonist,1
unionist,1
book,1
at,1
scene,1
hesitate,1
permit,1
o,1
army,1
with,1
attempt,1
small,1
hundred,1
dearest,1
eduardo,1
join,1
pose,1
night,1
enemy,1
betray,1
n,1
large,1
number,1
soldier,1
early,1
billy,1
on,1
side,1
federal,1
issue,1
wad,1
dearly,1
see,1
name,1
patriot,1
son,1
hear,1
begin,1
himself,1
ardent,1
boo,1
tl,1
sac,1
action,1
even,1
novelty,1
