lemma,count
the,146
of,124
be,88
and,78
to,65
in,59
a,51
style,43
that,35
it,32
he,27
have,25
his,24
which,23
i,23
as,23
mr,20
not,19
but,18
for,18
all,16
no,15
at,14
by,14
s,13
brownell,13
on,12
this,12
so,12
one,11
any,10
art,10
an,10
with,10
such,9
or,9
book,9
manner,9
writer,9
other,8
from,8
merely,8
personality,8
who,8
their,8
would,8
than,8
here,7
into,7
if,7
general,7
man,6
we,6
genius,6
they,6
do,6
make,6
well,6
literature,6
though,6
there,6
them,5
life,5
these,5
order,5
say,5
personal,5
may,5
surely,5
sense,5
self,5
much,5
even,5
more,5
every,5
its,5
seem,5
certainly,4
can,4
own,4
far,4
hut,4
word,4
movement,4
those,4
new,4
current,4
mean,4
think,4
themselves,4
could,4
conception,4
thing,4
great,4
itself,4
work,4
never,4
o,4
old,3
lack,3
inform,3
et,3
nothing,3
hi,3
spirit,3
why,3
natural,3
moment,3
like,3
about,3
human,3
read,3
universal,3
end,3
some,3
many,3
once,3
practice,3
our,3
know,3
while,3
definition,3
pig,3
abstract,3
factor,3
t,3
write,3
love,3
him,3
social,3
present,3
will,3
something,3
theme,3
way,3
recently,3
murry,3
put,3
however,3
thee,3
fine,3
refer,2
same,2
composition,2
wear,2
beginning,2
particular,2
enough,2
clothe,2
sentence,2
individual,2
see,2
reader,2
r,2
p,2
high,2
time,2
h,2
except,2
speak,2
phenomenon,2
live,2
leave,2
publicity,2
wise,2
mannered,2
fusion,2
ill,2
al,2
v,2
thought,2
b,2
disorderly,2
mu,2
must,2
fall,2
feel,2
against,2
close,2
e,2
recall,2
acknowledge,2
aid,2
reason,2
l,2
context,2
british,2
matter,2
true,2
most,2
law,2
come,2
none,2
lat,2
another,2
event,2
famous,2
first,2
upon,2
original,2
phrase,2
controversy,2
certain,2
everywhere,2
view,2
beauty,2
repudiate,2
out,2
least,2
generally,2
begin,2
before,2
because,2
perhaps,2
whole,2
rich,2
bible,2
nor,2
main,2
argument,2
should,2
consider,2
unity,2
only,2
part,2
deep,2
atmosphere,2
society,2
imagine,2
critic,2
rather,2
give,2
himself,2
use,2
nude,2
maniac,1
world,1
gospel,1
ego,1
flourish,1
trial,1
san,1
gain,1
culotte,1
arraign,1
space,1
geno,1
how,1
arm,1
urbanity,1
symptomatic,1
ironic,1
stampede,1
what,1
graciously,1
revolt,1
urge,1
version,1
abroad,1
little,1
peace,1
voice,1
beyond,1
where,1
now,1
sake,1
glad,1
slapdash,1
return,1
die,1
tend,1
england,1
popularity,1
artificial,1
prophetic,1
prophesy,1
curiously,1
letter,1
louis,1
robert,1
blind,1
age,1
blindness,1
been,1
day,1
until,1
probably,1
endow,1
fire,1
soon,1
thoroughly,1
race,1
noisily,1
behind,1
people,1
horrible,1
peculiarly,1
arc,1
testament,1
occur,1
punch,1
performance,1
repeat,1
propose,1
unfrocked,1
promptly,1
ought,1
clergyman,1
rewrite,1
sty,1
impudence,1
fatuous,1
america,1
vulgarian,1
alone,1
sacred,1
hold,1
instance,1
grace,1
jame,1
king,1
pad,1
masterpiece,1
resent,1
lean,1
literary,1
moral,1
tractive,1
wit,1
cruel,1
breed,1
humor,1
k,1
entertainment,1
gay,1
exquisite,1
laughter,1
apt,1
incidentally,1
chance,1
wish,1
bargain,1
reflect,1
id,1
receptivity,1
faint,1
sympathetic,1
happily,1
dr,1
highly,1
mariner,1
always,1
expect,1
run,1
particularly,1
obvious,1
sweet,1
line,1
too,1
result,1
wide,1
broad,1
get,1
pungency,1
need,1
fa,1
anything,1
act,1
evident,1
brilliant,1
examination,1
don,1
wonderful,1
poem,1
attention,1
trace,1
land,1
y,1
intimately,1
observe,1
vividly,1
fallacy,1
stricture,1
thin,1
guard,1
modern,1
popular,1
ink,1
elude,1
mental,1
retention,1
depth,1
feeling,1
transitory,1
spring,1
up,1
reluctantly,1
inadequate,1
review,1
significant,1
idiom,1
educate,1
benefit,1
fancy,1
unfettered,1
appear,1
unsympathetic,1
eye,1
unbuttoned,1
ever,1
content,1
delude,1
indecency,1
concealment,1
instinctively,1
shun,1
incur,1
wince,1
welcome,1
ly,1
direction,1
rite,1
display,1
invoke,1
control,1
employ,1
nature,1
apparent,1
ease,1
real,1
invocation,1
superfluous,1
restraint,1
irksome,1
whom,1
elf,1
disclosure,1
set,1
privacy,1
defiance,1
hitherto,1
ballroom,1
reduce,1
coordinate,1
study,1
alas,1
humane,1
ct,1
undoubtedly,1
deaf,1
ear,1
lr,1
unaware,1
effort,1
logic,1
hardly,1
hat,1
co,1
heterogeneity,1
commit,1
dear,1
bathing,1
beach,1
dignity,1
show,1
furthest,1
competition,1
person,1
rea,1
grant,1
stay,1
doubt,1
cubic,1
cycle,1
convention,1
ion,1
manifest,1
freedom,1
inhere,1
aura,1
shall,1
au,1
example,1
possess,1
dandy,1
rot,1
street,1
rely,1
notably,1
simple,1
non,1
accord,1
anecdote,1
m,1
air,1
near,1
distinction,1
characteristic,1
when,1
impersonal,1
commonly,1
detach,1
delimited,1
identify,1
test,1
particularize,1
without,1
characterize,1
continuation,1
enter,1
walk,1
unnoticed,1
concern,1
farce,1
place,1
side,1
marlowe,1
spite,1
bombast,1
savagery,1
absolute,1
few,1
vaguely,1
metaphysical,1
complete,1
rt,1
c,1
me,1
quotation,1
contradictory,1
yet,1
account,1
call,1
dictum,1
aver,1
spokesman,1
us,1
deny,1
sardonic,1
witty,1
rainy,1
n,1
fashion,1
manifestation,1
sensitive,1
ultimate,1
mys,1
difficult,1
conclusive,1
apply,1
problem,1
arrive,1
solution,1
sufficiently,1
authoritative,1
inquiry,1
conditional,1
discourage,1
finality,1
adventurer,1
valuable,1
fruitful,1
provoke,1
wag,1
newly,1
disputant,1
satisfaction,1
conclude,1
sooner,1
sleep,1
theological,1
abstraction,1
le,1
richard,1
son,1
scribner,1
york,1
contemporary,1
philosophy,1
scribble,1
perennial,1
reconsideration,1
re,1
breathing,1
heine,1
indeed,1
very,1
condition,1
color,1
aristocracy,1
spiritual,1
quality,1
indefinable,1
achieve,1
receive,1
being,1
sort,1
artist,1
vitalize,1
operate,1
harmonizing,1
exact,1
presume,1
application,1
inclusive,1
save,1
relate,1
exclusively,1
stevenson,1
flaubert,1
subject,1
previous,1
large,1
envisage,1
ms,1
rive,1
unchartered,1
truth,1
variation,1
realize,1
relation,1
formulate,1
agent,1
variety,1
organic,1
mac,1
kind,1
virtue,1
become,1
means,1
each,1
contribute,1
through,1
form,1
port,1
profitably,1
thu,1
element,1
formative,1
constitute,1
combine,1
two,1
es,1
case,1
static,1
either,1
proportion,1
statement,1
choose,1
ax,1
donald,1
pretty,1
vital,1
rest,1
till,1
undiminished,1
vigor,1
unfold,1
justify,1
wholeness,1
easily,1
identity,1
initiatory,1
apprehension,1
contemptuously,1
modernist,1
claim,1
conscious,1
sight,1
foresee,1
architectural,1
essay,1
pater,1
g,1
operation,1
less,1
tic,1
conspicuous,1
trait,1
energy,1
cogency,1
expression,1
dual,1
mere,1
departure,1
discourse,1
text,1
clear,1
edmond,1
already,1
point,1
misunderstanding,1
error,1
still,1
misconception,1
serve,1
says,1
idea,1
easy,1
correct,1
interpretation,1
hard,1
sir,1
sanction,1
doubtless,1
flaunting,1
artistic,1
violate,1
sacrosanct,1
conceive,1
jurisdiction,1
unto,1
anarchical,1
suffice,1
accurately,1
confusion,1
thus,1
tile,1
ask,1
state,1
precisely,1
exclude,1
author,1
comprehensive,1
writing,1
gloss,1
question,1
hook,1
confine,1
distinctly,1
since,1
ob,1
obviously,1
impress,1
temperament,1
substance,1
distinct,1
course,1
false,1
arrange,1
whereas,1
outside,1
interject,1
scientific,1
mind,1
apparently,1
discovery,1
datum,1
learning,1
familiar,1
aphorism,1
elucidate,1
is,1
record,1
