lemma,count
the,100
of,88
be,74
to,47
a,42
and,40
his,26
that,25
it,23
have,23
he,22
in,21
not,18
for,17
by,15
i,15
s,14
critic,13
at,12
or,12
newman,11
do,10
all,10
great,9
from,9
who,9
on,8
this,7
with,7
work,7
what,7
opinion,7
as,7
criticism,7
make,7
day,7
t,6
there,6
them,6
which,6
man,6
musical,6
their,6
own,5
much,5
thing,5
some,5
music,5
they,5
find,5
th,5
critical,4
even,4
other,4
say,4
l,4
when,4
o,4
r,4
so,4
mr,4
ht,4
one,4
an,4
any,4
can,4
about,4
generally,4
nothing,4
know,4
only,4
lr,4
posterity,4
may,4
hi,4
wagner,4
ill,4
judgment,4
contemporary,4
no,4
today,4
n,4
book,4
name,3
whole,3
point,3
eye,3
nd,3
history,3
quote,3
if,3
upon,3
mozart,3
bach,3
ask,3
fail,3
give,3
c,3
its,3
legend,3
hat,3
aid,3
case,3
provincial,3
whose,3
knowledge,3
him,3
hardly,3
we,3
lie,3
kind,3
people,3
most,3
y,3
those,3
figure,3
value,3
would,3
look,3
later,2
epoch,2
think,2
tile,2
see,2
show,2
hostility,2
rate,2
use,2
writer,2
two,2
should,2
b,2
big,2
first,2
anti,2
period,2
overpraise,2
need,2
fallacy,2
than,2
till,2
ha,2
es,2
could,2
sense,2
matter,2
take,2
enough,2
e,2
wrong,2
live,2
u,2
artist,2
us,2
being,2
journalist,2
more,2
ideal,2
remember,2
past,2
welcome,2
come,2
out,2
neglect,2
discover,2
over,2
among,2
hy,2
amount,2
genius,2
wide,2
but,2
ed,2
composer,2
consider,2
time,2
generation,2
part,2
justify,2
almost,2
difference,2
justification,2
hesitate,2
claim,2
j,2
new,2
many,2
view,2
far,2
how,2
york,1
apart,1
produce,1
allow,1
right,1
al,1
pro,1
fuel,1
under,1
omission,1
carping,1
constant,1
somebody,1
political,1
innumerable,1
latter,1
exist,1
hey,1
condition,1
knopf,1
richard,1
sentimental,1
ia,1
aldrich,1
press,1
distinction,1
former,1
entitle,1
wonder,1
fatuous,1
pp,1
success,1
tim,1
face,1
sen,1
analysis,1
thoroughly,1
prelude,1
bx,1
inspire,1
receive,1
enter,1
courage,1
taste,1
excuse,1
ir,1
sound,1
vigor,1
competent,1
authority,1
clear,1
x,1
discussion,1
like,1
half,1
various,1
seem,1
undoubtedly,1
detestation,1
town,1
long,1
bout,1
tree,1
fact,1
reading,1
private,1
original,1
invite,1
ruffly,1
larker,1
die,1
undertake,1
task,1
journalistic,1
chief,1
instance,1
course,1
surprising,1
nature,1
human,1
enemy,1
re,1
moment,1
holiday,1
mediocrity,1
appeal,1
court,1
upset,1
go,1
danger,1
impartially,1
try,1
warn,1
themselves,1
standard,1
mo,1
lacking,1
completely,1
continue,1
yet,1
particularly,1
second,1
hundred,1
recognize,1
direction,1
future,1
schumann,1
chopin,1
meyerbeer,1
milch,1
en,1
w,1
la,1
prove,1
tn,1
quite,1
carry,1
lucidity,1
ant,1
thought,1
full,1
generously,1
geese,1
turn,1
swan,1
kindly,1
collect,1
study,1
grievously,1
hear,1
public,1
gr,1
cheap,1
win,1
ell,1
hep,1
f,1
within,1
doe,1
oftener,1
tower,1
ion,1
hut,1
con,1
print,1
merely,1
between,1
line,1
dividing,1
popular,1
mine,1
ly,1
lotion,1
pl,1
lind,1
lid,1
depreciation,1
hit,1
ring,1
harm,1
probably,1
guilty,1
error,1
fuss,1
el,1
air,1
together,1
conveniently,1
discovery,1
prophet,1
k,1
hail,1
light,1
add,1
h,1
formidable,1
likely,1
drama,1
without,1
after,1
repeat,1
gossip,1
fragment,1
anecdote,1
collection,1
reproach,1
commonplace,1
support,1
suppose,1
detail,1
large,1
present,1
lobe,1
pea,1
byword,1
oppose,1
ignore,1
seminal,1
another,1
laves,1
advanced,1
believe,1
proper,1
idolize,1
possessor,1
single,1
rest,1
necessity,1
profession,1
largely,1
nor,1
va,1
m,1
ample,1
origin,1
amusing,1
modern,1
concrete,1
examine,1
failure,1
theory,1
acclaim,1
always,1
talent,1
glib,1
theoretical,1
ba,1
stress,1
storm,1
excellent,1
emerge,1
fault,1
three,1
complete,1
ase,1
rail,1
benefit,1
scientific,1
fairly,1
ea,1
bygone,1
z,1
tea,1
entire,1
abortive,1
pathetic,1
little,1
writing,1
whether,1
highly,1
middle,1
subject,1
either,1
justice,1
possibly,1
last,1
such,1
surround,1
andi,1
develop,1
century,1
except,1
write,1
furthermore,1
indistinguishable,1
our,1
reg,1
also,1
fully,1
consequently,1
opportunity,1
greatness,1
truthfully,1
blame,1
competently,1
accessible,1
express,1
want,1
base,1
experience,1
stand,1
evolution,1
too,1
country,1
city,1
gamut,1
alive,1
run,1
way,1
beethoven,1
less,1
celebrated,1
ratify,1
front,1
distant,1
start,1
valid,1
extend,1
establish,1
once,1
slight,1
prototype,1
devote,1
lil,1
shall,1
life,1
student,1
become,1
verdict,1
space,1
sundry,1
appreciation,1
ground,1
variety,1
explicable,1
general,1
permit,1
nest,1
safely,1
disavowal,1
especially,1
now,1
immune,1
nov,1
candid,1
must,1
application,1
well,1
quotation,1
length,1
really,1
up,1
read,1
quartet,1
lion,1
fen,1
ease,1
di,1
incident,1
join,1
hack,1
tacit,1
good,1
historian,1
sentimentalize,1
magnify,1
sly,1
monteverdi,1
ado,1
honor,1
assumption,1
every,1
interest,1
historical,1
abstract,1
reader,1
though,1
finality,1
