lemma,count
the,79
of,54
be,41
a,36
and,29
in,26
he,18
to,16
it,14
i,13
by,12
art,12
have,12
for,10
new,10
an,9
york,8
as,8
which,8
who,7
his,7
t,7
life,7
one,7
port,6
with,6
at,5
on,5
that,5
man,5
must,5
not,4
e,4
l,4
they,4
our,4
or,4
s,4
all,3
seven,3
its,3
ha,3
ion,3
many,3
like,3
through,3
word,3
x,3
them,3
but,3
f,3
r,3
ryder,3
other,3
chant,3
out,3
paul,3
essay,3
page,3
nor,2
mat,2
young,2
randolph,2
van,2
him,2
di,2
sherwood,2
clear,2
himself,2
er,2
fourteen,2
lee,2
ix,2
common,2
lift,2
work,2
rise,2
b,2
m,2
begin,2
day,2
faith,2
america,2
show,2
barker,2
this,2
progress,2
here,2
hartley,2
do,2
dove,2
high,2
description,2
effective,2
when,2
stieglitz,2
dream,2
critic,2
up,2
national,2
become,2
make,2
world,2
so,2
li,2
from,2
able,1
fie,1
before,1
audience,1
bewilder,1
sentence,1
forget,1
evoke,1
time,1
because,1
enthusiasm,1
infectious,1
vast,1
us,1
never,1
eagerness,1
tea,1
need,1
oven,1
develop,1
trouble,1
yet,1
ex,1
en,1
spread,1
troupe,1
long,1
most,1
fly,1
flamboyantly,1
appeal,1
laughter,1
especially,1
enough,1
player,1
only,1
flow,1
channel,1
change,1
pour,1
d,1
help,1
ti,1
tendency,1
private,1
ry,1
beginning,1
con,1
release,1
self,1
thee,1
tactic,1
include,1
office,1
circle,1
large,1
range,1
volume,1
suit,1
talent,1
purple,1
today,1
introduce,1
wine,1
remain,1
go,1
disappear,1
herald,1
garble,1
style,1
just,1
arrange,1
level,1
o,1
full,1
sympathetic,1
appendix,1
mae,1
tastefully,1
reduce,1
whole,1
book,1
such,1
spite,1
afterglow,1
skier,1
hold,1
single,1
define,1
typify,1
sandburg,1
ed,1
moon,1
tell,1
bet,1
how,1
sex,1
idea,1
critical,1
mechanism,1
painter,1
pow,1
display,1
tie,1
pale,1
prefer,1
light,1
english,1
rat,1
edge,1
cloud,1
night,1
gold,1
dull,1
into,1
rim,1
mood,1
follow,1
ask,1
tempt,1
echo,1
character,1
subtly,1
rod,1
sable,1
brown,1
emboss,1
leather,1
utmost,1
reach,1
come,1
fl,1
rectangle,1
would,1
violet,1
ultimate,1
agony,1
wt,1
theory,1
gorgeous,1
alleged,1
mean,1
anderson,1
step,1
pert,1
think,1
american,1
brook,1
people,1
over,1
observer,1
year,1
eyed,1
lover,1
two,1
ar,1
albert,1
epilogue,1
urns,1
iv,1
hat,1
land,1
may,1
creatively,1
own,1
hi,1
clan,1
tat,1
independent,1
until,1
starboard,1
pot,1
crew,1
ht,1
u,1
pioneer,1
lat,1
unearth,1
med,1
though,1
ev,1
lyric,1
thus,1
nit,1
rapture,1
el,1
pure,1
mind,1
well,1
neither,1
second,1
without,1
woman,1
handed,1
produce,1
affair,1
human,1
artistic,1
usher,1
fort,1
rebirth,1
voice,1
song,1
sun,1
see,1
nearly,1
shining,1
lear,1
city,1
outline,1
c,1
materialist,1
beaut,1
those,1
kind,1
habitable,1
material,1
number,1
rime,1
oil,1
photographer,1
io,1
cl,1
lew,1
imply,1
den,1
mar,1
y,1
steadily,1
h,1
v,1
watercolor,1
gin,1
john,1
brace,1
appear,1
photograph,1
strand,1
article,1
remote,1
period,1
live,1
we,1
harcourt,1
creed,1
utterance,1
give,1
magazine,1
issue,1
fir,1
take,1
bourne,1
precursor,1
ale,1
peter,1
carl,1
found,1
co,1
assert,1
zion,1
musical,1
member,1
originate,1
native,1
enrich,1
vivid,1
picture,1
even,1
extend,1
involve,1
jen,1
de,1
some,1
k,1
wish,1
reality,1
know,1
open,1
ne,1
similar,1
devote,1
whom,1
marin,1
exhibit,1
me,1
first,1
avenue,1
fifth,1
will,1
g,1
career,1
se,1
photo,1
virility,1
