lemma,count
the,80
of,58
be,49
to,33
a,26
and,23
in,22
that,17
his,14
not,14
it,13
for,12
this,11
english,11
an,11
as,9
he,9
by,8
england,8
with,7
german,7
on,7
o,7
dr,7
one,7
people,6
at,6
but,5
even,5
there,5
now,4
international,4
no,4
work,4
than,4
do,4
love,4
most,4
all,4
when,4
germany,4
can,4
find,4
la,3
have,3
settlement,3
englishman,3
country,3
sense,3
or,3
nation,3
long,3
between,3
what,3
him,3
s,3
attitude,3
social,3
among,3
yet,2
european,2
their,2
more,2
from,2
understand,2
these,2
j,2
every,2
some,2
development,2
after,2
almost,2
hard,2
man,2
especially,2
certain,2
countryman,2
become,2
class,2
make,2
point,2
leader,2
play,2
interpret,2
matter,2
head,2
i,2
we,2
so,2
much,2
sport,2
life,2
word,2
significance,2
attention,2
little,2
where,2
settle,2
university,2
war,2
never,2
culture,2
good,2
experience,2
mean,2
free,2
world,2
foreign,2
ever,2
knowledge,2
non,2
sociologist,2
both,2
author,2
own,2
governmental,1
humanity,1
form,1
largely,1
external,1
ion,1
democracy,1
whose,1
hardly,1
sf,1
once,1
snobbishness,1
pressure,1
jay,1
week,1
us,1
stress,1
prominent,1
nearer,1
deprecate,1
tendency,1
hostile,1
effect,1
tremendous,1
cure,1
moral,1
such,1
reproach,1
cheap,1
insult,1
importance,1
speak,1
inherent,1
group,1
necessary,1
hand,1
smile,1
boyish,1
obstacle,1
because,1
beloved,1
wale,1
prince,1
tho,1
again,1
will,1
impose,1
attempt,1
any,1
resent,1
quickly,1
would,1
king,1
probably,1
owe,1
deal,1
bring,1
assign,1
unattainable,1
sort,1
simply,1
same,1
aristocracy,1
aria,1
distress,1
institution,1
ruler,1
quality,1
lack,1
nationalistic,1
ideal,1
apparent,1
popularity,1
role,1
lie,1
disease,1
assert,1
opportunity,1
poor,1
give,1
mainly,1
consist,1
actual,1
stage,1
educational,1
favor,1
begin,1
value,1
period,1
realistic,1
romantic,1
pass,1
defeat,1
lacking,1
cultural,1
phase,1
another,1
modest,1
believe,1
except,1
cordially,1
hair,1
very,1
receive,1
delegation,1
conference,1
discuss,1
keynote,1
reconciliation,1
london,1
breadth,1
tie,1
attend,1
personal,1
initial,1
discourage,1
shy,1
unjust,1
around,1
educate,1
rather,1
seem,1
altogether,1
quantity,1
me,1
impart,1
distance,1
slighter,1
aim,1
former,1
superiority,1
french,1
wherein,1
just,1
platform,1
field,1
active,1
official,1
idealism,1
fact,1
committal,1
interference,1
expression,1
noble,1
organization,1
sentiment,1
service,1
freedom,1
attribute,1
ahead,1
far,1
admit,1
explicit,1
secure,1
figurehead,1
stand,1
strongly,1
security,1
see,1
justification,1
treachery,1
saxon,1
anglo,1
call,1
cause,1
underlie,1
help,1
before,1
house,1
gain,1
psychology,1
character,1
sure,1
prevalent,1
against,1
bitterness,1
ha,1
fabulous,1
disorganization,1
though,1
misery,1
arts,1
rank,1
regardless,1
extend,1
courtesy,1
admire,1
admiration,1
mingle,1
envy,1
injury,1
feeling,1
entirely,1
repress,1
tear,1
ocean,1
across,1
home,1
atmosphere,1
poison,1
anglophile,1
pronounce,1
himself,1
upon,1
ia,1
interpreter,1
yesterday,1
foe,1
rapprochement,1
way,1
pave,1
view,1
eager,1
able,1
encouraging,1
misunderstanding,1
mutual,1
day,1
friedrich,1
joseph,1
munich,1
pp,1
dem,1
means,1
sociology,1
essentially,1
necessity,1
take,1
task,1
easy,1
civilization,1
common,1
preservation,1
regard,1
friendship,1
victor,1
science,1
realize,1
lawlessness,1
mistrust,1
consequence,1
terrible,1
citizen,1
expect,1
should,1
forget,1
ms,1
neighbor,1
time,1
inborn,1
opponent,1
raise,1
pride,1
define,1
hag,1
which,1
fair,1
concept,1
up,1
bind,1
intimately,1
while,1
ask,1
officer,1
music,1
self,1
our,1
entertain,1
mental,1
distinction,1
rudeness,1
resist,1
opinion,1
popular,1
out,1
crown,1
republic,1
truism,1
old,1
repeat,1
democratic,1
still,1
thoroughly,1
course,1
politically,1
reality,1
liberty,1
example,1
impossible,1
practically,1
evening,1
prison,1
gentleman,1
typical,1
into,1
come,1
enemy,1
conquered,1
victorious,1
turn,1
need,1
child,1
travel,1
let,1
soul,1
inner,1
impulse,1
uncivilized,1
primitive,1
over,1
control,1
lose,1
must,1
human,1
contact,1
question,1
its,1
deep,1
less,1
they,1
representative,1
bettor,1
beautiful,1
friendliness,1
consideration,1
womanly,1
immediate,1
helpfulness,1
delicate,1
tact,1
refinement,1
amazing,1
count,1
always,1
interest,1
sn,1
