lemma,count
the,72
of,35
be,30
a,28
and,23
in,19
have,14
for,12
story,11
that,8
they,8
i,7
but,7
war,7
it,7
an,6
there,6
with,6
one,5
s,5
her,5
man,5
not,5
to,5
v,5
as,5
its,4
at,4
find,4
do,4
e,4
these,4
too,4
each,4
book,4
all,4
because,3
see,3
tell,3
she,3
t,3
touch,3
no,3
up,3
can,3
page,3
their,3
over,3
woman,3
them,3
by,3
title,3
some,2
village,2
life,2
few,2
human,2
small,2
thing,2
old,2
such,2
foot,2
room,2
during,2
who,2
english,2
ancient,2
on,2
after,2
so,2
strong,2
go,2
great,2
little,2
effect,2
ye,2
way,2
good,2
take,2
every,2
turn,2
he,2
soldier,2
reader,2
drama,2
pick,2
read,2
murder,2
ii,2
ll,2
which,2
french,1
should,1
cf,1
give,1
end,1
doctor,1
agree,1
call,1
german,1
hock,1
tragic,1
trill,1
gag,1
since,1
grew,1
kitchen,1
court,1
z,1
presently,1
advance,1
ga,1
come,1
france,1
rite,1
lint,1
chance,1
browbeat,1
pair,1
both,1
ind,1
laser,1
wily,1
rifle,1
two,1
dead,1
tinder,1
y,1
cupid,1
overthrow,1
firing,1
squad,1
scream,1
bind,1
incredible,1
upright,1
lie,1
daily,1
hand,1
job,1
romantic,1
feminine,1
eternal,1
us,1
liar,1
reveal,1
bar,1
humor,1
kindly,1
what,1
tray,1
unconventional,1
later,1
out,1
brighton,1
unconventionally,1
ache,1
yearning,1
thought,1
within,1
you,1
situation,1
intensify,1
character,1
element,1
heighten,1
pulse,1
beat,1
through,1
interesting,1
while,1
worth,1
readable,1
outside,1
sleek,1
ho,1
officer,1
masterful,1
off,1
dir,1
then,1
itself,1
belong,1
stroke,1
kith,1
surely,1
sketch,1
detail,1
actuality,1
atmosphere,1
nearly,1
more,1
terrible,1
reaction,1
maxwell,1
neat,1
hide,1
create,1
sweep,1
si,1
maid,1
burt,1
widow,1
shortage,1
bit,1
heroine,1
going,1
three,1
number,1
lookout,1
canny,1
indication,1
closet,1
castle,1
when,1
insight,1
nose,1
telling,1
time,1
fighting,1
front,1
mastery,1
sympathy,1
or,1
full,1
murderer,1
interest,1
where,1
remember,1
gook,1
we,1
this,1
quite,1
however,1
satisfy,1
means,1
excitement,1
hare,1
add,1
mean,1
irony,1
welcome,1
without,1
again,1
never,1
indeed,1
whom,1
expressive,1
garden,1
devil,1
his,1
o,1
nu,1
j,1
lief,1
m,1
our,1
mat,1
put,1
lion,1
om,1
u,1
ar,1
ell,1
ir,1
lil,1
th,1
megan,1
hi,1
hag,1
tc,1
di,1
io,1
literature,1
fie,1
con,1
hollow,1
late,1
work,1
fiction,1
continue,1
from,1
precede,1
pass,1
place,1
kind,1
shall,1
lean,1
graft,1
ft,1
breed,1
another,1
caretaker,1
guest,1
surly,1
honor,1
comfort,1
may,1
order,1
charge,1
l,1
soul,1
spirit,1
hold,1
ice,1
steal,1
delight,1
c,1
ad,1
gamekeeper,1
thieve,1
sen,1
kill,1
bad,1
extortion,1
word,1
inane,1
fame,1
fair,1
leave,1
altogether,1
mote,1
large,1
picture,1
ironic,1
need,1
lay,1
most,1
crowd,1
rather,1
finally,1
et,1
temper,1
easy,1
knife,1
instance,1
hat,1
mans,1
century,1
under,1
family,1
love,1
stone,1
tree,1
quiet,1
custom,1
count,1
countess,1
trouble,1
ally,1
theirs,1
r,1
squeeze,1
themselves,1
will,1
