lemma,count
the,70
of,54
be,52
to,36
and,34
a,29
they,23
japanese,19
that,14
i,14
it,13
his,13
as,12
not,12
have,11
in,10
with,10
on,8
an,8
there,7
this,7
but,6
he,6
by,6
s,6
new,6
hero,5
one,5
mike,5
can,5
other,5
their,5
mr,5
we,5
or,5
for,5
world,4
if,4
don,4
when,4
l,4
parker,4
believe,4
make,4
out,4
at,4
what,4
which,4
pride,4
so,4
california,4
op,3
japan,3
effort,3
save,3
come,3
never,3
who,3
alien,3
about,3
race,3
she,3
state,3
from,3
do,3
little,3
no,3
great,3
against,3
book,3
b,3
york,3
will,3
good,3
feel,3
all,3
know,2
purpose,2
bear,2
very,2
passage,2
any,2
those,2
many,2
school,2
teach,2
its,2
lose,2
after,2
child,2
irritable,2
agreement,2
where,2
stranglehold,2
class,2
tell,2
people,2
us,2
go,2
her,2
country,2
here,2
faith,2
more,2
lair,2
palomar,2
misunderstanding,2
concern,2
enough,2
detail,2
another,2
mean,2
benighted,2
californian,2
psychology,2
ranch,2
scheme,2
them,2
lead,2
get,2
much,2
deal,2
code,2
peter,2
american,2
various,2
these,2
anglo,2
may,2
thing,2
hold,2
see,2
belief,1
how,1
talk,1
firmly,1
face,1
discover,1
de,1
globe,1
religion,1
la,1
true,1
own,1
pattern,1
bogey,1
major,1
general,1
behoove,1
carry,1
land,1
say,1
rea,1
accept,1
modern,1
verily,1
invasion,1
sportsmanship,1
master,1
peat,1
truthful,1
relation,1
contractual,1
quarrelsome,1
fr,1
saxon,1
best,1
away,1
oriental,1
me,1
understand,1
you,1
mien,1
saddened,1
evasion,1
deceit,1
therefore,1
superior,1
revive,1
rut,1
carefully,1
plan,1
patient,1
rid,1
theirs,1
man,1
head,1
keep,1
sense,1
shrewd,1
wonderfully,1
childish,1
force,1
instead,1
america,1
two,1
irritability,1
worship,1
economic,1
ancestor,1
buddhist,1
public,1
attend,1
political,1
grower,1
fruit,1
because,1
repeat,1
something,1
usually,1
discovery,1
wonder,1
fault,1
certainly,1
interest,1
curious,1
description,1
tow,1
certain,1
mikado,1
picture,1
hack,1
bottom,1
crate,1
nice,1
manly,1
clean,1
fine,1
big,1
also,1
suppose,1
add,1
dubious,1
help,1
statement,1
citizen,1
defiance,1
javanese,1
law,1
aware,1
du,1
harmonize,1
between,1
geographical,1
seek,1
further,1
territory,1
our,1
overrun,1
every,1
green,1
north,1
right,1
creed,1
unreliable,1
color,1
regardless,1
exploit,1
put,1
resource,1
illy,1
upon,1
embitter,1
blessing,1
destroy,1
tack,1
society,1
inevitably,1
again,1
moral,1
hop,1
lo,1
amicable,1
accord,1
live,1
different,1
pigmented,1
then,1
refer,1
settlement,1
character,1
must,1
return,1
propaganda,1
pro,1
real,1
body,1
humble,1
first,1
well,1
among,1
patrimony,1
look,1
up,1
grow,1
valley,1
beautiful,1
home,1
old,1
prospect,1
descent,1
irish,1
mixed,1
family,1
thriftless,1
easygoing,1
survivor,1
sole,1
cultivate,1
result,1
parcel,1
hat,1
over,1
nearly,1
unreal,1
romantically,1
splendidly,1
heroine,1
course,1
foreclose,1
prevent,1
money,1
rake,1
succeed,1
end,1
profitable,1
reason,1
prejudice,1
share,1
easterner,1
should,1
romantic,1
frantic,1
intend,1
gage,1
love,1
chant,1
hymn,1
prose,1
foundation,1
supply,1
would,1
together,1
bring,1
along,1
lag,1
expression,1
give,1
author,1
tn,1
novel,1
feature,1
noteworthy,1
most,1
outpouring,1
remarkable,1
hate,1
hater,1
mort,1
claim,1
name,1
financier,1
hand,1
into,1
fall,1
young,1
gallant,1
farrel,1
question,1
evolve,1
actually,1
present,1
aggravate,1
attempt,1
only,1
danger,1
awaken,1
namely,1
mission,1
daughter,1
ix,1
work,1
undoubtedly,1
financially,1
breaking,1
break,1
c,1
coolie,1
hut,1
gentleman,1
later,1
nippon,1
son,1
cocksure,1
crow,1
jim,1
ought,1
effect,1
outburst,1
anti,1
mouth,1
foam,1
benefit,1
news,1
property,1
long,1
mutual,1
disciple,1
soul,1
generosity,1
nobility,1
meet,1
nature,1
calculate,1
selfish,1
ruthless,1
camouflage,1
genuine,1
nor,1
instinctive,1
neither,1
courtesy,1
abominable,1
manner,1
malevolent,1
else,1
page,1
father,1
theme,1
grip,1
abuse,1
stream,1
abundant,1
forth,1
pour,1
mouthpiece,1
principal,1
use,1
although,1
now,1
colonization,1
o,1
menace,1
rate,1
part,1
marry,1
ci,1
independent,1
allege,1
dreary,1
fill,1
business,1
prefer,1
soil,1
colony,1
horror,1
show,1
opportunity,1
surely,1
farmer,1
populate,1
thickly,1
area,1
large,1
slice,1
far,1
yet,1
leave,1
story,1
eliminate,1
dealing,1
inferior,1
