lemma,count
of,35
the,20
and,12
be,9
in,7
he,6
for,6
s,5
have,4
that,4
a,4
at,3
t,3
write,3
l,3
about,3
tile,3
but,3
find,3
q,3
other,3
book,3
essay,2
i,2
m,2
father,2
to,2
mind,2
it,2
or,2
paper,2
some,2
author,2
marvin,2
all,2
one,2
next,2
more,2
number,2
do,2
may,2
pigsty,1
while,1
hero,1
orderly,1
which,1
declare,1
tad,1
home,1
possible,1
clean,1
exalt,1
calm,1
ira,1
would,1
say,1
actual,1
ii,1
accuse,1
riot,1
leper,1
literary,1
priest,1
atmosphere,1
religious,1
precious,1
sta,1
o,1
fright,1
clear,1
spiritual,1
contempt,1
mr,1
riddle,1
frightful,1
subject,1
thing,1
interest,1
mass,1
mean,1
success,1
death,1
view,1
ice,1
also,1
paolo,1
francesca,1
retell,1
their,1
saint,1
tale,1
dante,1
three,1
catholicity,1
culture,1
forget,1
american,1
poet,1
art,1
tragic,1
enthusiast,1
mankind,1
various,1
idea,1
publish,1
already,1
add,1
them,1
time,1
odd,1
compose,1
each,1
relation,1
no,1
little,1
writing,1
confess,1
really,1
rowland,1
frederic,1
pen,1
from,1
miscellaneous,1
large,1
into,1
collect,1
there,1
putnam,1
companionship,1
title,1
under,1
how,1
ire,1
with,1
air,1
damien,1
wonder,1
full,1
h,1
tomb,1
th,1
persian,1
nd,1
brook,1
john,1
x,1
sylvia,1
castle,1
builder,1
gather,1
modern,1
tilt,1
hyde,1
dr,1
rev,1
letter,1
brutal,1
his,1
stevenson,1
reproach,1
rn,1
you,1
when,1
idle,1
