lemma,count
the,30
be,26
of,23
t,17
and,17
to,12
s,11
in,10
ill,9
i,9
a,8
by,8
stephen,7
essay,7
l,6
tile,6
it,6
his,6
n,5
that,5
h,5
if,5
he,4
one,4
paper,4
which,4
for,4
so,4
on,4
with,4
plain,4
leslie,4
know,3
them,3
read,3
will,3
speak,3
not,3
have,3
sir,3
free,3
from,3
f,3
begin,2
thinker,2
originally,2
upon,2
year,2
jame,2
sentence,2
bryce,2
as,2
question,2
or,2
much,2
master,2
call,2
more,2
tl,2
man,2
d,2
o,2
r,2
tilt,2
ii,2
ty,2
light,2
v,2
than,2
word,2
lot,2
whom,2
print,2
here,2
new,2
write,2
other,2
paul,2
w,2
many,2
herbert,2
these,2
ts,1
say,1
ned,1
st,1
well,1
pope,1
what,1
this,1
ll,1
cs,1
but,1
same,1
art,1
lille,1
easily,1
may,1
pleasing,1
because,1
something,1
rt,1
re,1
xi,1
is,1
number,1
there,1
several,1
furnish,1
ff,1
rn,1
th,1
out,1
book,1
u,1
pl,1
thus,1
stiletto,1
you,1
put,1
matter,1
great,1
animal,1
grave,1
ask,1
we,1
provide,1
material,1
application,1
an,1
answer,1
quite,1
climber,1
affirmative,1
while,1
still,1
further,1
characteristic,1
bernard,1
de,1
mountain,1
fable,1
bee,1
another,1
its,1
apology,1
tn,1
where,1
ix,1
soul,1
why,1
immortality,1
should,1
refuse,1
all,1
cat,1
admirable,1
fortunately,1
authentic,1
dog,1
watch,1
lust,1
minute,1
lye,1
ten,1
bad,1
reason,1
sundry,1
ly,1
people,1
learn,1
own,1
gather,1
dry,1
admirer,1
reader,1
get,1
positive,1
sense,1
exhilaration,1
g,1
last,1
mr,1
work,1
first,1
road,1
introductory,1
quick,1
change,1
dead,1
live,1
safe,1
however,1
historian,1
before,1
press,1
late,1
knickerbocker,1
modernness,1
freshness,1
son,1
commend,1
york,1
who,1
they,1
appreciative,1
introduce,1
two,1
pp,1
both,1
quarterly,1
review,1
mo,1
biographical,1
critically,1
most,1
clergyman,1
wit,1
lt,1
literal,1
me,1
church,1
x,1
real,1
nature,1
broad,1
k,1
publish,1
scientific,1
force,1
into,1
lilt,1
ally,1
ho,1
wilt,1
hi,1
only,1
ex,1
pi,1
lin,1
hutch,1
sen,1
pr,1
those,1
ant,1
presently,1
give,1
up,1
order,1
come,1
c,1
hound,1
together,1
whit,1
itself,1
thinking,1
singular,1
vigor,1
apply,1
speech,1
situation,1
christian,1
religion,1
find,1
mere,1
