lemma,count
the,30
of,19
and,16
to,16
in,12
be,10
which,9
a,8
from,7
that,7
have,5
russia,5
they,4
russian,4
america,4
under,4
w,4
for,3
it,3
not,3
face,3
opportunity,3
there,2
one,2
condition,2
american,2
such,2
other,2
place,2
la,2
new,2
need,2
an,2
these,2
private,2
will,2
l,2
sad,2
open,2
do,2
up,2
duty,1
return,1
say,1
stem,1
back,1
power,1
industry,1
into,1
control,1
management,1
band,1
sure,1
gate,1
them,1
cm,1
service,1
n,1
obstacle,1
very,1
start,1
fie,1
porker,1
affair,1
factory,1
absolutely,1
their,1
hand,1
never,1
submit,1
quietly,1
old,1
forbid,1
mfr,1
positive,1
declare,1
unpopularity,1
payment,1
loan,1
better,1
improved,1
farming,1
al,1
door,1
anther,1
at,1
length,1
flue,1
general,1
title,1
endure,1
value,1
special,1
interest,1
he,1
rating,1
guarantee,1
would,1
create,1
perform,1
hate,1
ix,1
sort,1
re,1
salt,1
temporarily,1
negative,1
instead,1
policy,1
see,1
no,1
as,1
among,1
some,1
great,1
france,1
we,1
only,1
valuable,1
impression,1
important,1
improvement,1
live,1
those,1
who,1
travel,1
visit,1
essay,1
try,1
with,1
intensely,1
fascinating,1
life,1
phase,1
evolution,1
full,1
significance,1
all,1
nation,1
social,1
mass,1
assert,1
intelligence,1
by,1
spew,1
york,1
brother,1
mil,1
ace,1
awaken,1
period,1
absorb,1
main,1
energy,1
coming,1
quarter,1
century,1
trade,1
assist,1
development,1
author,1
when,1
may,1
terror,1
good,1
relation,1
lie,1
suffer,1
our,1
heretofore,1
mixture,1
compound,1
tale,1
political,1
imperial,1
ballet,1
first,1
while,1
energetic,1
intelligent,1
enterprise,1
endanger,1
red,1
begin,1
threat,1
stagger,1
stumble,1
burden,1
reorganization,1
groan,1
her,1
fat,1
thing,1
reasonable,1
expect,1
e,1
despair,1
ache,1
pussy,1
tell,1
prey,1
cc,1
or,1
