lemma,count
the,79
of,76
be,62
a,54
to,52
and,51
have,43
in,38
i,33
it,29
her,25
t,22
my,22
that,20
she,19
we,16
jane,15
this,15
for,15
at,15
he,15
by,15
as,14
s,14
not,14
but,11
or,11
with,11
l,10
laughter,9
me,9
h,9
o,9
would,9
do,8
f,8
so,8
teacher,7
one,7
from,7
when,7
you,7
love,7
who,6
leave,6
him,6
w,5
will,5
take,5
an,5
these,5
any,5
which,5
no,5
other,5
than,5
austen,5
note,5
time,5
letter,4
follow,4
year,4
sensibility,4
without,4
our,4
every,4
great,4
daughter,4
only,4
c,4
them,4
child,4
your,4
his,4
d,4
on,4
say,4
n,4
too,4
father,4
could,4
there,4
theme,4
very,3
die,3
house,3
book,3
th,3
tho,3
more,3
here,3
like,3
instantly,3
see,3
ur,3
m,3
another,3
old,3
nd,3
outdo,3
first,3
well,3
grand,3
what,3
find,3
room,3
if,3
they,3
some,3
their,3
tell,3
write,3
then,3
us,3
all,3
now,3
thus,2
up,2
alive,2
next,2
yet,2
introduction,2
rollick,2
may,2
receive,2
come,2
reverent,2
eye,2
marginal,2
myself,2
ye,2
venerable,2
pen,2
person,2
into,2
continue,2
set,2
whisper,2
son,2
show,2
whose,2
throw,2
acknowledge,2
start,2
arm,2
yes,2
young,2
reply,2
hat,2
unexpected,2
sophia,2
few,2
those,2
nearly,2
most,2
fragment,2
sweet,2
world,2
woman,2
spend,2
scotland,2
exclaim,2
journey,2
daisy,2
own,2
tn,2
inn,2
wrong,2
admire,2
trace,2
hers,2
r,2
fit,2
entirely,2
literature,2
dear,2
ditto,2
hand,2
page,2
k,2
should,2
cassandra,2
visit,2
brother,2
give,2
day,2
y,2
g,2
humor,2
correction,2
read,2
hour,2
confide,2
therefore,2
thought,2
request,2
before,2
return,2
ill,2
teach,2
know,2
call,2
genius,2
appear,2
third,2
insinuation,2
dissection,1
apartment,1
hi,1
perceive,1
immediately,1
each,1
fl,1
are,1
accord,1
mia,1
twill,1
mean,1
scientific,1
towards,1
lord,1
fearfully,1
careful,1
degree,1
whether,1
look,1
vast,1
nature,1
tie,1
putnam,1
tar,1
sit,1
la,1
produce,1
oh,1
attend,1
play,1
thinker,1
backyard,1
bag,1
shortly,1
wit,1
its,1
beheld,1
complete,1
acid,1
delicious,1
instinct,1
outline,1
grandfather,1
pretend,1
deter,1
retreat,1
quip,1
whilst,1
certain,1
modern,1
ancient,1
definition,1
ag,1
minute,1
ridiculous,1
amiable,1
aristotle,1
e,1
boor,1
down,1
discover,1
happiness,1
back,1
uplifted,1
girt,1
berth,1
research,1
available,1
di,1
man,1
detail,1
growth,1
humorous,1
st,1
loni,1
indeed,1
agatha,1
want,1
sec,1
desire,1
youth,1
union,1
hut,1
clair,1
solemnly,1
fold,1
grow,1
laughingly,1
rise,1
foot,1
bad,1
boy,1
school,1
breed,1
hun,1
emerge,1
door,1
course,1
out,1
publish,1
ruin,1
think,1
boredom,1
writing,1
proclaim,1
never,1
range,1
often,1
must,1
unaware,1
claim,1
laugh,1
human,1
sh,1
smother,1
ago,1
girl,1
forever,1
new,1
recluse,1
curtain,1
lift,1
dead,1
slight,1
arraignment,1
jest,1
wistfulness,1
sight,1
ce,1
lug,1
small,1
begun,1
itself,1
v,1
hundred,1
twenty,1
ha,1
chesterton,1
make,1
shelf,1
library,1
move,1
second,1
wisdom,1
kent,1
social,1
paint,1
power,1
tranquil,1
fare,1
el,1
lurid,1
air,1
sander,1
rector,1
alternate,1
rattle,1
chat,1
anonymous,1
boric,1
themselves,1
seat,1
que,1
line,1
cue,1
put,1
mouth,1
infinitely,1
sinter,1
hook,1
et,1
little,1
can,1
escape,1
narrate,1
ix,1
salt,1
principle,1
manuscript,1
strew,1
edward,1
tc,1
sir,1
stroke,1
offer,1
sorrow,1
listen,1
friend,1
fanny,1
sire,1
turn,1
where,1
inter,1
tour,1
es,1
meaning,1
true,1
convey,1
good,1
tut,1
reconcile,1
soon,1
mind,1
connection,1
imprudent,1
hasty,1
displeased,1
highly,1
usage,1
starve,1
chance,1
marry,1
print,1
sweetness,1
under,1
real,1
se,1
temper,1
naturally,1
lesley,1
peen,1
caw,1
college,1
self,1
lave,1
realistic,1
recent,1
creature,1
matured,1
glade,1
summer,1
hotly,1
merely,1
smartness,1
consciousness,1
transitive,1
treat,1
rollicking,1
seem,1
cupboard,1
nothing,1
sympathetic,1
evidently,1
quito,1
fireside,1
taut,1
until,1
imaginatively,1
mutually,1
sentence,1
clause,1
oblige,1
experience,1
laid,1
te,1
picture,1
enough,1
broad,1
teen,1
penalty,1
lust,1
paradise,1
learn,1
tin,1
neither,1
suet,1
faculty,1
ripple,1
inward,1
english,1
class,1
b,1
shake,1
tun,1
vet,1
ever,1
half,1
tome,1
free,1
halt,1
handsome,1
non,1
ls,1
both,1
mention,1
york,1
either,1
abort,1
company,1
improbable,1
suitable,1
omit,1
secret,1
edy,1
attachment,1
sincere,1
affection,1
ardent,1
feel,1
henceforth,1
part,1
easily,1
literary,1
nor,1
anything,1
folk,1
tricky,1
appearance,1
just,1
art,1
conjecture,1
mistake,1
evince,1
heart,1
sympathy,1
instinctive,1
gaze,1
er,1
affect,1
descend,1
knee,1
advanced,1
gentleman,1
yard,1
coach,1
attract,1
attention,1
purpose,1
carriage,1
prepare,1
dispatch,1
noon,1
stranger,1
beseech,1
intention,1
tenderly,1
granddaughter,1
mark,1
peer,1
catch,1
sooner,1
search,1
enter,1
departure,1
pr,1
astonish,1
embrace,1
thee,1
after,1
claudia,1
age,1
resemblance,1
neck,1
around,1
gr,1
ground,1
raise,1
posture,1
examine,1
attentively,1
month,1
situation,1
lane,1
wound,1
order,1
shall,1
hesitate,1
nut,1
review,1
gale,1
aid,1
series,1
typical,1
go,1
deeply,1
how,1
drive,1
everything,1
ia,1
deny,1
being,1
fair,1
utterance,1
revalue,1
seventeen,1
shout,1
much,1
hear,1
roy,1
recollect,1
melancholy,1
post,1
account,1
contain,1
mute,1
welt,1
elegant,1
society,1
intrude,1
relation,1
mile,1
stop,1
arrive,1
travel,1
fear,1
arid,1
town,1
horse,1
determine,1
affair,1
home,1
knowledge,1
inadequate,1
act,1
however,1
long,1
today,1
