lemma,count
the,70
of,45
in,26
to,25
be,24
a,17
and,16
that,10
one,7
with,7
from,6
have,6
can,6
not,6
it,6
some,6
century,5
british,5
for,5
on,5
o,5
his,5
this,4
history,4
england,4
write,4
m,4
at,4
state,4
their,4
who,4
work,3
volume,3
jog,3
only,3
political,3
so,3
europe,3
historian,3
will,3
most,3
give,3
united,3
there,3
today,3
note,3
or,3
continent,3
without,3
you,3
waterloo,3
as,3
world,3
du,3
suicide,2
say,2
public,2
de,2
keep,2
tendency,2
law,2
book,2
we,2
if,2
an,2
attempt,2
yet,2
out,2
seem,2
read,2
fault,2
fear,2
they,2
german,2
he,2
crime,2
when,2
partiality,2
less,2
among,2
show,2
own,2
la,2
about,2
much,2
strike,2
isolation,2
these,2
prussian,2
well,2
after,2
first,2
nebulae,2
condition,2
how,2
reach,2
him,2
beginning,2
lack,2
nation,2
point,2
revolution,2
concern,2
professor,2
by,2
mutual,1
misery,1
liberal,1
reformer,1
radical,1
absorb,1
employment,1
footnote,1
enliven,1
assist,1
forward,1
arrangement,1
here,1
poor,1
trot,1
similarity,1
explanation,1
gallop,1
stay,1
pro,1
lively,1
admit,1
thing,1
descent,1
currency,1
paper,1
thrall,1
indeed,1
period,1
european,1
should,1
still,1
merely,1
many,1
exotic,1
confront,1
us,1
policy,1
now,1
war,1
agrarian,1
glorious,1
expounder,1
trouble,1
trust,1
debt,1
feeling,1
citizen,1
rb,1
social,1
famous,1
similar,1
position,1
term,1
spanish,1
moment,1
s,1
early,1
main,1
wellington,1
novel,1
cuba,1
credit,1
occupy,1
found,1
would,1
matter,1
simple,1
no,1
monroe,1
accord,1
disease,1
desire,1
disraeli,1
accommodate,1
america,1
dictate,1
through,1
place,1
all,1
statesman,1
carefully,1
shall,1
consider,1
her,1
vivian,1
wish,1
very,1
grey,1
w,1
those,1
step,1
english,1
call,1
was,1
last,1
wave,1
curious,1
perhaps,1
sleep,1
go,1
power,1
nowadays,1
quarter,1
briton,1
topic,1
live,1
bourbon,1
oust,1
want,1
democrats,1
ale,1
feel,1
depart,1
eighteenth,1
finish,1
national,1
gallery,1
irish,1
mark,1
contempt,1
violence,1
number,1
ireland,1
tor,1
along,1
grand,1
robert,1
name,1
deed,1
like,1
unrest,1
peel,1
our,1
carry,1
ten,1
breathless,1
view,1
index,1
copious,1
round,1
question,1
large,1
eight,1
six,1
rate,1
make,1
complacency,1
shock,1
close,1
ago,1
rush,1
fiction,1
ephemeral,1
himself,1
before,1
difficulty,1
equipped,1
conscientious,1
realize,1
chapter,1
set,1
press,1
task,1
pursuit,1
faithful,1
steady,1
quiet,1
impose,1
year,1
publish,1
way,1
people,1
inform,1
g,1
h,1
gallant,1
such,1
acquaint,1
pp,1
royal,1
paris,1
bill,1
reform,1
ii,1
elie,1
par,1
au,1
entire,1
earth,1
physical,1
conduct,1
nineteenth,1
start,1
tackle,1
elle,1
des,1
ecole,1
patient,1
mental,1
scrupulous,1
askance,1
look,1
may,1
time,1
modern,1
twofold,1
either,1
save,1
themselves,1
far,1
qualification,1
i,1
folk,1
account,1
sympathetic,1
just,1
animus,1
competent,1
thoroughly,1
foreigner,1
duty,1
come,1
mistake,1
slur,1
must,1
confess,1
popular,1
writing,1
impartiality,1
accuracy,1
but,1
enchanter,1
two,1
pyrotechnic,1
into,1
trait,1
infuse,1
wen,1
know,1
carlyle,1
france,1
which,1
guard,1
always,1
american,1
toward,1
saxon,1
reading,1
squalid,1
what,1
other,1
country,1
unfair,1
uncritical,1
become,1
pay,1
vendetta,1
grievance,1
patriotism,1
breed,1
ont,1
eulogy,1
nor,1
literary,1
degree,1
same,1
good,1
really,1
von,1
exuberant,1
more,1
wretched,1
foolishness,1
f,1
young,1
misinform,1
add,1
style,1
kay,1
