lemma,count
the,33
of,28
to,20
in,16
be,16
her,14
and,13
pelham,11
his,10
a,10
have,10
darrell,9
that,8
with,7
he,6
for,6
all,6
elizabeth,6
she,5
after,5
old,4
not,4
love,4
or,4
s,4
man,3
at,3
herself,3
mr,3
when,3
two,3
but,3
so,3
by,3
nd,2
poor,2
who,2
himself,2
without,2
fall,2
simple,2
father,2
whose,2
brandon,2
these,2
find,2
senator,2
marry,2
face,2
which,2
out,2
live,2
husband,2
story,2
anne,2
africa,2
gentleman,2
intellectual,2
go,2
it,2
friend,2
carry,2
however,2
lady,2
young,2
interest,2
only,2
washington,2
up,2
book,2
do,2
society,2
action,2
character,2
mrs,2
very,2
what,1
yet,1
use,1
opposite,1
handsome,1
get,1
ill,1
want,1
decide,1
courageous,1
wife,1
there,1
h,1
another,1
besides,1
tortuous,1
one,1
divorce,1
west,1
fighter,1
daughter,1
desert,1
affair,1
come,1
last,1
faith,1
accord,1
through,1
him,1
mankind,1
this,1
hatred,1
state,1
depression,1
easily,1
into,1
net,1
wealthy,1
scorn,1
enlist,1
sufficiently,1
from,1
weakness,1
strength,1
ar,1
claver,1
rough,1
wind,1
bad,1
sara,1
irrepressible,1
wall,1
happy,1
moment,1
employ,1
take,1
right,1
nail,1
sail,1
kind,1
some,1
upstart,1
nouveau,1
bully,1
tooth,1
nephew,1
law,1
jame,1
white,1
fight,1
gr,1
lovable,1
rend,1
weight,1
gravel,1
haired,1
position,1
flaunt,1
frank,1
sister,1
t,1
mme,1
say,1
million,1
make,1
most,1
as,1
already,1
gen,1
under,1
code,1
frighten,1
cow,1
heart,1
honor,1
ls,1
winding,1
die,1
sadly,1
introduce,1
capital,1
fifteen,1
twenty,1
year,1
ago,1
mushroom,1
growth,1
wealth,1
become,1
widespread,1
dough,1
long,1
line,1
gentle,1
ancestor,1
member,1
fast,1
disappearing,1
type,1
hearted,1
virginian,1
meet,1
charity,1
reader,1
visit,1
press,1
officer,1
money,1
illustrate,1
mo,1
new,1
york,1
macmillan,1
company,1
manner,1
writing,1
leave,1
little,1
imagination,1
reveal,1
also,1
train,1
thought,1
lead,1
those,1
nevertheless,1
full,1
begin,1
arrival,1
englishman,1
ball,1
flock,1
both,1
tell,1
distant,1
relative,1
soon,1
versus,1
suddenly,1
misfortune,1
meanwhile,1
learn,1
property,1
heir,1
entail,1
descended,1
ms,1
next,1
kin,1
hand,1
canny,1
scotch,1
attorney,1
think,1
act,1
wisely,1
client,1
inherit,1
trust,1
false,1
gallant,1
win,1
bride,1
india,1
accompany,1
devoted,1
tux,1
companionship,1
though,1
an,1
honorable,1
peer,1
prove,1
cousin,1
hugh,1
even,1
realize,1
mistake,1
instead,1
never,1
falter,1
duty,1
nor,1
each,1
