lemma,count
the,22
of,16
a,12
to,10
be,9
and,7
for,5
as,4
in,4
an,4
it,3
at,3
not,3
elopement,3
time,3
s,3
but,3
reader,2
save,2
story,2
hold,2
seem,2
so,2
he,2
have,2
by,2
pretty,2
mr,2
truth,1
virtue,1
george,1
rare,1
essential,1
character,1
even,1
their,1
spinner,1
airy,1
tale,1
commit,1
wrong,1
if,1
end,1
fascinating,1
light,1
difficulty,1
remove,1
mean,1
leo,1
use,1
heroine,1
hero,1
his,1
part,1
first,1
altogether,1
barr,1
offender,1
attain,1
add,1
esteem,1
on,1
rob,1
purpose,1
its,1
fulfill,1
well,1
simple,1
recreation,1
novel,1
belong,1
hour,1
tedious,1
away,1
while,1
choose,1
would,1
one,1
what,1
just,1
amusing,1
air,1
disfigurement,1
this,1
youth,1
ls,1
crumble,1
surely,1
too,1
that,1
influence,1
sole,1
novelist,1
day,1
conventional,1
far,1
itself,1
wedding,1
fashionable,1
avoid,1
mead,1
plan,1
millionaire,1
pair,1
with,1
room,1
drawing,1
chicago,1
enough,1
conventionally,1
begin,1
co,1
lover,1
resorting,1
play,1
foul,1
reade,1
girl,1
incidentally,1
adorn,1
shipwreck,1
reception,1
cover,1
provide,1
from,1
lead,1
island,1
kettle,1
trouble,1
illustration,1
harrison,1
very,1
lord,1
abomination,1
lie,1
definition,1
child,1
laugh,1
all,1
fisher,1
we,1
point,1
single,1
pp,1
mo,1
demurrer,1
no,1
enter,1
new,1
seriously,1
take,1
york,1
complication,1
absurd,1
needlessly,1
full,1
fish,1
sense,1
