lemma,count
the,108
be,84
of,63
and,44
a,36
to,30
in,24
it,19
she,18
that,17
for,17
with,16
not,15
have,15
you,10
them,9
he,9
balkan,9
as,9
there,8
all,8
this,8
which,7
tile,7
they,6
country,6
on,6
hatred,6
her,6
give,6
author,6
would,6
or,6
land,6
people,6
no,6
from,5
without,5
so,5
but,5
lady,5
do,5
may,5
i,5
book,5
when,5
bulgarian,5
its,4
into,4
because,4
political,4
three,4
could,4
live,4
point,4
n,4
who,4
man,4
write,4
his,4
one,4
albanian,4
out,4
their,4
think,3
want,3
begin,3
among,3
by,3
an,3
empire,3
more,3
unfortunate,3
at,3
thing,3
past,3
watch,3
any,3
age,3
can,3
up,3
read,3
greek,3
always,3
seem,3
possible,2
go,2
such,2
enforce,2
interesting,2
than,2
show,2
what,2
town,2
other,2
racial,2
purpose,2
way,2
present,2
doctor,2
tho,2
plan,2
very,2
ill,2
say,2
should,2
good,2
re,2
ha,2
here,2
race,2
question,2
party,2
politic,2
we,2
tell,2
before,2
then,2
century,2
these,2
russia,2
place,2
under,2
prejudice,2
notice,2
language,2
look,2
church,2
must,2
him,2
arid,2
never,2
enter,2
time,2
possess,2
west,2
attention,2
view,2
see,2
duty,2
durham,2
th,2
english,2
power,2
ride,2
across,2
if,2
turn,2
subject,2
request,2
condition,2
travel,2
advantage,2
night,2
few,2
rifle,2
turkish,2
doubt,2
idea,2
charge,2
carry,2
ask,2
far,2
gentleman,1
down,1
authority,1
coveted,1
impossible,1
titan,1
buy,1
poison,1
coffee,1
strictly,1
put,1
something,1
law,1
firm,1
turkey,1
friend,1
expedient,1
myself,1
madame,1
sale,1
import,1
probably,1
where,1
become,1
satisfied,1
woman,1
morning,1
cry,1
everybody,1
assistance,1
clamorous,1
e,1
slight,1
sick,1
numerous,1
ms,1
s,1
j,1
cancer,1
plaster,1
court,1
hut,1
temporary,1
incredible,1
worth,1
only,1
m,1
intermediary,1
turk,1
united,1
sultan,1
shoot,1
destroy,1
clone,1
school,1
further,1
anything,1
difference,1
traitor,1
ascribe,1
terror,1
village,1
mysteriously,1
capture,1
sin,1
multitude,1
cover,1
hat,1
ere,1
incident,1
almost,1
certain,1
murder,1
approach,1
throw,1
supper,1
residence,1
quietly,1
austrian,1
work,1
paint,1
call,1
touch,1
luminous,1
those,1
course,1
fourth,1
interest,1
enid,1
italian,1
consulate,1
understand,1
stamp,1
some,1
local,1
small,1
arlene,1
themselves,1
rob,1
vail,1
robber,1
rather,1
excuse,1
field,1
cottage,1
brigandage,1
consider,1
remember,1
dictionary,1
french,1
trouble,1
get,1
once,1
except,1
season,1
rainy,1
smuggling,1
stupid,1
q,1
suspect,1
gull,1
constant,1
feud,1
blood,1
goatherd,1
flintlock,1
censor,1
plow,1
cradle,1
lay,1
martini,1
pro,1
help,1
arrange,1
peninsula,1
stratum,1
overlie,1
alive,1
moral,1
sentiment,1
middle,1
reveal,1
short,1
feeling,1
western,1
credit,1
through,1
rule,1
marl,1
failure,1
hastily,1
even,1
vividly,1
episode,1
aid,1
humble,1
fulfill,1
obtain,1
nor,1
person,1
t,1
learn,1
foster,1
d,1
why,1
know,1
foreign,1
intimate,1
purely,1
employ,1
fund,1
relief,1
mass,1
british,1
number,1
villain,1
well,1
shed,1
uphold,1
englishwoman,1
disgust,1
entirely,1
cloak,1
inform,1
educated,1
deed,1
hide,1
surround,1
merely,1
force,1
rapacious,1
journey,1
protracted,1
er,1
masculinity,1
admirable,1
about,1
me,1
nell,1
adventure,1
romance,1
spirit,1
imbue,1
molest,1
result,1
smile,1
sweet,1
easy,1
wreckage,1
strew,1
steer,1
track,1
keep,1
nicely,1
suffer,1
heat,1
cold,1
history,1
bad,1
overrun,1
most,1
perhaps,1
grasp,1
library,1
entire,1
gibbon,1
modern,1
various,1
stir,1
often,1
particular,1
own,1
lookout,1
czar,1
overfond,1
though,1
whimpering,1
like,1
naturally,1
hungry,1
honor,1
inclined,1
invader,1
sometimes,1
flattering,1
title,1
state,1
late,1
end,1
instinctive,1
appear,1
pronounce,1
discord,1
element,1
christian,1
serb,1
whether,1
matter,1
fight,1
confound,1
worse,1
confusion,1
record,1
bloodshed,1
strife,1
find,1
miss,1
since,1
burden,1
positive,1
money,1
charity,1
partaking,1
sharpness,1
same,1
strict,1
require,1
godforsaken,1
distribution,1
sympathetic,1
destine,1
clothing,1
picture,1
provision,1
send,1
ham,1
intimately,1
description,1
pluck,1
great,1
edith,1
herself,1
sign,1
trait,1
remain,1
study,1
trail,1
hell,1
around,1
dilate,1
surrounding,1
incessant,1
tattle,1
full,1
isa,1
window,1
scarcely,1
tic,1
pelf,1
craze,1
period,1
old,1
custom,1
badly,1
rejoice,1
mean,1
beauty,1
pass,1
auk,1
lake,1
misery,1
oft,1
thin,1
finger,1
comrade,1
either,1
my,1
apology,1
h,1
positron,1
l,1
off,1
burn,1
fear,1
thrust,1
crust,1
dare,1
hot,1
red,1
passion,1
primeval,1
raw,1
bed,1
lava,1
surge,1
quiet,1
along,1
attendance,1
behind,1
between,1
upon,1
searchlight,1
sudden,1
occur,1
g,1
al,1
revisit,1
month,1
io,1
drink,1
cat,1
ma,1
bit,1
every,1
drop,1
alone,1
st,1
ea,1
different,1
joint,1
grandeur,1
notion,1
puff,1
perceive,1
flash,1
flint,1
part,1
date,1
recent,1
little,1
dirty,1
describe,1
reach,1
objective,1
vienna,1
trip,1
world,1
useless,1
ever,1
quit,1
six,1
primitive,1
loose,1
let,1
wipe,1
back,1
leap,1
mast,1
co,1
virulence,1
