lemma,count
the,346
of,245
be,192
to,150
and,107
in,97
a,94
that,68
it,57
have,54
as,49
which,43
his,41
he,40
by,38
for,34
with,30
an,29
who,26
lord,25
their,25
but,24
they,24
man,23
not,22
at,21
s,20
them,20
one,19
or,19
upon,18
essay,18
all,17
no,17
this,17
these,16
on,16
find,15
we,14
political,14
more,13
so,13
british,12
from,12
there,11
say,11
such,11
people,10
when,10
do,10
take,10
may,10
if,10
government,10
point,10
still,9
same,9
view,9
question,9
any,9
come,9
write,9
time,9
fact,8
would,8
politic,8
foreign,8
even,8
salisbury,8
because,8
will,8
make,8
article,8
only,8
author,8
interest,7
after,7
some,7
english,7
than,7
against,7
never,7
review,7
show,6
own,6
mean,6
world,6
i,6
well,6
position,6
day,6
policy,6
under,6
state,6
can,6
two,6
reader,6
writer,6
course,6
statesman,6
robert,6
great,5
what,5
better,5
particular,5
themselves,5
living,5
its,5
cecil,5
him,5
nation,5
year,5
england,5
really,5
understand,5
power,5
read,5
most,5
very,5
know,5
himself,5
century,5
our,5
into,5
first,5
ideal,5
kind,5
old,5
seem,5
could,5
modern,4
thing,4
quarterly,4
see,4
whig,4
account,4
generation,4
l,4
those,4
e,4
remarkable,4
history,4
always,4
go,4
almost,4
whom,4
your,4
interesting,4
passage,4
present,4
nothing,4
common,4
up,4
govern,4
sympathy,4
many,4
out,4
minister,4
character,4
historical,4
profess,4
opinion,4
become,4
give,4
marquis,4
look,4
explain,4
reform,4
either,4
quite,4
able,4
except,4
feeling,4
word,4
danish,3
law,3
party,3
about,3
happen,3
case,3
implicit,3
faith,3
ho,3
down,3
aristocratic,3
country,3
house,3
represent,3
name,3
french,3
hold,3
bill,3
us,3
russell,3
universal,3
john,3
suffrage,3
language,3
war,3
watch,3
express,3
much,3
way,3
poland,3
where,3
high,3
essayist,3
entirely,3
educated,3
dislike,3
value,3
ability,3
speak,3
tell,3
now,3
reason,3
popular,3
attention,3
effect,3
her,3
color,3
deal,3
nobody,3
earn,3
perhaps,3
ought,3
literary,3
accord,3
succeed,3
longer,3
noble,3
young,3
must,3
force,3
also,3
how,3
admit,3
enemy,3
survive,3
prophecy,3
york,3
book,3
set,3
right,3
theory,3
since,3
new,3
volume,3
itself,3
mind,3
success,3
through,2
exposition,2
transaction,2
catechism,2
class,2
far,2
object,2
conduct,2
criticism,2
land,2
aristocracy,2
profession,2
found,2
why,2
doubtless,2
american,2
regard,2
highly,2
explanation,2
union,2
less,2
just,2
advance,2
rival,2
necessarily,2
public,2
ally,2
blindness,2
notion,2
superior,2
populace,2
thus,2
consent,2
delusion,2
freedom,2
southerner,2
credible,2
negro,2
prime,2
scheme,2
here,2
over,2
re,2
fox,2
ne,2
school,2
pitt,2
receive,2
every,2
select,2
exclude,2
treaty,2
nationality,2
bismarck,2
prussia,2
prussian,2
soldier,2
next,2
then,2
acquire,2
death,2
describe,2
like,2
fall,2
doubt,2
secure,2
certain,2
weakness,2
duchy,2
napoleon,2
model,2
german,2
rule,2
nd,2
ground,2
part,2
rest,2
constant,2
ever,2
scarcely,2
explicit,2
r,2
moral,2
avenge,2
japanese,2
official,2
office,2
later,2
human,2
iron,2
britain,2
traditional,2
exposure,2
though,2
liberal,2
sarcasm,2
affair,2
rehabilitation,2
rather,2
get,2
expect,2
assume,2
anything,2
moment,2
writing,2
combine,2
count,2
call,2
life,2
denmark,2
wrong,2
reconstruct,2
again,2
strike,2
ride,2
mass,2
publish,2
five,2
divide,2
although,2
biographical,2
wish,2
consult,2
disregard,2
rome,2
move,2
bitter,2
intrinsic,2
remark,2
h,2
witness,2
put,2
journalistic,2
blot,2
naturally,2
commit,2
anonymous,2
birth,2
topic,2
confidence,2
unless,2
vol,2
lazy,2
biography,2
while,2
tribe,2
parliament,2
something,2
satisfaction,2
another,2
trouble,2
member,2
order,2
y,2
revolution,2
before,2
follow,2
both,2
remain,2
else,2
matter,2
johnson,2
n,2
draw,2
late,2
bind,2
without,2
device,2
good,2
among,2
work,2
nor,2
race,2
london,2
early,2
attract,2
level,2
exist,2
standard,2
appear,2
yet,2
ingratitude,2
accuracy,2
continue,2
forget,2
partisan,2
lie,2
idea,2
saturday,2
blunder,2
appeal,2
form,2
esteem,2
worthy,2
heir,2
publication,2
each,2
garrison,1
amount,1
irritating,1
recognition,1
g,1
pattern,1
nov,1
precision,1
aggravating,1
par,1
conspirator,1
lukewarmness,1
revolutionary,1
necessity,1
philological,1
crappie,1
washington,1
method,1
confusion,1
pedantic,1
enormity,1
subject,1
bravery,1
foe,1
preferable,1
nerve,1
overwhelming,1
bengal,1
baltimore,1
arrest,1
hut,1
breach,1
disparage,1
flagrant,1
seizure,1
silesia,1
elaborately,1
north,1
doctrine,1
accompany,1
deception,1
shameless,1
clive,1
mistress,1
undoubtedly,1
ed,1
picture,1
different,1
bloodiest,1
dogma,1
administration,1
prefatory,1
lay,1
fortified,1
dawn,1
lincoln,1
pooh,1
poohing,1
useless,1
ca,1
attenuation,1
pale,1
pink,1
arbitrary,1
lose,1
intermediate,1
ifs,1
dart,1
continually,1
coin,1
prefigure,1
stern,1
joy,1
thirty,1
afterward,1
notify,1
refuse,1
paris,1
antiquated,1
q,1
embody,1
majesty,1
clear,1
acute,1
taking,1
cultivate,1
bastille,1
achievement,1
enthusiasm,1
labor,1
panoply,1
sit,1
safe,1
dignity,1
steadiness,1
continuity,1
democratic,1
likely,1
lack,1
cite,1
tend,1
admission,1
quarry,1
cherish,1
disbelief,1
delight,1
multitude,1
inarticulately,1
fool,1
occasion,1
squire,1
favorite,1
celebration,1
worth,1
hot,1
cast,1
gatherer,1
blossom,1
content,1
blight,1
inhale,1
deaf,1
afford,1
win,1
submit,1
crotchety,1
my,1
flower,1
bouquet,1
enthusiastic,1
tolerable,1
friend,1
aid,1
republic,1
encase,1
admiration,1
golden,1
nosegay,1
pursuer,1
deserter,1
please,1
condition,1
die,1
calorific,1
reference,1
burn,1
beg,1
spain,1
few,1
offense,1
embarrassing,1
moderate,1
mortal,1
excitement,1
side,1
demerit,1
enough,1
antagonist,1
long,1
obstinately,1
celebrate,1
er,1
honesty,1
skein,1
bewilder,1
animate,1
large,1
extreme,1
extend,1
writ,1
sublime,1
divine,1
section,1
village,1
pulpit,1
parish,1
inhabitant,1
reciprocate,1
purport,1
whole,1
prefer,1
valuable,1
everything,1
past,1
tangled,1
unraveling,1
disposition,1
burke,1
difficulty,1
once,1
footnote,1
indictment,1
unsparing,1
chancellor,1
trace,1
clumsy,1
fifteen,1
settle,1
accessible,1
berlin,1
conference,1
endure,1
simple,1
lath,1
impossible,1
vienna,1
paint,1
congress,1
passport,1
unselfish,1
perfectly,1
avowedly,1
atmosphere,1
intrigue,1
accustom,1
oratory,1
mode,1
considerable,1
leader,1
spectacle,1
angle,1
support,1
bait,1
door,1
mortality,1
attractiveness,1
corrupted,1
peculiar,1
code,1
ethic,1
liable,1
stiff,1
sight,1
live,1
unaccountable,1
intellect,1
warn,1
truth,1
edition,1
elementary,1
correspondence,1
instructive,1
blind,1
readable,1
ms,1
fail,1
sketch,1
laboriously,1
competent,1
follower,1
victory,1
heap,1
ascribe,1
ruin,1
eloquence,1
carefully,1
critic,1
europe,1
nobleman,1
merely,1
imitation,1
twenty,1
overthrow,1
ago,1
effort,1
furnish,1
self,1
failure,1
change,1
attica,1
ls,1
alabama,1
building,1
possibly,1
equally,1
impenetrable,1
adam,1
argument,1
expostulation,1
west,1
dante,1
disintegration,1
keen,1
prophet,1
whose,1
era,1
maryland,1
beauty,1
poetical,1
meet,1
hand,1
greek,1
evidently,1
assent,1
nod,1
fascinating,1
wholly,1
flourish,1
confer,1
territorial,1
confederate,1
limit,1
bad,1
fulfillment,1
attic,1
pindar,1
citizen,1
florence,1
study,1
encourage,1
diet,1
terror,1
palmerston,1
acknowledge,1
expense,1
fair,1
desertion,1
oar,1
sneer,1
mention,1
injustice,1
assistance,1
obviously,1
disreputable,1
junker,1
resent,1
america,1
united,1
animosity,1
capacity,1
frankfort,1
respond,1
virgil,1
vistula,1
compose,1
poetry,1
therefore,1
reign,1
venice,1
apparent,1
exception,1
decry,1
aspiration,1
play,1
pole,1
drama,1
eng,1
danger,1
forbid,1
fate,1
has,1
befall,1
yoke,1
instance,1
apt,1
bourbon,1
questionable,1
tl,1
ill,1
beautiful,1
russia,1
seventeenth,1
whereby,1
vehement,1
radical,1
boot,1
spur,1
ledger,1
number,1
saddle,1
bridle,1
eighteenth,1
pride,1
anglican,1
lowly,1
reverently,1
riot,1
deny,1
grant,1
natural,1
ruler,1
oppose,1
prenatally,1
distinction,1
peel,1
debate,1
ad,1
lifetime,1
dis,1
sell,1
ge,1
finally,1
following,1
accuse,1
sir,1
catch,1
artificial,1
bath,1
steal,1
clothe,1
whether,1
hair,1
presumptive,1
stand,1
extension,1
electorate,1
measure,1
carte,1
blanche,1
mot,1
ere,1
root,1
ruling,1
confederacy,1
during,1
civil,1
anthony,1
trollope,1
church,1
dinner,1
archdeacon,1
christian,1
desire,1
gentleman,1
northerner,1
infidel,1
society,1
singular,1
viscount,1
exigency,1
secretary,1
india,1
pay,1
break,1
addition,1
crude,1
you,1
counsel,1
fashioned,1
solution,1
refractory,1
hodge,1
insolent,1
southern,1
afro,1
insist,1
want,1
frown,1
slavery,1
discourage,1
comfortable,1
possession,1
colonel,1
attachment,1
padded,1
south,1
albeit,1
latter,1
extent,1
exciting,1
bet,1
capable,1
co,1
odd,1
parent,1
necessary,1
ready,1
inheritance,1
attraction,1
extrinsic,1
repay,1
characteristic,1
tory,1
organ,1
gigantic,1
monthly,1
competition,1
careless,1
interrupted,1
listening,1
tumultuous,1
excessive,1
length,1
judge,1
average,1
apparently,1
private,1
otherwise,1
other,1
actuality,1
reawaken,1
montgomery,1
schuyler,1
observe,1
equal,1
unknown,1
six,1
subdivide,1
convenience,1
dint,1
historically,1
command,1
retrospective,1
perspective,1
strength,1
earth,1
heaven,1
shape,1
authority,1
accept,1
conclusion,1
reproduce,1
example,1
thousand,1
twentieth,1
accomplished,1
should,1
sometimes,1
omission,1
saving,1
clause,1
partisanship,1
difficult,1
important,1
issue,1
torte,1
electoral,1
care,1
sure,1
rate,1
toward,1
however,1
bf,1
kg,1
ii,1
mo,1
pp,1
index,1
dog,1
tolerably,1
between,1
emerson,1
cover,1
booklet,1
ferocious,1
polemic,1
publicist,1
scottish,1
theologian,1
mankind,1
contributor,1
distinctly,1
convert,1
appearance,1
greece,1
pamphlet,1
editor,1
polemical,1
compliment,1
impartiality,1
report,1
speech,1
answer,1
save,1
indian,1
open,1
defense,1
parlous,1
skillful,1
discredit,1
disparagement,1
turn,1
censure,1
extract,1
significant,1
placid,1
arrive,1
m,1
responsible,1
hereditary,1
tiding,1
slow,1
forgive,1
spite,1
evil,1
pursue,1
attain,1
declare,1
impracticable,1
carry,1
glorious,1
formally,1
bear,1
simply,1
gradually,1
fairly,1
honest,1
samuel,1
son,1
flattery,1
bookseller,1
heredity,1
environment,1
escape,1
justify,1
weary,1
feel,1
banish,1
duke,1
bohemia,1
retain,1
orthodox,1
ducal,1
sentiment,1
deeply,1
ting,1
cynicism,1
triumph,1
stigmatize,1
imbecile,1
secondary,1
arouse,1
abundance,1
resentful,1
englishman,1
easy,1
persuade,1
courtesy,1
share,1
maxim,1
acquiesce,1
belief,1
assumption,1
widely,1
prepare,1
soil,1
reap,1
fruit,1
nay,1
recall,1
forward,1
consideration,1
adduce,1
holy,1
monarchies,1
motif,1
folly,1
empire,1
defenseless,1
obscurity,1
diplomatic,1
shroud,1
probably,1
conceal,1
monarch,1
hiding,1
fault,1
injurious,1
f,1
offend,1
often,1
silent,1
silence,1
interpret,1
confession,1
jeopardize,1
refute,1
calumniator,1
tyranny,1
enterprise,1
personal,1
market,1
least,1
ion,1
t,1
stu,1
potent,1
within,1
chafe,1
briton,1
exclaim,1
dead,1
sovereign,1
spirit,1
urn,1
patriarchal,1
along,1
guide,1
specific,1
expression,1
occasionally,1
testimony,1
place,1
title,1
achieve,1
courage,1
institute,1
polity,1
aristocrat,1
mechanical,1
merit,1
chemistry,1
modem,1
obsolete,1
sort,1
anachronism,1
general,1
occidental,1
practical,1
application,1
appliance,1
typical,1
beguile,1
leisure,1
spencer,1
huxley,1
helmholtz,1
assist,1
repose,1
soul,1
kill,1
action,1
satisfied,1
press,1
service,1
pedigree,1
parvenu,1
successful,1
stock,1
broker,1
dr,1
millionaire,1
estate,1
endeavor,1
strengthen,1
fabricated,1
hook,1
scion,1
crusader,1
allege,1
manufacture,1
social,1
rise,1
esteemed,1
ex,1
countryman,1
astor,1
unquestionable,1
cause,1
adopt,1
prove,1
nobility,1
arc,1
revival,1
bury,1
copy,1
ancient,1
use,1
scoff,1
boast,1
ht,1
patent,1
establish,1
democracy,1
dynasty,1
think,1
association,1
hang,1
around,1
exile,1
surround,1
venerable,1
abdication,1
armed,1
skillfully,1
