lemma,count
the,206
of,190
be,100
in,88
to,82
and,63
a,54
with,30
have,29
that,26
as,26
his,24
i,23
for,23
he,22
johnson,20
by,19
from,19
which,19
new,19
on,15
this,15
state,14
it,14
not,13
paper,12
at,12
them,12
their,11
we,11
york,11
an,11
volume,11
do,10
history,10
when,9
some,9
manuscript,9
indian,8
they,8
historical,8
but,8
time,8
or,7
present,7
other,7
s,7
america,7
sir,7
period,7
one,7
upon,6
chief,6
j,6
him,6
letter,6
well,6
no,6
datum,6
all,6
those,6
who,6
fire,6
publication,6
shall,6
work,6
o,5
until,5
material,5
source,5
library,5
french,5
official,5
life,5
give,5
you,5
much,5
war,5
george,5
up,5
most,5
my,5
what,5
last,5
many,5
print,5
leave,5
so,5
make,4
more,4
council,4
such,4
thus,4
page,4
set,4
lake,4
country,4
may,4
every,4
albany,4
there,4
sullivan,4
whom,4
go,4
own,4
me,4
good,4
these,4
valuable,4
only,4
general,4
believe,4
bring,4
will,4
william,4
governor,4
colonial,3
great,3
prepare,3
stage,3
write,3
speak,3
baron,3
rise,3
historian,3
obtain,3
document,3
here,3
date,3
university,3
american,3
three,3
fact,3
water,3
since,3
future,3
mean,3
over,3
where,3
influence,3
its,3
large,3
military,3
care,3
character,3
figure,3
people,3
rescue,3
t,3
man,3
part,3
your,3
come,3
record,3
because,3
receive,3
our,3
can,3
numerous,3
now,3
send,3
cover,3
king,3
world,3
collection,3
empire,2
contemporary,2
political,2
scarcely,2
century,2
exact,2
if,2
gratitude,2
private,2
mass,2
dian,2
secretary,2
form,2
beginning,2
account,2
value,2
fate,2
deal,2
need,2
through,2
abroad,2
building,2
past,2
conduct,2
should,2
voice,2
dr,2
discard,2
keep,2
continue,2
due,2
undertake,2
remain,2
illustration,2
destroy,2
bind,2
colony,2
piece,2
swell,2
add,2
l,2
revolution,2
begin,2
way,2
rich,2
publish,2
proof,2
happily,2
approach,2
legislator,2
preserve,2
include,2
service,2
completion,2
national,2
research,2
available,2
english,2
society,2
copy,2
result,2
appear,2
report,2
biography,2
friendship,2
important,2
esteem,2
accomplish,2
stone,2
ana,2
help,2
take,2
opinion,2
small,2
march,2
extract,2
england,2
occasion,2
popular,2
chain,2
fortune,2
project,2
de,2
sept,2
campaign,2
often,2
treat,2
supply,2
public,2
show,2
light,2
evidence,2
know,2
call,2
matter,2
then,2
shirley,2
thing,2
useful,2
unknown,2
try,2
john,2
body,2
border,2
beyond,2
abundant,2
wilderness,2
accustom,2
major,2
continent,2
dominion,2
high,2
identify,2
home,2
force,2
fall,2
witness,2
mark,2
early,2
paint,2
could,2
into,2
sweep,2
archive,2
name,2
career,2
canada,2
britain,2
off,2
settler,2
after,2
d,2
frontier,2
lose,2
than,2
before,2
midst,2
permit,2
himself,2
nation,2
out,2
attend,2
must,2
mansion,2
pioneer,2
task,2
definitely,2
loss,1
order,1
versatile,1
irreparable,1
person,1
imaginative,1
amherst,1
missing,1
odium,1
map,1
particularly,1
rt,1
permanently,1
road,1
scene,1
free,1
literature,1
follow,1
detail,1
welcome,1
outset,1
e,1
th,1
persevere,1
exacting,1
scholarly,1
problem,1
opera,1
picture,1
industriously,1
principal,1
end,1
investigator,1
romance,1
presentation,1
note,1
suitable,1
distinguishable,1
decide,1
observe,1
gratify,1
attain,1
background,1
associate,1
compare,1
besides,1
remarkable,1
thorough,1
far,1
article,1
portrait,1
excellent,1
judgment,1
vigor,1
heroic,1
individual,1
invest,1
grand,1
r,1
worthy,1
dire,1
pathetic,1
confront,1
reader,1
issue,1
heart,1
sink,1
read,1
explanatory,1
footnote,1
fade,1
tear,1
striking,1
regard,1
convey,1
spur,1
warning,1
inflict,1
mutilate,1
painstaking,1
sadly,1
total,1
young,1
marry,1
mount,1
sheet,1
would,1
folio,1
parent,1
disaster,1
forest,1
store,1
frequent,1
deplorable,1
capitol,1
lofty,1
salvaging,1
beckon,1
affluence,1
possible,1
illegible,1
printer,1
albeit,1
variation,1
contain,1
minor,1
error,1
apparently,1
affect,1
meaning,1
scorched,1
soak,1
scrap,1
put,1
together,1
interweave,1
ash,1
re,1
selection,1
ireland,1
late,1
hugh,1
hasting,1
intend,1
proceed,1
retire,1
though,1
office,1
between,1
story,1
owe,1
saving,1
nothing,1
wide,1
later,1
inconsistent,1
division,1
extend,1
fort,1
remnant,1
baronet,1
whirl,1
along,1
sign,1
revulsion,1
raise,1
protest,1
murmuring,1
listen,1
possess,1
enlighten,1
management,1
carelessness,1
construct,1
number,1
poorly,1
superimpose,1
caste,1
something,1
disdain,1
glory,1
shake,1
link,1
thought,1
rather,1
indifference,1
stretch,1
first,1
allow,1
priceless,1
prey,1
congress,1
contribute,1
spelling,1
find,1
mood,1
fireproof,1
storage,1
precaution,1
felicitation,1
collaborate,1
conceive,1
satisfactorily,1
german,1
psalter,1
recently,1
discover,1
germany,1
professor,1
albrecht,1
mine,1
neglect,1
marked,1
havoc,1
preservation,1
antiquity,1
longer,1
consider,1
weakness,1
demand,1
asset,1
lightly,1
whim,1
progress,1
reach,1
glorious,1
turn,1
survey,1
escape,1
ending,1
passion,1
independence,1
hand,1
evolution,1
conspicuous,1
act,1
line,1
enlightened,1
tendency,1
latter,1
archivist,1
distinct,1
encouragement,1
emerge,1
shameful,1
once,1
vitality,1
fault,1
powerful,1
fund,1
safe,1
rapidly,1
capitalization,1
exhibit,1
memorandum,1
elucidate,1
version,1
little,1
short,1
monument,1
fidelity,1
embrace,1
die,1
woman,1
us,1
concern,1
family,1
view,1
subject,1
teem,1
long,1
ink,1
sustain,1
claim,1
boundary,1
land,1
purchase,1
gov,1
nursing,1
definite,1
ph,1
jame,1
abundance,1
accumulate,1
duplicate,1
comparatively,1
partly,1
heedlessness,1
director,1
tradition,1
patient,1
filing,1
virile,1
group,1
faithful,1
adhere,1
punctilious,1
independent,1
court,1
clerk,1
methodical,1
encourage,1
government,1
pp,1
subsequently,1
adventure,1
steven,1
northeastern,1
operation,1
weak,1
cabin,1
lonely,1
conference,1
hang,1
balance,1
ward,1
serve,1
especially,1
monarch,1
bear,1
canadian,1
revelation,1
mastery,1
base,1
near,1
treasure,1
accessible,1
victory,1
word,1
labor,1
touch,1
ally,1
eighteenth,1
native,1
foray,1
decline,1
trance,1
avenging,1
able,1
consult,1
arrange,1
easily,1
style,1
negotiation,1
hie,1
peculiar,1
stephen,1
strong,1
few,1
castle,1
down,1
five,1
scalping,1
sway,1
smart,1
spring,1
six,1
scalp,1
burn,1
settlement,1
ruin,1
capt,1
willed,1
sheer,1
terrible,1
seek,1
peace,1
predominance,1
any,1
france,1
meet,1
northern,1
weight,1
truly,1
dark,1
bloody,1
ground,1
personal,1
clinton,1
hide,1
search,1
henry,1
especial,1
fame,1
north,1
uncertain,1
destiny,1
importance,1
cast,1
appraise,1
oblivion,1
overestimate,1
deserve,1
capacity,1
amply,1
engraving,1
dispensation,1
agent,1
belong,1
introduction,1
bestow,1
thoroughness,1
manner,1
earn,1
perform,1
lie,1
scholar,1
rude,1
unlettered,1
outpost,1
civilization,1
posterity,1
like,1
save,1
command,1
sense,1
scientific,1
under,1
officer,1
palatine,1
documentary,1
also,1
social,1
industrial,1
agricultural,1
range,1
information,1
band,1
head,1
loudly,1
itself,1
weary,1
tor,1
plod,1
pile,1
old,1
warrior,1
formation,1
invaluable,1
consist,1
affair,1
correspond,1
surely,1
walk,1
both,1
giant,1
grateful,1
specify,1
braddock,1
bill,1
dream,1
class,1
too,1
bourbon,1
want,1
blanket,1
gun,1
sentiment,1
testimony,1
wherewith,1
pleased,1
sure,1
ambition,1
manifest,1
unworthy,1
station,1
convince,1
within,1
extent,1
ability,1
dispose,1
themselves,1
assert,1
indelibly,1
chronicle,1
ca,1
sword,1
design,1
white,1
spread,1
fascinating,1
economic,1
condition,1
prance,1
expense,1
key,1
aspect,1
vanquished,1
united,1
chivalrous,1
consideration,1
jany,1
render,1
affection,1
felicity,1
mo,1
package,1
opportunity,1
acquire,1
were,1
taylor,1
cooper,1
whose,1
grandfather,1
buy,1
sale,1
loyalist,1
effect,1
confiscate,1
love,1
deeply,1
seven,1
episode,1
guardian,1
w,1
dear,1
individuality,1
utmost,1
cordiality,1
affectionate,1
devote,1
address,1
natural,1
power,1
explore,1
researcher,1
her,1
transplanted,1
assembling,1
circumvent,1
object,1
overwhelming,1
hospitality,1
johnstown,1
unturned,1
depend,1
baronial,1
wt,1
either,1
fair,1
foul,1
realm,1
obstinate,1
onondagas,1
certainly,1
talk,1
harsh,1
nobleman,1
however,1
master,1
language,1
instance,1
almost,1
get,1
threat,1
stock,1
ready,1
resource,1
warlike,1
against,1
april,1
reckon,1
difficulty,1
prevent,1
going,1
custom,1
grace,1
while,1
correspondence,1
dispense,1
bad,1
inadvisedly,1
press,1
reinforcement,1
promise,1
had,1
probably,1
throughout,1
circumstance,1
hence,1
unwilling,1
see,1
race,1
even,1
conversation,1
aborigine,1
play,1
lordly,1
ascertain,1
tell,1
renaming,1
historic,1
beautiful,1
st,1
majesty,1
trouble,1
commander,1
less,1
sachem,1
buckskin,1
foster,1
beaded,1
dress,1
nave,1
