lemma,count
the,47
of,38
be,33
a,24
and,22
his,17
he,13
to,12
in,11
with,11
i,9
or,7
have,7
all,6
by,5
story,5
that,5
on,5
it,5
life,4
tale,4
russian,4
who,4
music,4
tile,4
this,4
man,4
for,4
romance,3
old,3
human,3
play,3
monte,3
roach,3
an,3
one,3
so,3
also,3
will,3
know,2
pattern,2
way,2
give,2
collection,2
fellow,2
psychology,2
while,2
at,2
as,2
study,2
from,2
write,2
make,2
world,2
seaport,2
carlo,2
beauty,2
port,2
violin,2
low,2
title,2
among,2
these,2
yet,2
state,1
whose,1
lock,1
editor,1
clever,1
gigantic,1
barren,1
minister,1
sneak,1
regret,1
may,1
blackmailer,1
evil,1
bent,1
betray,1
thief,1
train,1
never,1
luck,1
its,1
bare,1
entertain,1
whistle,1
penny,1
heart,1
close,1
ls,1
fellowman,1
longer,1
upon,1
no,1
ma,1
injure,1
purposely,1
when,1
harshly,1
et,1
endure,1
think,1
thing,1
fashion,1
stark,1
satirically,1
keeper,1
function,1
founder,1
after,1
nothing,1
but,1
dive,1
erect,1
enterprising,1
talented,1
newspaper,1
myth,1
ill,1
t,1
much,1
sharply,1
o,1
gambler,1
two,1
psychological,1
disciple,1
urge,1
utilitarian,1
motivate,1
temperament,1
develop,1
interest,1
day,1
order,1
ct,1
ia,1
voice,1
translation,1
most,1
d,1
transcription,1
original,1
mood,1
atmosphere,1
serve,1
pro,1
english,1
racy,1
vigorous,1
subtlety,1
turn,1
hoe,1
mr,1
protest,1
always,1
fame,1
civilization,1
keep,1
people,1
lian,1
erie,1
tory,1
lie,1
per,1
proceed,1
rom,1
l,1
greed,1
folly,1
exploit,1
decide,1
once,1
alive,1
chance,1
become,1
e,1
student,1
character,1
hole,1
chicanery,1
truman,1
cuttingly,1
piece,1
effective,1
potent,1
ingenuity,1
player,1
against,1
load,1
odd,1
re,1
deal,1
frequenter,1
whim,1
pungently,1
convince,1
few,1
read,1
po,1
foible,1
score,1
time,1
katherine,1
same,1
place,1
unsuspected,1
gross,1
find,1
humanist,1
s,1
meet,1
powerful,1
literary,1
force,1
obviously,1
five,1
not,1
shore,1
well,1
nor,1
they,1
do,1
round,1
which,1
elliptical,1
narration,1
record,1
result,1
spirit,1
whom,1
other,1
translate,1
frown,1
alexandre,1
bernard,1
guilbert,1
new,1
york,1
company,1
remember,1
passionate,1
beautiful,1
like,1
bunin,1
rank,1
blended,1
young,1
writer,1
essentially,1
poet,1
seeker,1
writing,1
impregnate,1
shrewdly,1
observe,1
detail,1
realistic,1
observation,1
insight,1
deftly,1
both,1
mansfield,1
point,1
topical,1
dramatic,1
many,1
cellar,1
beer,1
idol,1
classical,1
folk,1
us,1
outpouring,1
nightly,1
spirituality,1
out,1
melody,1
mastery,1
tell,1
influence,1
history,1
likewise,1
chronicle,1
mei,1
period,1
suffer,1
persist,1
through,1
travail,1
thai,1
delight,1
symbol,1
represent,1
eternal,1
verity,1
jew,1
ugly,1
sascha,1
take,1
use,1
design,1
picaresque,1
loosely,1
hang,1
together,1
string,1
episode,1
relate,1
adventure,1
important,1
scene,1
pie,1
method,1
freshness,1
lore,1
gusto,1
fm,1
pulse,1
beat,1
run,1
length,1
novelette,1
tim,1
small,1
baltic,1
visit,1
sailor,1
far,1
part,1
successful,1
