lemma,count
the,118
of,77
and,65
to,62
in,50
be,32
her,30
a,29
it,24
as,20
i,20
that,20
she,19
s,18
have,18
for,18
he,15
n,13
not,13
at,13
r,13
t,13
f,12
l,11
w,10
c,10
its,10
e,9
or,8
do,8
an,8
red,8
which,7
o,7
year,7
x,6
life,6
h,6
country,6
great,6
d,6
barton,6
upon,5
y,5
but,5
work,5
so,5
tell,5
first,5
after,5
any,4
our,4
time,4
with,4
international,4
by,4
last,4
cross,4
two,4
they,4
one,4
american,4
from,4
hut,4
who,4
this,4
world,4
enter,4
letter,3
story,3
can,3
clara,3
ir,3
whole,3
european,3
ac,3
care,3
organization,3
than,3
g,3
ha,3
matter,3
effort,3
open,3
v,3
make,3
tn,3
state,3
write,3
put,3
war,3
participation,3
peace,3
end,3
into,3
how,3
miss,3
them,3
importance,3
until,3
succor,3
purpose,3
wide,3
these,3
interest,3
some,3
during,3
such,3
his,2
even,2
page,2
most,2
hal,2
pod,2
merely,2
history,2
soon,2
die,2
na,2
three,2
aid,2
mean,2
biographer,2
those,2
people,2
volume,2
biography,2
ed,2
much,2
will,2
sanitary,2
preparation,2
paper,2
character,2
meet,2
all,2
ye,2
chat,2
more,2
treasure,2
would,2
against,2
up,2
if,2
over,2
add,2
must,2
affair,2
ar,2
favorably,2
man,2
net,2
amendment,2
there,2
member,2
treaty,2
int,2
public,2
ii,2
eight,2
ts,2
fir,2
ever,2
use,2
ti,2
due,2
fit,2
less,2
set,2
demand,2
op,2
alas,2
far,2
single,2
cr,2
we,2
take,2
ton,2
xi,2
nit,2
try,2
ail,2
need,2
tun,2
lt,2
high,2
thing,2
step,2
before,2
tee,2
achieve,2
lion,2
non,2
face,2
de,2
herself,2
know,2
then,2
conference,2
stud,1
close,1
m,1
bill,1
permit,1
accept,1
pen,1
head,1
home,1
popular,1
bring,1
cover,1
cress,1
rid,1
support,1
also,1
insistence,1
bet,1
now,1
intro,1
loudly,1
creed,1
rank,1
committee,1
choose,1
cousin,1
value,1
authoritative,1
kind,1
ire,1
wt,1
sen,1
meat,1
active,1
song,1
ovary,1
taro,1
stand,1
benefit,1
ben,1
estimate,1
invoke,1
nor,1
practice,1
cara,1
no,1
err,1
every,1
scene,1
thin,1
rd,1
comfort,1
long,1
hoe,1
law,1
pleader,1
build,1
partnership,1
lacy,1
vi,1
fine,1
bad,1
fut,1
hie,1
ex,1
geneva,1
honor,1
whose,1
adopt,1
favor,1
te,1
continue,1
fade,1
on,1
sponsor,1
recipient,1
forget,1
sake,1
prow,1
ace,1
si,1
same,1
go,1
authorize,1
tray,1
literary,1
document,1
ability,1
month,1
glad,1
er,1
alertness,1
activity,1
vigor,1
mental,1
physical,1
illness,1
retain,1
birthday,1
century,1
junior,1
halt,1
absorb,1
current,1
swing,1
many,1
spend,1
teething,1
school,1
early,1
attention,1
enjoy,1
death,1
ry,1
complete,1
messenger,1
become,1
program,1
enlarge,1
persuade,1
government,1
lead,1
create,1
finally,1
clam,1
detail,1
appear,1
authority,1
because,1
particular,1
mr,1
publication,1
private,1
pack,1
large,1
quickly,1
prepare,1
devote,1
find,1
sheer,1
po,1
relative,1
although,1
selfish,1
serve,1
greatly,1
narrative,1
slender,1
too,1
portent,1
service,1
graphic,1
field,1
consequence,1
present,1
amount,1
leave,1
lo,1
diary,1
both,1
mass,1
immense,1
study,1
car,1
temptation,1
heredity,1
evidently,1
student,1
spring,1
k,1
sta,1
career,1
sincere,1
judicial,1
accurate,1
good,1
succeed,1
judgment,1
undiscriminating,1
fault,1
spar,1
human,1
gentle,1
always,1
touch,1
insight,1
clear,1
analyze,1
account,1
fort,1
senate,1
eon,1
task,1
endeavor,1
dote,1
talk,1
dire,1
move,1
get,1
fin,1
inmate,1
fry,1
vent,1
come,1
eye,1
dal,1
shy,1
ors,1
ike,1
read,1
affect,1
sn,1
fact,1
four,1
p,1
tittle,1
et,1
senator,1
con,1
resents,1
burton,1
comment,1
ft,1
realize,1
vs,1
stale,1
ditty,1
pamphlet,1
second,1
respond,1
child,1
woman,1
achievement,1
clipping,1
hose,1
bar,1
say,1
president,1
vice,1
cabinet,1
son,1
ma,1
roe,1
acre,1
th,1
fl,1
return,1
alt,1
tear,1
civil,1
se,1
meeting,1
attend,1
existence,1
rate,1
tl,1
taite,1
fa,1
agent,1
ge,1
very,1
fen,1
hare,1
ta,1
sheet,1
itself,1
doe,1
hp,1
acme,1
ten,1
uh,1
ice,1
taco,1
tat,1
familiar,1
idea,1
indifference,1
sound,1
rite,1
position,1
hear,1
ax,1
lint,1
society,1
when,1
nevi,1
queer,1
rest,1
cm,1
breakdown,1
america,1
hale,1
lien,1
practically,1
usefulness,1
nd,1
probably,1
something,1
hope,1
en,1
eave,1
tame,1
gas,1
align,1
treat,1
poe,1
certain,1
es,1
el,1
begin,1
calamity,1
leadership,1
under,1
splendid,1
tuck,1
drive,1
keep,1
tea,1
shout,1
tit,1
him,1
twice,1
al,1
save,1
unite,1
sign,1
beta,1
arc,1
indict,1
follow,1
arthur,1
refusal,1
nation,1
greet,1
united,1
arid,1
associate,1
seven,1
rime,1
thai,1
necessary,1
etch,1
seat,1
ill,1
intervention,1
sick,1
europa,1
ant,1
own,1
van,1
should,1
nice,1
eh,1
hot,1
cray,1
nothing,1
hostile,1
positively,1
apathetic,1
either,1
vere,1
struggle,1
lr,1
sate,1
congress,1
article,1
here,1
provide,1
wound,1
national,1
like,1
bald,1
entangle,1
beware,1
lisa,1
place,1
main,1
plea,1
quote,1
ne,1
otis,1
tin,1
reminiscent,1
wish,1
thunder,1
encounter,1
artillery,1
ms,1
confer,1
part,1
little,1
ber,1
well,1
