lemma,count
the,66
of,42
and,29
to,28
a,23
be,23
in,18
her,14
s,10
that,9
she,9
as,8
kennedy,7
with,7
nymph,7
constant,7
it,7
i,6
this,5
agatha,5
have,5
his,5
but,5
author,5
who,5
an,5
margaret,5
by,5
for,5
lyndon,5
not,4
lady,4
its,4
novel,4
both,4
seem,4
first,4
on,4
one,4
from,3
husband,3
book,3
cousin,3
most,3
point,3
more,3
at,3
love,3
e,3
end,3
miss,3
heroine,3
sentence,3
all,3
their,3
describe,2
would,2
case,2
cock,2
character,2
young,2
than,2
far,2
there,2
force,2
which,2
london,2
feel,2
mother,2
though,2
abnormal,2
view,2
family,2
make,2
come,2
never,2
doubt,2
life,2
work,2
however,1
appear,1
what,1
tardy,1
regard,1
gradually,1
proprieties,1
visit,1
con,1
half,1
mistress,1
disapproval,1
fine,1
position,1
ancestral,1
ely,1
enjoy,1
yours,1
ever,1
old,1
difficult,1
through,1
very,1
country,1
woman,1
wahl,1
o,1
resent,1
succumb,1
upon,1
really,1
already,1
elope,1
drive,1
physician,1
hereafter,1
death,1
re,1
r,1
own,1
activity,1
resistance,1
unaware,1
into,1
arm,1
high,1
discovery,1
prematurely,1
return,1
revolt,1
conscience,1
icily,1
sensuality,1
petty,1
herself,1
slough,1
widow,1
then,1
obstacle,1
remove,1
condone,1
renounce,1
lover,1
dwell,1
thing,1
technical,1
man,1
amazing,1
reality,1
commonplace,1
explain,1
fully,1
heredity,1
circus,1
q,1
just,1
parentage,1
merely,1
while,1
inevitable,1
curtain,1
tragic,1
crash,1
final,1
resort,1
courage,1
sanger,1
whom,1
disease,1
bestow,1
rise,1
such,1
produce,1
year,1
two,1
nowhere,1
fiery,1
foreshadow,1
feebly,1
only,1
wife,1
proletarian,1
phlegm,1
jame,1
artist,1
rebel,1
genius,1
approbation,1
care,1
lose,1
heart,1
absence,1
he,1
z,1
important,1
do,1
situs,1
about,1
devoted,1
discourage,1
after,1
stage,1
off,1
occur,1
action,1
fact,1
portray,1
rather,1
tendency,1
effect,1
eli,1
structure,1
enough,1
put,1
conveniently,1
paper,1
wherein,1
affair,1
triangular,1
fat,1
ill,1
group,1
complex,1
preoccupy,1
between,1
generic,1
faint,1
positive,1
no,1
offer,1
could,1
yet,1
emotionally,1
age,1
like,1
mating,1
g,1
entirely,1
true,1
nothing,1
reputation,1
enhance,1
often,1
forebear,1
public,1
read,1
acquaint,1
t,1
post,1
evening,1
saturday,1
contributor,1
blithe,1
sinclair,1
when,1
day,1
vital,1
person,1
attention,1
join,1
procedure,1
waver,1
detail,1
choice,1
fastidious,1
diction,1
careful,1
same,1
mark,1
fire,1
frankly,1
sell,1
woefully,1
ha,1
buy,1
will,1
praise,1
tile,1
back,1
date,1
air,1
should,1
publisher,1
natural,1
heel,1
reprint,1
swift,1
even,1
fall,1
publication,1
accept,1
prompt,1
firm,1
publishing,1
if,1
net,1
ltd,1
william,1
use,1
success,1
boost,1
arlen,1
free,1
revive,1
harcourt,1
hat,1
strength,1
season,1
last,1
michael,1
previous,1
volume,1
four,1
out,1
bring,1
inspire,1
so,1
obscure,1
amour,1
plot,1
tack,1
entertainment,1
eligible,1
help,1
believe,1
now,1
blair,1
affection,1
recover,1
pose,1
eighteen,1
seriousness,1
appalling,1
th,1
treat,1
taste,1
testimony,1
perpetual,1
wardrobe,1
baronet,1
marry,1
him,1
law,1
page,1
many,1
stepmother,1
domination,1
escape,1
try,1
brother,1
l,1
chapter,1
ex,1
comp,1
problem,1
find,1
john,1
sir,1
wedding,1
whose,1
place,1
substance,1
them,1
bachelor,1
distinguished,1
number,1
quite,1
contain,1
century,1
twentieth,1
decade,1
hope,1
give,1
opening,1
effectual,1
speed,1
insight,1
satiric,1
sustained,1
want,1
owe,1
celibacy,1
mrs,1
bright,1
accompany,1
bit,1
mr,1
silent,1
beautiful,1
start,1
beginning,1
contrary,1
jude,1
tone,1
prevail,1
promise,1
de,1
tour,1
sophisticated,1
poised,1
lee,1
