lemma,count
the,17
be,12
of,10
and,10
polly,8
a,7
all,4
to,4
will,4
any,4
i,4
jack,3
there,3
in,3
her,3
back,3
mine,3
say,3
win,3
t,3
tile,2
bridesmaid,2
book,2
send,2
nor,2
l,2
those,2
night,2
very,2
they,2
always,2
before,2
we,2
helen,2
one,2
bright,2
good,2
six,2
rowland,2
s,2
by,2
conversation,2
ribbon,1
tiff,1
carriage,1
beautiful,1
paragraph,1
whole,1
han,1
shoe,1
old,1
parasol,1
your,1
ill,1
stuff,1
rice,1
column,1
but,1
least,1
white,1
trunk,1
with,1
our,1
on,1
tie,1
at,1
turn,1
have,1
me,1
oh,1
append,1
envious,1
d,1
shock,1
everybody,1
eye,1
spoon,1
sugar,1
fourteen,1
upon,1
lamp,1
bronze,1
south,1
suddenly,1
newspaper,1
without,1
give,1
live,1
could,1
almost,1
feel,1
recklessly,1
id,1
era,1
sadly,1
sigh,1
present,1
us,1
you,1
go,1
cheerfully,1
rehearsal,1
when,1
wedding,1
up,1
lead,1
taste,1
limit,1
within,1
couple,1
young,1
discuss,1
may,1
which,1
topic,1
various,1
cover,1
their,1
second,1
inimitable,1
season,1
volume,1
first,1
company,1
taylor,1
baker,1
york,1
new,1
illustration,1
digression,1
for,1
great,1
event,1
moment,1
disappointed,1
so,1
it,1
know,1
them,1
o,1
course,1
re,1
arm,1
my,1
catch,1
as,1
later,1
rapturously,1
following,1
cry,1
marry,1
groomsman,1
or,1
arrival,1
room,1
empty,1
kneel,1
relent,1
then,1
tearful,1
sarcastic,1
day,1
pink,1
