lemma,count
the,226
of,117
be,109
and,83
to,68
that,58
in,54
he,47
a,41
it,39
have,29
his,27
not,24
from,22
by,21
as,21
for,20
creel,17
with,17
committee,15
which,14
work,14
news,12
one,12
american,12
at,12
do,11
all,11
but,11
spain,10
there,10
about,10
so,10
picture,10
or,10
division,10
mr,10
this,10
its,10
man,9
such,9
make,9
into,9
on,8
journalese,8
say,8
i,8
s,8
only,8
could,8
country,8
their,8
marion,7
than,7
if,7
organization,7
when,6
come,6
german,6
most,6
who,6
head,6
speaker,6
they,6
america,6
would,6
out,6
president,5
every,5
land,5
put,5
him,5
other,5
them,5
motion,5
four,5
get,5
without,5
go,5
war,5
after,5
more,5
tho,5
poster,5
charge,5
an,4
spanish,4
give,4
word,4
result,4
paper,4
credit,4
artist,4
call,4
u,4
stand,4
name,4
can,4
defect,4
story,4
actually,4
we,4
speech,4
business,4
lead,4
no,4
great,4
branch,4
find,4
propaganda,3
many,3
t,3
r,3
like,3
even,3
government,3
battle,3
decide,3
manner,3
co,3
point,3
feature,3
though,3
idea,3
home,3
city,3
over,3
force,3
washington,3
good,3
local,3
think,3
small,3
through,3
disaster,3
france,3
death,3
press,3
state,3
against,3
people,3
different,3
show,3
time,3
educational,3
authority,3
some,3
record,3
service,3
purpose,3
sink,3
pay,3
volunteer,3
carry,3
receive,3
should,3
course,3
what,3
because,3
public,3
woman,3
my,3
temperamental,3
hut,3
himself,3
statement,3
tell,3
difficulty,2
speak,2
justify,2
look,2
italy,2
me,2
spaniard,2
barcelona,2
republican,2
oratory,2
fur,2
wilson,2
clearly,2
advertise,2
floor,2
begin,2
print,2
newspaper,2
see,2
d,2
house,2
you,2
very,2
single,2
voice,2
serve,2
those,2
film,2
distinguished,2
withhold,2
leader,2
succeed,2
school,2
fine,2
better,2
mile,2
achievement,2
high,2
tour,2
propose,2
short,2
navy,2
hardly,2
under,2
create,2
ever,2
minute,2
department,2
interesting,2
face,2
form,2
finally,2
judge,2
director,2
national,2
upon,2
large,2
yet,2
impossible,2
brother,2
may,2
value,2
probably,2
responsible,2
certain,2
exhibitor,2
agency,2
situation,2
l,2
operation,2
disregard,2
furnish,2
fair,2
book,2
own,2
old,2
combine,2
direct,2
photograph,2
campaign,2
ally,2
army,2
n,2
each,2
our,2
ft,2
weigh,2
really,2
write,2
bad,2
lecture,2
ame,2
admit,2
information,2
sing,2
rush,2
attack,2
action,2
art,2
whose,2
transport,2
know,2
lynching,2
except,2
overcome,2
describe,2
foreign,2
before,2
false,2
way,2
boat,2
extend,2
publicity,2
during,2
end,2
pamphlet,2
too,2
fact,2
defend,2
o,2
proof,2
language,2
cf,1
respond,1
is,1
conclusion,1
hysterical,1
pictorial,1
return,1
convince,1
squadron,1
leap,1
joy,1
huge,1
heavy,1
dana,1
major,1
gunfire,1
distribute,1
compel,1
amount,1
gibson,1
share,1
policy,1
tart,1
exhibition,1
rental,1
sale,1
second,1
demand,1
marshal,1
establish,1
order,1
itself,1
submarine,1
fencer,1
launch,1
prove,1
side,1
two,1
fence,1
torpedoes,1
voluntary,1
manage,1
chapter,1
thy,1
fake,1
kind,1
distribution,1
manufacture,1
stringently,1
authorize,1
utterance,1
prevent,1
matter,1
difference,1
appointment,1
bier,1
between,1
ten,1
strike,1
degree,1
thought,1
vest,1
alsace,1
control,1
exact,1
loose,1
rust,1
turn,1
dangerous,1
delicate,1
hon,1
gold,1
angle,1
proposition,1
harper,1
settle,1
abate,1
happy,1
deceive,1
devoted,1
lt,1
money,1
any,1
producer,1
tact,1
systematic,1
thorough,1
mo,1
eat,1
intent,1
scrutiny,1
read,1
misfortune,1
array,1
deny,1
useless,1
sort,1
la,1
phraseology,1
publish,1
prepare,1
subject,1
intend,1
nowise,1
supervision,1
correct,1
patience,1
anything,1
tarnish,1
scone,1
include,1
lender,1
list,1
undertake,1
casually,1
here,1
intensive,1
trust,1
vision,1
theme,1
individual,1
glance,1
resign,1
first,1
innumerable,1
variety,1
immensity,1
detail,1
crammed,1
lilt,1
cross,1
ts,1
atlantic,1
mis,1
ultimately,1
mist,1
lucrative,1
need,1
solemn,1
b,1
author,1
popular,1
democrat,1
beth,1
ly,1
usual,1
heat,1
hostile,1
appropriation,1
vivid,1
grilling,1
pride,1
truth,1
congress,1
both,1
break,1
editorial,1
storm,1
ass,1
george,1
search,1
bigot,1
blindly,1
patriotism,1
anonymously,1
engagement,1
application,1
fife,1
pursued,1
another,1
streak,1
meeting,1
regular,1
hold,1
fire,1
elated,1
haphazard,1
nothing,1
sax,1
rule,1
tin,1
wildly,1
source,1
ignore,1
heir,1
win,1
enthusiasm,1
july,1
formal,1
sketch,1
privilege,1
beg,1
talk,1
day,1
spend,1
example,1
early,1
oft,1
limit,1
desire,1
sunken,1
assume,1
gradually,1
future,1
suspense,1
clearing,1
whether,1
otter,1
relief,1
throughout,1
bureaus,1
everybody,1
attempt,1
momentarily,1
approve,1
proper,1
institution,1
chautauqua,1
arthur,1
nominate,1
dam,1
flood,1
lair,1
ordinate,1
practice,1
citizen,1
rather,1
island,1
writing,1
instance,1
merely,1
save,1
crew,1
soldier,1
wave,1
graphical,1
thousand,1
eleven,1
umber,1
part,1
channel,1
entrance,1
bout,1
cite,1
fleet,1
north,1
new,1
halifax,1
nov,1
stem,1
quote,1
tic,1
supply,1
j,1
frank,1
alone,1
learn,1
surprising,1
section,1
evidence,1
overlook,1
corn,1
chuckle,1
al,1
ask,1
garrison,1
run,1
audience,1
air,1
open,1
college,1
expand,1
everything,1
pass,1
con,1
pat,1
consciously,1
company,1
industry,1
agriculture,1
emphasize,1
permit,1
nor,1
tacit,1
neither,1
far,1
ad,1
toss,1
indeed,1
ry,1
mission,1
figure,1
advantage,1
likely,1
largely,1
toward,1
infinitesimal,1
e,1
sign,1
bullet,1
move,1
device,1
conceivable,1
dire,1
accomplish,1
globe,1
corner,1
gospel,1
convincing,1
qualify,1
disrespectful,1
c,1
feel,1
len,1
wonder,1
sheer,1
thrill,1
today,1
shrapnel,1
praise,1
disinterested,1
pardon,1
bring,1
command,1
total,1
community,1
compose,1
member,1
selling,1
little,1
door,1
along,1
whitman,1
governor,1
sell,1
admission,1
ticket,1
inform,1
peculiar,1
south,1
temperament,1
scandal,1
generous,1
eagerness,1
year,1
hen,1
combat,1
understand,1
doubtful,1
possible,1
compare,1
tide,1
neutral,1
allied,1
shout,1
advertising,1
speaking,1
ix,1
up,1
cut,1
feeling,1
same,1
hit,1
page,1
bow,1
almost,1
operate,1
ordinary,1
attention,1
directly,1
activity,1
front,1
manly,1
window,1
store,1
illustrate,1
answer,1
beat,1
unspoken,1
influential,1
prussian,1
de,1
plaster,1
easy,1
conceive,1
mind,1
degenerate,1
brutal,1
type,1
case,1
diet,1
sol,1
typical,1
purport,1
persuasive,1
cant,1
appoint,1
plan,1
confine,1
quickly,1
ne,1
compensation,1
breaking,1
drive,1
reader,1
train,1
catapult,1
venture,1
success,1
scheme,1
try,1
present,1
chicago,1
hour,1
confess,1
donald,1
lapel,1
catch,1
crowd,1
burst,1
youth,1
ed,1
rosy,1
handsome,1
breath,1
light,1
library,1
still,1
circulate,1
widely,1
scurrilous,1
use,1
efficient,1
neutralize,1
embassy,1
send,1
england,1
epidemic,1
entirely,1
concern,1
mn,1
hat,1
tn,1
class,1
reading,1
aggressive,1
address,1
notice,1
independence,1
declaration,1
thoroughfare,1
principal,1
hot,1
change,1
tern,1
nilson,1
citizenship,1
right,1
where,1
pore,1
choose,1
commissioner,1
advertisement,1
position,1
subsidize,1
germany,1
assistant,1
rice,1
arts,1
defiance,1
seem,1
broaden,1
silt,1
entire,1
satisfaction,1
system,1
lag,1
organize,1
toll,1
telegraph,1
provincial,1
newspaperman,1
view,1
real,1
rightly,1
hearty,1
soon,1
flimsy,1
cable,1
incorporate,1
association,1
heavily,1
temper,1
space,1
french,1
tower,1
