lemma,count
the,45
of,36
be,32
and,27
to,18
in,15
that,14
a,14
she,13
for,9
not,8
have,8
as,7
by,7
vernon,7
or,7
s,6
essay,6
those,6
i,6
we,6
do,6
lee,6
with,5
but,5
her,5
they,5
can,5
this,5
live,4
which,4
more,4
see,4
our,4
their,4
rhine,4
life,4
them,4
at,4
some,3
place,3
you,3
most,3
charming,3
genius,3
on,3
little,3
other,3
indefinable,3
good,3
all,3
very,3
yet,3
an,3
it,3
new,3
author,3
many,3
think,3
take,2
expression,2
enough,2
into,2
what,2
art,2
volume,2
old,2
italian,2
enchanted,2
much,2
thought,2
when,2
should,2
pleasant,2
interesting,2
from,2
may,2
once,2
know,2
themselves,2
thus,2
day,2
water,2
willing,2
ragbag,2
account,2
impression,2
germany,2
music,2
if,2
my,2
there,2
friend,2
even,2
emotion,2
must,2
use,2
wood,2
rule,2
deep,2
perfectly,2
german,2
vast,1
away,1
delia,1
adequate,1
typical,1
te,1
image,1
hence,1
painting,1
feeling,1
literature,1
accumulate,1
say,1
bulk,1
plastic,1
manner,1
through,1
permeate,1
sunrise,1
tail,1
de,1
household,1
landscape,1
glade,1
forest,1
haunt,1
cake,1
sunset,1
cinnamon,1
coffee,1
castle,1
ruin,1
veal,1
roast,1
purer,1
mater,1
also,1
sane,1
pure,1
confused,1
sens,1
several,1
describe,1
enjoy,1
nowadays,1
lovable,1
o,1
luther,1
martin,1
dogmatic,1
rough,1
side,1
paint,1
fused,1
set,1
start,1
relative,1
ask,1
glass,1
flower,1
whistler,1
orange,1
put,1
term,1
maid,1
fad,1
stay,1
he,1
during,1
whom,1
antecedent,1
sentence,1
contain,1
verb,1
r,1
m,1
strained,1
begin,1
writer,1
obey,1
curiously,1
po,1
ly,1
why,1
like,1
fond,1
bind,1
landlady,1
insistence,1
apply,1
respect,1
so,1
make,1
mood,1
hers,1
sensual,1
spiritual,1
melancholy,1
complex,1
disdain,1
soul,1
subdue,1
hat,1
ought,1
unconventional,1
french,1
st,1
exposition,1
explore,1
spirit,1
bank,1
seine,1
conventional,1
discover,1
herself,1
such,1
human,1
perverseness,1
suggestive,1
derive,1
mont,1
left,1
foot,1
beautiful,1
refer,1
its,1
give,1
travel,1
axe,1
subject,1
non,1
inclined,1
recall,1
aspect,1
deal,1
italy,1
than,1
though,1
useful,1
name,1
extent,1
responsible,1
journey,1
stress,1
under,1
accidentally,1
undertake,1
memory,1
rich,1
belief,1
kenneth,1
grow,1
golden,1
story,1
child,1
wonderful,1
ham,1
people,1
moment,1
amuse,1
easily,1
hook,1
call,1
read,1
who,1
york,1
because,1
full,1
sunshine,1
superficial,1
quite,1
john,1
book,1
late,1
lane,1
letter,1
dedication,1
next,1
time,1
dear,1
x,1
write,1
pp,1
pull,1
out,1
content,1
random,1
cloth,1
only,1
justification,1
ray,1
idle,1
necessity,1
moreover,1
stray,1
clear,1
fruit,1
hand,1
possible,1
baggage,1
useless,1
drop,1
eye,1
beckoning,1
keep,1
whither,1
nor,1
whence,1
neither,1
while,1
herb,1
sweet,1
roadside,1
la,1
sometimes,1
appreciate,1
too,1
ridicule,1
bitter,1
note,1
fez,1
aesthetic,1
sentimental,1
homely,1
kind,1
leo,1
find,1
behest,1
manifold,1
just,1
cr,1
behind,1
folk,1
own,1
continue,1
health,1
economy,1
cheapness,1
response,1
quest,1
work,1
sake,1
wander,1
toward,1
deflect,1
alongside,1
us,1
arise,1
dim,1
comprehension,1
mysterious,1
law,1
thing,1
happiness,1
nay,1
power,1
happy,1
aim,1
furtherance,1
true,1
possession,1
depend,1
tragic,1
