lemma,count
the,152
of,131
be,108
a,70
to,69
and,52
in,46
his,34
it,31
that,30
have,26
as,25
s,23
or,23
not,20
for,19
i,18
we,17
he,16
at,16
who,15
one,14
do,13
by,13
letter,11
with,11
its,11
there,11
may,11
which,10
but,10
on,10
t,9
than,9
dr,9
l,9
him,9
an,9
all,9
this,8
so,8
write,8
man,8
work,7
more,7
verse,7
even,7
think,7
some,6
can,6
seem,6
writer,6
our,6
only,6
if,6
matter,6
long,6
autocrat,6
own,5
well,5
much,5
quite,5
little,5
find,5
from,5
yet,5
thing,5
me,5
no,5
will,5
list,4
would,4
these,4
ere,4
few,4
time,4
o,4
b,4
know,4
though,4
live,4
fact,4
such,4
about,4
make,4
you,4
sort,4
humorist,4
any,4
great,4
humor,4
over,4
her,4
e,4
them,4
before,4
duke,4
nd,4
certain,4
ire,3
first,3
poem,3
book,3
every,3
bibliographer,3
poet,3
under,3
later,3
death,3
far,3
other,3
she,3
likely,3
count,3
thousand,3
after,3
what,3
prose,3
hardly,3
good,3
new,3
should,3
present,3
always,3
very,3
while,3
reader,3
print,3
r,3
hold,3
once,3
year,3
pope,3
steal,3
rather,3
name,3
doctor,3
into,3
re,3
admire,3
really,3
certainly,3
respect,3
poetry,3
world,3
give,3
worth,3
field,3
goldsmith,3
art,3
tile,3
out,3
come,3
v,3
among,3
get,2
between,2
stranger,2
sin,2
y,2
vein,2
writing,2
u,2
without,2
doubt,2
love,2
better,2
they,2
scientific,2
audience,2
too,2
account,2
lie,2
tree,2
order,2
small,2
touch,2
grand,2
claim,2
upon,2
mean,2
th,2
eminent,2
nurse,2
hero,2
ho,2
need,2
modern,2
f,2
then,2
succeed,2
college,2
contain,2
ne,2
already,2
sometimes,2
detail,2
indeed,2
laboriously,2
forget,2
title,2
circumstance,2
less,2
publish,2
must,2
glance,2
pepys,2
till,2
breath,2
achieve,2
early,2
co,2
literary,2
delightful,2
able,2
my,2
w,2
story,2
burn,2
boyhood,2
part,2
alone,2
throw,2
fragment,2
thought,2
put,2
say,2
n,2
lady,2
page,2
memory,2
half,2
quaint,2
dead,2
injustice,2
concern,2
himself,2
perhaps,2
bibliography,2
enough,2
generation,2
several,2
occasion,2
george,2
wish,2
mr,2
table,2
public,2
many,2
tom,2
character,2
form,2
personality,2
day,2
high,2
easily,2
moralist,2
stand,2
kind,2
way,2
real,2
business,2
perspective,2
ask,1
fame,1
old,1
bud,1
subject,1
suppose,1
vet,1
quality,1
ole,1
fa,1
liter,1
criticism,1
freely,1
comply,1
address,1
vague,1
hoarded,1
short,1
console,1
fruit,1
eal,1
dream,1
eve,1
adam,1
hitherto,1
pretty,1
ir,1
emphasize,1
dy,1
note,1
ar,1
reluctant,1
talk,1
lid,1
appeal,1
simple,1
lin,1
look,1
could,1
never,1
bare,1
ly,1
ludicrously,1
soul,1
magnitude,1
die,1
dot,1
unaffected,1
stiff,1
call,1
record,1
often,1
loathe,1
bring,1
minded,1
friend,1
lose,1
existence,1
inconsiderate,1
idle,1
answer,1
away,1
ts,1
fritter,1
posterity,1
clear,1
classify,1
erie,1
door,1
weakness,1
here,1
birthday,1
finding,1
glove,1
theft,1
rose,1
easy,1
clever,1
j,1
dash,1
off,1
decent,1
domestic,1
assure,1
ought,1
low,1
mn,1
acre,1
dinner,1
net,1
category,1
broad,1
ow,1
chamber,1
masterpiece,1
el,1
moment,1
toward,1
wing,1
sense,1
turn,1
occasional,1
inspire,1
incident,1
attitude,1
greatness,1
crow,1
knack,1
tinsel,1
indistinguishable,1
finger,1
foot,1
z,1
grow,1
house,1
wherein,1
reason,1
ewe,1
al,1
woman,1
woe,1
habit,1
tb,1
ll,1
accord,1
darling,1
thief,1
whose,1
rosy,1
theorist,1
apple,1
send,1
speciousness,1
two,1
pure,1
golden,1
fabric,1
preserve,1
end,1
glitter,1
instance,1
laugh,1
happiness,1
select,1
example,1
quotable,1
assert,1
brevity,1
tribute,1
fee,1
produce,1
mi,1
wall,1
theo,1
ls,1
marvelously,1
like,1
prison,1
fortress,1
almost,1
composure,1
sight,1
physical,1
hurt,1
horror,1
loss,1
ton,1
ber,1
recovery,1
utmost,1
study,1
vienna,1
actress,1
russian,1
red,1
girl,1
various,1
else,1
scientifically,1
interested,1
bes,1
dancer,1
charity,1
st,1
likewise,1
reveal,1
wipe,1
sided,1
frightfully,1
employ,1
confidence,1
countess,1
fie,1
bedside,1
drag,1
obviously,1
fascinate,1
waste,1
spa,1
ill,1
ba,1
ahmed,1
plausible,1
imagination,1
holding,1
skillful,1
minor,1
suggestion,1
element,1
gruesome,1
horrible,1
trial,1
minutely,1
dwell,1
murderess,1
rand,1
power,1
life,1
madly,1
wife,1
most,1
pardon,1
merely,1
verisimilitude,1
favor,1
knot,1
how,1
lr,1
untie,1
learn,1
method,1
nice,1
city,1
cease,1
fiction,1
mas,1
april,1
east,1
west,1
saturday,1
article,1
novelty,1
ty,1
plot,1
york,1
gerald,1
entitle,1
m,1
ratio,1
john,1
luce,1
es,1
h,1
plaything,1
pride,1
conscience,1
contemporary,1
lug,1
favorite,1
dish,1
opinion,1
ella,1
twinge,1
class,1
allow,1
tobacco,1
irony,1
tired,1
oar,1
cyrus,1
k,1
review,1
average,1
strain,1
la,1
refinement,1
because,1
enable,1
author,1
mind,1
exotic,1
thus,1
evil,1
unspeakably,1
treacherous,1
clea,1
oven,1
retain,1
country,1
q,1
pupil,1
ian,1
surgeon,1
combination,1
prince,1
ru,1
remark,1
teller,1
condensation,1
third,1
mere,1
thriller,1
slide,1
killer,1
hie,1
german,1
past,1
quarter,1
suck,1
finish,1
lade,1
literature,1
changeling,1
influence,1
ready,1
sentimentalism,1
compile,1
snugly,1
official,1
trust,1
boston,1
tight,1
right,1
hopeless,1
sink,1
brick,1
companionable,1
flame,1
paper,1
flotilla,1
whimsical,1
misshapen,1
derelict,1
maturity,1
ensconce,1
source,1
famous,1
sunny,1
scone,1
sift,1
street,1
ed,1
rt,1
add,1
io,1
personnel,1
trace,1
longshoreman,1
busy,1
salvage,1
let,1
scrap,1
flotsam,1
escape,1
dreary,1
pleasant,1
fielding,1
quote,1
possibility,1
identify,1
poor,1
original,1
patronage,1
next,1
kindly,1
assertion,1
least,1
vestige,1
talent,1
take,1
apart,1
back,1
bi,1
regret,1
dear,1
purpose,1
task,1
tasty,1
duty,1
rescue,1
assort,1
harry,1
authentic,1
naughty,1
residuary,1
however,1
unfortunately,1
flat,1
dull,1
decay,1
genial,1
conscientious,1
workman,1
lamb,1
tempt,1
forth,1
skill,1
light,1
ten,1
fond,1
belong,1
suggest,1
century,1
outnumber,1
score,1
above,1
group,1
rabelais,1
shakespeare,1
throne,1
folly,1
ourselves,1
principality,1
bf,1
humorous,1
race,1
recall,1
blind,1
commonly,1
possible,1
exception,1
america,1
foremost,1
rank,1
eminence,1
fine,1
achievement,1
smith,1
rare,1
ms,1
dante,1
us,1
uncommon,1
family,1
sydney,1
funny,1
nigh,1
supreme,1
remain,1
nothing,1
importance,1
omit,1
numerous,1
fugitive,1
bit,1
doubtless,1
capture,1
datum,1
future,1
since,1
inevitable,1
triviality,1
ex,1
en,1
your,1
confident,1
completeness,1
affectionately,1
circle,1
apparently,1
cherish,1
hawthorne,1
why,1
person,1
approachable,1
esoteric,1
collector,1
absolute,1
glad,1
friendly,1
gay,1
careful,1
piece,1
beet,1
laureate,1
condescend,1
unearth,1
album,1
read,1
sculptor,1
lifeless,1
stone,1
mock,1
painter,1
bade,1
canvas,1
glow,1
line,1
beauty,1
iris,1
mus,1
leaf,1
lib,1
celestial,1
hue,1
fable,1
chisel,1
fall,1
hook,1
measure,1
prefer,1
graduation,1
phi,1
beta,1
society,1
papal,1
rigidity,1
invariable,1
robe,1
balance,1
phrase,1
trimness,1
jone,1
breed,1
round,1
muse,1
dress,1
genius,1
pour,1
continue,1
gait,1
brief,1
c,1
cast,1
yield,1
american,1
ground,1
les,1
assume,1
itself,1
widely,1
ce,1
feeling,1
sentimental,1
strong,1
base,1
attire,1
impressive,1
warm,1
smile,1
shape,1
adore,1
rise,1
elicit,1
please,1
altogether,1
repress,1
spectacle,1
aspire,1
johnson,1
ste,1
abroad,1
brace,1
fifty,1
whenever,1
gibbon,1
fifteen,1
essay,1
pain,1
metrical,1
six,1
endure,1
four,1
relate,1
deserve,1
useful,1
oliver,1
wendell,1
edit,1
information,1
historian,1
believe,1
plead,1
relative,1
item,1
course,1
essentially,1
point,1
accessible,1
go,1
effusion,1
annual,1
bind,1
green,1
silk,1
understand,1
reward,1
those,1
riot,1
bulk,1
perform,1
spirit,1
critically,1
diligence,1
dully,1
guilty,1
series,1
guide,1
ninety,1
odd,1
wakefield,1
formal,1
disposed,1
mediocre,1
stuff,1
hypocritically,1
face,1
esteem,1
campbell,1
obvious,1
companion,1
model,1
vicar,1
aye,1
harnessing,1
heroic,1
couplet,1
confess,1
appealing,1
utility,1
thoroughly,1
alphabetical,1
single,1
possess,1
interest,1
another,1
excuse,1
eye,1
volume,1
jess,1
catch,1
bored,1
collect,1
worthy,1
preservation,1
poetic,1
place,1
ply,1
