lemma,count
the,152
of,86
and,61
be,51
in,47
a,42
to,41
that,35
i,23
by,21
dr,18
have,17
not,15
it,14
from,13
but,12
with,12
east,12
his,12
shadow,11
an,11
he,10
this,10
or,9
one,9
there,9
all,8
o,8
country,8
for,8
author,8
r,7
new,7
its,7
on,7
god,7
man,7
l,7
s,7
which,6
people,6
th,6
ha,6
book,6
gloomy,6
know,5
over,5
us,5
n,5
such,5
these,5
true,5
no,5
e,5
out,5
d,5
make,5
other,5
t,5
take,5
c,5
we,5
f,5
reader,5
some,4
before,4
our,4
may,4
only,4
soviet,4
beast,4
century,4
province,4
h,4
see,4
revolution,4
will,4
mystery,4
m,4
they,4
old,4
my,3
if,3
than,3
peasant,3
count,3
most,3
as,3
b,3
at,3
whole,3
go,3
tell,3
indeed,3
every,3
who,3
without,3
fact,3
however,3
move,3
their,3
bolshevism,3
ancient,3
village,3
can,3
self,3
where,3
story,3
him,3
into,3
european,3
witch,3
so,3
nor,3
experience,3
much,3
moscow,3
work,3
though,3
like,3
prince,2
literary,2
let,2
behold,2
upon,2
polish,2
more,2
quote,2
just,2
sect,2
also,2
rock,2
when,2
felicitous,2
thesis,2
j,2
say,2
neither,2
tibet,2
end,2
spirit,2
against,2
rot,2
few,2
asiatic,2
title,2
temple,2
ira,2
vivid,2
blood,2
fore,2
sketch,2
them,2
do,2
apocalyptic,2
tone,2
begin,2
eye,2
once,2
cash,2
never,2
threaten,2
tm,2
culture,2
wonder,2
show,2
y,2
could,2
hear,2
think,2
nation,2
least,2
look,2
demon,2
change,2
thin,2
behind,2
too,2
decidedly,2
year,2
define,2
rather,2
fe,2
world,2
asia,2
importance,2
day,2
off,2
mask,2
condition,2
writer,2
draw,2
would,2
her,2
utterly,2
first,2
carry,2
red,2
black,2
lie,2
multitude,2
record,2
come,2
thus,2
secret,2
u,2
even,2
how,1
simple,1
attain,1
happen,1
different,1
picture,1
palace,1
entirely,1
prent,1
reality,1
obscure,1
put,1
political,1
ferdinand,1
social,1
certain,1
con,1
cocaine,1
v,1
shake,1
cobol,1
fiction,1
order,1
right,1
what,1
tho,1
crystal,1
lg,1
ex,1
window,1
achieve,1
folk,1
vii,1
compel,1
prejudice,1
event,1
inside,1
well,1
behave,1
speak,1
act,1
chaos,1
alike,1
woman,1
university,1
horizon,1
latter,1
han,1
rasputin,1
check,1
duke,1
amazing,1
moment,1
read,1
ask,1
become,1
russia,1
grand,1
franc,1
worship,1
relic,1
ab,1
doe,1
aide,1
bother,1
rain,1
bad,1
recount,1
oh,1
advent,1
after,1
explain,1
throne,1
similar,1
truthful,1
head,1
accept,1
theory,1
artificial,1
abstract,1
entity,1
form,1
west,1
ema,1
road,1
eur,1
assert,1
el,1
original,1
crudely,1
elect,1
write,1
belong,1
ago,1
contend,1
narrative,1
matter,1
impose,1
way,1
exactly,1
fundamental,1
definition,1
du,1
earnest,1
need,1
prove,1
fr,1
room,1
between,1
wide,1
field,1
mongolia,1
back,1
exotic,1
resourceful,1
next,1
thole,1
uneasy,1
feel,1
mind,1
unprejudiced,1
tie,1
unbiased,1
en,1
evident,1
must,1
longer,1
extent,1
influence,1
essentially,1
ru,1
fault,1
accuse,1
nearer,1
es,1
ty,1
reverie,1
mystic,1
endure,1
real,1
civilization,1
distinctly,1
perceive,1
warning,1
hence,1
fast,1
agent,1
series,1
fascinating,1
up,1
horror,1
cultural,1
precedent,1
wave,1
spread,1
hos,1
bud,1
contemporary,1
painting,1
naturalistic,1
independence,1
rupiah,1
essence,1
mongolian,1
poison,1
western,1
mixture,1
p,1
thinker,1
reviewer,1
present,1
hardly,1
menace,1
bolshevist,1
fear,1
mankind,1
terrible,1
learning,1
mes,1
break,1
murder,1
gold,1
diplomatist,1
burn,1
despondent,1
ho,1
follow,1
breed,1
half,1
hashish,1
devil,1
whirlwind,1
talented,1
di,1
own,1
tan,1
celt,1
array,1
loose,1
time,1
worm,1
somewhat,1
hitherto,1
depreciate,1
phenomenon,1
rich,1
aslant,1
lt,1
bib,1
mot,1
que,1
term,1
lone,1
hack,1
today,1
atone,1
wood,1
cabin,1
endorse,1
cheek,1
observe,1
ts,1
famine,1
about,1
bring,1
crop,1
destroy,1
rainfall,1
heavy,1
far,1
scene,1
instance,1
unexpected,1
adventure,1
wild,1
precede,1
vice,1
dru,1
depravity,1
capital,1
princely,1
revolutionary,1
pro,1
sorcery,1
clay,1
deistic,1
wizard,1
inked,1
christianity,1
veil,1
heine,1
human,1
zoo,1
hideous,1
lose,1
civilized,1
bore,1
lay,1
tear,1
purpose,1
yet,1
thrill,1
face,1
attractive,1
wrong,1
conception,1
capture,1
attention,1
ade,1
give,1
rise,1
pie,1
md,1
idol,1
criminally,1
christian,1
soul,1
ch,1
deity,1
broom,1
rid,1
figure,1
tail,1
nonsense,1
carrier,1
ola,1
tolstoy,1
beyond,1
trodden,1
tl,1
little,1
differ,1
class,1
upper,1
refined,1
tic,1
street,1
incline,1
pent,1
relief,1
away,1
flagellation,1
impression,1
word,1
color,1
spar,1
york,1
exaggerated,1
deal,1
facts,1
k,1
race,1
ink,1
ecstatic,1
then,1
existence,1
still,1
any,1
probably,1
revelation,1
co,1
peer,1
price,1
alexander,1
wonderful,1
unusual,1
step,1
translate,1
across,1
discussion,1
eve,1
beau,1
life,1
turn,1
perverse,1
pp,1
home,1
teller,1
fortune,1
thousand,1
score,1
number,1
war,1
prod,1
rule,1
general,1
generalize,1
olden,1
survival,1
unique,1
almost,1
rare,1
mystical,1
dis,1
talent,1
al,1
till,1
hold,1
cry,1
stone,1
throat,1
plaid,1
cock,1
bundle,1
unmade,1
tree,1
cy,1
de,1
trunk,1
around,1
gather,1
hill,1
silence,1
deep,1
deceive,1
wroth,1
gods,1
hint,1
throw,1
elder,1
your,1
downpour,1
hera,1
retire,1
miraculous,1
place,1
horace,1
russian,1
survive,1
name,1
nineteenth,1
middle,1
until,1
undoubtedly,1
backward,1
moat,1
heathen,1
convey,1
twentieth,1
those,1
sprinkle,1
finger,1
promise,1
prayer,1
offer,1
astounding,1
breath,1
ad,1
