lemma,count
the,147
be,95
to,84
of,83
a,70
and,61
in,39
his,34
that,32
it,26
he,26
for,25
have,23
s,22
as,20
not,19
but,16
by,16
i,15
jonathan,15
or,15
housman,14
at,14
an,14
on,13
if,13
which,12
with,12
you,12
l,11
who,11
book,11
believe,10
one,10
him,9
when,9
we,9
this,9
may,9
can,8
reader,8
so,8
come,8
mr,7
would,7
they,7
will,7
through,6
all,6
satire,6
there,6
do,6
himself,6
further,6
take,6
laurence,6
although,6
she,6
say,5
world,5
mind,5
make,5
early,5
good,5
burlesque,5
from,5
into,5
author,5
become,5
than,5
what,4
whose,4
either,4
true,4
day,4
political,4
here,4
fact,4
giant,4
american,4
rather,4
see,4
up,4
however,4
deity,4
english,4
after,4
very,4
earth,4
revelation,4
must,4
no,4
new,4
god,4
name,4
page,3
often,3
allow,3
time,3
only,3
go,3
moment,3
adventure,3
look,3
more,3
point,3
narrative,3
matter,3
any,3
year,3
every,3
far,3
some,3
lloyd,3
edge,3
identity,3
those,3
n,3
over,3
truth,3
t,3
publisher,3
heaven,3
merely,3
head,3
self,3
free,3
church,3
seem,3
likely,3
guess,3
unfortunately,3
really,3
nothing,3
out,3
key,2
interest,2
accord,2
ex,2
sister,2
place,2
none,2
british,2
tile,2
x,2
govern,2
whether,2
jacket,2
turn,2
g,2
industry,2
limit,2
brother,2
picture,2
two,2
many,2
thin,2
y,2
guinea,2
per,2
englishman,2
cent,2
about,2
native,2
career,2
rubber,2
behind,2
refuge,2
ms,2
long,2
like,2
water,2
plot,2
under,2
offer,2
quite,2
enough,2
form,2
these,2
false,2
start,2
th,2
word,2
fraction,2
now,2
such,2
halo,2
nation,2
polity,2
too,2
war,2
drown,2
much,2
human,2
show,2
tour,2
de,2
o,2
force,2
her,2
aware,2
way,2
bear,2
m,2
yourself,2
occupy,2
c,2
write,2
break,2
tr,2
politic,2
hardly,2
letter,2
necked,2
hero,2
devote,2
even,2
prayer,2
remember,2
possess,2
es,2
yet,2
reviewer,2
want,2
most,2
man,2
hold,2
story,2
cut,2
wife,2
ha,2
tribal,2
caroline,2
bottle,2
r,2
p,2
e,2
art,2
your,1
sophist,1
tooth,1
smile,1
cow,1
my,1
dream,1
retail,1
greek,1
else,1
credit,1
preacher,1
rate,1
ry,1
get,1
philosophy,1
live,1
contemplate,1
bible,1
succinctly,1
belief,1
darts,1
gallery,1
period,1
itself,1
confine,1
sinai,1
humorous,1
feel,1
late,1
attack,1
figure,1
failure,1
simply,1
ant,1
ls,1
vulnerable,1
wish,1
small,1
right,1
conference,1
reference,1
apparently,1
unite,1
disappear,1
size,1
unimportant,1
group,1
evangelical,1
nit,1
house,1
lord,1
zeal,1
date,1
later,1
trick,1
fear,1
result,1
compose,1
corporeality,1
mole,1
almost,1
space,1
tenth,1
notwithstanding,1
moreover,1
throat,1
dart,1
always,1
avenger,1
acidity,1
despite,1
chorus,1
fury,1
same,1
somewhat,1
remind,1
manner,1
fro,1
flit,1
milestone,1
perhaps,1
crumple,1
without,1
tin,1
blade,1
steel,1
damascus,1
important,1
think,1
found,1
road,1
forget,1
jockey,1
train,1
dangerous,1
delicate,1
fall,1
horse,1
avail,1
schoolboy,1
second,1
old,1
kind,1
end,1
give,1
doctrine,1
definition,1
reminder,1
till,1
something,1
great,1
before,1
prudently,1
cash,1
investment,1
loser,1
high,1
clew,1
finance,1
rich,1
nimble,1
clear,1
witted,1
find,1
allegory,1
assume,1
league,1
wise,1
necessarily,1
bid,1
beside,1
swift,1
anatole,1
acid,1
sledge,1
spirit,1
egg,1
sureness,1
french,1
predecessor,1
concoct,1
bore,1
scale,1
grand,1
attempt,1
gigantic,1
needless,1
lamppost,1
literally,1
tend,1
mad,1
acquire,1
work,1
fail,1
worshiper,1
its,1
call,1
responsive,1
hover,1
nevertheless,1
well,1
diminution,1
india,1
edify,1
sermon,1
absolutely,1
heredity,1
confront,1
necessity,1
east,1
slave,1
africa,1
tradition,1
circumstance,1
involve,1
scheme,1
wealth,1
enlighten,1
enliven,1
hypothetical,1
union,1
youthful,1
sustain,1
churchman,1
politician,1
travesty,1
pa,1
carry,1
could,1
obvious,1
boil,1
kettle,1
easy,1
drop,1
tory,1
trade,1
feat,1
prestidigitation,1
juncture,1
genius,1
rescue,1
awe,1
compelling,1
act,1
enable,1
ivory,1
witness,1
announce,1
spectacle,1
tail,1
wag,1
dog,1
organization,1
nefarious,1
latter,1
income,1
drive,1
rim,1
discover,1
company,1
consolidation,1
congo,1
reprehensible,1
subsidiary,1
prove,1
thirty,1
pay,1
choice,1
run,1
party,1
indicate,1
probably,1
comment,1
catch,1
adopt,1
reputation,1
method,1
our,1
hoc,1
hint,1
task,1
miguel,1
popular,1
ass,1
chronicle,1
frankly,1
risky,1
prefer,1
eventually,1
air,1
publicity,1
means,1
scour,1
private,1
daily,1
famous,1
mask,1
precedent,1
least,1
ii,1
eat,1
past,1
ca,1
shut,1
secure,1
room,1
alone,1
dictum,1
ewe,1
publishing,1
business,1
again,1
theologian,1
mistake,1
full,1
example,1
pungent,1
bristle,1
laughter,1
re,1
product,1
main,1
fun,1
gather,1
eye,1
observation,1
experiment,1
sprightly,1
fit,1
ten,1
laugh,1
imagine,1
struggle,1
keyhole,1
reaction,1
watch,1
back,1
read,1
advance,1
piety,1
lr,1
appear,1
nor,1
neither,1
speak,1
strictly,1
other,1
deceive,1
thai,1
thing,1
whole,1
ba,1
cod,1
amanuensis,1
title,1
permit,1
honor,1
sure,1
gentleman,1
ring,1
low,1
employer,1
foreword,1
editorial,1
inhabit,1
person,1
truly,1
million,1
ed,1
broach,1
while,1
hitherto,1
universe,1
apparent,1
government,1
memory,1
religion,1
serve,1
essay,1
indirectly,1
inference,1
except,1
guise,1
penetrate,1
approach,1
tire,1
august,1
conclude,1
presence,1
clue,1
ample,1
hence,1
proceed,1
shadowy,1
almighty,1
copy,1
responsible,1
eternity,1
totem,1
mater,1
mane,1
hell,1
applicable,1
v,1
mortal,1
satirize,1
effort,1
land,1
interpret,1
neigh,1
expedition,1
reach,1
part,1
io,1
until,1
former,1
favor,1
evidence,1
stand,1
unnamed,1
ego,1
alter,1
conscience,1
capital,1
d,1
precede,1
child,1
que,1
fashion,1
sketchy,1
folio,1
celebrity,1
fight,1
vs,1
convince,1
aid,1
gain,1
eal,1
england,1
path,1
along,1
fold,1
boy,1
guide,1
try,1
george,1
uncle,1
youth,1
deep,1
foot,1
unknown,1
reason,1
pro,1
bridge,1
off,1
push,1
boyhood,1
comely,1
talk,1
stupid,1
temper,1
equable,1
ale,1
pink,1
creamy,1
large,1
unto,1
whom,1
delusion,1
opt,1
nd,1
en,1
receive,1
application,1
implication,1
pp,1
life,1
acquaint,1
ell,1
fairly,1
unless,1
jan,1
should,1
expect,1
subject,1
otherwise,1
biography,1
cal,1
avidity,1
average,1
difficulty,1
liable,1
tel,1
non,1
also,1
step,1
york,1
epithet,1
albert,1
fatuous,1
people,1
continuous,1
lake,1
series,1
type,1
optic,1
cell,1
incline,1
process,1
grant,1
store,1
minute,1
few,1
spa,1
attain,1
coot,1
slow,1
consistency,1
sort,1
mysterious,1
essence,1
course,1
sacred,1
know,1
h,1
wrong,1
never,1
each,1
likewise,1
quotation,1
follow,1
relative,1
principle,1
us,1
frequently,1
