lemma,count
the,224
of,175
to,84
be,80
and,73
a,72
in,52
that,28
as,24
which,24
on,22
with,20
have,19
s,18
by,17
from,16
i,16
he,15
one,15
man,15
for,14
it,14
this,13
race,12
or,12
so,12
an,12
author,12
at,11
his,11
sir,10
can,10
animal,10
we,10
their,9
who,9
into,8
big,8
chapter,8
but,8
more,8
when,7
there,7
not,7
history,7
year,7
book,7
earth,7
any,7
them,7
picture,7
no,7
op,6
tell,6
well,6
our,6
age,6
than,6
reader,6
tho,6
us,6
may,6
high,5
all,5
about,5
upon,5
these,5
great,5
mile,5
hundred,5
use,5
three,5
why,5
t,5
sea,5
two,5
other,5
r,5
development,5
whale,5
being,4
union,4
human,4
those,4
natural,4
old,4
lizard,4
make,4
describe,4
form,4
far,4
mere,4
fact,4
know,4
ute,4
while,4
n,4
ago,4
ray,4
write,4
foot,4
most,4
out,4
like,4
continuous,4
mammoth,4
volcano,4
secret,4
they,4
white,4
up,4
prehistoric,4
ton,3
knowledge,3
less,3
ground,3
only,3
color,3
la,3
continue,3
early,3
tn,3
do,3
state,3
bone,3
discover,3
page,3
g,3
accept,3
mankind,3
science,3
would,3
thing,3
moro,3
paper,3
l,3
prince,3
long,3
home,3
c,3
india,3
elephant,3
f,3
live,3
draw,3
cause,3
another,3
artist,3
common,3
once,3
over,3
century,3
produce,3
head,3
scientist,3
island,3
se,3
such,3
million,3
view,3
fascinating,3
me,3
monster,3
day,3
large,3
get,3
world,3
today,3
back,2
attainment,2
europe,2
friend,2
way,2
some,2
consciously,2
title,2
am,2
base,2
guide,2
kipling,2
complete,2
glitter,2
learn,2
word,2
people,2
reason,2
ac,2
inter,2
favorite,2
set,2
poem,2
tiger,2
result,2
pride,2
cave,2
lead,2
colored,2
think,2
maker,2
what,2
structure,2
paragraph,2
monaco,2
article,2
violent,2
table,2
art,2
ix,2
source,2
possible,2
good,2
outline,2
record,2
activity,2
pure,2
water,2
then,2
worthy,2
drawing,2
refer,2
horse,2
follow,2
under,2
ho,2
among,2
its,2
seem,2
almost,2
antler,2
engrave,2
low,2
treat,2
seat,2
primitive,2
condition,2
increase,2
either,2
wave,2
hold,2
away,2
st,2
vital,2
through,2
twenty,2
present,2
plain,2
will,2
en,2
say,2
belief,2
beast,2
statement,2
whose,2
true,2
huge,2
eighty,2
reach,2
woman,2
along,2
new,2
front,2
length,2
compare,2
ninety,2
naturally,2
bring,2
creature,2
conclusion,2
forty,2
land,2
bigness,2
measure,2
aquatic,2
exist,2
bulk,2
various,2
time,2
africa,2
skeleton,2
visit,2
last,2
tail,2
name,2
ever,2
fifty,2
h,2
eye,2
must,2
notion,2
accord,2
w,2
erroneous,2
past,2
explain,2
perhaps,2
much,2
clearly,2
many,2
scholar,2
darwinian,2
hostility,2
community,2
school,2
if,2
relation,2
mythical,2
accustomed,1
familiar,1
doorstep,1
too,1
representation,1
illustration,1
subway,1
bar,1
ax,1
whoa,1
fortunate,1
casual,1
richly,1
cavern,1
wall,1
wild,1
roam,1
allotted,1
pocket,1
see,1
supply,1
ivory,1
piece,1
mammoths,1
also,1
you,1
carlo,1
ride,1
strange,1
heirloom,1
fully,1
thus,1
scientific,1
family,1
although,1
commonly,1
shrink,1
math,1
oceanography,1
advance,1
individual,1
greatly,1
patronage,1
nine,1
overflow,1
reproduction,1
publication,1
discovery,1
whom,1
ame,1
indebted,1
largely,1
surprised,1
every,1
reproduce,1
real,1
tina,1
fountain,1
eternal,1
mane,1
hap,1
hoe,1
exception,1
lost,1
teen,1
britain,1
bin,1
scribing,1
ir,1
my,1
inaccurate,1
colorful,1
ordinarily,1
pock,1
confuse,1
period,1
together,1
straight,1
traveler,1
boor,1
scribe,1
continent,1
never,1
bear,1
love,1
alone,1
abhorrent,1
image,1
hairy,1
mountainous,1
country,1
tooth,1
bent,1
snow,1
unscientific,1
profit,1
mention,1
match,1
skin,1
bit,1
walter,1
english,1
sportsman,1
corn,1
opinion,1
furl,1
safety,1
quote,1
noon,1
later,1
explanation,1
ross,1
cylinder,1
crude,1
sealant,1
ab,1
city,1
burn,1
round,1
trot,1
pager,1
tuna,1
right,1
mr,1
execute,1
after,1
ni,1
poet,1
correction,1
anything,1
stick,1
carving,1
dave,1
ph,1
should,1
observe,1
horn,1
thereby,1
cross,1
tern,1
always,1
justify,1
nut,1
sine,1
very,1
native,1
matter,1
ruler,1
decide,1
whether,1
victim,1
ocean,1
tract,1
submarine,1
midday,1
lamp,1
explosion,1
hear,1
thousand,1
outcome,1
go,1
java,1
au,1
inundate,1
destroy,1
person,1
impulse,1
reduce,1
size,1
vast,1
temporarily,1
ore,1
inborn,1
mixed,1
thu,1
though,1
ignoble,1
led,1
due,1
dominant,1
expose,1
cull,1
unfortunate,1
adverse,1
dun,1
cruel,1
die,1
treatment,1
both,1
marry,1
possibly,1
ono,1
congenital,1
anglo,1
handful,1
slave,1
population,1
taco,1
especially,1
united,1
north,1
saxon,1
nm,1
branch,1
section,1
y,1
ur,1
end,1
whole,1
attitude,1
darken,1
near,1
sky,1
lafayette,1
fa,1
moo,1
agate,1
hat,1
burst,1
likely,1
roost,1
street,1
rate,1
ex,1
peel,1
nurture,1
crater,1
company,1
son,1
admiral,1
thin,1
le,1
circumstance,1
reindeer,1
al,1
ready,1
unearth,1
show,1
neigh,1
tradition,1
carve,1
duty,1
gay,1
rapidly,1
sculptor,1
neighboring,1
work,1
parthenon,1
na,1
moist,1
child,1
unpleasantly,1
following,1
blow,1
smolder,1
furnace,1
vincent,1
erupt,1
ash,1
mite,1
deliberate,1
thirty,1
titanic,1
upper,1
atmosphere,1
where,1
current,1
carry,1
red,1
sunset,1
force,1
conception,1
suggestive,1
bodily,1
conviction,1
trip,1
hut,1
act,1
ag,1
charm,1
professor,1
huxley,1
impressive,1
witness,1
vividly,1
moll,1
nineteenth,1
close,1
touch,1
mental,1
text,1
oil,1
route,1
ape,1
moral,1
physical,1
solid,1
supposition,1
move,1
mural,1
since,1
emergence,1
known,1
life,1
ms,1
stone,1
implement,1
fossilize,1
simple,1
complex,1
efficient,1
demonstrable,1
mean,1
progress,1
salt,1
existence,1
welt,1
bilious,1
aim,1
help,1
clear,1
adventure,1
conscious,1
tend,1
security,1
ascertain,1
truth,1
terrible,1
war,1
few,1
thoughtful,1
writer,1
deny,1
social,1
control,1
phenomenon,1
triumphs,1
doubt,1
continuation,1
whilst,1
same,1
moat,1
without,1
down,1
disaster,1
inevitably,1
titan,1
characterize,1
process,1
evolution,1
nothing,1
accelerate,1
welfare,1
spreading,1
accurate,1
feature,1
patent,1
savagery,1
outburst,1
agency,1
favor,1
conducive,1
prosperity,1
hand,1
cati,1
arrest,1
inimical,1
weakening,1
strengthening,1
sympathy,1
adapt,1
philosopher,1
flake,1
spite,1
numerous,1
lapse,1
et,1
everyday,1
unfold,1
fair,1
representative,1
how,1
query,1
museum,1
awe,1
dinosaur,1
prompt,1
retort,1
comparison,1
flourish,1
walk,1
against,1
terrestrial,1
extinct,1
weight,1
whalebone,1
weigh,1
kind,1
enormous,1
mastodon,1
super,1
dissipate,1
extant,1
prevalent,1
distinguished,1
survive,1
ry,1
illustrate,1
fork,1
note,1
traceable,1
fanciful,1
exaggeration,1
newspaper,1
gossip,1
tower,1
loose,1
anathema,1
design,1
stilt,1
surely,1
term,1
prove,1
font,1
ha,1
quite,1
arrive,1
relative,1
tonnage,1
egg,1
shape,1
heftiest,1
could,1
o,1
ly,1
hie,1
preface,1
purpose,1
tear,1
random,1
translate,1
awful,1
mud,1
neck,1
behind,1
conclusively,1
annihilate,1
alive,1
find,1
coast,1
german,1
east,1
safely,1
stretch,1
shore,1
rest,1
belly,1
body,1
breakwater,1
twelve,1
serpent,1
extend,1
ledge,1
hence,1
take,1
parlance,1
sense,1
insignificance,1
score,1
event,1
recent,1
perspective,1
egyptian,1
modern,1
geologist,1
westchester,1
half,1
trivial,1
p,1
morning,1
before,1
sprint,1
tuesday,1
midnight,1
overwhelmed,1
instantly,1
inscription,1
appear,1
here,1
understanding,1
incidental,1
reward,1
whoever,1
erudite,1
gateway,1
miracle,1
lifetime,1
study,1
enable,1
him,1
invitingly,1
wide,1
step,1
magic,1
portal,1
train,1
jersey,1
consider,1
imagination,1
listen,1
discourse,1
b,1
mix,1
roast,1
join,1
hunt,1
anywhere,1
sluggish,1
furnish,1
tour,1
personally,1
duct,1
hack,1
beyond,1
dawn,1
young,1
promise,1
imagine,1
lust,1
floor,1
still,1
contrast,1
equal,1
interest,1
news,1
newly,1
excavate,1
something,1
relic,1
tent,1
pause,1
reflect,1
attention,1
poise,1
midair,1
none,1
thrill,1
lure,1
point,1
merely,1
palatable,1
above,1
vivid,1
description,1
eruption,1
fifth,1
literally,1
blue,1
come,1
rte,1
four,1
public,1
meticulously,1
specie,1
discussion,1
soc,1
id,1
biological,1
aspect,1
miscegenation,1
fourth,1
deaf,1
first,1
meekly,1
toe,1
light,1
gather,1
volume,1
predecessor,1
adequately,1
easy,1
chair,1
content,1
parenthetically,1
mainly,1
revision,1
considerable,1
addition,1
originally,1
publish,1
daily,1
xv,1
mystery,1
suspend,1
discuss,1
contain,1
brief,1
coal,1
ii,1
bore,1
final,1
telly,1
story,1
lime,1
juice,1
scurvy,1
pinnacle,1
impertinence,1
attempt,1
relay,1
review,1
learning,1
precede,1
subject,1
lira,1
each,1
creation,1
suspension,1
impossible,1
kingdom,1
speculation,1
origin,1
swastika,1
pervade,1
symbol,1
luck,1
frankly,1
confess,1
definite,1
decision,1
emblem,1
spring,1
relationship,1
fan,1
