lemma,count
the,53
of,35
be,31
in,28
and,28
a,27
his,26
to,26
i,15
that,14
he,12
it,10
with,9
not,9
for,8
as,8
have,8
s,7
work,7
but,6
by,6
do,5
man,5
an,5
this,5
who,5
t,5
first,4
would,4
at,4
than,4
all,4
their,4
o,4
him,4
her,4
l,4
take,4
write,4
one,4
chicago,4
story,3
after,3
say,3
j,3
these,3
tale,3
if,3
father,3
how,3
himself,3
trouble,3
find,3
girl,3
will,3
we,3
america,3
know,3
no,3
ill,3
young,3
they,3
go,3
editor,3
out,2
become,2
street,2
life,2
promise,2
what,2
subsequently,2
lead,2
read,2
n,2
some,2
vein,2
reader,2
always,2
on,2
live,2
show,2
so,2
r,2
even,2
lind,2
into,2
ira,2
american,2
there,2
come,2
anger,2
rather,2
merit,2
tribune,2
marriage,2
however,2
student,2
or,2
tutor,2
marry,2
egoist,2
reason,2
make,2
four,2
publish,2
unfortunate,2
novelist,2
new,2
more,2
place,2
biographer,2
nearly,2
george,2
see,2
appeal,2
writer,2
those,2
other,2
sin,2
gloom,1
archway,1
m,1
acquaint,1
advise,1
fine,1
may,1
us,1
dec,1
consent,1
eve,1
son,1
leonard,1
application,1
constancy,1
tan,1
accomplish,1
demur,1
ably,1
you,1
house,1
finally,1
novel,1
vincent,1
anything,1
rich,1
weep,1
sent,1
h,1
apply,1
tho,1
exclusively,1
masterpiece,1
office,1
rio,1
forget,1
use,1
understand,1
spirit,1
oral,1
lo,1
consider,1
any,1
hort,1
tory,1
submit,1
reel,1
truth,1
early,1
w,1
complete,1
unearth,1
illustrate,1
diagram,1
fitness,1
u,1
include,1
demonstrate,1
able,1
earn,1
support,1
flight,1
io,1
york,1
ravel,1
overhang,1
experience,1
judgment,1
mind,1
serve,1
shadow,1
solution,1
q,1
arrive,1
matter,1
allow,1
great,1
three,1
must,1
column,1
too,1
last,1
perhaps,1
them,1
ne,1
oven,1
bad,1
quite,1
frankly,1
later,1
knowledge,1
our,1
back,1
end,1
wife,1
grub,1
let,1
teacher,1
only,1
fact,1
learn,1
from,1
die,1
lie,1
inconsolable,1
console,1
episode,1
value,1
england,1
prettiest,1
pupil,1
turn,1
up,1
theatrical,1
chief,1
tragedy,1
need,1
analyze,1
enthusiast,1
primarily,1
light,1
general,1
midwinter,1
exhibition,1
west,1
outward,1
rubi,1
century,1
nineteenth,1
revive,1
wile,1
therefore,1
while,1
worth,1
exist,1
importance,1
far,1
wholly,1
nigh,1
well,1
interest,1
eighteenth,1
symbol,1
almost,1
inner,1
love,1
unable,1
usually,1
misanthropic,1
ar,1
protective,1
step,1
inferior,1
feel,1
true,1
same,1
rude,1
never,1
inferiority,1
feeling,1
nothing,1
everything,1
ticket,1
unsociability,1
amorous,1
dead,1
refer,1
without,1
subject,1
concern,1
paragraph,1
few,1
can,1
jame,1
henry,1
copy,1
number,1
limit,1
pascal,1
propensity,1
intellectual,1
author,1
arrogance,1
tile,1
sort,1
relic,1
lee,1
lover,1
exhume,1
newly,1
hand,1
content,1
directly,1
trait,1
likewise,1
reviewer,1
prompt,1
unkindness,1
nd,1
affair,1
common,1
describe,1
seemingly,1
which,1
law,1
against,1
offense,1
endless,1
upon,1
bring,1
thai,1
woman,1
loneliness,1
down,1
break,1
health,1
scholarship,1
care,1
prison,1
lit,1
liberation,1
emigrant,1
lice,1
could,1
boston,1
al,1
give,1
very,1
fund,1
supply,1
year,1
twentieth,1
friend,1
off,1
send,1
was,1
prize,1
c,1
manchester,1
college,1
school,1
assuredly,1
youth,1
get,1
certain,1
like,1
social,1
philosophic,1
instinctive,1
familiar,1
simply,1
condition,1
revolutionary,1
preoccupy,1
birth,1
teen,1
aloof,1
boy,1
p,1
owen,1
talent,1
normal,1
remain,1
song,1
mediocrity,1
often,1
addiction,1
par,1
wonder,1
ix,1
contempt,1
view,1
game,1
fancier,1
