lemma,count
the,154
be,77
of,63
and,59
to,49
in,40
that,28
negro,27
it,26
a,25
as,23
not,21
have,21
race,20
for,19
he,19
do,17
with,14
white,13
they,12
or,12
no,11
prof,11
smith,11
would,11
his,11
what,10
but,10
s,9
more,8
all,8
this,8
may,8
their,8
than,7
even,7
which,7
there,7
by,7
them,6
man,6
present,6
from,6
less,6
if,6
him,6
great,5
at,5
consider,5
on,5
country,5
tile,5
so,5
matter,5
inferior,4
call,4
can,4
will,4
problem,4
think,4
labor,4
set,4
see,4
must,4
an,4
such,4
instinct,4
these,4
out,3
century,3
other,3
eye,3
danger,3
education,3
amalgamation,3
only,3
end,3
one,3
very,3
back,3
never,3
hand,3
high,3
find,3
its,3
world,3
any,3
show,3
seem,3
question,3
good,3
mind,3
same,3
we,3
way,3
process,3
blame,3
south,3
get,3
nature,3
future,3
competition,2
self,2
i,2
slow,2
right,2
face,2
superior,2
subject,2
people,2
obviously,2
nor,2
array,2
large,2
rate,2
gloomy,2
academic,2
failure,2
yet,2
thus,2
inferiority,2
prejudice,2
horror,2
much,2
make,2
idea,2
itself,2
know,2
give,2
stand,2
nothing,2
age,2
lose,2
admit,2
backward,2
wide,2
how,2
now,2
l,2
southern,2
beginning,2
slight,2
like,2
certainly,2
life,2
lead,2
come,2
form,2
could,2
co,2
history,2
old,2
humanitarian,2
personal,2
under,2
black,2
strongly,2
up,2
take,2
well,2
o,2
writer,2
use,2
proposition,2
upon,2
tend,2
treat,2
himself,2
help,2
something,2
order,2
view,2
though,2
wise,2
about,2
look,2
merely,2
time,2
work,2
north,2
practical,2
always,2
provide,2
mistaken,2
instant,2
number,2
whole,2
shall,1
ever,1
off,1
wall,1
go,1
wherever,1
weak,1
philanthropy,1
land,1
harm,1
fall,1
sure,1
warp,1
disappearance,1
indian,1
bottom,1
none,1
bitterness,1
comprehensible,1
quite,1
complain,1
top,1
motif,1
spirit,1
aggravated,1
room,1
prepare,1
await,1
doom,1
power,1
blood,1
mere,1
forever,1
taint,1
demand,1
career,1
rather,1
employer,1
cease,1
fraction,1
individual,1
apt,1
flourish,1
strong,1
side,1
hey,1
law,1
menace,1
chinese,1
admission,1
service,1
rank,1
flow,1
latter,1
drawer,1
wood,1
hewer,1
prefer,1
crowd,1
withstand,1
flame,1
into,1
suddenly,1
preservation,1
unjustified,1
justified,1
wrong,1
violence,1
irresistible,1
immediately,1
blaze,1
you,1
baser,1
wage,1
reduce,1
threat,1
water,1
attendant,1
leave,1
farm,1
terrible,1
narrower,1
grow,1
consensus,1
skilled,1
opportunity,1
agricultural,1
move,1
tell,1
except,1
fortune,1
full,1
unless,1
panacea,1
n,1
believe,1
who,1
lois,1
du,1
able,1
t,1
booker,1
extreme,1
measure,1
hat,1
where,1
chapter,1
part,1
vigor,1
impair,1
town,1
rush,1
hint,1
figure,1
extinction,1
begin,1
down,1
weaken,1
is,1
last,1
keep,1
devote,1
happen,1
actually,1
class,1
downtrodden,1
enthusiast,1
secular,1
q,1
notion,1
m,1
sleep,1
drug,1
death,1
state,1
increase,1
birth,1
conclusion,1
color,1
predisposition,1
allow,1
truth,1
population,1
saddle,1
nation,1
book,1
past,1
follow,1
probable,1
decline,1
steadily,1
united,1
spar,1
slavery,1
institution,1
shelter,1
while,1
mark,1
buoyancy,1
hopeful,1
above,1
decrease,1
before,1
duty,1
bulwark,1
parcel,1
should,1
mean,1
solution,1
reality,1
unfeeling,1
harsh,1
sound,1
furnace,1
heated,1
thrice,1
dross,1
reject,1
dart,1
place,1
hopeless,1
practically,1
appear,1
ugly,1
plight,1
science,1
standard,1
clear,1
rival,1
wave,1
mount,1
climate,1
unjustly,1
v,1
inhumanly,1
let,1
rule,1
after,1
descendant,1
negroid,1
vision,1
shrink,1
desire,1
hope,1
mr,1
alternative,1
single,1
legislation,1
deep,1
several,1
grandfatherly,1
plausible,1
specious,1
however,1
injustice,1
possible,1
vote,1
voice,1
either,1
deal,1
equity,1
cold,1
general,1
low,1
hospitality,1
extend,1
hesitancy,1
university,1
natural,1
interesting,1
curious,1
swan,1
horseback,1
ride,1
principle,1
plant,1
maxim,1
overwork,1
respectable,1
squarely,1
ethical,1
generous,1
sentimental,1
treatment,1
hence,1
existence,1
imply,1
serious,1
phrase,1
neither,1
sympathy,1
tulane,1
relevant,1
operation,1
object,1
necessity,1
northern,1
benevolent,1
raise,1
heart,1
few,1
bother,1
whether,1
humane,1
whither,1
impulse,1
philanthropic,1
freely,1
yield,1
home,1
least,1
suggest,1
contamination,1
possibility,1
difficulty,1
unrelieved,1
forward,1
confront,1
volume,1
martian,1
hardly,1
accustom,1
coarse,1
prevent,1
thing,1
fact,1
mon,1
complete,1
prove,1
length,1
coil,1
lay,1
pro,1
eventually,1
emergency,1
trust,1
kindness,1
ought,1
permit,1
dalliance,1
some,1
datum,1
historical,1
attention,1
vast,1
defend,1
author,1
certain,1
discussion,1
each,1
europe,1
tiling,1
testimony,1
weightless,1
just,1
immense,1
indeed,1
authority,1
adverse,1
answer,1
her,1
against,1
intelligence,1
virtue,1
mathematically,1
she,1
inexorable,1
characteristic,1
striking,1
divide,1
here,1
caucasian,1
judgment,1
lie,1
else,1
evident,1
chief,1
open,1
most,1
proclaim,1
without,1
floor,1
rise,1
expect,1
office,1
post,1
spoil,1
political,1
partisan,1
civil,1
cu,1
social,1
culture,1
webs,1
lo,1
phillip,1
u,1
kt,1
y,1
new,1
dominant,1
pp,1
william,1
unborn,1
jo,1
ti,1
roof,1
traverse,1
shut,1
intervene,1
betterment,1
absent,1
consideration,1
case,1
weakness,1
element,1
membership,1
feel,1
organization,1
probability,1
say,1
trade,1
control,1
union,1
vineyard,1
tn,1
laborer,1
st,1
comfort,1
ultimate,1
principal,1
gospel,1
accept,1
economic,1
space,1
filmy,1
generation,1
close,1
suppose,1
ill,1
corollary,1
nd,1
professor,1
argue,1
contact,1
influence,1
hothouse,1
doubt,1
accomplishment,1
undoubted,1
hard,1
accident,1
civilization,1
ahead,1
twenty,1
when,1
root,1
proof,1
ample,1
comparison,1
remote,1
attitude,1
different,1
mal,1
instance,1
america,1
reasonable,1
ts,1
preposterous,1
infinitely,1
chasm,1
chisel,1
spend,1
tide,1
whose,1
conclude,1
achievement,1
between,1
gap,1
refuse,1
both,1
vastly,1
importance,1
eloquence,1
ingenuity,1
little,1
cs,1
many,1
insistence,1
buttress,1
insist,1
point,1
somewhat,1
