lemma,count
the,140
of,110
be,84
in,57
and,56
a,52
to,47
have,40
she,37
her,32
that,27
as,27
it,24
which,23
this,18
he,17
not,17
s,16
but,13
by,13
for,13
or,12
an,11
novel,10
make,10
if,10
with,9
i,9
all,9
do,9
on,9
who,9
no,9
would,9
his,8
seem,8
than,7
man,7
mrs,6
so,6
sister,5
most,5
one,5
even,5
we,5
rather,5
human,5
much,5
more,5
go,5
because,5
at,5
may,5
quality,5
some,5
time,5
alexina,5
when,5
out,4
great,4
such,4
age,4
francisco,4
n,4
feel,4
young,4
its,4
woman,4
old,4
life,4
person,4
should,4
perhaps,4
after,4
street,4
certain,4
war,4
never,4
l,4
condition,4
class,4
social,4
him,4
interest,3
common,3
too,3
people,3
there,3
up,3
moment,3
nothing,3
day,3
own,3
know,3
american,3
write,3
city,3
them,3
long,3
state,3
scene,3
r,3
law,3
inherit,3
what,3
page,3
you,3
from,3
character,3
enough,3
nd,3
real,3
either,3
soul,3
force,3
view,3
cave,3
commonness,3
fir,3
mind,3
will,3
sure,3
can,3
pass,2
off,2
want,2
these,2
fix,2
itself,2
op,2
tired,2
first,2
story,2
take,2
ma,2
almost,2
over,2
two,2
year,2
saint,2
mid,2
into,2
mental,2
fur,2
f,2
critic,2
high,2
background,2
victorian,2
child,2
san,2
greatly,2
they,2
baby,2
keep,2
economic,2
love,2
position,2
sake,2
audacity,2
study,2
accept,2
modern,2
hut,2
element,2
passionate,2
god,2
yet,2
those,2
art,2
bear,2
fire,2
marriage,2
t,2
like,2
labor,2
far,2
live,2
beginning,2
find,2
us,2
enable,2
down,2
fear,2
use,2
spiritual,2
ix,2
come,2
bring,2
literature,2
good,2
ton,2
style,2
being,2
personality,2
jame,2
heroine,2
any,2
under,2
ts,2
only,2
hand,2
mistake,2
turn,2
e,2
dramatic,2
last,2
convention,2
set,2
must,2
discover,2
innocence,2
pleasure,2
then,2
power,2
ago,2
aristocratic,2
house,2
through,2
our,2
call,2
aristocracy,2
fine,2
kind,2
think,2
company,2
matter,2
forget,2
consciousness,2
get,2
put,2
mean,2
course,2
x,2
oman,2
ignorance,2
democracy,2
due,1
careful,1
few,1
nobody,1
socialism,1
c,1
level,1
caw,1
muddle,1
feast,1
ax,1
fiery,1
duality,1
hover,1
dr,1
insight,1
al,1
give,1
act,1
sec,1
credit,1
moderate,1
recognize,1
head,1
possess,1
amazingly,1
vivid,1
pink,1
lot,1
lames,1
kill,1
could,1
buffalo,1
sometimes,1
remain,1
memory,1
indiscriminating,1
name,1
contain,1
every,1
translate,1
probably,1
achieve,1
oh,1
surface,1
characteristic,1
kirkpatrick,1
cord,1
though,1
fervid,1
atmosphere,1
longer,1
writer,1
part,1
standard,1
technical,1
ha,1
potter,1
shock,1
early,1
stir,1
begin,1
mighty,1
meet,1
father,1
opinion,1
many,1
quickly,1
readjust,1
attribute,1
religious,1
sentiment,1
dining,1
cowardice,1
evoke,1
observer,1
la,1
utmost,1
entirely,1
merely,1
tread,1
carrion,1
mots,1
angel,1
scientific,1
nurse,1
nightfall,1
near,1
speak,1
happy,1
coarseness,1
border,1
tut,1
wilt,1
consequence,1
trial,1
validity,1
belief,1
explain,1
read,1
unusually,1
vain,1
intensely,1
least,1
author,1
construct,1
compelling,1
question,1
criticism,1
spite,1
ia,1
unknown,1
germain,1
de,1
mysticism,1
escape,1
strive,1
exceedingly,1
whose,1
bourgeoisie,1
care,1
very,1
obvious,1
book,1
talent,1
movement,1
present,1
urge,1
ignorant,1
clever,1
however,1
pity,1
true,1
ir,1
truth,1
other,1
morality,1
service,1
drop,1
obey,1
arrangement,1
each,1
respectability,1
whether,1
iain,1
refuse,1
thrift,1
resolution,1
cost,1
month,1
axle,1
article,1
husband,1
rid,1
against,1
scruple,1
demand,1
contract,1
look,1
hers,1
dull,1
example,1
v,1
nor,1
toned,1
neither,1
precision,1
alive,1
exact,1
cruel,1
evidently,1
doubtful,1
h,1
lack,1
sincere,1
violent,1
worthy,1
eight,1
conventional,1
strong,1
himself,1
throw,1
disappointed,1
exquisite,1
tore,1
permit,1
explanation,1
finance,1
their,1
money,1
appear,1
typical,1
dam,1
comic,1
preposterous,1
ms,1
analysis,1
herself,1
devote,1
ne,1
ethel,1
iron,1
deep,1
generation,1
philadelphia,1
opening,1
biro,1
breaking,1
picture,1
serious,1
need,1
student,1
dose,1
impossible,1
cali,1
ce,1
circle,1
equally,1
noblesse,1
accompaniment,1
quieter,1
continually,1
conscious,1
morn,1
sixty,1
solidly,1
m,1
sn,1
mirth,1
definitely,1
rose,1
attar,1
pure,1
effective,1
commonplace,1
nostril,1
arouse,1
enter,1
charming,1
gory,1
public,1
vs,1
group,1
stupid,1
conversation,1
normal,1
hold,1
hardly,1
hay,1
point,1
once,1
while,1
manage,1
carefully,1
dead,1
pith,1
englishman,1
deftly,1
limb,1
ladder,1
ear,1
destruction,1
see,1
become,1
destroy,1
soak,1
thick,1
ono,1
type,1
era,1
cane,1
assume,1
misting,1
until,1
fit,1
really,1
century,1
fifty,1
simple,1
repression,1
bondage,1
break,1
w,1
et,1
tell,1
injustice,1
announcement,1
stoke,1
frederick,1
agent,1
publicity,1
fork,1
o,1
egan,1
francis,1
maurice,1
review,1
anything,1
pasty,1
fight,1
u,1
amazing,1
innocent,1
means,1
since,1
gray,1
offend,1
america,1
nit,1
conclusion,1
simply,1
modem,1
gripping,1
eloquently,1
enjoy,1
hero,1
thoroughly,1
method,1
ester,1
safe,1
experience,1
prejudice,1
aside,1
interpretation,1
reader,1
spoil,1
imitate,1
how,1
romantic,1
accessory,1
proper,1
blood,1
upon,1
hope,1
ray,1
here,1
ultimately,1
birth,1
elect,1
lion,1
compel,1
personal,1
possible,1
quite,1
united,1
entire,1
conception,1
ashen,1
right,1
po,1
rage,1
murderous,1
tilt,1
dancing,1
where,1
introduce,1
friend,1
mature,1
snobbery,1
ingenuous,1
brother,1
suffer,1
kirk,1
ancestor,1
burn,1
gust,1
top,1
plenty,1
ugly,1
school,1
ho,1
myself,1
educate,1
j,1
amt,1
chance,1
same,1
alike,1
d,1
socialist,1
say,1
reject,1
principle,1
mere,1
trim,1
en,1
adz,1
whom,1
artificial,1
contrast,1
practice,1
action,1
comp,1
patience,1
resent,1
corrosive,1
mt,1
tradition,1
habit,1
manner,1
refinement,1
divide,1
clam,1
line,1
aspire,1
degree,1
difference,1
demo,1
fanatically,1
describe,1
democratic,1
natural,1
weakness,1
outside,1
fact,1
delineate,1
veil,1
courage,1
honesty,1
downright,1
genius,1
touch,1
satisfaction,1
cs,1
ambitious,1
effort,1
difficult,1
world,1
indifference,1
grow,1
youth,1
brilliant,1
hearted,1
elude,1
gentleman,1
lady,1
cal,1
society,1
favor,1
create,1
community,1
prominence,1
family,1
wealth,1
stop,1
without,1
way,1
work,1
ambition,1
choose,1
b,1
uphold,1
civilization,1
stone,1
foundation,1
solid,1
gertrude,1
