lemma,count
the,95
of,77
be,42
and,28
to,26
in,25
a,18
have,16
he,15
i,14
de,14
tile,14
his,14
for,12
that,11
as,10
it,10
by,10
at,9
ill,8
an,8
la,8
with,7
m,7
me,7
l,6
their,6
french,5
make,5
not,5
t,5
which,5
great,5
on,5
from,5
campaign,5
e,5
c,5
s,5
time,5
my,4
prince,4
f,4
who,4
memoir,4
part,4
all,4
him,4
officer,4
war,4
our,4
one,4
some,4
o,4
eugene,4
describe,4
man,3
young,3
but,3
do,3
other,3
d,3
light,3
before,3
h,3
javelin,3
capture,3
army,3
only,3
x,3
begin,3
so,3
day,3
turk,2
r,2
p,2
join,2
open,2
new,2
such,2
lad,2
play,2
now,2
most,2
among,2
varied,2
follow,2
write,2
br,2
would,2
person,2
important,2
action,2
us,2
when,2
experience,2
first,2
frenchman,2
once,2
always,2
accord,2
io,2
many,2
force,2
well,2
master,2
lie,2
ii,2
attention,2
th,2
mathematic,2
how,2
pay,2
rs,2
tell,2
court,2
contest,2
ll,2
paris,2
may,2
family,2
rest,2
town,2
wear,2
itself,2
v,2
own,2
serve,2
nd,2
close,2
career,2
give,2
service,2
this,2
take,2
ia,2
translation,2
n,2
cavalry,2
end,2
upon,2
if,2
there,2
special,2
bring,2
respective,1
happen,1
could,1
boasting,1
without,1
bombard,1
soon,1
each,1
pp,1
prowess,1
order,1
flourish,1
entertain,1
or,1
distance,1
while,1
ado,1
booming,1
attempt,1
go,1
around,1
quarrel,1
marsh,1
infantry,1
resist,1
chronicle,1
arid,1
witness,1
beg,1
portion,1
life,1
marlborough,1
old,1
pu,1
where,1
cox,1
cami,1
like,1
ron,1
york,1
bad,1
get,1
combat,1
brigade,1
form,1
right,1
nelly,1
ruffian,1
ely,1
wing,1
wait,1
line,1
dot,1
redouble,1
far,1
grow,1
consequently,1
disappear,1
compounder,1
fl,1
any,1
victory,1
tide,1
turn,1
account,1
singular,1
act,1
proud,1
come,1
beat,1
carry,1
sword,1
ground,1
bury,1
pass,1
hurl,1
stature,1
importance,1
estimation,1
doubtless,1
redcoat,1
attract,1
j,1
co,1
loner,1
position,1
page,1
foot,1
note,1
remarkably,1
continue,1
honor,1
high,1
still,1
hope,1
et,1
embrace,1
camp,1
dignity,1
conclusion,1
hungary,1
story,1
ho,1
xx,1
vouch,1
fact,1
mount,1
fall,1
bullet,1
mention,1
eye,1
hyacinth,1
bark,1
cinchona,1
u,1
quinine,1
dose,1
exposure,1
seriously,1
worthy,1
prepared,1
present,1
discordant,1
quite,1
harmony,1
quarter,1
instrument,1
sound,1
transport,1
notice,1
crayfish,1
red,1
accompany,1
turkey,1
arrow,1
weapon,1
assortment,1
use,1
they,1
enemy,1
sally,1
acknowledge,1
quality,1
under,1
coral,1
bavarian,1
enter,1
patient,1
beneficial,1
result,1
doctor,1
medicine,1
absinthe,1
syrup,1
cu,1
find,1
long,1
hey,1
former,1
aristocracy,1
ht,1
dally,1
almost,1
engineering,1
levy,1
crowd,1
country,1
education,1
youth,1
emulation,1
spirit,1
talk,1
manifest,1
everywhere,1
rejoicing,1
extraordinary,1
claim,1
soldier,1
cos,1
exercise,1
figure,1
fence,1
recreation,1
respect,1
together,1
determine,1
seem,1
instruction,1
musketry,1
include,1
manual,1
acquaintance,1
principle,1
fortification,1
geography,1
riding,1
dancing,1
fencing,1
bonfire,1
sense,1
something,1
method,1
lead,1
france,1
century,1
eighteenth,1
beginning,1
seventeenth,1
period,1
warfare,1
di,1
succession,1
idea,1
excellent,1
active,1
merit,1
its,1
several,1
mr,1
edition,1
bear,1
state,1
mon,1
though,1
victorious,1
xiv,1
seventeen,1
poor,1
very,1
parent,1
beech,1
author,1
tl,1
say,1
market,1
lite,1
read,1
spanish,1
learn,1
ten,1
age,1
reach,1
duel,1
oat,1
victor,1
lille,1
add,1
ly,1
g,1
mar,1
engineer,1
impart,1
rise,1
lr,1
bi,1
amur,1
is,1
lo,1
li,1
place,1
we,1
mean,1
unexpected,1
bl,1
will,1
twenty,1
iv,1
wrench,1
reduce,1
lg,1
half,1
della,1
ry,1
peace,1
tilt,1
heavy,1
loss,1
two,1
nancy,1
amp,1
hi,1
reward,1
trench,1
die,1
alive,1
out,1
instead,1
fluff,1
lot,1
leave,1
three,1
dinah,1
lodge,1
comfort,1
safety,1
mine,1
ladle,1
incident,1
operation,1
treaty,1
conduct,1
desirous,1
louis,1
good,1
attack,1
king,1
actual,1
appointment,1
mile,1
seat,1
siege,1
curious,1
permit,1
however,1
ling,1
please,1
fight,1
want,1
arrangement,1
disadvantage,1
ere,1
think,1
during,1
fire,1
should,1
certain,1
belligerent,1
between,1
agreement,1
alum,1
