lemma,count
of,117
the,93
and,71
be,61
tile,54
to,49
a,41
in,33
as,23
that,18
we,17
for,17
it,16
by,14
which,14
pilgrim,12
have,11
so,10
life,10
their,10
on,10
us,10
there,10
all,10
at,10
but,9
not,8
pilgrimage,8
s,7
old,7
or,7
most,6
ye,6
true,6
see,6
much,6
with,6
book,6
such,6
an,6
shrine,6
do,5
e,5
our,5
i,5
t,5
yet,5
very,5
his,5
l,5
this,5
good,5
from,5
th,5
if,5
one,5
often,4
way,4
age,4
past,4
real,4
more,4
place,4
end,4
into,4
faith,4
strange,4
than,4
may,4
those,4
its,4
no,4
shall,4
matter,3
head,3
through,3
n,3
ll,3
could,3
part,3
study,3
o,3
become,3
spirit,3
religious,3
mr,3
certain,3
out,3
less,3
long,3
call,3
day,3
make,3
c,3
road,3
m,3
them,3
soul,3
ill,3
h,3
find,3
seem,3
other,3
they,3
always,3
well,3
account,3
about,3
sidney,3
doubtless,2
stand,2
your,2
tear,2
can,2
use,2
treat,2
he,2
many,2
drink,2
record,2
route,2
only,2
prove,2
attempt,2
low,2
full,2
england,2
journey,2
narrow,2
must,2
r,2
still,2
occur,2
go,2
ir,2
join,2
mind,2
author,2
who,2
her,2
middle,2
soon,2
then,2
heath,2
bow,2
fearful,2
against,2
beauty,2
tl,2
will,2
inset,2
sense,2
knowledge,2
give,2
themselves,2
till,2
relic,2
science,2
grace,2
definition,2
religion,2
too,2
church,2
term,2
f,2
cynical,2
like,2
nd,2
where,2
sea,2
perhaps,2
high,2
each,2
realism,2
romanticism,2
what,2
intense,2
last,2
read,2
time,2
earth,2
future,2
fervor,2
work,2
feature,2
every,2
present,2
gold,1
spiritual,1
dear,1
credulous,1
concourse,1
mechanic,1
creator,1
devotee,1
common,1
since,1
play,1
inconceivable,1
fraudulent,1
workshop,1
tim,1
multiplication,1
per,1
calamity,1
create,1
beyond,1
idle,1
dr,1
crowning,1
ls,1
some,1
coffer,1
enter,1
quote,1
failure,1
point,1
cause,1
ne,1
performance,1
mechanical,1
credit,1
sake,1
scarcely,1
fashion,1
over,1
gloat,1
protestant,1
early,1
hoax,1
up,1
famous,1
back,1
rood,1
isis,1
year,1
conscience,1
fakir,1
de,1
is,1
manuscript,1
vile,1
chaucer,1
lover,1
ht,1
mb,1
id,1
similar,1
virgin,1
wet,1
guidance,1
footstep,1
ever,1
fol,1
slake,1
decay,1
enemy,1
forth,1
send,1
scarce,1
hit,1
virtue,1
behavior,1
la,1
curiosity,1
tour,1
wheedle,1
vital,1
examine,1
attach,1
splendid,1
shipload,1
eighty,1
arise,1
profit,1
vast,1
content,1
pick,1
beginning,1
excess,1
now,1
ole,1
creed,1
pass,1
reason,1
holy,1
gt,1
lg,1
hi,1
neglect,1
parasite,1
martyr,1
tell,1
afar,1
emotion,1
transport,1
peasant,1
suppose,1
le,1
wistful,1
knight,1
bergson,1
fur,1
strength,1
tangle,1
seek,1
x,1
owe,1
haw,1
aspiration,1
actually,1
lose,1
foll,1
assure,1
existent,1
humble,1
tiling,1
gloom,1
ism,1
happiness,1
deity,1
wag,1
fair,1
scrupulously,1
valuable,1
dancer,1
run,1
ind,1
sneer,1
brief,1
lid,1
serious,1
god,1
inn,1
idol,1
rely,1
extent,1
view,1
disciplinary,1
crude,1
ell,1
note,1
suggestive,1
tiff,1
badge,1
proud,1
tilt,1
mercilessly,1
jaw,1
friend,1
trinity,1
professor,1
golden,1
speak,1
pragmatic,1
toe,1
great,1
sir,1
nay,1
bone,1
potent,1
glass,1
blessed,1
continue,1
hallow,1
anon,1
even,1
preset,1
companion,1
exist,1
aid,1
imposture,1
joy,1
here,1
french,1
rt,1
yo,1
exemplified,1
foot,1
piety,1
heart,1
drunk,1
ex,1
fee,1
pit,1
eternal,1
actuality,1
meet,1
drinking,1
philosophy,1
after,1
thread,1
et,1
free,1
trace,1
thirst,1
devoutly,1
honor,1
eve,1
adam,1
wedding,1
whit,1
both,1
battle,1
broad,1
lead,1
title,1
iris,1
while,1
fl,1
v,1
europe,1
rest,1
ry,1
li,1
nat,1
stricture,1
escape,1
let,1
before,1
league,1
little,1
instead,1
vastness,1
voyage,1
albeit,1
truth,1
new,1
live,1
patrick,1
canterbury,1
rome,1
treatise,1
volume,1
scent,1
expectation,1
modern,1
sort,1
tourist,1
reference,1
frequent,1
essay,1
unoriginal,1
equivocal,1
commonplace,1
reformation,1
chapter,1
participate,1
take,1
zeal,1
ruin,1
ore,1
land,1
border,1
near,1
outside,1
rice,1
fact,1
further,1
anglicism,1
abroad,1
venture,1
englishman,1
wend,1
within,1
cell,1
materially,1
obviously,1
puzzle,1
chinese,1
bit,1
critical,1
apply,1
critic,1
folly,1
successively,1
unsuccessful,1
key,1
possession,1
precious,1
antithetical,1
inexact,1
curiously,1
blunder,1
exact,1
exclusively,1
summarily,1
arrive,1
try,1
because,1
criticism,1
net,1
company,1
deed,1
belong,1
picture,1
just,1
any,1
far,1
put,1
thing,1
nerve,1
brain,1
ancestor,1
achieve,1
expression,1
fury,1
con,1
element,1
considerable,1
texture,1
word,1
first,1
kind,1
habitation,1
habiliment,1
habit,1
same,1
equally,1
fit,1
case,1
curious,1
among,1
board,1
incredibly,1
style,1
indicate,1
minor,1
silk,1
jewel,1
vision,1
roughness,1
soften,1
learn,1
people,1
between,1
peace,1
bear,1
system,1
postal,1
primitive,1
act,1
bind,1
unity,1
custom,1
different,1
dweller,1
gain,1
upon,1
throw,1
light,1
flood,1
page,1
few,1
cl,1
perfume,1
spice,1
ship,1
healthy,1
wiley,1
devil,1
fasten,1
arc,1
expanse,1
rare,1
malignant,1
ground,1
breeding,1
choice,1
tissue,1
bodily,1
ks,1
build,1
another,1
oppress,1
sanctuary,1
al,1
devotion,1
finally,1
being,1
activity,1
thousand,1
market,1
file,1
chart,1
serve,1
major,1
lack,1
araby,1
space,1
return,1
trouble,1
lt,1
need,1
collation,1
nevertheless,1
ho,1
g,1
quent,1
fail,1
election,1
beat,1
hard,1
would,1
monarch,1
maker,1
chronology,1
immaculate,1
phrase,1
commission,1
bad,1
positively,1
excellence,1
attainment,1
courage,1
sufficient,1
when,1
stile,1
works,1
understand,1
byzantium,1
luxury,1
art,1
north,1
rom,1
fm,1
warrior,1
el,1
lu,1
result,1
sade,1
how,1
re,1
flow,1
served,1
wei,1
adventure,1
commerce,1
education,1
subservient,1
unconsciously,1
useful,1
consciously,1
fore,1
abundance,1
naturally,1
recommend,1
