lemma,count
the,115
of,77
be,61
and,48
a,48
to,48
in,44
that,27
his,24
he,21
s,19
as,16
it,15
by,15
with,12
who,12
from,12
have,11
t,10
an,9
at,9
not,9
l,8
i,8
their,8
some,8
most,8
on,7
other,7
all,7
tile,7
do,7
one,7
author,6
whistler,6
because,6
for,6
american,6
make,5
n,5
they,5
great,5
himself,5
man,5
until,5
this,5
o,5
or,5
will,5
you,4
c,4
character,4
which,4
spy,4
joseph,4
eddy,4
but,4
young,4
mark,4
israel,4
fact,4
henry,4
among,4
e,4
we,4
putnam,3
remark,3
accord,3
smith,3
mrs,3
good,3
well,3
line,3
palmer,3
advertising,3
ha,3
unusual,3
into,3
new,3
only,3
them,3
through,3
day,3
white,3
don,3
world,3
uncommon,3
even,3
within,3
two,3
choose,3
if,3
art,3
play,3
master,3
put,3
out,3
mr,3
soldier,3
without,3
may,3
include,3
also,3
she,2
native,2
anti,2
come,2
produce,2
cut,2
go,2
old,2
few,2
plain,2
hero,2
theodore,2
jackson,2
child,2
no,2
run,2
roosevelt,2
example,2
true,2
enough,2
though,2
beginning,2
said,2
year,2
hour,2
x,2
soul,2
add,2
wit,2
god,2
artist,2
poseur,2
oscar,2
circle,2
wish,2
general,2
pen,2
q,2
get,2
h,2
call,2
when,2
lee,2
remain,2
themselves,2
time,2
must,2
work,2
south,2
such,2
news,2
him,2
william,2
command,2
re,2
while,2
point,2
edmund,2
m,2
our,2
before,2
would,2
ir,2
whom,2
apply,2
less,2
believe,2
statement,2
helper,2
view,2
clinton,2
raise,2
biography,2
single,2
common,2
fame,2
next,2
there,2
rugged,2
lie,2
sketch,2
twenty,2
train,2
give,2
life,2
george,2
warrior,2
jame,2
b,2
u,2
g,2
live,2
short,2
success,2
whose,2
own,2
succeed,2
three,2
conform,2
volume,2
book,2
once,2
write,2
strong,1
arm,1
endowed,1
fender,1
j,1
quarrelsome,1
whip,1
evangelist,1
face,1
wood,1
hand,1
merit,1
nice,1
rt,1
idea,1
back,1
fighting,1
peter,1
determine,1
ira,1
team,1
ca,1
require,1
amer,1
pioneer,1
moment,1
return,1
beyond,1
guinea,1
damn,1
twig,1
golden,1
green,1
illusion,1
conjure,1
crowning,1
slick,1
dare,1
soil,1
surface,1
near,1
water,1
presence,1
bespeak,1
magic,1
quick,1
mystery,1
stage,1
dig,1
profession,1
early,1
psychopathic,1
parent,1
both,1
sailor,1
theatrical,1
negro,1
eccentric,1
just,1
poe,1
along,1
latin,1
partner,1
ethic,1
protest,1
warn,1
away,1
little,1
explain,1
conclude,1
ion,1
assiduity,1
ks,1
upon,1
west,1
painter,1
sparring,1
main,1
verbal,1
now,1
warning,1
receive,1
lecture,1
public,1
up,1
pack,1
what,1
need,1
longer,1
recognize,1
clearly,1
personality,1
incomprehensible,1
so,1
stop,1
egotism,1
manage,1
honor,1
dictionary,1
quite,1
ell,1
low,1
birth,1
land,1
russia,1
foster,1
discover,1
pose,1
er,1
tobe,1
ne,1
reply,1
acid,1
scar,1
vivid,1
hail,1
exclaim,1
clever,1
uncommonly,1
repartee,1
quote,1
oft,1
misunderstood,1
leave,1
individual,1
cavity,1
brilliant,1
vt,1
its,1
limelight,1
political,1
temporarily,1
england,1
therefore,1
theo,1
p,1
exception,1
rare,1
worth,1
r,1
crusader,1
course,1
interesting,1
lamb,1
charles,1
byron,1
prefer,1
correctly,1
read,1
literature,1
appeal,1
type,1
dramatic,1
merely,1
courtesy,1
thumbnail,1
rule,1
president,1
observe,1
game,1
sett,1
connecticut,1
boston,1
dexter,1
timothy,1
lowell,1
list,1
englander,1
notable,1
vermont,1
birthday,1
initial,1
celebrate,1
phrase,1
perpetrate,1
martin,1
majority,1
doughty,1
allen,1
ethan,1
ham,1
brig,1
fruit,1
court,1
apt,1
surrounding,1
sterile,1
nature,1
bear,1
analysis,1
extraction,1
break,1
each,1
concrete,1
company,1
judge,1
doctrine,1
page,1
continue,1
distressing,1
bump,1
here,1
high,1
star,1
convince,1
napoleon,1
illustrate,1
pp,1
merrill,1
date,1
many,1
charlatan,1
heartily,1
horace,1
mormonism,1
forerunner,1
necessary,1
affect,1
meaning,1
translate,1
could,1
finder,1
pair,1
letter,1
strange,1
least,1
those,1
outspoken,1
certain,1
vital,1
derange,1
attractive,1
mitchell,1
week,1
mussolini,1
lincoln,1
coolidge,1
name,1
random,1
innate,1
reserve,1
spite,1
win,1
ease,1
nonconformity,1
every,1
follow,1
heyday,1
modern,1
path,1
depressingly,1
proposition,1
admit,1
average,1
limit,1
andi,1
act,1
humbug,1
deal,1
kind,1
stand,1
ear,1
die,1
alien,1
reach,1
after,1
eighteen,1
mile,1
seven,1
widower,1
temporary,1
taxer,1
francis,1
stare,1
burn,1
ace,1
david,1
thirty,1
hunker,1
distinguish,1
war,1
ye,1
texas,1
more,1
serve,1
pope,1
married,1
conspicuous,1
hound,1
like,1
neighborhood,1
haunt,1
wolf,1
shot,1
hill,1
qt,1
ct,1
enemy,1
august,1
headquarters,1
gem,1
answer,1
montague,1
send,1
foreground,1
hold,1
shout,1
agent,1
english,1
about,1
difference,1
mary,1
res,1
stony,1
laker,1
sir,1
humorous,1
harry,1
heat,1
compose,1
attribute,1
eye,1
anthony,1
till,1
shoot,1
suffrage,1
famous,1
layer,1
handed,1
repute,1
perhaps,1
fat,1
handful,1
sharp,1
preface,1
stonewall,1
rant,1
robert,1
greene,1
nathanael,1
place,1
wold,1
historian,1
adam,1
washington,1
belief,1
gain,1
doing,1
find,1
broad,1
ls,1
unconventional,1
something,1
know,1
relative,1
learn,1
easy,1
bi,1
red,1
way,1
black,1
ahead,1
lay,1
refuse,1
let,1
us,1
animal,1
walter,1
painting,1
jam,1
forget,1
rid,1
spur,1
bull,1
vicious,1
tame,1
past,1
farm,1
jacket,1
apartment,1
dozen,1
sense,1
whether,1
hearty,1
bluff,1
crank,1
strain,1
never,1
still,1
fighter,1
corking,1
unwillingness,1
modest,1
duty,1
service,1
take,1
self,1
proof,1
recent,1
tho,1
side,1
your,1
publication,1
abroad,1
spread,1
conviction,1
real,1
form,1
powerful,1
mot,1
excellent,1
thereto,1
over,1
continent,1
influence,1
hypnotic,1
system,1
evolve,1
lack,1
fate,1
hasten,1
vision,1
ability,1
io,1
together,1
strait,1
satisfactory,1
arena,1
tb,1
prince,1
second,1
treatment,1
was,1
neglect,1
ardently,1
practice,1
cultivate,1
reason,1
strike,1
devote,1
gall,1
universe,1
million,1
th,1
select,1
first,1
handy,1
etty,1
tl,1
needle,1
etch,1
pencil,1
brush,1
rapid,1
ii,1
light,1
objective,1
journalese,1
manner,1
different,1
notice,1
down,1
southern,1
lurk,1
skin,1
crisis,1
impending,1
hook,1
extraordinary,1
var,1
civil,1
lead,1
woman,1
slavery,1
pamphleteer,1
rowan,1
hinton,1
third,1
philosophy,1
thick,1
america,1
road,1
can,1
differ,1
bluntly,1
humdrum,1
herd,1
accordingly,1
order,1
flag,1
execute,1
shall,1
condemn,1
try,1
keep,1
action,1
how,1
meet,1
via,1
central,1
mexico,1
state,1
united,1
unite,1
should,1
railway,1
approach,1
house,1
lodge,1
obscure,1
suicide,1
commit,1
ill,1
prevent,1
robust,1
vere,1
feeling,1
country,1
history,1
southerner,1
direct,1
havoc,1
cabin,1
tom,1
uncle,1
period,1
print,1
edition,1
john,1
