lemma,count
be,40
the,40
of,31
it,19
in,18
and,18
a,17
t,16
to,16
s,15
ill,15
i,13
letter,11
o,9
not,8
e,7
if,7
have,6
that,6
miss,6
d,5
would,5
tile,5
this,5
only,5
book,5
with,5
will,4
from,4
f,4
at,4
there,4
but,4
all,4
on,4
or,4
for,4
than,4
use,4
re,4
no,3
rs,3
which,3
l,3
good,3
say,3
as,3
club,3
social,3
rule,3
proper,3
tl,3
british,3
chapter,3
by,3
word,3
interesting,3
most,3
arm,3
r,3
smith,3
correspondence,3
etiquette,3
first,2
subject,2
give,2
form,2
address,2
list,2
institution,2
mr,2
she,2
do,2
arid,2
need,2
long,2
even,2
when,2
their,2
very,2
fix,2
b,2
writing,2
accept,2
so,2
much,2
title,2
v,2
lilt,2
el,2
abbreviation,2
wt,2
them,2
may,2
yet,2
xv,2
place,2
her,2
an,2
school,2
its,2
never,2
thai,2
helen,2
foil,1
ago,1
same,1
name,1
between,1
ltd,1
fault,1
u,1
gain,1
luther,1
city,1
before,1
find,1
otter,1
authority,1
second,1
yell,1
scot,1
third,1
oh,1
hid,1
more,1
tb,1
concoct,1
fill,1
pedigree,1
coat,1
anybody,1
lad,1
hit,1
dough,1
bo,1
bliss,1
mention,1
elf,1
absurd,1
some,1
oilier,1
truth,1
turn,1
ff,1
low,1
tc,1
remark,1
appreciate,1
recall,1
hi,1
noll,1
really,1
diplomatic,1
information,1
ono,1
cloth,1
lind,1
lap,1
ha,1
j,1
permit,1
volunteer,1
tit,1
retain,1
ii,1
set,1
pl,1
ms,1
tilt,1
er,1
correctness,1
discipline,1
such,1
under,1
suggest,1
bl,1
g,1
angry,1
man,1
down,1
while,1
proposer,1
describe,1
mayor,1
him,1
hen,1
john,1
jone,1
git,1
slip,1
curious,1
statement,1
effect,1
non,1
dot,1
commission,1
officer,1
keep,1
ionizer,1
military,1
noe,1
h,1
benefactor,1
handbook,1
behavior,1
hat,1
should,1
dedicate,1
dedication,1
evidence,1
vet,1
bode,1
ex,1
then,1
chief,1
ox,1
oats,1
our,1
pleasure,1
glad,1
io,1
ones,1
day,1
you,1
sit,1
tad,1
lie,1
paul,1
q,1
ry,1
n,1
rd,1
different,1
we,1
feel,1
force,1
objection,1
complete,1
writer,1
cousin,1
former,1
exist,1
world,1
without,1
dainty,1
story,1
love,1
know,1
loss,1
tale,1
fl,1
lid,1
th,1
far,1
per,1
again,1
ix,1
tie,1
get,1
back,1
lax,1
dictionary,1
pad,1
leave,1
out,1
evident,1
padding,1
sense,1
seldom,1
any,1
level,1
formal,1
slide,1
informal,1
orris,1
note,1
ceremony,1
card,1
po,1
request,1
punctuation,1
ts,1
treat,1
xi,1
te,1
however,1
device,1
synonyms,1
abridge,1
part,1
lib,1
till,1
those,1
deal,1
dentally,1
matter,1
example,1
date,1
inc,1
sample,1
lamb,1
postal,1
large,1
type,1
lift,1
fie,1
col,1
seem,1
he,1
another,1
foreign,1
phrase,1
due,1
mi,1
often,1
anti,1
perl,1
