lemma,count
the,35
be,30
a,25
in,20
of,19
to,12
and,11
as,10
she,10
not,10
he,9
that,9
love,8
her,7
have,6
story,6
we,6
there,5
it,5
but,5
dream,5
they,5
i,5
by,5
when,4
find,4
true,4
book,4
for,4
all,3
no,3
because,3
him,3
who,3
other,3
man,3
come,3
then,3
need,3
each,3
so,2
them,2
herself,2
meet,2
us,2
good,2
my,2
some,2
only,2
first,2
tell,2
room,2
talk,2
feel,2
their,2
taste,2
way,2
pilot,2
yet,2
which,2
from,2
show,2
an,2
upon,2
author,2
do,2
mind,2
line,2
with,2
sleep,2
night,2
name,2
beautiful,2
know,2
follow,2
alma,2
long,2
recognition,2
one,2
this,2
many,2
itself,2
both,1
between,1
india,1
time,1
may,1
alike,1
earnestly,1
make,1
husband,1
ordinary,1
acceptation,1
phrase,1
want,1
girl,1
somebody,1
crowded,1
else,1
whether,1
get,1
or,1
must,1
learn,1
seem,1
mystic,1
material,1
site,1
plus,1
quite,1
excellent,1
explicit,1
believe,1
what,1
newton,1
skillful,1
sure,1
craftsman,1
art,1
fiction,1
give,1
sympathetic,1
reader,1
pungency,1
own,1
startling,1
theory,1
convincing,1
possibility,1
volume,1
indicate,1
title,1
altogether,1
afterward,1
deep,1
stranger,1
course,1
mutual,1
interest,1
subject,1
though,1
abstruse,1
could,1
unite,1
much,1
fine,1
individual,1
soul,1
perfect,1
wisdom,1
about,1
awaken,1
suddenly,1
feeling,1
presence,1
tall,1
figure,1
study,1
standing,1
bed,1
should,1
misplaced,1
mean,1
none,1
belief,1
old,1
early,1
scripture,1
lend,1
gracefully,1
convincingly,1
development,1
very,1
human,1
less,1
lightly,1
appealing,1
happiness,1
reach,1
through,1
bitter,1
sorrow,1
secondary,1
however,1
consideration,1
abstract,1
disregard,1
revelation,1
rule,1
shadow,1
john,1
lane,1
company,1
t,1
n,1
new,1
again,1
lead,1
into,1
region,1
real,1
subconscious,1
welt,1
spiritual,1
substance,1
amid,1
fumble,1
errant,1
fancy,1
call,1
often,1
clear,1
beneficent,1
doubt,1
well,1
aid,1
suffer,1
affection,1
engage,1
marry,1
wealthy,1
whom,1
loathe,1
win,1
promise,1
once,1
mother,1
woman,1
urgently,1
such,1
assistance,1
whose,1
given,1
tact,1
use,1
anywhere,1
fairly,1
looking,1
already,1
young,1
dent,1
before,1
thing,1
day,1
say,1
would,1
die,1
our,1
d,1
thought,1
people,1
prayer,1
go,1
person,1
dreamland,1
venture,1
forth,1
unknown,1
ocean,1
f,1
great,1
astral,1
sea,1
tile,1
universal,1
