lemma,count
the,44
of,30
and,17
in,17
to,17
a,16
be,15
s,13
harden,10
that,10
he,8
his,7
not,6
for,6
by,6
i,5
which,5
world,5
have,5
most,4
imaginary,4
man,4
can,4
pair,3
time,3
him,3
it,3
just,3
what,3
one,3
with,3
business,3
do,3
at,3
also,3
oil,2
when,2
sure,2
some,2
estimate,2
leave,2
write,2
but,2
part,2
believe,2
off,2
an,2
th,2
show,2
say,2
as,2
germany,2
legend,2
limit,2
papacy,2
seek,2
plan,2
remark,2
another,2
power,2
company,2
politician,2
contempt,2
financier,2
admiration,2
out,2
volume,2
himself,2
make,2
york,2
tell,2
after,2
st,2
into,2
new,2
apparently,1
advantageous,1
who,1
disadvantageous,1
ill,1
thereupon,1
defend,1
point,1
always,1
understand,1
allin,1
any,1
hit,1
well,1
how,1
welfare,1
fail,1
later,1
industry,1
belong,1
even,1
discover,1
america,1
interesting,1
passage,1
albert,1
famous,1
head,1
hamburg,1
line,1
thought,1
introduce,1
meeting,1
great,1
rhineland,1
captain,1
child,1
crumb,1
cake,1
oman,1
alone,1
so,1
keep,1
band,1
single,1
undertaking,1
persuade,1
maritime,1
much,1
magician,1
instantly,1
would,1
plateau,1
himalayan,1
high,1
whisk,1
if,1
study,1
delight,1
smile,1
wild,1
broad,1
en,1
like,1
begin,1
its,1
effort,1
polite,1
nationalistic,1
dower,1
commercial,1
international,1
lust,1
anti,1
strong,1
geological,1
mind,1
realize,1
fact,1
deplore,1
conclusion,1
possibility,1
personal,1
probe,1
genius,1
extraordinary,1
var,1
defeat,1
ger,1
foresee,1
sense,1
common,1
m,1
military,1
despite,1
function,1
evening,1
coat,1
dinner,1
don,1
hypnotize,1
yon,1
sweeping,1
baku,1
victory,1
give,1
full,1
support,1
policy,1
ruthless,1
vine,1
warfare,1
nay,1
den,1
tc,1
bitter,1
end,1
son,1
will,1
government,1
paint,1
arden,1
describe,1
involved,1
intensely,1
original,1
style,1
lead,1
day,1
arouse,1
mixed,1
feeling,1
intense,1
fez,1
temper,1
magnate,1
k,1
irresistible,1
n,1
absorb,1
entire,1
between,1
two,1
typical,1
street,1
declare,1
perfect,1
seriousness,1
intend,1
call,1
peter,1
character,1
late,1
russian,1
striking,1
book,1
voice,1
author,1
retail,1
fancy,1
report,1
liability,1
tr,1
copyright,1
wireless,1
berlin,1
april,1
remarkable,1
coincidence,1
penetrate,1
appear,1
analysis,1
hugo,1
from,1
pen,1
maximilian,1
brilliant,1
audacious,1
writer,1
publish,1
here,1
death,1
attention,1
upon,1
achievement,1
amalgamate,1
greek,1
soviet,1
until,1
lion,1
share,1
stock,1
fat,1
enterprise,1
throughout,1
appraise,1
fight,1
tooth,1
nail,1
against,1
interest,1
grab,1
continue,1
finally,1
waterfront,1
get,1
control,1
portion,1
production,1
or,1
else,1
exploit,1
advantageously,1
trust,1
rockefeller,1
rothschild,1
sinclair,1
urquhart,1
pasha,1
copenhagen,1
sweden,1
orthodox,1
found,1
church,1
form,1
syndicate,1
other,1
religious,1
include,1
tibetan,1
lama,1
arch,1
esta,1
paper,1
factory,1
vatican,1
ground,1
move,1
large,1
picture,1
city,1
near,1
rome,1
shall,1
completely,1
eclipse,1
los,1
angele,1
credit,1
own,1
half,1
east,1
prussia,1
politic,1
