lemma,count
the,98
of,85
be,82
a,50
that,47
and,46
to,35
in,31
his,29
it,26
he,25
have,22
with,22
but,20
s,16
as,15
man,14
book,12
not,12
i,11
an,11
by,11
more,10
at,10
this,9
who,9
there,9
for,8
than,8
essay,8
seven,8
max,7
la,7
year,7
one,7
we,6
all,6
those,6
its,6
may,6
so,6
our,6
never,5
on,5
they,5
will,5
shall,5
him,5
t,5
caricature,5
new,5
part,5
no,5
write,5
n,5
time,5
make,5
know,5
first,4
poet,4
would,4
nothing,4
ninety,4
from,4
some,4
sentence,4
their,4
take,4
beerbohm,4
ho,4
humor,4
good,4
could,4
go,4
or,4
still,4
while,4
laugh,4
only,4
do,3
through,3
few,3
during,3
ability,3
suggest,3
ma,3
creature,3
among,3
later,3
such,3
like,3
into,3
love,3
any,3
writer,3
e,3
when,3
about,3
enoch,3
sympathy,3
l,3
yellow,3
again,3
grow,3
life,3
today,3
memory,3
them,3
ever,2
sketch,2
ii,2
mention,2
yet,2
because,2
tragedy,2
these,2
provoke,2
smile,2
you,2
brown,2
seventh,2
seriously,2
himself,2
title,2
ironic,2
declare,2
upon,2
settle,2
back,2
fame,2
claim,2
come,2
day,2
carefully,2
imagine,2
if,2
almost,2
viciously,2
pierce,2
word,2
b,2
laughter,2
discover,2
bear,2
flash,2
something,2
manifest,2
tongue,2
cheek,2
prove,2
name,2
see,2
now,2
rather,2
arouse,2
over,2
anything,2
defense,2
us,2
carry,2
spirit,2
where,2
bring,2
lie,2
unguent,2
out,2
victim,2
p,2
certain,2
mood,2
finish,2
live,2
powder,2
ghost,2
thing,2
many,2
little,2
view,2
laughable,2
red,2
symon,2
volume,2
must,2
style,2
prose,2
course,2
george,2
shaw,2
difficult,2
face,2
london,2
de,2
fin,2
wear,2
say,2
difference,2
delicate,2
very,2
worth,2
degree,2
attempt,2
eighteen,2
instance,2
y,2
illusion,2
atmosphere,2
type,2
verse,2
individual,2
which,2
amusing,2
influence,2
exist,2
irony,2
period,2
figure,2
letter,2
work,2
youth,2
sunlight,1
mature,1
labor,1
how,1
toward,1
rapier,1
tho,1
persona,1
wit,1
become,1
skillfully,1
use,1
weapon,1
get,1
rounded,1
bright,1
ah,1
edge,1
soften,1
hot,1
hut,1
kindliness,1
twinkle,1
satiric,1
most,1
maliciously,1
eye,1
beam,1
serious,1
recapture,1
lamentable,1
line,1
mean,1
practically,1
exclaim,1
everybody,1
indeed,1
treat,1
piece,1
each,1
think,1
vision,1
green,1
tolerance,1
occasion,1
particular,1
momentary,1
old,1
bad,1
mod,1
kith,1
persiflage,1
typify,1
tender,1
lo,1
stay,1
mighty,1
mon,1
tediousness,1
author,1
ms,1
arid,1
approach,1
delight,1
value,1
ba,1
equanimity,1
tie,1
spiritual,1
awaken,1
cultivation,1
passage,1
important,1
entrance,1
sentiment,1
growth,1
sphere,1
apparent,1
literary,1
least,1
dull,1
pencil,1
note,1
age,1
wait,1
reach,1
gently,1
suspect,1
trader,1
edition,1
watch,1
taste,1
goad,1
hop,1
nimbly,1
cry,1
melodious,1
neat,1
song,1
evoke,1
down,1
gaze,1
century,1
forty,1
talented,1
emperor,1
her,1
french,1
sol,1
before,1
flourish,1
hall,1
assurance,1
daughter,1
ry,1
th,1
skirt,1
per,1
sop,1
slowly,1
surely,1
undoubtedly,1
world,1
os,1
polished,1
witty,1
pad,1
dreary,1
sooner,1
tall,1
spell,1
morn,1
own,1
level,1
high,1
away,1
fall,1
real,1
handle,1
foot,1
mirth,1
cake,1
teacup,1
aspect,1
ail,1
stick,1
lu,1
park,1
hyde,1
instinctively,1
urbane,1
without,1
hedge,1
duo,1
intrinsic,1
charm,1
obtain,1
gentleman,1
perfect,1
way,1
aura,1
glitter,1
delightfully,1
itself,1
bind,1
immediately,1
x,1
art,1
distinction,1
belong,1
serve,1
even,1
au,1
sedate,1
tinkle,1
horde,1
satisfaction,1
ion,1
aubrey,1
self,1
rage,1
procedure,1
whet,1
spoon,1
coffee,1
ire,1
measure,1
tact,1
bewail,1
eliot,1
find,1
purlieus,1
select,1
country,1
city,1
nonsense,1
idea,1
riot,1
result,1
dart,1
sudden,1
outright,1
workmanship,1
method,1
nuance,1
exquisite,1
humorist,1
molding,1
nimble,1
under,1
lifelike,1
impress,1
twenty,1
enlarge,1
minx,1
truth,1
delightful,1
paris,1
boulevard,1
spectacle,1
familiar,1
lugubrious,1
intimately,1
footstep,1
ago,1
sometimes,1
chuckle,1
memorable,1
ponder,1
should,1
within,1
expect,1
portion,1
complacently,1
bask,1
gesture,1
comical,1
outrageously,1
school,1
beardsley,1
read,1
w,1
preface,1
se,1
ks,1
cover,1
include,1
periodical,1
various,1
ea,1
dozen,1
halt,1
collect,1
gravely,1
five,1
redolent,1
endless,1
number,1
rue,1
beauty,1
court,1
trifler,1
wild,1
associate,1
classify,1
incomparable,1
bernard,1
call,1
scatter,1
d,1
play,1
term,1
except,1
decade,1
remain,1
cease,1
long,1
popularly,1
between,1
english,1
permeate,1
herbert,1
review,1
yesteryear,1
imperturbable,1
maker,1
dainty,1
grimace,1
imply,1
stand,1
forth,1
picture,1
hand,1
other,1
completeness,1
example,1
typical,1
describe,1
blunder,1
assuredly,1
phrase,1
once,1
human,1
indubitably,1
portray,1
late,1
mien,1
page,1
witness,1
remark,1
true,1
haw,1
seriousness,1
second,1
entitle,1
another,1
arise,1
sh,1
much,1
poor,1
oven,1
liking,1
cordial,1
up,1
sweetness,1
hts,1
lien,1
roost,1
mat,1
sensation,1
ix,1
redeem,1
perception,1
slyness,1
invigorate,1
hag,1
artificiality,1
reader,1
surfeit,1
prettiness,1
behind,1
pirouette,1
lyly,1
desire,1
roach,1
reborn,1
hence,1
bulge,1
above,1
relative,1
friend,1
id,1
palmy,1
future,1
trod,1
tragic,1
v,1
chance,1
ethel,1
jame,1
stephen,1
seller,1
list,1
two,1
able,1
sod,1
cling,1
fragment,1
sole,1
mar,1
article,1
what,1
john,1
fax,1
playing,1
illustrate,1
here,1
remember,1
credo,1
j,1
fat,1
cosmetic,1
famed,1
harland,1
henry,1
issue,1
contribute,1
same,1
somewhat,1
mellow,1
merrily,1
era,1
history,1
tit,1
comfortable,1
wield,1
naming,1
though,1
since,1
publish,1
continue,1
perfectly,1
facet,1
deliberate,1
whole,1
lovely,1
pass,1
putt,1
feather,1
pond,1
around,1
swim,1
duck,1
elder,1
fluffy,1
violet,1
perfume,1
grind,1
albion,1
white,1
substance,1
give,1
mineral,1
herb,1
o,1
arcade,1
nod,1
street,1
dye,1
sell,1
savonarola,1
