lemma,count
the,145
be,106
of,95
to,63
and,58
a,57
that,45
in,38
have,34
as,27
for,27
not,26
it,25
but,22
book,20
they,18
from,18
she,18
at,16
good,16
i,15
do,15
by,15
s,14
one,14
you,14
with,14
her,13
etiquette,13
so,13
say,12
all,12
this,11
lute,11
which,11
who,10
on,10
know,10
or,10
woman,10
write,10
may,10
much,9
about,9
them,9
can,9
gracious,9
girl,8
most,8
only,8
mrs,8
thing,8
their,8
come,8
he,8
man,7
these,7
an,7
will,7
there,7
author,7
when,7
time,7
rule,7
hostess,6
manner,6
well,6
must,6
become,6
us,6
some,6
give,6
if,6
l,6
would,6
present,5
out,5
too,5
mr,5
guest,5
young,5
his,5
why,5
dinner,5
think,5
form,5
than,5
those,5
other,5
letter,5
wear,4
married,4
generation,4
little,4
more,4
how,4
reader,4
smith,4
day,4
should,4
take,4
child,4
up,4
example,4
evening,4
perhaps,4
way,4
sort,4
we,4
year,4
what,4
like,4
read,3
ill,3
where,3
after,3
della,3
go,3
moral,3
never,3
down,3
set,3
save,3
since,3
use,3
old,3
social,3
once,3
then,3
astor,3
business,3
course,3
pretty,3
person,3
make,3
see,3
main,3
your,3
accept,3
style,3
lady,3
feel,3
writer,3
thompson,3
point,3
maid,3
heart,3
list,3
without,3
no,3
name,3
introduce,3
new,3
mean,2
suppose,2
gentleman,2
million,2
teach,2
sin,2
any,2
him,2
naturally,2
implication,2
condolence,2
congratulation,2
ow,2
average,2
flow,2
less,2
advise,2
through,2
however,2
high,2
wedding,2
dress,2
ally,2
behave,2
put,2
modern,2
handbook,2
outfit,2
v,2
e,2
rather,2
already,2
off,2
remark,2
call,2
awful,2
cousin,2
equally,2
forget,2
hat,2
partner,2
particularly,2
o,2
sense,2
over,2
soporific,2
within,2
buy,2
caution,2
remember,2
dozen,2
marry,2
because,2
herself,2
different,2
abound,2
work,2
magazine,2
serve,2
grace,2
dead,2
practice,2
people,2
could,2
hold,2
table,2
admit,2
leave,2
matter,2
doctrine,2
invitation,2
outside,2
appear,2
want,2
family,2
own,2
seem,2
conservative,2
true,2
stocking,2
wife,2
theory,2
place,2
st,2
life,2
strain,2
acquire,2
y,2
american,2
refinement,2
deal,2
diet,2
whole,2
virtuous,2
t,2
generally,1
consequently,1
express,1
usually,1
exactly,1
dressing,1
look,1
afraid,1
cordiality,1
prescription,1
indeed,1
disagree,1
veil,1
shade,1
compendium,1
extent,1
grow,1
offset,1
bridge,1
pest,1
familiar,1
exhaustive,1
include,1
burgess,1
aristotle,1
draw,1
plenty,1
into,1
eventually,1
slight,1
nuisance,1
remind,1
lay,1
add,1
loveliness,1
charm,1
eye,1
establish,1
muff,1
eighteen,1
parlor,1
tire,1
few,1
character,1
emulation,1
codification,1
unless,1
game,1
far,1
get,1
rio,1
es,1
leavens,1
pattern,1
earth,1
god,1
plain,1
genesis,1
mention,1
enoch,1
quality,1
evident,1
text,1
identify,1
popular,1
tb,1
detail,1
describe,1
actually,1
satisfy,1
nor,1
bestow,1
age,1
stop,1
bible,1
attention,1
warn,1
engaged,1
favor,1
publicist,1
plan,1
love,1
bring,1
flush,1
regret,1
excitement,1
anticlimax,1
courteous,1
lead,1
often,1
id,1
joy,1
dance,1
between,1
car,1
sit,1
calm,1
transitory,1
report,1
cost,1
unwise,1
permanency,1
observe,1
frank,1
always,1
typewriter,1
breadth,1
g,1
abundant,1
such,1
f,1
short,1
arc,1
suggest,1
profusion,1
paul,1
long,1
past,1
advice,1
accordingly,1
judgment,1
folly,1
sign,1
mother,1
hop,1
society,1
dorcas,1
safely,1
laxity,1
toward,1
act,1
none,1
charitable,1
temporary,1
excess,1
allege,1
ignore,1
excited,1
elderly,1
understand,1
contain,1
embarrassment,1
just,1
terrible,1
ass,1
aspect,1
criticize,1
occasion,1
garland,1
urgent,1
warning,1
sample,1
var,1
ed,1
inform,1
topic,1
grasp,1
mo,1
eminent,1
embarrass,1
momentarily,1
though,1
science,1
further,1
recognition,1
dine,1
whom,1
recognize,1
thereby,1
dull,1
together,1
both,1
personality,1
many,1
pen,1
unpremeditated,1
ford,1
justice,1
excite,1
misdeed,1
hose,1
problem,1
attuned,1
wholly,1
respect,1
yet,1
need,1
practical,1
ordinary,1
art,1
profuse,1
danger,1
telegram,1
reminiscence,1
wen,1
victim,1
something,1
decree,1
convention,1
friend,1
our,1
affect,1
mind,1
state,1
liturgy,1
fix,1
rudely,1
standpoint,1
start,1
sufficiently,1
themselves,1
ask,1
ambitious,1
thousand,1
ne,1
its,1
core,1
human,1
native,1
appreciable,1
fame,1
wealth,1
attainment,1
yourself,1
sum,1
improve,1
advertising,1
worth,1
dollar,1
heresy,1
downright,1
follow,1
try,1
process,1
p,1
member,1
hard,1
general,1
polish,1
enable,1
fur,1
c,1
difficulty,1
feeling,1
inborn,1
mystery,1
unfathomable,1
print,1
et,1
everything,1
flatter,1
deem,1
r,1
pear,1
highly,1
otherwise,1
element,1
visionary,1
price,1
kt,1
first,1
virtue,1
christian,1
elementary,1
cultivate,1
royce,1
roll,1
ride,1
oats,1
charming,1
efficient,1
quest,1
india,1
atom,1
amen,1
ankh,1
tut,1
conversation,1
hy,1
spellbound,1
lobster,1
eat,1
ho,1
ruin,1
whose,1
another,1
believe,1
injustice,1
blurb,1
publisher,1
imitator,1
copiously,1
sell,1
fast,1
multiply,1
company,1
merrill,1
elmer,1
review,1
information,1
back,1
brush,1
also,1
tooth,1
description,1
begin,1
contemporary,1
contrary,1
subversive,1
dangerous,1
fear,1
charity,1
forbearance,1
easily,1
learn,1
agreeable,1
certainly,1
is,1
impression,1
inclined,1
view,1
least,1
outgrowth,1
intention,1
depreciation,1
common,1
base,1
literature,1
phenomenon,1
th,1
w,1
learner,1
tilde,1
learning,1
heavily,1
sportsmanship,1
sometimes,1
nightgown,1
pay,1
content,1
pair,1
garment,1
underwear,1
silk,1
father,1
labor,1
hal,1
thirty,1
twenty,1
aged,1
middle,1
household,1
accustomed,1
accord,1
trousseau,1
de,1
br,1
decade,1
next,1
suit,1
possessed,1
opportunity,1
tool,1
early,1
reluctant,1
right,1
recommendation,1
special,1
discomfort,1
unwarranted,1
while,1
head,1
above,1
plate,1
soup,1
glass,1
inside,1
thumb,1
napkin,1
attraction,1
wicked,1
floor,1
neighbor,1
especially,1
each,1
careful,1
very,1
party,1
large,1
trouble,1
mumble,1
reality,1
square,1
bridegroom,1
manage,1
sound,1
build,1
face,1
flaunt,1
everybody,1
fact,1
pleasant,1
altogether,1
notorious,1
every,1
lighten,1
gradually,1
mourning,1
bad,1
funeral,1
grief,1
ostentatious,1
instance,1
freedom,1
approve,1
abe,1
better,1
school,1
even,1
necessary,1
minimum,1
subject,1
originally,1
ere,1
informality,1
system,1
bus,1
fit,1
boss,1
chapter,1
hottentot,1
hut,1
visualize,1
guide,1
trustworthy,1
home,1
useful,1
money,1
method,1
shortcut,1
marvelous,1
innumerable,1
rs,1
editor,1
experience,1
unimportant,1
important,1
engrave,1
connoisseur,1
beauty,1
buck,1
insistence,1
stubborn,1
custom,1
change,1
ax,1
