lemma,count
the,29
of,28
be,22
and,21
a,18
to,13
in,11
s,7
as,6
it,6
have,6
with,6
man,5
he,5
his,5
an,5
that,4
much,4
by,4
so,4
one,4
this,4
study,4
which,4
there,3
good,3
not,3
author,3
them,3
would,3
come,3
live,2
e,2
t,2
see,2
result,2
or,2
comment,2
figure,2
many,2
up,2
but,2
life,2
every,2
who,2
for,2
next,2
i,2
only,2
on,2
twelve,2
l,2
ti,2
if,2
tell,2
call,2
again,2
can,2
describe,2
variety,2
n,2
happy,1
builder,1
connect,1
first,1
st,1
they,1
interest,1
model,1
louis,1
later,1
necessarily,1
newark,1
paper,1
fiction,1
newspaper,1
moment,1
fisherman,1
here,1
ending,1
ex,1
artist,1
even,1
beginning,1
wagon,1
pathetic,1
effort,1
yacht,1
wait,1
twisting,1
turning,1
possible,1
dressing,1
redressing,1
word,1
apparently,1
end,1
complete,1
satisfaction,1
just,1
use,1
determination,1
own,1
performance,1
ly,1
sad,1
overwhelmed,1
begin,1
profession,1
pronounce,1
tight,1
while,1
succeed,1
multimillionaire,1
get,1
rich,1
quick,1
rourke,1
irish,1
foreman,1
give,1
speech,1
mayor,1
people,1
account,1
reformer,1
illustrator,1
ambition,1
plan,1
leave,1
unfulfilled,1
early,1
death,1
will,1
volume,1
sufficient,1
its,1
pt,1
proper,1
interpretation,1
religious,1
convince,1
streak,1
my,1
brother,1
paul,1
composer,1
bank,1
abash,1
other,1
popular,1
song,1
country,1
doctor,1
tradition,1
all,1
sketch,1
solid,1
already,1
allude,1
true,1
deal,1
political,1
influence,1
follow,1
him,1
connecticut,1
fishing,1
town,1
american,1
swamp,1
curse,1
compromise,1
more,1
lea,1
philosophical,1
nd,1
when,1
ill,1
character,1
about,1
waxen,1
fl,1
fit,1
store,1
carefully,1
ed,1
paint,1
barber,1
arrange,1
appropriate,1
attitude,1
entirely,1
absent,1
despite,1
natural,1
irritation,1
from,1
bored,1
help,1
r,1
anecdote,1
description,1
teen,1
theodore,1
dresser,1
tore,1
u,1
net,1
y,1
far,1
dreiser,1
theory,1
these,1
fen,1
seem,1
ii,1
iris,1
ell,1
thing,1
once,1
say,1
rt,1
twenty,1
time,1
elaborate,1
expound,1
tr,1
ewe,1
illustrate,1
feel,1
sorry,1
dozen,1
junior,1
re,1
meet,1
real,1
human,1
being,1
quickly,1
beneath,1
flood,1
verb,1
same,1
apply,1
de,1
young,1
last,1
writer,1
name,1
write,1
short,1
story,1
some,1
appear,1
enough,1
small,1
circulation,1
put,1
presently,1
we,1
at,1
several,1
handle,1
em,1
easily,1
slightly,1
disguise,1
under,1
initial,1
altered,1
evidently,1
material,1
lad,1
beer,1
letter,1
prove,1
now,1
very,1
testing,1
indeed,1
art,1
jim,1
owner,1
alter,1
famous,1
sanatorium,1
afford,1
hope,1
chat,1
treatment,1
