lemma,count
of,25
the,24
and,15
as,13
be,8
christ,7
in,7
a,6
that,6
to,5
have,5
by,4
its,4
his,3
world,3
it,3
early,3
write,2
age,2
fall,2
idea,2
upon,2
historic,2
new,2
religious,2
but,2
unique,2
at,2
conception,2
chapter,2
conqueror,2
christianity,2
king,2
lord,2
we,2
he,2
such,2
author,2
this,2
most,2
christian,2
son,2
they,1
heaven,1
than,1
something,1
quite,1
appear,1
more,1
nothing,1
not,1
worth,1
spring,1
from,1
exist,1
combination,1
those,1
for,1
could,1
nowadays,1
altogether,1
fail,1
antiquated,1
hasty,1
secretly,1
can,1
them,1
al,1
up,1
ripe,1
day,1
critic,1
once,1
draw,1
well,1
radical,1
conservative,1
person,1
many,1
disturbing,1
conclusion,1
imagine,1
should,1
rob,1
inquiry,1
character,1
method,1
abide,1
evolutionist,1
comprehensible,1
easily,1
course,1
prepare,1
already,1
soil,1
development,1
fruit,1
current,1
five,1
faith,1
lecture,1
old,1
back,1
later,1
away,1
separate,1
introduction,1
attempt,1
september,1
amsterdam,1
congress,1
theological,1
international,1
before,1
deliver,1
expansion,1
approach,1
an,1
week,1
publish,1
s,1
putnam,1
which,1
berlin,1
university,1
otto,1
prof,1
religion,1
history,1
value,1
significance,1
source,1
nearly,1
between,1
veneration,1
point,1
numerous,1
survey,1
conclude,1
giver,1
life,1
death,1
worker,1
into,1
divide,1
book,1
modern,1
heart,1
mind,1
worthy,1
possible,1
hero,1
noble,1
loft,1
ideal,1
mythical,1
all,1
strip,1
c,1
human,1
simple,1
form,1
present,1
concern,1
troth,1
rash,1
