lemma,count
the,210
of,103
be,86
to,58
and,42
a,39
in,35
that,31
by,26
ford,25
it,24
peace,23
mr,23
have,23
he,21
for,20
on,19
s,18
as,17
who,17
not,16
which,15
with,13
or,12
out,12
only,11
i,11
party,11
this,11
from,10
mediation,10
but,10
they,10
say,9
at,9
if,9
one,8
she,8
like,8
neutral,8
would,7
expedition,7
other,7
what,7
do,7
her,7
his,7
war,7
report,6
its,6
an,6
idea,6
history,6
these,6
could,6
ship,6
newspaper,5
book,5
even,5
atmosphere,5
government,5
when,5
all,5
henry,5
them,5
time,5
york,5
up,5
adventure,5
man,5
into,5
can,5
after,5
correspondent,5
over,5
ii,5
new,5
such,4
l,4
very,4
those,4
try,4
their,4
people,4
most,4
miss,4
next,4
year,4
before,4
quite,4
sail,4
oscar,4
send,4
still,4
reviewer,4
make,4
no,4
word,4
conference,4
o,4
so,3
credit,3
deal,3
question,3
naturally,3
produce,3
sort,3
believe,3
case,3
may,3
proper,3
many,3
little,3
half,3
nor,3
two,3
n,3
normal,3
more,3
t,3
get,3
never,3
invite,3
take,3
go,3
ten,3
head,3
continuous,3
woman,3
first,3
anything,3
there,3
want,3
spring,3
person,3
lunatic,3
good,3
off,3
america,3
fringe,3
write,2
plausible,2
form,2
during,2
see,2
especially,2
anybody,2
discredit,2
expense,2
american,2
mind,2
e,2
overestimate,2
lie,2
gather,2
germ,2
home,2
four,2
condemn,2
simple,2
president,2
resolution,2
explain,2
however,2
certainly,2
you,2
virulent,2
crusader,2
sign,2
any,2
m,2
mine,2
forget,2
come,2
some,2
enterprise,2
begin,2
break,2
hire,2
seem,2
dis,2
f,2
mention,2
achievement,2
find,2
eye,2
finance,2
know,2
happen,2
give,2
thing,2
large,2
special,2
side,2
way,2
reaction,2
enough,2
zion,2
w,2
delegation,2
receive,2
himself,2
whole,2
eccentricity,2
sound,2
pacifist,2
movement,2
between,2
part,2
original,2
refuse,2
suggest,2
whom,2
announce,2
wilson,2
auspicious,2
state,2
about,2
cite,2
him,2
will,2
th,2
jane,2
nothing,2
john,2
accordingly,2
venture,2
end,2
me,2
same,2
failure,2
louis,2
without,2
under,2
incidental,2
garden,2
none,2
hold,2
assemble,2
administration,2
experience,2
leave,2
europe,2
event,2
accurate,2
accompany,2
interest,2
writer,2
possibly,2
aspect,2
group,2
since,2
preface,2
maxim,2
boy,2
convey,2
ever,2
help,2
day,2
fight,2
pass,1
slice,1
fortune,1
right,1
precisely,1
autocratic,1
analysis,1
moment,1
control,1
bet,1
buck,1
decca,1
tire,1
set,1
pretty,1
forth,1
drunk,1
able,1
tortuous,1
psychology,1
prominent,1
various,1
personnel,1
course,1
troupe,1
discover,1
imposture,1
where,1
hut,1
definition,1
matter,1
falsehood,1
call,1
tassel,1
welcome,1
eager,1
guarantee,1
bag,1
black,1
document,1
grandiose,1
build,1
official,1
seriously,1
encouragement,1
cautious,1
basis,1
ag,1
pilgrim,1
kindness,1
glad,1
too,1
pain,1
ton,1
va,1
suggestive,1
lead,1
ask,1
remember,1
lusitania,1
win,1
long,1
german,1
doubtful,1
highly,1
work,1
whether,1
united,1
slight,1
few,1
scattering,1
contemplate,1
article,1
million,1
bury,1
hague,1
crumble,1
else,1
malt,1
automobile,1
because,1
close,1
should,1
november,1
haste,1
autobiography,1
put,1
steamship,1
wish,1
we,1
interview,1
herself,1
outright,1
dare,1
argue,1
acceptance,1
trench,1
apparently,1
courtesy,1
unique,1
episode,1
exact,1
power,1
fourth,1
visit,1
dimensional,1
congress,1
plan,1
await,1
substitute,1
adequate,1
leader,1
country,1
citizen,1
private,1
authorized,1
famous,1
invitation,1
somewhat,1
sketch,1
machination,1
villainous,1
itself,1
persuade,1
marquis,1
dean,1
villain,1
curiously,1
blame,1
extend,1
limited,1
far,1
amusing,1
personality,1
ft,1
friend,1
conveniently,1
fact,1
ride,1
joy,1
post,1
policy,1
fie,1
coerce,1
length,1
blunder,1
tactical,1
now,1
debate,1
effort,1
viewpoint,1
travel,1
bitterness,1
dec,1
while,1
urine,1
mother,1
fer,1
wife,1
bleed,1
heart,1
whose,1
young,1
hour,1
crusade,1
life,1
lady,1
el,1
date,1
asylum,1
change,1
consecrate,1
gentleman,1
solitude,1
bliss,1
inward,1
upon,1
burst,1
li,1
against,1
cooperation,1
appeal,1
devote,1
soon,1
bitter,1
faction,1
prematurely,1
fanatical,1
elmer,1
debt,1
social,1
d,1
pa,1
shortly,1
collapse,1
tour,1
lecture,1
obligation,1
wrong,1
rub,1
rule,1
reformer,1
attract,1
publisher,1
character,1
view,1
december,1
rosebud,1
rose,1
queen,1
three,1
organization,1
highway,1
promoter,1
excuse,1
accord,1
dignitary,1
suffer,1
bad,1
slogan,1
hostile,1
p,1
five,1
don,1
resolve,1
strike,1
blow,1
fist,1
shamefully,1
imagination,1
use,1
quixote,1
above,1
fake,1
message,1
preparedness,1
controversy,1
fine,1
week,1
facetious,1
poor,1
pick,1
occasion,1
gun,1
rarely,1
jocose,1
fun,1
rather,1
responsibility,1
own,1
international,1
admit,1
always,1
think,1
g,1
toe,1
interstellar,1
hat,1
space,1
here,1
understand,1
coop,1
line,1
significance,1
esoteric,1
grasp,1
op,1
crate,1
fourteen,1
small,1
rn,1
re,1
mat,1
captain,1
air,1
ambient,1
earner,1
sea,1
my,1
rare,1
olive,1
ah,1
less,1
blade,1
throw,1
c,1
omit,1
remarkable,1
distort,1
apologia,1
national,1
convention,1
bias,1
demand,1
doubtless,1
allowance,1
madison,1
reader,1
let,1
point,1
possible,1
practically,1
de,1
theoretically,1
square,1
fence,1
perceive,1
inability,1
period,1
professional,1
indeed,1
impression,1
fantastically,1
mark,1
fallacy,1
vitiate,1
apologist,1
historian,1
both,1
earthworm,1
back,1
incarnate,1
enforce,1
influenza,1
describe,1
grippe,1
fashioned,1
old,1
turn,1
camp,1
army,1
physical,1
mission,1
comparable,1
intensify,1
psychically,1
intimacy,1
ill,1
dot,1
eccentric,1
select,1
interaction,1
chemical,1
beyond,1
dwelt,1
habitually,1
ad,1
abnormality,1
rarefy,1
rig,1
themselves,1
boost,1
individual,1
science,1
psychic,1
charitably,1
delegate,1
gull,1
berton,1
serve,1
memory,1
each,1
body,1
hymn,1
sacred,1
land,1
voyage,1
trip,1
through,1
vitus,1
st,1
friendly,1
northern,1
queer,1
lot,1
unfortunately,1
aforementioned,1
dead,1
ts,1
poe,1
allan,1
except,1
mate,1
approx,1
roof,1
infancy,1
democratic,1
trial,1
chicago,1
news,1
mislead,1
equally,1
offset,1
ar,1
mail,1
daily,1
london,1
opinion,1
wheeler,1
false,1
bat,1
liar,1
act,1
err,1
majority,1
reporter,1
overwhelming,1
vote,1
decide,1
interesting,1
must,1
belong,1
crazy,1
race,1
cent,1
per,1
substantially,1
net,1
fault,1
living,1
wayne,1
enjoy,1
defect,1
favor,1
influence,1
sinister,1
subject,1
complain,1
microscope,1
r,1
particularly,1
reflection,1
apt,1
much,1
accomplish,1
usually,1
parent,1
secretary,1
proud,1
look,1
later,1
germany,1
relation,1
investigator,1
principal,1
till,1
january,1
stockholm,1
sit,1
lord,1
impresario,1
doing,1
merit,1
world,1
importance,1
hurricane,1
keep,1
money,1
press,1
metropolitan,1
hy,1
display,1
sympathy,1
lack,1
explanation,1
true,1
likely,1
well,1
again,1
modern,1
spy,1
co,1
ac,1
accuse,1
authority,1
high,1
feebly,1
approach,1
truthful,1
dempsey,1
h,1
incl,1
shelby,1
expel,1
attempt,1
dayton,1
big,1
munition,1
tempest,1
historical,1
teapot,1
prophet,1
veiled,1
notably,1
management,1
brush,1
detail,1
something,1
public,1
familiarize,1
already,1
paul,1
hardly,1
justice,1
sinclair,1
upton,1
type,1
squawk,1
facile,1
needful,1
music,1
move,1
noble,1
stravinsky,1
peculiar,1
order,1
along,1
plutocracy,1
organ,1
strong,1
