lemma,count
the,30
of,23
be,13
in,10
and,9
his,8
to,8
a,6
story,4
for,4
with,3
her,3
on,3
have,3
murder,3
this,3
there,3
prime,3
hill,3
him,3
minister,3
two,2
who,2
book,2
board,2
under,2
villain,2
accuse,2
hang,2
third,2
gideon,2
one,2
plot,2
not,2
arthur,2
since,2
from,2
fact,2
but,2
mr,2
secret,2
mischief,2
million,2
acquiescent,1
set,1
position,1
execute,1
seemingly,1
lack,1
employ,1
prison,1
permit,1
crime,1
track,1
down,1
time,1
assist,1
escape,1
sir,1
power,1
own,1
slight,1
corp,1
service,1
great,1
aid,1
therefore,1
three,1
let,1
by,1
why,1
real,1
deceased,1
circumstantial,1
surveillance,1
enjoy,1
will,1
reader,1
number,1
any,1
deal,1
against,1
name,1
well,1
as,1
before,1
successfully,1
clear,1
strict,1
relative,1
effort,1
heroic,1
wit,1
quick,1
through,1
entirely,1
or,1
help,1
implicitly,1
believe,1
janet,1
lovely,1
here,1
evidence,1
already,1
nothing,1
same,1
ocean,1
seethe,1
into,1
drop,1
embrace,1
deadly,1
lock,1
quasi,1
indulge,1
where,1
storm,1
shipwreck,1
vessel,1
fight,1
malign,1
capt,1
wicked,1
command,1
melodrama,1
nightshade,1
ship,1
most,1
pronounced,1
transportation,1
character,1
heroine,1
beautiful,1
kidnapping,1
much,1
hero,1
mo,1
lord,1
illustrate,1
view,1
they,1
plan,1
certain,1
akron,1
fit,1
assassination,1
require,1
cabinet,1
colleague,1
ohio,1
publishing,1
that,1
willful,1
company,1
kill,1
england,1
open,1
after,1
day,1
work,1
may,1
death,1
he,1
sister,1
mother,1
out,1
kind,1
