lemma,count
the,122
of,89
and,70
be,49
a,46
to,33
in,24
with,23
book,14
that,13
i,13
as,12
his,11
which,11
one,10
land,10
at,10
from,10
have,10
it,10
on,8
by,8
s,8
its,8
for,7
not,7
figure,7
all,7
this,6
take,6
author,6
e,6
passion,6
lord,5
more,5
but,5
l,5
will,5
where,4
th,4
up,4
time,4
pilate,4
our,4
out,4
only,4
n,4
o,4
w,3
other,3
an,3
would,3
there,3
rome,3
into,3
character,3
ill,3
crucifixion,3
such,3
religious,3
against,3
past,3
through,3
most,3
unusual,3
re,3
t,3
drama,3
miro,3
than,3
build,2
or,2
mir,2
river,2
quiver,2
jesus,2
feature,2
reader,2
historical,2
least,2
narrative,2
he,2
century,2
tragic,2
these,2
too,2
seem,2
life,2
herod,2
judea,2
yet,2
place,2
see,2
him,2
until,2
cast,2
over,2
when,2
use,2
every,2
care,2
if,2
defense,2
bring,2
off,2
go,2
relief,2
favorite,2
need,2
same,2
jealousy,2
tr,2
continuous,2
thus,2
v,2
play,2
view,2
come,2
dramatic,2
pa,2
la,2
picture,2
upon,2
who,2
mountain,2
move,2
infinite,2
any,2
jordan,2
senor,2
nature,2
writer,2
say,2
boulder,2
powerful,2
sink,2
appeal,2
like,2
fervor,2
their,2
then,2
once,2
gabriel,2
wild,2
fig,2
theme,2
become,2
setting,2
medieval,2
spanish,2
hem,1
desert,1
whereon,1
slime,1
er,1
lake,1
sect,1
ash,1
among,1
dwarf,1
terrain,1
sea,1
hard,1
oleaginous,1
vine,1
gypsum,1
so,1
shore,1
dense,1
support,1
man,1
without,1
mad,1
reed,1
pit,1
about,1
shale,1
palm,1
storm,1
waste,1
blind,1
ooze,1
weed,1
whose,1
overhang,1
further,1
mandible,1
poplar,1
tamarind,1
rise,1
dive,1
bird,1
plunge,1
kingfisher,1
dart,1
sudden,1
mortify,1
immobility,1
hungry,1
cub,1
islet,1
around,1
itself,1
b,1
coat,1
dust,1
eat,1
billow,1
silver,1
smoke,1
oxidized,1
me,1
sand,1
broaden,1
village,1
first,1
paver,1
turbid,1
hamlet,1
plantation,1
viscous,1
curdle,1
gaze,1
fanatic,1
meditate,1
agony,1
settle,1
cloud,1
sharp,1
alternately,1
cardboard,1
waist,1
form,1
is,1
breathing,1
painful,1
jerk,1
ru,1
begin,1
head,1
scene,1
err,1
fins,1
own,1
degree,1
some,1
dora,1
continue,1
very,1
mere,1
state,1
read,1
j,1
mo,1
al,1
faith,1
modem,1
ed,1
truly,1
deliberateness,1
should,1
novel,1
orange,1
alia,1
fur,1
mount,1
false,1
d,1
fr,1
believe,1
quest,1
se,1
mort,1
ch,1
martyr,1
doe,1
unseeing,1
pelican,1
suppose,1
hardly,1
condition,1
order,1
social,1
impulse,1
here,1
description,1
tragedy,1
field,1
monstrous,1
people,1
melancholy,1
bray,1
harsh,1
pool,1
shallow,1
shingle,1
vista,1
penetrate,1
ever,1
eye,1
way,1
subject,1
engender,1
minuteness,1
torture,1
mental,1
theory,1
aside,1
bo,1
probably,1
earlier,1
unless,1
later,1
detail,1
pleasing,1
set,1
death,1
putting,1
explanation,1
ff,1
correctness,1
right,1
calcine,1
above,1
fear,1
elate,1
soil,1
load,1
rustle,1
principal,1
dram,1
te,1
although,1
titania,1
write,1
ni,1
therefrom,1
result,1
fleet,1
approach,1
method,1
ar,1
lie,1
contribution,1
uniqueness,1
h,1
painter,1
rel,1
progress,1
phase,1
down,1
each,1
pass,1
pu,1
reconstruct,1
priest,1
high,1
execute,1
conceive,1
painting,1
series,1
tile,1
also,1
stage,1
ad,1
continually,1
sort,1
amorphous,1
end,1
whole,1
pl,1
final,1
part,1
trash,1
light,1
draw,1
aurally,1
selection,1
scorpion,1
country,1
spain,1
native,1
correct,1
america,1
background,1
judge,1
difficult,1
especially,1
del,1
de,1
year,1
recent,1
press,1
issue,1
york,1
new,1
pp,1
hogarth,1
translate,1
reconstruction,1
strange,1
tradition,1
ll,1
specific,1
group,1
essential,1
generality,1
something,1
significance,1
profound,1
coloring,1
splendor,1
can,1
stand,1
portrait,1
do,1
master,1
old,1
perspective,1
br,1
necessary,1
call,1
edmund,1
strong,1
those,1
quarter,1
anna,1
simon,1
mary,1
vanish,1
resemble,1
hot,1
red,1
break,1
iron,1
period,1
p,1
technical,1
palace,1
temple,1
ag,1
now,1
prominence,1
undue,1
them,1
give,1
far,1
study,1
archaeological,1
carry,1
perhaps,1
house,1
world,1
disciple,1
copper,1
swarm,1
thistle,1
cactus,1
grove,1
silence,1
bed,1
torrent,1
dry,1
wadi,1
slash,1
scar,1
intractable,1
territory,1
tent,1
military,1
topped,1
conical,1
sided,1
hill,1
work,1
delve,1
again,1
refer,1
matter,1
pace,1
ts,1
advantage,1
tell,1
trick,1
capable,1
nazareth,1
rabbi,1
isa,1
presence,1
absent,1
even,1
complete,1
bill,1
weak,1
christ,1
follow,1
fain,1
melt,1
jewish,1
young,1
member,1
hi,1
ground,1
dru,1
counterbalance,1
design,1
page,1
title,1
woodcut,1
venetian,1
fifteenth,1
horror,1
physical,1
many,1
her,1
two,1
fortunate,1
great,1
en,1
raise,1
hurried,1
movement,1
eon,1
unforgettable,1
tense,1
eminently,1
