lemma,count
the,51
of,32
and,22
be,16
to,16
a,15
in,11
r,7
she,6
her,6
chamber,5
t,5
l,5
with,4
that,4
at,4
on,4
its,4
as,4
after,4
story,4
s,4
one,4
page,3
who,3
all,3
it,3
german,3
upon,3
dancer,3
his,3
war,3
before,3
time,3
by,2
n,2
ostrich,2
plot,2
scene,2
dance,2
from,2
many,2
fiction,2
arc,2
this,2
good,2
op,2
skill,2
hold,2
ti,2
about,2
mr,2
have,2
paris,2
which,2
there,2
several,2
nothing,2
up,2
ha,2
large,2
incident,2
reader,2
into,2
skin,1
youth,1
assure,1
dress,1
command,1
modify,1
us,1
but,1
pace,1
when,1
through,1
go,1
attention,1
europe,1
incite,1
steal,1
man,1
do,1
tall,1
love,1
burst,1
astonished,1
gage,1
important,1
character,1
y,1
zone,1
dash,1
ballroom,1
embassy,1
stand,1
bridled,1
compel,1
nightly,1
rt,1
blue,1
jewel,1
et,1
he,1
launch,1
ad,1
w,1
lot,1
awl,1
u,1
th,1
senator,1
therein,1
cr,1
lay,1
ly,1
xi,1
is,1
surely,1
h,1
most,1
j,1
i,1
nu,1
convince,1
chase,1
toy,1
guest,1
iv,1
corrupt,1
appear,1
hip,1
waist,1
take,1
pity,1
dismiss,1
herself,1
stroll,1
throw,1
kiss,1
such,1
audience,1
lovely,1
certain,1
particularly,1
interested,1
lure,1
continue,1
moonlit,1
way,1
late,1
work,1
precede,1
fascinated,1
eye,1
fascinating,1
consequence,1
heroine,1
thoroughly,1
characteristic,1
flan,1
allure,1
appetizing,1
people,1
like,1
kind,1
spit,1
ans,1
agent,1
america,1
lair,1
deal,1
get,1
well,1
find,1
name,1
familiar,1
american,1
newspaper,1
during,1
bop,1
ed,1
impregnate,1
they,1
country,1
color,1
new,1
fork,1
d,1
co,1
again,1
demon,1
v,1
strafed,1
mastery,1
mechanic,1
novel,1
writing,1
whip,1
concoction,1
seem,1
delight,1
mental,1
palate,1
number,1
ingredient,1
strongly,1
flavor,1
highly,1
o,1
group,1
small,1
fry,1
last,1
each,1
veiled,1
hint,1
dramatic,1
thrill,1
possibility,1
wake,1
although,1
great,1
part,1
state,1
breaking,1
out,1
world,1
open,1
year,1
fateful,1
summer,1
eve,1
eruption,1
then,1
cross,1
first,1
another,1
race,1
construction,1
scheme,1
dynamite,1
f,1
canal,1
irish,1
dupe,1
also,1
mine,1
handle,1
lie,1
climax,1
come,1
action,1
rapid,1
lull,1
no,1
lack,1
excitement,1
indeed,1
any,1
never,1
for,1
hair,1
