lemma,count
the,18
of,18
and,9
be,9
to,7
a,6
by,5
it,5
with,5
on,4
his,4
than,3
that,3
ability,2
such,2
in,2
can,2
for,2
day,2
power,2
who,2
more,2
teller,2
tale,2
man,2
too,2
he,2
experience,1
religion,1
love,1
sing,1
bird,1
spellbound,1
brown,1
voice,1
give,1
form,1
magic,1
little,1
where,1
gs,1
strange,1
dream,1
airy,1
substance,1
real,1
even,1
into,1
old,1
they,1
seem,1
thing,1
word,1
spell,1
eat,1
tell,1
talent,1
mite,1
h,1
author,1
child,1
woman,1
bewitch,1
ed,1
res,1
wag,1
perhaps,1
some,1
other,1
exert,1
degree,1
hold,1
genius,1
talk,1
we,1
earth,1
as,1
uncouth,1
comrade,1
tall,1
not,1
could,1
yet,1
killing,1
thirst,1
savage,1
life,1
lust,1
primitive,1
brutality,1
blood,1
much,1
fill,1
marvelous,1
story,1
co,1
ac,1
chicago,1
kinney,1
west,1
margaret,1
troy,1
illustrate,1
taylor,1
c,1
see,1
deal,1
britain,1
mass,1
head,1
visionary,1
restlessness,1
youth,1
briton,1
land,1
ravage,1
saxon,1
horde,1
race,1
subject,1
seethe,1
when,1
bit,1
do,1
point,1
civilization,1
conqueror,1
roman,1
its,1
shape,1
veneer,1
thin,1
have,1
mere,1
