lemma,count
the,98
be,71
of,61
and,51
a,42
to,40
in,26
it,25
have,18
for,17
he,16
that,16
his,16
her,13
but,13
so,13
with,12
him,12
you,12
which,12
not,12
by,11
s,11
do,9
than,8
as,7
on,7
i,7
who,7
more,7
lydia,7
good,6
color,6
book,6
one,6
she,6
wealth,5
mrs,5
rather,5
from,5
its,5
well,5
ward,5
at,5
make,5
all,5
out,5
this,5
character,5
feel,4
an,4
yet,4
never,4
most,4
theory,4
we,4
man,4
any,4
novel,4
very,4
question,4
too,3
such,3
e,3
much,3
n,3
relation,3
l,3
though,3
whose,3
exceedingly,3
reader,3
once,3
take,3
happy,3
could,3
point,3
two,3
or,3
call,3
different,3
without,3
through,3
because,3
story,3
probably,3
own,3
thin,2
justification,2
power,2
speak,2
author,2
wish,2
cyril,2
natural,2
real,2
latter,2
about,2
describe,2
there,2
what,2
merit,2
interest,2
social,2
year,2
struggle,2
lord,2
around,2
self,2
here,2
accord,2
few,2
green,2
plot,2
part,2
human,2
note,2
t,2
dominate,2
both,2
whether,2
they,2
how,2
o,2
reason,2
talk,2
little,2
indifferent,2
apparently,2
set,2
yon,2
romantic,2
say,2
volume,2
lust,2
somewhat,2
british,2
charm,2
up,2
mind,2
contain,2
view,2
romance,2
put,2
time,2
subordinate,2
present,2
no,2
herself,2
fact,2
certain,2
use,2
indeed,2
hat,2
co,2
between,2
mating,2
difference,2
determine,2
first,2
ill,2
society,2
publication,2
like,2
himself,2
beautiful,2
vision,2
place,2
picture,2
thing,2
may,2
trichromatic,2
tho,2
ls,1
plainer,1
curiously,1
factor,1
group,1
girl,1
central,1
learn,1
d,1
great,1
special,1
utter,1
ex,1
undergo,1
seem,1
side,1
doing,1
evil,1
connection,1
shrink,1
wild,1
system,1
lady,1
land,1
see,1
english,1
bird,1
ho,1
thus,1
inconsistent,1
further,1
ta,1
decide,1
interpret,1
rs,1
believe,1
c,1
imagine,1
spoil,1
sit,1
refuse,1
generation,1
loose,1
burn,1
intensity,1
now,1
le,1
christ,1
ether,1
fire,1
parable,1
machinery,1
ph,1
ruin,1
permeate,1
conclusion,1
inadequate,1
harry,1
come,1
tolling,1
drama,1
crucial,1
crux,1
again,1
ts,1
get,1
rho,1
help,1
change,1
viewpoint,1
four,1
hook,1
remain,1
ion,1
funeral,1
require,1
show,1
additional,1
photometry,1
person,1
request,1
response,1
last,1
royal,1
number,1
largo,1
substance,1
entitle,1
bring,1
w,1
m,1
sir,1
event,1
course,1
interference,1
due,1
result,1
plate,1
numerous,1
other,1
paper,1
their,1
base,1
war,1
revolutionary,1
historian,1
material,1
introduction,1
lr,1
complement,1
essentially,1
relate,1
matter,1
robert,1
illustration,1
edit,1
july,1
january,1
commander,1
blue,1
admiral,1
vice,1
issue,1
ha,1
naval,1
third,1
navy,1
turn,1
everything,1
being,1
amount,1
mud,1
history,1
dab,1
thine,1
oz,1
medley,1
castle,1
become,1
tower,1
appreciation,1
fine,1
unnecessary,1
considerable,1
where,1
ir,1
peculiar,1
breeding,1
culture,1
atmosphere,1
rich,1
unstable,1
trifle,1
mark,1
re,1
contradictory,1
upon,1
cottage,1
live,1
welfare,1
deep,1
art,1
safeguard,1
responsibility,1
shirking,1
imply,1
people,1
standpoint,1
tradition,1
proper,1
absolutely,1
hero,1
act,1
harmonize,1
rent,1
convention,1
disappointing,1
will,1
thoughtful,1
many,1
spite,1
vividly,1
scenery,1
cambrian,1
pay,1
plat,1
wat,1
deus,1
quality,1
moment,1
appellation,1
belong,1
alike,1
them,1
shudder,1
mature,1
en,1
name,1
those,1
ms,1
monster,1
unreal,1
lore,1
fanatical,1
nu,1
figure,1
fearsome,1
resemblance,1
ogre,1
frequently,1
lie,1
except,1
treasure,1
care,1
poe,1
bygone,1
deed,1
skeleton,1
bear,1
attractive,1
emphasis,1
sound,1
strike,1
estate,1
neglect,1
frill,1
harshness,1
daughter,1
wife,1
er,1
ox,1
way,1
fa,1
old,1
wickedness,1
nobleman,1
wicked,1
ax,1
treatment,1
gentle,1
demand,1
approximately,1
pride,1
gloat,1
per,1
lacy,1
melodramatic,1
choose,1
telling,1
occupy,1
greatly,1
usually,1
religious,1
political,1
aside,1
only,1
new,1
attention,1
over,1
early,1
method,1
mad,1
style,1
partly,1
return,1
net,1
page,1
doubleday,1
illustrate,1
modern,1
theme,1
choice,1
wise,1
quote,1
bronze,1
majolica,1
furniture,1
antique,1
sort,1
edy,1
discern,1
shrewd,1
novelist,1
beloved,1
long,1
type,1
father,1
disinherit,1
familiar,1
example,1
fair,1
edmund,1
certainly,1
popular,1
kindle,1
mix,1
youth,1
heroine,1
hap,1
critical,1
find,1
felicia,1
right,1
ht,1
decidedly,1
know,1
eat,1
thereby,1
if,1
cord,1
banal,1
enmesh,1
allow,1
ly,1
air,1
appeal,1
nd,1
endeavor,1
individual,1
unreality,1
wt,1
considerably,1
conflict,1
dramatic,1
true,1
tn,1
less,1
degree,1
minor,1
seize,1
hal,1
mere,1
me,1
molly,1
truth,1
rn,1
reformer,1
truly,1
description,1
us,1
desire,1
evidently,1
lens,1
furnish,1
often,1
vivid,1
al,1
blood,1
flesh,1
creature,1
forth,1
stand,1
eye,1
idler,1
abnormally,1
lover,1
sympathize,1
mentally,1
anguish,1
when,1
interesting,1
particularly,1
ry,1
virtuous,1
admit,1
must,1
clearly,1
mat,1
discontent,1
leave,1
glad,1
mistake,1
idealism,1
understandable,1
love,1
woman,1
young,1
strong,1
french,1
chatter,1
deeply,1
sore,1
trouble,1
temptation,1
prophesy,1
rea,1
develop,1
finally,1
hose,1
whom,1
deserve,1
rare,1
save,1
writer,1
artistic,1
high,1
stupid,1
prig,1
either,1
raze,1
depict,1
personage,1
consequently,1
faulty,1
height,1
serene,1
seam,1
narrative,1
