lemma,count
the,108
and,82
of,66
be,62
to,50
in,46
a,36
i,25
have,19
it,19
their,19
with,18
that,17
on,16
which,16
by,16
they,14
field,13
for,13
all,12
s,12
weber,12
his,12
at,11
as,11
an,11
he,10
one,9
mike,8
him,8
but,8
o,8
ball,8
first,8
do,7
joe,6
them,6
from,6
get,6
this,6
when,6
you,6
there,6
only,6
then,5
itch,5
so,5
life,5
into,5
will,5
hall,5
here,5
not,5
day,5
v,5
york,5
tile,5
every,5
go,5
some,4
like,4
keep,4
ever,4
mann,4
give,4
l,4
more,4
hour,4
year,4
offer,4
good,4
myer,4
its,4
four,4
what,4
clear,4
who,4
music,4
t,4
man,4
know,4
savoyard,4
new,4
about,4
story,4
two,4
over,3
organization,3
home,3
we,3
how,3
side,3
great,3
turn,3
company,3
dot,3
play,3
work,3
lew,3
again,3
himself,3
fifteen,3
would,3
find,3
room,3
b,3
thus,3
these,3
now,3
night,3
tell,3
show,3
time,3
louis,3
should,3
no,3
h,3
ill,3
pocket,3
pass,3
bad,3
after,3
talk,3
course,3
last,3
see,3
read,3
too,3
can,3
little,3
max,3
w,2
r,2
fine,2
romance,2
ago,2
templeton,2
der,2
mabel,2
eye,2
lillian,2
out,2
butler,2
revival,2
rack,2
due,2
must,2
game,2
j,2
country,2
well,2
name,2
paint,2
alive,2
io,2
where,2
letter,2
seven,2
memory,2
g,2
hooray,2
scratch,2
example,2
ac,2
whose,2
world,2
clock,2
me,2
sidewalk,2
audience,2
volume,2
themselves,2
book,2
come,2
plate,2
could,2
john,2
much,2
people,2
make,2
grow,2
kelly,2
f,2
against,2
confine,2
hand,2
engagement,2
us,2
old,2
your,2
bit,2
back,2
set,2
other,2
scene,2
lie,2
full,2
take,2
always,2
diamond,2
height,2
table,2
than,2
performance,2
restore,2
fascinating,2
stage,2
if,2
bessie,2
thing,2
own,2
just,2
shoot,2
dance,2
century,2
next,1
wheel,1
say,1
hope,1
raise,1
right,1
job,1
envelope,1
deliver,1
money,1
my,1
dear,1
quick,1
record,1
slit,1
able,1
plot,1
design,1
manager,1
try,1
doorstep,1
despite,1
aforementioned,1
sea,1
view,1
week,1
third,1
incident,1
fifty,1
celebrate,1
until,1
enterprise,1
hit,1
hammock,1
except,1
disbar,1
permanently,1
state,1
otherwise,1
penalty,1
reader,1
season,1
jacket,1
nearly,1
ore,1
portland,1
cry,1
trouper,1
send,1
owner,1
meet,1
bosom,1
payroll,1
awed,1
salary,1
her,1
wait,1
volunteer,1
cousin,1
tempt,1
lottie,1
fate,1
close,1
troupe,1
trade,1
garment,1
widen,1
employment,1
circle,1
profitable,1
lure,1
brother,1
ten,1
juggling,1
adroit,1
son,1
walt,1
difficulty,1
said,1
ito,1
town,1
contemporary,1
burlesque,1
extraordinary,1
treatment,1
particular,1
program,1
picture,1
detailed,1
hook,1
mr,1
honor,1
owe,1
gentleman,1
open,1
throat,1
draw,1
cigar,1
serve,1
coffee,1
drawing,1
repair,1
arise,1
history,1
agreeable,1
another,1
announce,1
dinner,1
join,1
grateful,1
hysteric,1
ville,1
promise,1
brain,1
evidence,1
rejoice,1
e,1
opportunity,1
land,1
faith,1
waver,1
reproduce,1
photographer,1
allow,1
twenty,1
kinship,1
feeling,1
sophisticated,1
alas,1
quite,1
quality,1
precious,1
bring,1
any,1
hard,1
however,1
meantime,1
clyde,1
desperation,1
annoy,1
spring,1
palace,1
quarter,1
small,1
channel,1
approach,1
tale,1
employer,1
gifted,1
react,1
connect,1
collier,1
hopper,1
wolf,1
de,1
evey,1
ethel,1
bailey,1
frankie,1
fay,1
clayton,1
charley,1
henry,1
avid,1
bernard,1
peter,1
such,1
permanent,1
part,1
largely,1
employ,1
yield,1
career,1
before,1
sept,1
manner,1
decline,1
ant,1
relative,1
plea,1
conversation,1
breach,1
pleasantly,1
ho,1
hut,1
business,1
beg,1
uncouth,1
dress,1
evening,1
immaculate,1
crowd,1
appear,1
el,1
li,1
rent,1
obviously,1
doorbell,1
ring,1
immediately,1
drive,1
riverside,1
off,1
present,1
lo,1
accordingly,1
rule,1
upon,1
tear,1
climax,1
excited,1
write,1
aver,1
opinion,1
carry,1
few,1
aw,1
probably,1
far,1
seem,1
effort,1
same,1
later,1
our,1
twentieth,1
nineteenth,1
decade,1
conceivable,1
greatest,1
reach,1
privately,1
doubt,1
inclined,1
may,1
though,1
yet,1
act,1
merely,1
along,1
notice,1
sod,1
miller,1
lilt,1
surprise,1
hole,1
dodge,1
large,1
presumably,1
supply,1
promptly,1
whereupon,1
mu,1
advise,1
coldly,1
weep,1
broadside,1
whisk,1
eight,1
or,1
pool,1
credit,1
calmly,1
moment,1
di,1
ia,1
x,1
light,1
lind,1
weather,1
wintry,1
unlikely,1
marilyn,1
food,1
d,1
attempt,1
reproduction,1
graphic,1
above,1
anecdote,1
period,1
rounded,1
long,1
telling,1
ea,1
halley,1
russell,1
look,1
faraway,1
add,1
word,1
pronounce,1
america,1
deserve,1
herman,1
felix,1
associate,1
triumph,1
tribulation,1
assemble,1
comedian,1
funniest,1
gouging,1
lean,1
trice,1
affectionate,1
steady,1
difficult,1
clark,1
bobby,1
er,1
hog,1
ca,1
era,1
translate,1
description,1
bombard,1
enthusiastic,1
judge,1
background,1
late,1
trifle,1
boca,1
many,1
american,1
skull,1
thick,1
least,1
also,1
fellow,1
fat,1
tittle,1
banter,1
myself,1
put,1
high,1
warning,1
custer,1
lithograph,1
n,1
paterson,1
accept,1
misgiving,1
hearth,1
warmth,1
closely,1
cl,1
experience,1
extensive,1
longer,1
trent,1
environ,1
bowery,1
ere,1
activity,1
variation,1
branch,1
parent,1
club,1
titanic,1
reservation,1
cancel,1
minute,1
related,1
stand,1
happen,1
remain,1
once,1
parcel,1
huge,1
backdrop,1
tree,1
strap,1
trunk,1
hoboken,1
station,1
m,1
ll,1
train,1
bake,1
dish,1
kitchen,1
u,1
indulgence,1
self,1
safety,1
alone,1
mall,1
street,1
west,1
pl,1
beyond,1
chin,1
foolhardy,1
stack,1
fact,1
nev,1
museum,1
dime,1
report,1
force,1
deal,1
utter,1
fanny,1
believe,1
anxious,1
tilt,1
sadly,1
realize,1
corner,1
serf,1
lot,1
ale,1
tour,1
via,1
jubilantly,1
cue,1
mises,1
hack,1
place,1
marker,1
search,1
vere,1
big,1
la,1
number,1
rather,1
sad,1
worn,1
ls,1
early,1
witness,1
today,1
east,1
low,1
proper,1
start,1
wonder,1
thrill,1
curtain,1
exist,1
lion,1
blood,1
account,1
never,1
mixed,1
throb,1
warm,1
color,1
imagination,1
develop,1
dare,1
novelist,1
fanciful,1
extent,1
hero,1
shade,1
