lemma,count
the,49
of,45
be,24
a,21
and,19
in,19
he,10
his,7
good,7
hoffman,6
s,6
i,6
seminary,6
dr,6
dean,6
at,5
year,5
for,5
on,5
new,5
to,5
york,5
there,4
church,4
hell,4
theological,4
general,4
st,4
enter,4
book,3
that,3
ill,3
have,3
letter,3
under,3
by,3
then,2
many,2
two,2
priest,2
bell,2
riley,2
into,2
american,2
tile,2
diocese,2
late,2
augustus,2
not,2
but,2
june,2
eugene,2
bear,2
make,2
always,2
court,2
decree,2
date,2
biography,2
memorial,2
volume,2
bring,2
respect,2
four,2
mary,2
ii,2
give,2
pp,2
position,2
take,2
rector,2
holy,2
man,2
with,2
vol,2
marry,1
accept,1
dark,1
upon,1
request,1
grace,1
our,1
burlington,1
case,1
appeal,1
noise,1
plaintiff,1
an,1
next,1
locust,1
vicinity,1
chime,1
place,1
add,1
ringing,1
these,1
about,1
much,1
controversy,1
street,1
people,1
live,1
mer,1
which,1
tower,1
heft,1
philadelphia,1
october,1
certain,1
it,1
chief,1
while,1
reader,1
never,1
become,1
personage,1
author,1
memoir,1
history,1
tell,1
how,1
grow,1
humanity,1
prosper,1
management,1
april,1
occasion,1
golden,1
wedding,1
l,1
plea,1
demonstration,1
affection,1
lie,1
perhaps,1
fiftieth,1
may,1
abroad,1
toll,1
feb,1
mr,1
address,1
tilde,1
defend,1
usage,1
ark,1
r,1
resign,1
trip,1
visit,1
dignity,1
egypt,1
land,1
trustee,1
ask,1
him,1
important,1
nov,1
short,1
episcopate,1
no,1
post,1
elizabeth,1
as,1
christ,1
school,1
youth,1
ruler,1
husband,1
father,1
friend,1
wise,1
master,1
builder,1
founder,1
family,1
from,1
revel,1
gulf,1
finland,1
emigrate,1
america,1
grandfather,1
kingston,1
who,1
during,1
tho,1
revolution,1
larch,1
soul,1
strong,1
simple,1
queen,1
very,1
rev,1
theo,1
myer,1
illustration,1
privately,1
print,1
marion,1
press,1
jamaica,1
borough,1
endow,1
worthy,1
utmost,1
professor,1
pastoral,1
theology,1
this,1
well,1
know,1
clergyman,1
say,1
boy,1
day,1
q,1
begin,1
education,1
member,1
senior,1
class,1
decide,1
taste,1
scientific,1
study,1
fief,1
f,1
accompany,1
prof,1
beyond,1
mackinaw,1
career,1
life,1
attend,1
come,1
same,1
time,1
order,1
jersey,1
first,1
further,1
seek,1
graduation,1
they,1
parent,1
risk,1
europe,1
keep,1
diary,1
college,1
graduate,1
some,1
lime,1
preserve,1
show,1
after,1
scandinavian,1
nature,1
j,1
silent,1
hide,1
do,1
mean,1
abundance,1
human,1
sympathy,1
die,1
