lemma,count
the,140
of,122
and,56
be,40
a,34
in,34
to,18
tile,17
by,16
have,15
on,14
article,14
jewish,11
as,11
new,11
his,10
for,10
with,9
this,9
at,9
from,9
he,7
it,7
volume,7
there,6
york,6
its,6
l,6
f,6
which,6
jews,6
i,6
one,5
who,5
that,5
synagogue,5
s,5
show,5
j,5
write,5
president,5
history,5
large,5
picture,5
record,5
many,5
editor,5
work,5
palestine,4
column,4
not,4
temple,4
kohler,4
rabbi,4
most,4
last,4
author,4
day,4
language,4
great,4
dr,4
three,4
topic,4
name,4
very,3
department,3
paris,3
nearly,3
town,3
man,3
first,3
p,3
music,3
two,3
book,3
e,3
give,3
college,3
other,3
five,3
illustration,3
treat,3
mos,3
page,3
family,3
or,3
map,3
century,3
board,3
hospital,3
describe,3
city,3
come,3
but,2
like,2
each,2
character,2
list,2
newport,2
reality,2
service,2
reproduction,2
long,2
once,2
development,2
beautiful,2
periodical,2
only,2
jew,2
ill,2
join,2
occupy,2
letter,2
institution,2
place,2
lie,2
physician,2
plan,2
their,2
n,2
insert,2
age,2
die,2
philadelphia,2
cairo,2
fully,2
publication,2
home,2
modern,2
chief,2
until,2
fill,2
professor,2
study,2
become,2
date,2
him,2
than,2
stand,2
few,2
pentateuch,2
england,2
historical,2
because,2
jacob,2
about,2
labor,2
also,2
ex,2
university,2
merchant,2
prof,2
son,2
world,2
des,2
represent,2
testament,2
engage,2
contain,2
o,2
old,2
beth,2
union,2
into,2
till,2
all,2
c,2
time,2
custom,2
sketch,2
present,2
well,2
hebrew,2
more,2
theology,2
another,2
here,2
half,2
toronto,2
illustrate,2
ix,2
scholar,2
reader,1
physical,1
feature,1
turn,1
country,1
ar,1
american,1
act,1
both,1
pauline,1
itself,1
offenbach,1
take,1
ten,1
length,1
composer,1
iris,1
epistle,1
nineveh,1
gospel,1
oriental,1
up,1
familiar,1
consult,1
orthodox,1
frontispiece,1
prophecy,1
persist,1
manner,1
coin,1
degrade,1
number,1
counterfeit,1
curious,1
too,1
november,1
pig,1
u,1
skin,1
disrobe,1
barefoot,1
oath,1
germany,1
thorough,1
while,1
excavation,1
monument,1
cry,1
tong,1
identify,1
ts,1
same,1
zionist,1
trace,1
bel,1
mao,1
th,1
goal,1
valuable,1
ancient,1
italy,1
mark,1
henri,1
british,1
yale,1
stile,1
ezra,1
prince,1
later,1
lopez,1
aaron,1
refinery,1
burn,1
fleet,1
whaling,1
seize,1
monopoly,1
mr,1
tl,1
oil,1
manufacture,1
introduce,1
degree,1
them,1
bring,1
holland,1
land,1
fifteen,1
island,1
play,1
say,1
honor,1
extent,1
commerce,1
distinguish,1
always,1
dozen,1
handsome,1
blood,1
congregation,1
washington,1
george,1
holograph,1
bequeath,1
maintenance,1
fund,1
still,1
after,1
park,1
alone,1
trade,1
indian,1
vest,1
vessel,1
arrival,1
year,1
america,1
no,1
probably,1
part,1
commercial,1
inventor,1
execute,1
sixty,1
any,1
population,1
strike,1
end,1
how,1
print,1
contemporary,1
several,1
duke,1
abjure,1
would,1
horribly,1
surpass,1
fact,1
steadfast,1
humanist,1
against,1
fight,1
lead,1
ho,1
reign,1
johann,1
judaism,1
convert,1
system,1
photograph,1
school,1
eleemosynary,1
besides,1
war,1
revolutionary,1
industry,1
bus,1
fashion,1
famous,1
now,1
support,1
privately,1
charitable,1
nine,1
cemetery,1
closed,1
club,1
seven,1
thirty,1
paper,1
daily,1
upon,1
v,1
interest,1
classified,1
ma,1
fold,1
colored,1
lag,1
lion,1
index,1
minister,1
richard,1
columbia,1
re,1
characteristic,1
issue,1
period,1
title,1
line,1
single,1
condensed,1
fifty,1
over,1
newspaper,1
full,1
eighty,1
member,1
ledger,1
public,1
brother,1
ilia,1
publisher,1
adolph,1
life,1
william,1
popper,1
associate,1
exporter,1
fl,1
pen,1
ceremonial,1
heal,1
oven,1
subject,1
eternally,1
they,1
persecution,1
bitter,1
varied,1
revise,1
odessa,1
russia,1
read,1
when,1
such,1
cover,1
between,1
biog,1
translation,1
bureau,1
t,1
frank,1
passover,1
close,1
en,1
d,1
some,1
collaborator,1
nineteenth,1
eighteenth,1
fame,1
rise,1
scientist,1
german,1
seventeenth,1
emeritus,1
sixteenth,1
during,1
flourish,1
polish,1
open,1
twelve,1
ninth,1
literature,1
complete,1
david,1
cincinnati,1
el,1
m,1
share,1
bible,1
charger,1
emil,1
contribute,1
hoard,1
allot,1
whole,1
society,1
formerly,1
joseph,1
sulzberger,1
editorial,1
cyrus,1
lew,1
max,1
student,1
advanced,1
pharisee,1
express,1
view,1
philosophy,1
charge,1
cohen,1
sydney,1
an,1
south,1
was,1
important,1
whoso,1
six,1
exegete,1
h,1
w,1
funk,1
quarto,1
vol,1
singer,1
edit,1
specialist,1
prepare,1
people,1
anti,1
immediate,1
rational,1
importance,1
extraordinary,1
philosophical,1
noteworthy,1
community,1
commentary,1
q,1
lisbon,1
why,1
us,1
controversy,1
source,1
fruitful,1
god,1
lone,1
pseudonym,1
off,1
do,1
ghetto,1
see,1
ton,1
statistic,1
vital,1
sift,1
prodigious,1
g,1
israel,1
surgeon,1
mortality,1
reproduce,1
is,1
head,1
official,1
post,1
atonement,1
critical,1
reek,1
rabbinical,1
datum,1
biblical,1
respectively,1
different,1
loses,1
wish,1
deal,1
fifth,1
believe,1
example,1
intone,1
sing,1
prayer,1
hymn,1
psalm,1
word,1
hand,1
io,1
wale,1
conclude,1
tn,1
senile,1
talmudist,1
offer,1
house,1
de,1
decline,1
saladin,1
adviser,1
st,1
boru,1
astronomer,1
philosopher,1
costume,1
magnificent,1
arabic,1
portrait,1
leaf,1
include,1
maimonides,1
know,1
hen,1
mount,1
tomb,1
traditional,1
headquarters,1
