lemma,count
the,155
of,115
be,86
in,69
and,57
to,42
his,42
a,39
that,33
have,28
he,28
as,26
which,19
by,18
diary,18
washington,18
for,16
s,16
from,15
it,13
i,12
when,11
at,11
on,11
with,11
one,10
write,9
man,9
than,8
this,8
make,8
some,8
not,8
all,8
much,7
them,7
more,7
him,6
know,6
go,6
biography,6
our,5
life,5
now,5
print,5
what,5
they,5
most,5
only,5
large,5
will,5
almost,5
or,5
mount,5
far,5
there,5
its,5
who,5
vernon,5
fitzpatrick,5
impression,4
private,4
ball,4
well,4
purpose,4
mr,4
late,4
work,4
material,4
an,4
such,4
present,4
into,4
because,4
no,4
original,4
even,4
publication,4
paper,4
every,4
though,4
sense,4
but,4
last,4
year,4
record,4
publish,4
give,3
during,3
committee,3
out,3
plan,3
great,3
first,3
whose,3
old,3
c,3
same,3
entry,3
four,3
later,3
character,3
chief,3
other,3
many,3
journal,3
bear,3
how,3
complete,3
library,3
collection,3
george,3
real,3
serve,3
over,3
these,3
day,3
early,3
would,3
t,3
find,3
ford,3
we,3
their,3
after,3
butter,2
congressional,2
full,2
ton,2
difficulty,2
d,2
toward,2
hand,2
happen,2
way,2
seem,2
general,2
so,2
continuous,2
often,2
bread,2
yet,2
evidence,2
e,2
service,2
whole,2
show,2
use,2
manner,2
believe,2
rather,2
pen,2
public,2
editor,2
depart,2
if,2
come,2
close,2
self,2
significant,2
war,2
force,2
feel,2
see,2
attention,2
different,2
z,2
r,2
feb,2
again,2
new,2
own,2
york,2
lodge,2
while,2
hold,2
characteristic,2
revolution,2
distinguish,2
thus,2
dr,2
union,2
company,2
book,2
useful,2
until,2
writing,2
word,2
industry,2
toner,2
m,2
source,2
read,2
field,2
any,2
spark,2
important,2
interpret,2
able,2
water,2
without,2
cover,2
edition,2
may,2
exist,2
then,2
event,2
fact,2
merely,2
open,2
researcher,2
letter,2
remain,2
history,2
clear,2
john,2
form,2
courage,2
edit,2
obtain,2
datum,2
together,2
thing,2
volume,2
put,2
nature,2
time,2
reveal,2
commander,2
generally,2
available,2
tile,2
criticism,2
never,2
note,2
association,2
lady,2
america,2
schoolboy,2
operation,2
convention,1
shooting,1
playing,1
federal,1
maryland,1
project,1
political,1
bind,1
constitutional,1
cooperation,1
reference,1
west,1
card,1
sitting,1
practice,1
potomac,1
avoidance,1
route,1
reader,1
stately,1
speculate,1
u,1
progress,1
hospitality,1
embryo,1
openhanded,1
williamsburg,1
faithfully,1
foresight,1
intuitive,1
disappointment,1
play,1
grand,1
army,1
stage,1
between,1
governor,1
british,1
raleigh,1
tavern,1
design,1
deep,1
modesty,1
vail,1
outline,1
bring,1
non,1
importation,1
allude,1
frame,1
uniform,1
regret,1
spend,1
june,1
elect,1
concise,1
call,1
begin,1
continental,1
clock,1
o,1
summer,1
din,1
interval,1
farming,1
period,1
resistance,1
b,1
acute,1
confine,1
successful,1
himself,1
chance,1
virtually,1
gradual,1
treasurer,1
masterly,1
descend,1
prepare,1
upon,1
hay,1
feint,1
movement,1
veil,1
execution,1
establish,1
ly,1
government,1
duty,1
shin,1
possess,1
firmness,1
like,1
rock,1
page,1
exhibit,1
brant,1
living,1
do,1
perhaps,1
home,1
drive,1
fellowman,1
les,1
modest,1
overshadow,1
scholarship,1
branch,1
those,1
advanced,1
research,1
historical,1
compactness,1
quest,1
deter,1
nothing,1
evidently,1
ml,1
indefatigable,1
forth,1
line,1
social,1
diarist,1
ts,1
venture,1
era,1
generality,1
tn,1
light,1
distinctly,1
lion,1
story,1
individual,1
true,1
eh,1
current,1
omit,1
interpretation,1
secret,1
seldom,1
can,1
insight,1
endowed,1
matter,1
better,1
themselves,1
unconsciously,1
feeling,1
here,1
dairy,1
vogue,1
posterity,1
example,1
virginia,1
inquiry,1
allay,1
suggest,1
number,1
term,1
month,1
assume,1
journey,1
selection,1
presume,1
quote,1
jar,1
sept,1
di,1
regrettable,1
another,1
hide,1
unlikely,1
thirty,1
existence,1
keep,1
merge,1
definitely,1
act,1
ob,1
eu,1
president,1
intimate,1
interesting,1
tate,1
among,1
jealousy,1
irritating,1
forty,1
six,1
series,1
impair,1
bearing,1
account,1
satisfactory,1
preface,1
each,1
treatment,1
require,1
relation,1
name,1
racing,1
virtual,1
elucidate,1
beyond,1
credit,1
value,1
possession,1
footnote,1
commentary,1
ample,1
editing,1
faithful,1
con,1
experienced,1
good,1
binding,1
under,1
family,1
purchase,1
eminent,1
gov,1
fishing,1
mat,1
horse,1
country,1
up,1
excellent,1
point,1
senator,1
dominating,1
respect,1
winter,1
dead,1
wilderness,1
uncharted,1
through,1
baldly,1
rid,1
ohio,1
solely,1
french,1
message,1
militia,1
f,1
major,1
young,1
intrepid,1
evolution,1
represent,1
gain,1
case,1
hitherto,1
sixth,1
totter,1
indomitable,1
hunting,1
negative,1
attitude,1
portray,1
photographically,1
military,1
part,1
cord,1
intend,1
inclination,1
shelf,1
balance,1
ought,1
derive,1
hence,1
positive,1
main,1
both,1
singularly,1
also,1
agriculture,1
occupation,1
favorite,1
peace,1
pursue,1
could,1
retirement,1
turn,1
independence,1
aspect,1
about,1
leave,1
whom,1
scrap,1
unfortunately,1
tar,1
document,1
polishing,1
recasting,1
free,1
ground,1
worthington,1
recent,1
admirable,1
extract,1
consider,1
fat,1
countless,1
gift,1
generation,1
rake,1
world,1
figure,1
survive,1
congress,1
surmise,1
literary,1
sinclair,1
allen,1
boston,1
tell,1
stand,1
guilty,1
joseph,1
assemble,1
tireless,1
distribute,1
although,1
arc,1
before,1
reach,1
within,1
trouble,1
saver,1
circle,1
small,1
substance,1
output,1
abundant,1
aside,1
appear,1
agriculturist,1
scientific,1
heart,1
dear,1
always,1
voluminous,1
ac,1
expense,1
indispensable,1
permanently,1
fm,1
mass,1
soldier,1
statesman,1
should,1
abound,1
therefore,1
shall,1
either,1
napkin,1
cloth,1
table,1
remember,1
sweeten,1
hot,1
coffee,1
tea,1
biscuit,1
plenty,1
detach,1
ourselves,1
room,1
convenient,1
however,1
entertainment,1
dancing,1
where,1
grammar,1
dish,1
chip,1
plate,1
stick,1
spit,1
cook,1
title,1
spelling,1
fully,1
overcome,1
fox,1
vivid,1
liven,1
v,1
pat,1
station,1
diversion,1
punctuate,1
captain,1
serious,1
revolutionary,1
pie,1
picture,1
convey,1
stake,1
beef,1
near,1
flaw,1
correctly,1
spell,1
usually,1
difficult,1
convince,1
observation,1
simple,1
orthography,1
q,1
lil,1
recruit,1
personality,1
gifted,1
sustain,1
harper,1
abbott,1
pyle,1
howard,1
nellie,1
humor,1
lack,1
view,1
alter,1
opinion,1
productive,1
archivist,1
proportion,1
order,1
exact,1
rue,1
problem,1
contemplate,1
elusive,1
observe,1
harvard,1
channing,1
professor,1
curiosity,1
interest,1
probability,1
wash,1
contention,1
survey,1
lord,1
fairfax,1
knapsack,1
pull,1
fire,1
very,1
tent,1
pitch,1
night,1
incident,1
clothe,1
asleep,1
companion,1
stealth,1
rise,1
clean,1
blanket,1
threadbare,1
straw,1
couch,1
cabin,1
pioneer,1
bed,1
undress,1
particularly,1
mind,1
sprightliness,1
youthful,1
distinct,1
worth,1
