lemma,count
the,38
of,28
and,21
to,15
in,14
her,13
be,10
a,8
she,8
singer,7
that,6
with,6
it,6
success,5
on,5
as,4
year,4
for,4
s,4
singing,4
student,4
great,3
write,3
over,3
volume,3
him,3
life,3
during,3
well,3
mr,3
have,3
but,3
who,3
book,3
them,3
armstrong,3
first,3
at,3
later,2
his,2
most,2
account,2
brief,2
half,2
fill,2
study,2
letter,2
family,2
world,2
all,2
counsel,2
some,2
sentence,2
career,2
manuscript,2
its,2
will,2
hint,2
record,2
work,2
by,2
personal,2
time,2
value,2
training,2
early,2
advice,2
this,2
person,1
speak,1
simply,1
those,1
wish,1
prepare,1
struggle,1
themselves,1
end,1
not,1
least,1
aid,1
technical,1
set,1
directly,1
famous,1
talk,1
appreciation,1
find,1
professional,1
inspiration,1
their,1
become,1
would,1
constant,1
labor,1
require,1
from,1
discipline,1
say,1
reward,1
chief,1
wherein,1
paragraph,1
artist,1
forth,1
stress,1
temperament,1
simple,1
intelligence,1
use,1
meet,1
voice,1
inevitable,1
obstacle,1
apprenticeship,1
mind,1
opera,1
stage,1
deportment,1
relation,1
train,1
between,1
audience,1
making,1
frequently,1
how,1
call,1
where,1
observation,1
need,1
thing,1
mme,1
character,1
learn,1
through,1
experience,1
essential,1
teacher,1
win,1
q,1
discuss,1
such,1
matter,1
attention,1
choice,1
summary,1
just,1
america,1
reserve,1
exist,1
day,1
never,1
before,1
publish,1
do,1
assemble,1
very,1
indeed,1
interesting,1
worth,1
while,1
both,1
artistic,1
side,1
halt,1
explain,1
only,1
also,1
immediate,1
one,1
lillian,1
transcribe,1
william,1
illustrate,1
pp,1
new,1
york,1
co,1
double,1
reside,1
since,1
offer,1
benefit,1
sing,1
evolve,1
out,1
hard,1
conceive,1
idea,1
help,1
twenty,1
want,1
followed,1
delay,1
uncertainty,1
dutch,1
east,1
tour,1
around,1
finally,1
two,1
sister,1
turn,1
europe,1
there,1
incorporate,1
these,1
mother,1
until,1
every,1
scan,1
tr,1
or,1
mort,1
ago,1
after,1
ward,1
dictate,1
material,1
long,1
carefully,1
walk,1
black,1
forest,1
country,1
house,1
hudson,1
go,1
lovely,1
