lemma,count
the,99
of,76
be,47
her,44
to,43
a,39
and,38
in,38
his,31
he,29
with,23
for,19
this,18
that,14
she,14
have,14
by,14
s,13
friend,12
i,11
on,9
but,9
him,9
only,8
life,8
ferdinand,8
an,8
all,8
who,8
not,7
at,7
as,7
it,7
heart,6
love,6
good,6
from,5
woman,5
one,5
time,5
when,5
feel,5
man,5
ill,4
make,4
into,4
their,4
now,4
my,4
l,4
berlin,4
young,4
rare,4
so,4
human,4
sophie,4
e,4
t,4
toward,3
never,3
letter,3
after,3
meet,3
even,3
can,3
you,3
h,3
son,3
we,3
me,3
y,3
age,3
whom,3
two,3
many,3
herself,3
most,3
page,3
between,3
o,3
child,3
new,3
do,3
lose,3
something,3
world,3
through,3
movement,3
free,3
win,3
succeed,3
le,3
countess,3
these,3
alliance,3
give,3
could,3
continue,3
will,3
power,3
great,3
old,3
nature,3
become,2
career,2
q,2
bring,2
back,2
labor,2
paul,2
public,2
character,2
oppress,2
fight,2
come,2
true,2
such,2
ah,2
us,2
people,2
fail,2
family,2
ad,2
ma,2
during,2
suffer,2
course,2
proud,2
deeply,2
there,2
without,2
wild,2
idea,2
student,2
they,2
wish,2
salle,2
red,2
persecute,2
half,2
die,2
de,2
stormy,2
color,2
beside,2
picture,2
social,2
home,2
n,2
conquer,2
further,2
same,2
death,2
history,2
early,2
ideal,2
mature,2
root,2
r,2
spite,2
run,2
its,2
combination,2
complain,2
spirit,2
take,2
pity,2
aristocratic,2
murderer,2
lover,2
while,2
authority,2
sentence,2
grow,2
hi,2
mayer,2
often,2
especial,2
any,2
cherish,2
bear,2
yon,2
too,2
because,2
tragic,2
gustav,2
von,2
which,2
day,2
j,2
different,2
learn,1
furiously,1
torn,1
threaten,1
need,1
end,1
enough,1
separation,1
jealous,1
occasional,1
famous,1
although,1
maternal,1
welcome,1
es,1
struggle,1
create,1
plead,1
te,1
humor,1
enjoyment,1
what,1
recurrent,1
heal,1
peaceful,1
lat,1
er,1
union,1
joint,1
again,1
source,1
off,1
admit,1
closely,1
joy,1
dark,1
badly,1
tun,1
remain,1
erie,1
say,1
confidante,1
bind,1
pupil,1
hear,1
suspicious,1
m,1
daily,1
prejudice,1
unburden,1
weep,1
mos,1
c,1
would,1
celebrated,1
serene,1
book,1
sen,1
am,1
tel,1
should,1
soon,1
place,1
beg,1
them,1
forgive,1
shake,1
hour,1
hat,1
field,1
must,1
other,1
himself,1
lo,1
opinion,1
lonely,1
acute,1
hastily,1
betroth,1
let,1
later,1
few,1
woo,1
faithfully,1
parent,1
hack,1
away,1
girl,1
adventure,1
frivolous,1
step,1
uncertainty,1
some,1
plain,1
ca,1
thus,1
vague,1
full,1
undermine,1
reveal,1
affair,1
entire,1
envoy,1
bavarian,1
d,1
helene,1
haired,1
title,1
fetched,1
intellectuality,1
unhappy,1
touchingly,1
mirror,1
document,1
form,1
unusual,1
century,1
return,1
think,1
groin,1
revolutionary,1
devote,1
la,1
revenge,1
hope,1
memory,1
way,1
whole,1
living,1
where,1
dead,1
possible,1
fat,1
marry,1
bullet,1
kill,1
rival,1
challenge,1
know,1
ab,1
beautiful,1
p,1
mind,1
fran,1
pain,1
fervently,1
appeal,1
friendship,1
reason,1
secret,1
probably,1
go,1
serious,1
storm,1
breathe,1
weary,1
strenuous,1
burden,1
begin,1
happy,1
inability,1
fr,1
happiness,1
autumn,1
late,1
effort,1
warmth,1
tittle,1
how,1
intuition,1
feminine,1
sensitive,1
savant,1
pride,1
hurt,1
endure,1
cal,1
security,1
delusion,1
under,1
clever,1
see,1
strange,1
completely,1
live,1
companion,1
train,1
mart,1
grasp,1
country,1
disappointed,1
stranger,1
external,1
na,1
up,1
ce,1
usual,1
occur,1
w,1
father,1
hen,1
wound,1
mortally,1
like,1
intolerable,1
rupture,1
police,1
quarrel,1
reserved,1
unveil,1
being,1
depth,1
watch,1
ago,1
vivid,1
brightly,1
before,1
suddenly,1
plan,1
or,1
write,1
collection,1
read,1
sensation,1
odd,1
liking,1
nor,1
socialistic,1
share,1
though,1
interest,1
cordial,1
thoroughly,1
help,1
penetrate,1
rear,1
cost,1
seek,1
cowardly,1
condition,1
desperate,1
evidently,1
existence,1
mean,1
leave,1
rob,1
dreadful,1
dis,1
th,1
cousin,1
marriage,1
lead,1
beauty,1
appearance,1
majestic,1
germany,1
noble,1
member,1
jewish,1
unusually,1
sense,1
high,1
hide,1
volume,1
fourth,1
publish,1
peen,1
extravagant,1
thing,1
yet,1
agitator,1
fanatic,1
orator,1
fascinating,1
scientific,1
admire,1
philosopher,1
cultured,1
profoundly,1
genius,1
gifted,1
figure,1
significant,1
democratic,1
german,1
founder,1
april,1
springer,1
stuttgart,1
correspondence,1
gabriele,1
review,1
bearing,1
domineering,1
equally,1
patriotically,1
just,1
edit,1
magnificently,1
work,1
po,1
hang,1
hall,1
proletarian,1
ex,1
ever,1
ting,1
instead,1
contradictory,1
internationalism,1
x,1
mar,1
turn,1
fad,1
was,1
leader,1
than,1
rather,1
dictator,1
prototype,1
brother,1
avoid,1
rough,1
reach,1
anything,1
van,1
sphere,1
dissimilar,1
purity,1
absolute,1
witness,1
mood,1
eye,1
fulfill,1
ire,1
lifetime,1
contempt,1
grave,1
justify,1
behind,1
recognize,1
ha,1
promise,1
call,1
counter,1
touching,1
sojourn,1
simultaneous,1
regulation,1
powerful,1
filial,1
open,1
branch,1
temperament,1
yield,1
steel,1
metallic,1
hard,1
fiery,1
patience,1
demand,1
considerable,1
much,1
enmity,1
worry,1
health,1
always,1
exceedingly,1
intellect,1
show,1
keep,1
ability,1
emotional,1
strength,1
nutritive,1
sturdiness,1
important,1
tree,1
prohibiting,1
point,1
perversity,1
immorality,1
throne,1
feudalism,1
tremendous,1
revolution,1
freedom,1
symbol,1
youth,1
right,1
above,1
fortune,1
part,1
set,1
favorable,1
regain,1
divorce,1
force,1
liberation,1
secure,1
energy,1
arid,1
year,1
eight,1
passion,1
violent,1
scandal,1
thrilling,1
drama,1
suit,1
out,1
contemporary,1
aged,1
middle,1
affection,1
reverential,1
knightly,1
profound,1
aid,1
protection,1
find,1
jew,1
cast,1
interrupt,1
own,1
path,1
hazardous,1
daring,1
spiritual,1
class,1
narrow,1
spiritually,1
furthermore,1
prison,1
month,1
destiny,1
