lemma,count
the,103
of,69
and,58
in,43
to,42
a,34
be,33
he,22
for,16
an,16
as,15
that,14
his,14
with,14
it,12
columbia,11
s,11
him,11
have,11
science,8
which,7
from,7
american,7
when,7
i,7
j,6
america,6
professor,6
who,6
by,6
new,5
our,5
college,5
come,5
career,5
electrical,5
scientific,5
on,5
hamilton,5
many,5
its,5
day,4
toward,4
at,4
other,4
light,4
young,4
early,4
so,4
what,4
see,4
their,4
great,4
man,4
even,3
will,3
mention,3
up,3
state,3
bring,3
some,3
high,3
heresy,3
they,3
himself,3
add,3
end,3
boy,3
these,3
return,3
general,3
into,3
or,3
us,3
make,3
name,3
know,3
find,3
page,3
democracy,3
fact,3
york,3
between,3
such,3
old,3
research,3
may,3
one,3
continue,3
view,3
service,2
ideal,2
my,2
o,2
first,2
there,2
physical,2
mist,2
study,2
atmosphere,2
just,2
idealism,2
civilization,2
me,2
valley,2
learning,2
compare,2
year,2
society,2
presently,2
lincoln,2
henry,2
author,2
immigrant,2
than,2
well,2
ever,2
influence,2
inventor,2
ask,2
hut,2
washington,2
answer,2
continental,2
national,2
then,2
sense,2
jay,2
lo,2
highly,2
we,2
serbian,2
this,2
country,2
development,2
council,2
receive,2
after,2
visit,2
current,2
matter,2
still,2
story,2
perhaps,2
fundamental,2
life,2
interest,2
follow,2
reader,2
marked,2
would,2
another,2
success,2
think,2
intelligent,2
admiration,2
suggest,2
under,2
every,2
gather,2
intellect,2
believe,2
lie,2
invention,2
enter,2
readily,2
but,2
direct,2
field,2
franklin,2
if,2
grounded,1
before,1
phenomena,1
take,1
device,1
show,1
bagpiper,1
instrument,1
feeling,1
strong,1
tune,1
stand,1
tuning,1
perform,1
adjust,1
side,1
poetical,1
operation,1
bis,1
those,1
difference,1
include,1
commonly,1
hunter,1
encounter,1
hen,1
sufficient,1
period,1
laboratory,1
modest,1
minded,1
disparage,1
sometimes,1
stuff,1
allowance,1
stiff,1
place,1
compose,1
either,1
eminent,1
der,1
severe,1
berlin,1
cambridge,1
western,1
iii,1
winner,1
confirm,1
triumph,1
witt,1
de,1
free,1
assume,1
academic,1
circle,1
most,1
harmony,1
together,1
along,1
get,1
e,1
trustee,1
inaction,1
m,1
hint,1
industry,1
st,1
inter,1
k,1
d,1
offend,1
thus,1
system,1
latter,1
eulogize,1
fit,1
scientist,1
discussion,1
distribution,1
power,1
two,1
pursue,1
abroad,1
immediately,1
economic,1
oscillator,1
complete,1
wireless,1
person,1
galileo,1
law,1
impatiently,1
how,1
concept,1
primary,1
demand,1
culture,1
social,1
art,1
fine,1
literature,1
expect,1
cultured,1
herdsman,1
delay,1
regret,1
image,1
whole,1
sunshine,1
clear,1
particle,1
dispel,1
hep,1
personality,1
wonderful,1
touch,1
outline,1
discover,1
long,1
ago,1
member,1
shading,1
require,1
perfection,1
invent,1
theology,1
any,1
divinity,1
closer,1
declare,1
train,1
respect,1
profound,1
create,1
succeed,1
lofty,1
pursuit,1
united,1
mobilize,1
represent,1
organization,1
firmly,1
say,1
war,1
during,1
usefully,1
function,1
na,1
near,1
vision,1
prevent,1
themselves,1
edison,1
doing,1
comparison,1
idealistic,1
emotional,1
penumbra,1
within,1
can,1
tesla,1
origin,1
racial,1
same,1
throughout,1
evident,1
imagination,1
activity,1
temperament,1
richness,1
advise,1
vibration,1
strike,1
knife,1
thrust,1
cattle,1
whereabout,1
intent,1
helper,1
transact,1
plain,1
here,1
prosaic,1
lift,1
preparation,1
indebted,1
non,1
bridge,1
cam,1
journey,1
h,1
literal,1
question,1
star,1
herd,1
watch,1
while,1
revelation,1
bi,1
seek,1
desire,1
burning,1
truth,1
eternal,1
worship,1
mean,1
practicality,1
over,1
aim,1
daylight,1
descendant,1
total,1
president,1
testify,1
office,1
patent,1
immense,1
people,1
inventive,1
learned,1
mo,1
frequent,1
due,1
achievement,1
important,1
europe,1
rica,1
ami,1
both,1
close,1
greenhorn,1
gallant,1
receptive,1
eager,1
adventure,1
intervene,1
point,1
forefront,1
language,1
term,1
incorporation,1
capital,1
clearly,1
class,1
enough,1
th,1
reaction,1
them,1
standard,1
realize,1
shore,1
miscellany,1
propel,1
impulse,1
understand,1
later,1
chapter,1
profit,1
more,1
wonder,1
account,1
technical,1
detailed,1
face,1
inept,1
reluctant,1
somewhat,1
remain,1
tend,1
nevertheless,1
ingenuity,1
restless,1
conductor,1
wave,1
inductance,1
right,1
letter,1
autograph,1
consist,1
penultimate,1
book,1
alone,1
possible,1
successful,1
infer,1
seat,1
handsome,1
late,1
danube,1
village,1
obscure,1
birthplace,1
illustration,1
autobiography,1
elaborate,1
son,1
scribner,1
pp,1
illustrate,1
michael,1
full,1
b,1
review,1
facsimile,1
convey,1
acknowledgment,1
among,1
sale,1
telephony,1
apply,1
coil,1
significant,1
kite,1
through,1
impetus,1
frontier,1
military,1
austria,1
serb,1
sympathetic,1
thank,1
measure,1
good,1
yield,1
recognition,1
century,1
half,1
candor,1
acknowledge,1
university,1
raise,1
executive,1
chief,1
apprenticeship,1
impression,1
homeland,1
conclusive,1
sit,1
now,1
dame,1
generous,1
heart,1
warm,1
peasant,1
mater,1
alma,1
need,1
booth,1
edwin,1
beecher,1
ward,1
faculty,1
official,1
avenue,1
madison,1
park,1
street,1
fiftieth,1
south,1
location,1
time,1
draw,1
today,1
hold,1
north,1
brocade,1
ostrich,1
spirit,1
elect,1
freely,1
family,1
prominent,1
scion,1
backward,1
masterfully,1
coach,1
affray,1
feel,1
sophomore,1
next,1
rush,1
tip,1
cane,1
annual,1
freshman,1
shy,1
strange,1
too,1
though,1
progress,1
taste,1
acceptable,1
mother,1
nurse,1
win,1
become,1
all,1
sum,1
yet,1
philosophy,1
music,1
dabble,1
latin,1
greek,1
intellectual,1
curse,1
bless,1
newcomer,1
traditional,1
densely,1
air,1
thin,1
rather,1
land,1
substrata,1
perdurable,1
recent,1
foundation,1
flux,1
easy,1
tradition,1
race,1
proud,1
like,1
instructively,1
no,1
use,1
subsequent,1
sufficiently,1
livingston,1
citizenship,1
striver,1
army,1
join,1
leave,1
athlete,1
henley,1
victory,1
narrow,1
choice,1
prepared,1
peak,1
serbia,1
americanization,1
americanism,1
way,1
work,1
begin,1
beginner,1
environment,1
fortify,1
abundance,1
student,1
type,1
meet,1
limitation,1
