lemma,count
the,40
be,23
of,21
i,14
to,14
t,11
in,11
ill,10
l,9
a,8
th,6
r,6
tile,6
and,5
on,5
n,5
c,5
s,4
tl,4
have,4
it,4
for,4
that,4
or,4
f,4
j,4
will,4
z,4
d,4
o,3
he,3
with,3
v,3
e,3
ii,3
hi,3
re,3
government,3
g,3
rt,3
as,3
law,3
ion,2
arise,2
congress,2
point,2
so,2
though,2
if,2
ed,2
k,2
his,2
lawyer,2
de,2
reader,2
its,2
u,2
ll,2
part,2
may,2
book,2
we,2
make,2
say,2
american,2
while,2
series,2
court,2
which,2
justice,2
this,2
by,2
study,2
look,2
textbook,2
constitutional,2
fr,1
refresh,1
right,1
subject,1
lille,1
ta,1
but,1
tho,1
enable,1
perceive,1
individual,1
how,1
ilium,1
eel,1
libel,1
ibis,1
supreme,1
states,1
civil,1
ell,1
rim,1
wt,1
ga,1
art,1
co,1
ce,1
fro,1
green,1
rid,1
york,1
judicial,1
celt,1
new,1
xx,1
iowa,1
troll,1
list,1
wilt,1
two,1
ex,1
judge,1
go,1
bring,1
between,1
dower,1
over,1
cod,1
trill,1
sort,1
state,1
h,1
littler,1
united,1
no,1
tic,1
y,1
lip,1
jr,1
ch,1
pt,1
sandwich,1
sea,1
high,1
hook,1
early,1
likely,1
third,1
sin,1
entire,1
fie,1
hut,1
example,1
commit,1
cooley,1
discussion,1
hr,1
power,1
punish,1
piracy,1
felony,1
cover,1
adapt,1
w,1
subordination,1
easy,1
popular,1
true,1
classified,1
impel,1
clear,1
style,1
volume,1
arid,1
bibliography,1
mere,1
mechanical,1
cr,1
presentation,1
topic,1
save,1
previous,1
from,1
either,1
at,1
formal,1
work,1
constantly,1
purpose,1
primarily,1
history,1
knotty,1
legal,1
design,1
main,1
text,1
beginning,1
deal,1
quite,1
intelligible,1
extended,1
more,1
chapter,1
attempt,1
each,1
stereotype,1
formality,1
dull,1
m,1
construct,1
hart,1
prof,1
such,1
edit,1
teat,1
tat,1
ali,1
nat,1
q,1
skate,1
citizen,1
la,1
far,1
not,1
gill,1
publish,1
x,1
these,1
who,1
sovereignty,1
divide,1
decision,1
sake,1
principle,1
off,1
specific,1
follow,1
dr,1
would,1
constitution,1
plan,1
excellent,1
same,1
eight,1
first,1
carefully,1
apparent,1
paradox,1
fill,1
