lemma,count
the,95
of,61
be,58
and,41
in,39
to,27
a,26
with,19
that,17
her,15
it,15
have,15
he,15
mrs,15
she,14
woman,14
s,14
lincoln,13
him,12
wife,12
all,11
for,11
as,10
not,10
by,9
which,9
his,9
but,8
one,8
when,8
this,7
on,7
them,7
mr,7
bradford,7
husband,6
would,6
man,6
love,6
mary,6
at,6
than,6
well,6
they,6
more,6
who,5
most,5
e,5
we,5
relation,5
any,5
great,5
do,4
i,4
arnold,4
there,4
or,4
dream,4
yet,4
todd,4
seven,4
author,4
american,4
make,4
president,4
so,4
never,4
know,3
doubt,3
character,3
nor,3
into,3
subject,3
you,3
much,3
o,3
phrase,3
good,3
sense,3
because,3
gamaliel,3
abraham,3
late,3
about,3
an,3
famous,3
say,3
lee,3
through,3
benedict,3
theodosia,3
think,3
child,3
add,2
perhaps,2
lodge,2
fault,2
too,2
statement,2
star,2
ill,2
mate,2
rather,2
my,2
enjoy,2
may,2
own,2
against,2
life,2
even,2
such,2
no,2
appreciate,2
how,2
many,2
neither,2
live,2
call,2
rankin,2
after,2
other,2
their,2
apply,2
influence,2
conclusion,2
nine,2
out,2
nature,2
instance,2
home,2
smile,2
world,2
me,2
from,2
word,2
attention,2
practical,2
temper,2
once,2
sum,2
up,2
over,2
point,2
himself,2
household,2
if,2
herself,2
state,2
blaine,2
brother,2
g,2
jame,2
always,2
also,2
burr,2
side,2
judgment,2
our,2
curious,2
old,2
volume,2
soul,2
business,2
way,2
father,2
give,2
day,2
modern,2
else,2
criticize,2
stage,2
poetry,2
biographer,2
step,2
usual,2
new,2
only,2
every,2
place,2
defend,2
two,2
include,2
thought,2
what,2
go,2
alone,1
enormously,1
hi,1
map,1
agree,1
rule,1
tavern,1
time,1
choice,1
reviewer,1
student,1
mexican,1
domination,1
rarely,1
usually,1
ninety,1
analysis,1
leap,1
feel,1
under,1
devoted,1
exquisite,1
contain,1
intimate,1
robert,1
respect,1
sincere,1
differ,1
vice,1
knowledge,1
contemporary,1
difficult,1
impossible,1
task,1
instant,1
between,1
resemblance,1
judge,1
general,1
hundred,1
difference,1
obvious,1
t,1
ab,1
without,1
win,1
beatific,1
proud,1
force,1
ability,1
roam,1
enable,1
stay,1
theory,1
away,1
wk,1
sentimental,1
trial,1
extreme,1
store,1
anywhere,1
circuit,1
ha,1
joan,1
probably,1
perfectly,1
right,1
dislike,1
consideration,1
maintain,1
critical,1
op,1
th,1
penetrate,1
patient,1
phrased,1
dane,1
reprobate,1
daughter,1
melton,1
disagreeable,1
bolt,1
strike,1
either,1
solitude,1
west,1
complete,1
puzzle,1
passage,1
tremble,1
activity,1
variegate,1
review,1
different,1
similar,1
tease,1
trick,1
notice,1
minor,1
those,1
these,1
some,1
yes,1
often,1
fall,1
nevertheless,1
mind,1
inherent,1
busy,1
indifferent,1
care,1
treat,1
read,1
let,1
treasonable,1
ever,1
remain,1
suspect,1
mystery,1
just,1
tragic,1
disaster,1
england,1
loyalty,1
together,1
accurate,1
characteristic,1
outstanding,1
delineate,1
tend,1
charming,1
above,1
find,1
aspect,1
motherly,1
take,1
artistic,1
loneliness,1
peculiar,1
little,1
nil,1
exceed,1
far,1
elysium,1
tn,1
foible,1
definite,1
both,1
misfortune,1
intensity,1
affection,1
convey,1
speed,1
doing,1
get,1
accentuate,1
merely,1
deep,1
yearning,1
human,1
isolation,1
anything,1
earthly,1
can,1
realize,1
difficulty,1
confession,1
grant,1
chapter,1
although,1
affair,1
se,1
poor,1
satisfying,1
eluded,1
hour,1
sacrifice,1
beauty,1
wit,1
year,1
ac,1
rate,1
ly,1
perfection,1
compete,1
ideal,1
self,1
mall,1
deal,1
whose,1
mental,1
exceptional,1
boast,1
could,1
exception,1
none,1
erv,1
whirl,1
political,1
social,1
mother,1
bustle,1
administrator,1
efficient,1
loyal,1
scandal,1
victory,1
connection,1
history,1
depend,1
bryan,1
colonel,1
candidate,1
perennial,1
secretary,1
attainment,1
while,1
treatment,1
adam,1
cabot,1
senator,1
elect,1
bay,1
worth,1
bessie,1
brook,1
here,1
sister,1
outclass,1
rhetorical,1
henry,1
sex,1
superior,1
equal,1
least,1
seem,1
opinion,1
should,1
annoyance,1
q,1
irritate,1
unsupported,1
team,1
twice,1
ms,1
chance,1
butler,1
unmarried,1
form,1
various,1
politic,1
screen,1
medicine,1
literature,1
art,1
searching,1
open,1
sensation,1
existence,1
feminine,1
manner,1
quest,1
restless,1
midst,1
green,1
horace,1
harper,1
york,1
pp,1
illustrate,1
presidential,1
portrait,1
struggle,1
us,1
philosophical,1
book,1
benjamin,1
stand,1
davis,1
jefferson,1
madison,1
dolly,1
infamous,1
sure,1
viv,1
fashioned,1
bear,1
title,1
outside,1
very,1
tile,1
secret,1
unpopular,1
channel,1
renown,1
achieve,1
remarkable,1
exploit,1
dare,1
orbit,1
ghost,1
roosevelt,1
master,1
kind,1
god,1
practice,1
opportunism,1
shrewd,1
speak,1
another,1
publisher,1
sometimes,1
producer,1
fluid,1
creative,1
executive,1
branch,1
creep,1
distinction,1
curiously,1
unable,1
wholly,1
where,1
understand,1
common,1
keen,1
example,1
excellent,1
christian,1
cling,1
whether,1
true,1
young,1
ben,1
sound,1
depressingly,1
along,1
birth,1
ex,1
kill,1
familiarity,1
exist,1
marriage,1
m,1
sentence,1
del,1
profound,1
cynical,1
engagement,1
break,1
courtship,1
stormy,1
threadbare,1
now,1
anti,1
conjugal,1
admit,1
technical,1
religious,1
fan,1
believe,1
biography,1
gogh,1
van,1
vincent,1
pointing,1
la,1
skill,1
adjective,1
except,1
startling,1
view,1
statesman,1
democratic,1
create,1
same,1
cast,1
part,1
consider,1
whom,1
herbert,1
run,1
ask,1
your,1
stop,1
want,1
julius,1
meier,1
boston,1
h,1
still,1
write,1
church,1
join,1
religion,1
forth,1
pour,1
emancipator,1
doubtful,1
single,1
individual,1
strung,1
medici,1
high,1
hard,1
conception,1
meaning,1
thread,1
weaving,1
delicate,1
personal,1
abo,1
ltd,1
society,1
united,1
