lemma,count
of,66
the,64
be,44
and,40
to,30
in,25
a,22
tile,17
they,13
that,12
it,10
not,8
property,8
would,8
by,8
which,7
have,7
state,6
with,6
this,6
but,5
for,5
wage,5
real,4
from,4
their,4
plan,4
on,4
man,4
or,4
democracy,4
each,4
will,3
law,3
great,3
those,3
hold,3
few,3
may,3
do,3
ill,3
majority,3
can,3
only,3
writer,3
we,3
as,3
present,3
determine,3
them,3
bad,3
one,3
gild,3
proportion,3
these,3
mr,3
share,3
large,3
club,3
essayist,3
member,3
lightly,2
transfer,2
small,2
possession,2
land,2
if,2
transaction,2
system,2
true,2
question,2
hand,2
measure,2
i,2
analysis,2
syndicalist,2
collectivist,2
product,2
book,2
work,2
tax,2
worker,2
general,2
evil,2
suggest,2
tend,2
find,2
end,2
contract,2
part,2
slave,2
instrument,2
earner,2
secure,2
distribution,2
till,2
u,2
control,2
accumulation,2
very,2
at,2
free,2
many,2
theory,2
elector,2
such,2
any,2
character,2
cox,2
against,2
an,2
court,2
call,2
who,2
much,2
too,2
rota,2
title,2
none,2
believe,2
first,2
main,2
essay,2
all,2
so,2
defend,2
green,1
seizure,1
london,1
prevent,1
undue,1
exempt,1
broker,1
source,1
livelihood,1
under,1
mann,1
pretense,1
limit,1
co,1
stuck,1
company,1
s,1
profit,1
heavily,1
step,1
york,1
idea,1
new,1
think,1
servitude,1
taker,1
explain,1
increase,1
v,1
age,1
lack,1
intend,1
dedicate,1
enable,1
refuse,1
suit,1
collection,1
hard,1
settle,1
answer,1
differ,1
different,1
country,1
net,1
time,1
calcutta,1
bombay,1
case,1
england,1
undoubtedly,1
clearly,1
effect,1
admit,1
nacre,1
like,1
serious,1
beyond,1
f,1
refit,1
his,1
contribution,1
purpose,1
pol,1
pretend,1
exposition,1
convincing,1
out,1
advocate,1
thoughtful,1
examination,1
relatively,1
refutation,1
socialist,1
arc,1
rich,1
information,1
suggestion,1
amply,1
repay,1
attention,1
interested,1
complex,1
urgent,1
problem,1
write,1
lire,1
enforcement,1
socialism,1
tendency,1
toward,1
broad,1
therefore,1
radical,1
remedy,1
associative,1
definition,1
elaborate,1
point,1
seem,1
us,1
somewhat,1
obscure,1
must,1
injustice,1
perhaps,1
fair,1
say,1
involve,1
formation,1
into,1
association,1
embrace,1
defense,1
industry,1
govern,1
form,1
finality,1
agent,1
when,1
deal,1
r,1
shaw,1
shavian,1
sleight,1
ancient,1
argue,1
economic,1
recall,1
th,1
t,1
reviewer,1
rote,1
necessary,1
body,1
representative,1
actual,1
right,1
enjoyment,1
disposal,1
include,1
make,1
truly,1
something,1
capable,1
live,1
own,1
he,1
o,1
contribute,1
iota,1
old,1
tone,1
exercise,1
however,1
candid,1
hen,1
argument,1
revive,1
get,1
subtle,1
technical,1
certainly,1
interesting,1
degree,1
largely,1
some,1
principle,1
church,1
vigor,1
often,1
keenness,1
catholic,1
nimble,1
wit,1
even,1
authority,1
enjoy,1
life,1
fully,1
principal,1
rousseau,1
condition,1
citation,1
express,1
eye,1
fairly,1
spirit,1
opinion,1
derive,1
master,1
expound,1
indeed,1
lot,1
dependent,1
daily,1
than,1
latter,1
sure,1
food,1
care,1
need,1
keep,1
profitable,1
creed,1
sometimes,1
force,1
pay,1
indirectly,1
because,1
go,1
accord,1
place,1
nature,1
welfare,1
society,1
strongly,1
far,1
nationalize,1
vest,1
advantageous,1
social,1
follow,1
view,1
essential,1
couple,1
conviction,1
whence,1
allow,1
harmful,1
useful,1
always,1
leave,1
number,1
unjust,1
mischievous,1
bind,1
page,1
disastrous,1
situation,1
adjustment,1
