lemma,count
the,28
of,18
and,13
be,11
to,9
in,8
with,7
badger,6
have,6
a,6
not,5
deal,5
dr,5
security,4
which,4
he,4
so,4
investment,4
market,3
valuation,3
it,3
s,3
bond,3
corporation,3
by,3
that,3
an,3
point,2
his,2
present,2
public,2
book,2
subject,2
their,2
value,2
these,2
ordinary,2
give,2
varied,2
as,2
work,2
person,2
this,2
interest,2
discuss,2
stock,2
industrial,2
on,2
problem,1
provide,1
excellent,1
insight,1
into,1
risk,1
define,1
easy,1
analyze,1
gs,1
indicate,1
earning,1
quotation,1
lie,1
separate,1
status,1
financial,1
knowledge,1
regard,1
what,1
succeed,1
elucidating,1
actual,1
new,1
without,1
d,1
appraisal,1
price,1
pr,1
place,1
within,1
reach,1
method,1
chapter,1
eastman,1
most,1
indeed,1
clarity,1
impartiality,1
will,1
appreciate,1
holder,1
future,1
whole,1
study,1
content,1
disclose,1
intimate,1
acquaintance,1
certain,1
phase,1
various,1
well,1
service,1
control,1
ralph,1
consideration,1
involve,1
fact,1
under,1
legislative,1
them,1
do,1
special,1
evaluation,1
section,1
important,1
investor,1
would,1
effectively,1
york,1
task,1
difficult,1
explanation,1
concise,1
description,1
really,1
tax,1
estimate,1
inheritance,1
clear,1
compute,1
open,1
kind,1
avoid,1
technicality,1
author,1
confer,1
considerable,1
render,1
assume,1
community,1
business,1
undertake,1
nor,1
one,1
frequently,1
entire,1
longer,1
literary,1
intent,1
benefit,1
deem,1
intricate,1
no,1
contrive,1
disquisition,1
prentice,1
much,1
rank,1
life,1
hope,1
inherit,1
something,1
there,1
money,1
write,1
throughout,1
country,1
invest,1
close,1
inc,1
hall,1
all,1
many,1
quite,1
terminology,1
readable,1
quote,1
layman,1
may,1
enticing,1
but,1
generally,1
focus,1
axe,1
simple,1
report,1
reader,1
elaborate,1
become,1
hitherto,1
