lemma,count
the,25
to,15
and,10
of,9
be,8
a,8
in,7
it,6
for,5
s,5
on,4
story,4
that,4
forest,4
with,4
jean,4
south,3
author,3
uncle,3
fly,3
down,2
have,2
her,2
continue,2
mile,2
fair,2
almost,2
redwood,2
goose,2
who,2
godson,2
but,2
as,2
or,2
up,2
geese,2
reader,2
by,2
title,2
page,2
become,1
character,1
method,1
reality,1
soon,1
stunt,1
too,1
obvious,1
may,1
raise,1
any,1
lt,1
grotesque,1
inspire,1
w,1
frequently,1
would,1
introduction,1
continual,1
from,1
o,1
suspense,1
entirely,1
depend,1
pleasure,1
everybody,1
beacon,1
flesh,1
policeman,1
traffic,1
need,1
period,1
avenue,1
perhaps,1
dash,1
auto,1
attempt,1
an,1
only,1
add,1
like,1
although,1
sweet,1
point,1
finally,1
view,1
i,1
l,1
obtain,1
effect,1
unfortunately,1
bur,1
paragraph,1
sentence,1
swift,1
short,1
device,1
lead,1
speed,1
faith,1
triumph,1
wish,1
influence,1
aunt,1
so,1
codicil,1
carry,1
will,1
land,1
leave,1
jeana,1
open,1
when,1
word,1
one,1
pun,1
try,1
tempt,1
malicious,1
degree,1
such,1
sentimentality,1
rest,1
however,1
happen,1
book,1
fine,1
back,1
good,1
sufficiently,1
co,1
city,1
mary,1
dear,1
fiction,1
which,1
ask,1
distance,1
this,1
at,1
even,1
tho,1
difficult,1
not,1
mill,1
feed,1
cut,1
foul,1
mean,1
win,1
tree,1
love,1
say,1
balder,1
peter,1
contact,1
come,1
there,1
go,1
lodge,1
month,1
three,1
live,1
favorite,1
marry,1
find,1
read,1
