lemma,count
the,206
of,137
be,95
to,75
in,58
and,46
a,45
that,40
have,30
for,27
he,27
it,25
on,20
by,19
i,15
should,13
not,13
this,13
as,12
or,12
commission,11
government,11
which,11
an,11
them,11
do,11
there,10
l,10
we,9
with,9
if,9
would,9
native,9
their,9
from,9
work,8
its,8
s,8
one,8
high,8
any,8
at,8
new,7
make,7
his,7
prof,7
may,7
more,7
independence,7
they,7
author,6
find,6
so,6
will,6
n,6
discuss,6
present,6
india,6
our,6
but,6
american,6
t,6
state,6
book,5
then,5
time,5
say,5
pay,5
seem,5
philippine,5
possible,5
such,5
policy,5
first,5
when,5
tax,5
shall,5
service,5
willis,4
whether,4
problem,4
other,4
united,4
year,4
all,4
self,4
no,4
than,4
east,4
must,4
chapter,4
give,4
salary,4
obtain,4
construction,4
question,4
great,4
sir,4
good,4
also,4
railway,4
show,4
only,4
control,4
effort,3
f,3
every,3
scale,3
per,3
probably,3
profit,3
civil,3
official,3
abolish,3
rate,3
english,3
few,3
think,3
nd,3
development,3
view,3
quote,3
result,3
man,3
highway,3
up,3
interest,3
attention,3
far,3
e,3
archipelago,3
r,3
people,3
liberal,3
exploitation,3
what,3
labor,3
about,3
many,3
those,3
eastern,3
public,3
o,3
receive,3
peace,3
secretary,3
authority,2
dependency,2
cent,2
keep,2
until,2
advocate,2
disaster,2
contemplate,2
class,2
govern,2
emancipation,2
apparently,2
third,2
de,2
large,2
disapproval,2
ir,2
local,2
tariff,2
long,2
without,2
adopt,2
belief,2
second,2
express,2
letter,2
temple,2
richard,2
hunter,2
even,2
prepare,2
much,2
need,2
building,2
hem,2
account,2
g,2
railroad,2
doubtless,2
while,2
these,2
h,2
follow,2
maintenance,2
themselves,2
over,2
comment,2
promote,2
province,2
page,2
financial,2
likely,2
ms,2
permit,2
payment,2
nation,2
nothing,2
expression,2
john,2
loan,2
statement,2
directly,2
system,2
company,2
teacher,2
become,2
refer,2
insular,2
involve,2
prove,2
aid,2
equal,2
internal,2
capital,2
believe,2
island,2
toward,2
certain,2
call,2
who,2
civilization,2
income,2
out,2
clear,2
dilemma,2
danger,2
corporation,2
dual,2
set,2
declaration,2
franchise,2
thing,2
declare,2
now,2
compensation,2
qualification,2
attach,2
race,2
taft,2
ease,2
enough,2
matter,2
york,2
since,2
fail,2
george,2
bishop,2
require,2
reason,2
after,2
already,2
spain,2
assert,2
character,2
fair,2
through,2
forth,2
ready,2
preference,2
fact,2
land,2
rte,2
too,2
investment,2
street,2
number,2
september,2
contention,2
very,2
place,2
less,2
member,2
court,2
examination,2
claim,2
can,2
grant,2
nine,2
lt,2
exercise,2
judge,2
however,2
traffic,1
still,1
w,1
c,1
neglect,1
partly,1
equivocal,1
due,1
tor,1
equally,1
k,1
table,1
wheel,1
ow,1
greatly,1
price,1
hal,1
prospect,1
conduct,1
expense,1
christianized,1
th,1
darts,1
possession,1
me,1
ye,1
ta,1
calcutta,1
ave,1
delhi,1
open,1
maxim,1
islander,1
soil,1
opium,1
william,1
stamp,1
balance,1
paper,1
totally,1
lottery,1
lion,1
monopoly,1
poll,1
imposing,1
emphasize,1
unwise,1
treasury,1
unheard,1
widespread,1
useful,1
ht,1
lighten,1
incapable,1
produce,1
correction,1
mistake,1
incidentally,1
discontent,1
taxation,1
granting,1
creation,1
xvii,1
provincial,1
share,1
mainly,1
municipality,1
appropriate,1
describe,1
incapacity,1
cause,1
increase,1
colonial,1
restriction,1
mush,1
moment,1
next,1
inadequate,1
complain,1
recognition,1
ct,1
two,1
legislation,1
inconsistent,1
regulation,1
report,1
bl,1
lr,1
stress,1
na,1
tires,1
intimate,1
exceed,1
select,1
twenty,1
list,1
case,1
specific,1
tn,1
office,1
supreme,1
total,1
include,1
month,1
whom,1
age,1
each,1
turn,1
again,1
lieutenant,1
rupee,1
regardless,1
desire,1
elate,1
wad,1
er,1
lee,1
seemingly,1
quiet,1
trust,1
head,1
president,1
luke,1
bernard,1
wright,1
axe,1
guilty,1
sort,1
petty,1
bribery,1
trustworthiness,1
en,1
employment,1
lucrative,1
some,1
mos,1
formerly,1
kn,1
offer,1
youth,1
contribute,1
materially,1
almost,1
want,1
mass,1
opinion,1
press,1
impute,1
bad,1
faith,1
eligible,1
where,1
ell,1
continuance,1
create,1
paralysis,1
bring,1
standstill,1
attitude,1
pessimistic,1
explain,1
ply,1
benefit,1
distinctly,1
tirol,1
go,1
indefinite,1
exist,1
status,1
cluster,1
impasse,1
industry,1
provide,1
point,1
slide,1
modify,1
chinese,1
introduce,1
once,1
remark,1
leave,1
demand,1
portent,1
conclusively,1
appear,1
fulfillment,1
condition,1
indispensable,1
prosecute,1
fin,1
oppose,1
attempt,1
alter,1
intelligent,1
exigency,1
administration,1
secure,1
remarkable,1
recite,1
imply,1
rendering,1
efficient,1
substantially,1
sere,1
ice,1
constitute,1
ground,1
get,1
bee,1
extreme,1
dissent,1
ridiculously,1
regard,1
colony,1
scheme,1
progress,1
lack,1
servant,1
return,1
home,1
training,1
supply,1
induce,1
correspond,1
attract,1
thus,1
type,1
administrative,1
force,1
three,1
surplus,1
excessively,1
together,1
capacity,1
standing,1
consequent,1
fitness,1
confer,1
lump,1
indiscriminately,1
clan,1
own,1
conviction,1
nature,1
governmental,1
legitimately,1
lie,1
divergent,1
characteristic,1
contrary,1
rather,1
mile,1
outside,1
luzon,1
cover,1
wide,1
area,1
minute,1
inhabitant,1
physical,1
feature,1
hardly,1
touch,1
nor,1
study,1
assertion,1
fundamental,1
prudent,1
implicit,1
dicey,1
mankind,1
capable,1
ira,1
free,1
discussion,1
obedience,1
stuart,1
akbar,1
charlemagne,1
fortunate,1
unqualifiedly,1
voluminous,1
contain,1
mill,1
mad,1
south,1
experience,1
tern,1
republic,1
remain,1
under,1
supremacy,1
among,1
priest,1
degree,1
advancement,1
information,1
complete,1
later,1
adam,1
freedom,1
travel,1
soon,1
multitude,1
setting,1
treaty,1
impose,1
us,1
inquiry,1
scope,1
devoted,1
newly,1
extensive,1
discover,1
veil,1
authenticate,1
careful,1
drawing,1
conclusion,1
solution,1
cession,1
theory,1
command,1
condemn,1
write,1
saturday,1
review,1
thoughtful,1
accurate,1
serious,1
possibly,1
minded,1
connect,1
territorial,1
expansion,1
arouse,1
disclose,1
purpose,1
justification,1
accord,1
inhere,1
intention,1
distinct,1
definition,1
is,1
element,1
uncertainty,1
aspect,1
step,1
hazard,1
define,1
candidate,1
national,1
campaign,1
interpolate,1
change,1
word,1
condemnation,1
theorem,1
imperialism,1
low,1
higher,1
justify,1
arc,1
early,1
demonstrate,1
last,1
wrong,1
abandon,1
come,1
full,1
circle,1
him,1
du,1
event,1
vs,1
net,1
away,1
little,1
nile,1
obligate,1
q,1
gross,1
receipt,1
till,1
lu,1
stipulation,1
reversion,1
city,1
indication,1
outcome,1
western,1
example,1
fie,1
surprise,1
selection,1
route,1
interfere,1
alaine,1
law,1
general,1
oven,1
potent,1
municipal,1
yet,1
district,1
board,1
exactly,1
shed,1
disastrous,1
doe,1
considerable,1
harmony,1
lower,1
wage,1
picture,1
exhibit,1
wholly,1
sombre,1
tone,1
introduction,1
sinister,1
motive,1
promoting,1
political,1
act,1
build,1
ch,1
remuneration,1
mention,1
concern,1
recently,1
pr,1
acute,1
subject,1
well,1
because,1
officially,1
tot,1
responsible,1
resolution,1
entertain,1
meet,1
requirement,1
conclude,1
power,1
otherwise,1
malign,1
relevant,1
drawl,1
ireland,1
fly,1
face,1
european,1
most,1
consider,1
discus,1
british,1
reference,1
both,1
scribe,1
lavishly,1
ago,1
principal,1
important,1
gorgeous,1
illustrative,1
happen,1
short,1
notice,1
vi,1
z,1
pa,1
tr,1
rely,1
theme,1
issue,1
contribution,1
controversy,1
title,1
read,1
part,1
shower,1
could,1
shareholder,1
down,1
p,1
ca,1
guarantee,1
line,1
payable,1
chiefly,1
improvement,1
revise,1
england,1
divide,1
between,1
respective,1
advantage,1
britain,1
employ,1
her,1
especially,1
king,1
pearl,1
gold,1
she,1
poor,1
county,1
canal,1
mean,1
ra,1
use,1
security,1
propose,1
ha,1
precedent,1
chronicler,1
