lemma,count
the,116
of,75
be,41
in,37
to,37
a,30
and,27
her,23
his,19
that,19
which,16
as,14
from,13
he,12
for,11
it,10
i,10
she,10
have,10
this,9
caroline,9
not,8
s,8
who,7
on,7
him,7
with,7
no,7
see,6
before,6
trial,6
n,6
princess,6
author,6
but,6
we,6
prof,6
an,6
one,5
more,5
us,5
by,5
eloquence,5
letter,5
our,5
even,4
because,4
brougham,4
at,4
first,4
man,4
relation,4
there,4
character,4
george,4
day,4
follow,4
make,4
opinion,4
parliament,3
do,3
all,3
they,3
step,3
so,3
book,3
lord,3
fact,3
terrible,3
through,3
witness,3
many,3
when,3
go,3
act,3
will,3
lie,3
hussar,3
force,3
iv,3
draw,3
under,3
italy,3
could,3
what,3
time,3
attempt,3
give,3
royal,3
such,3
great,3
these,3
house,3
f,3
o,2
evident,2
nothing,2
here,2
then,2
master,2
city,2
private,2
question,2
its,2
year,2
mean,2
u,2
ad,2
during,2
public,2
able,2
them,2
come,2
between,2
th,2
two,2
can,2
r,2
slovenly,2
always,2
thrust,2
irresistible,2
however,2
think,2
later,2
brunswick,2
forward,2
mo,2
lady,2
their,2
element,2
where,2
e,2
x,2
move,2
or,2
use,2
seem,2
against,2
impossible,2
some,2
source,2
italian,2
speak,2
wale,2
university,2
life,2
form,2
popular,2
if,2
you,2
work,2
l,2
bring,2
only,2
produce,2
new,2
wife,2
opposition,2
while,2
judge,2
examination,2
reading,2
celebrated,2
scandal,2
evidence,2
canning,2
light,2
drama,2
protagonist,2
picture,2
read,2
nor,2
persuasive,1
persuasiveness,1
describe,1
splendor,1
fearsome,1
certainly,1
tremendous,1
spelling,1
phrase,1
never,1
wherein,1
neither,1
fine,1
up,1
hold,1
speaker,1
though,1
pt,1
unevenness,1
out,1
simply,1
specific,1
correct,1
polished,1
unfold,1
benefit,1
image,1
alan,1
jump,1
employer,1
grasp,1
courier,1
foot,1
lame,1
soldier,1
shout,1
bravo,1
whom,1
both,1
synthesis,1
admirable,1
honor,1
elf,1
la,1
lion,1
columbia,1
play,1
sublime,1
real,1
card,1
guilty,1
special,1
found,1
jerusalem,1
order,1
grand,1
lind,1
nobility,1
restore,1
until,1
household,1
rank,1
arise,1
burst,1
position,1
menial,1
almost,1
contemporary,1
incomparable,1
touch,1
upheaval,1
antonio,1
p,1
secret,1
director,1
friend,1
grave,1
carry,1
woman,1
incongruity,1
striking,1
oratory,1
most,1
incoherent,1
saline,1
constant,1
talent,1
mobile,1
g,1
re,1
political,1
score,1
tot,1
break,1
fae,1
appendix,1
interesting,1
mystery,1
remain,1
bettor,1
throw,1
show,1
ingenious,1
continental,1
eye,1
freedom,1
extract,1
novel,1
need,1
party,1
marry,1
prince,1
conjugal,1
reason,1
contrast,1
diverse,1
are,1
absence,1
history,1
acid,1
enter,1
deal,1
than,1
again,1
conclusion,1
purpose,1
occasion,1
sin,1
finger,1
point,1
simile,1
excited,1
veil,1
aside,1
seek,1
surpass,1
just,1
know,1
say,1
divide,1
idea,1
support,1
aspect,1
ministry,1
moral,1
pulverize,1
le,1
morbid,1
razor,1
ode,1
edge,1
explanation,1
poor,1
define,1
either,1
fool,1
violence,1
succeed,1
co,1
ill,1
those,1
after,1
warn,1
wisely,1
pie,1
thither,1
return,1
cf,1
england,1
leave,1
document,1
unpublished,1
largely,1
material,1
sojourn,1
entourage,1
construct,1
service,1
useful,1
therefore,1
undoubtedly,1
measure,1
share,1
reader,1
swallow,1
may,1
without,1
people,1
lian,1
welcome,1
warm,1
receive,1
readable,1
exact,1
merely,1
wish,1
observer,1
discretion,1
wise,1
learn,1
intention,1
state,1
should,1
asia,1
africa,1
europe,1
fly,1
nest,1
blood,1
foreign,1
case,1
fury,1
unprejudiced,1
reach,1
nigh,1
well,1
study,1
true,1
recent,1
kingdom,1
united,1
stability,1
threaten,1
century,1
nineteenth,1
endeavor,1
cl,1
review,1
york,1
write,1
residence,1
about,1
paolo,1
fair,1
owe,1
pervade,1
must,1
rise,1
accuse,1
odium,1
adduce,1
testimony,1
information,1
testify,1
tile,1
con,1
trustworthy,1
cold,1
less,1
influence,1
advocate,1
wonderful,1
power,1
subtle,1
ease,1
record,1
type,1
imagine,1
presence,1
agree,1
v,1
key,1
genii,1
per,1
z,1
picturesque,1
doff,1
lon,1
ix,1
romance,1
sent,1
grace,1
knelt,1
gallant,1
upon,1
pleasure,1
reply,1
ere,1
tl,1
ask,1
politely,1
distress,1
sit,1
ci,1
possibility,1
ar,1
himself,1
mae,1
titan,1
arm,1
other,1
afterward,1
polo,1
coo,1
ca,1
b,1
is,1
ti,1
exterior,1
yet,1
br,1
t,1
dal,1
pei,1
bi,1
li,1
holly,1
dexterous,1
bent,1
quickly,1
furniture,1
mixture,1
embryo,1
meeting,1
description,1
translate,1
worth,1
infidelity,1
queen,1
figure,1
central,1
bartolomeo,1
notorious,1
add,1
ping,1
gem,1
stay,1
independence,1
plan,1
cherish,1
anne,1
english,1
romantic,1
vulgarity,1
calculate,1
uniform,1
gown,1
disengage,1
troubled,1
turn,1
m,1
anteroom,1
present,1
stop,1
hotel,1
dress,1
gallantry,1
handsome,1
tall,1
next,1
strong,1
far,1
heart,1
round,1
spell,1
weave,1
june,1
