lemma,count
the,29
to,16
of,15
be,13
and,11
in,10
it,5
adler,5
land,5
by,4
not,4
he,4
jews,3
mr,3
find,3
manuscript,3
more,3
his,3
for,3
at,3
ill,2
holy,2
even,2
note,2
that,2
no,2
an,2
first,2
picture,2
interesting,2
somewhat,2
if,2
country,2
study,2
jew,2
through,2
but,2
trip,2
after,2
up,2
one,2
least,2
tile,2
where,2
x,2
go,2
east,2
a,2
s,2
collector,2
many,2
america,2
other,2
have,2
with,2
interest,2
amateur,1
monastery,1
le,1
colony,1
latter,1
these,1
concern,1
i,1
hunt,1
hopeful,1
account,1
report,1
enthusiastic,1
rant,1
then,1
publish,1
tl,1
argentina,1
child,1
russia,1
y,1
ago,1
another,1
englishman,1
russian,1
make,1
population,1
quarter,1
fact,1
tie,1
ghetto,1
immigrant,1
nothing,1
call,1
hook,1
israel,1
this,1
however,1
say,1
hardly,1
south,1
disappointment,1
temper,1
little,1
excite,1
enthusiasm,1
ir,1
become,1
hope,1
attach,1
really,1
girl,1
discovery,1
bend,1
about,1
them,1
l,1
spirited,1
boy,1
they,1
ride,1
horse,1
bare,1
pretentious,1
mind,1
back,1
due,1
lr,1
speak,1
personal,1
various,1
professionally,1
as,1
agent,1
relief,1
fund,1
later,1
reason,1
orient,1
investigate,1
condition,1
egypt,1
p,1
ob,1
city,1
world,1
visit,1
describe,1
besides,1
much,1
nathan,1
illustration,1
cloth,1
pp,1
philadelphia,1
jewish,1
society,1
although,1
intend,1
primarily,1
those,1
whom,1
dedicate,1
author,1
book,1
perhaps,1
damascus,1
itself,1
d,1
uncommon,1
we,1
private,1
custom,1
use,1
exist,1
h,1
give,1
seem,1
disappoint,1
air,1
there,1
yiddish,1
only,1
place,1
throughout,1
opening,1
li,1
eye,1
em,1
can,1
like,1
cairo,1
boast,1
so,1
continuity,1
or,1
re,1
id,1
ever,1
since,1
memory,1
cf,1
statement,1
lion,1
