lemma,count
the,157
of,93
be,80
and,68
in,56
a,53
to,40
that,21
by,21
i,20
as,20
dr,19
with,18
africa,17
this,16
it,16
jone,15
for,15
have,15
on,14
education,13
not,12
his,12
which,12
there,11
at,10
he,10
but,10
its,9
report,9
or,8
continent,8
who,8
great,7
where,7
so,7
stoke,6
from,6
east,6
all,6
an,6
african,6
s,5
like,5
world,5
only,5
america,5
cooperation,5
would,5
commission,5
jesse,5
church,5
t,5
even,5
day,5
may,5
missionary,4
result,4
such,4
life,4
book,4
l,4
they,4
can,4
any,4
no,4
more,4
civilization,4
peace,4
change,4
country,4
mission,4
fund,4
their,4
race,4
strong,3
condition,3
work,3
what,3
about,3
equal,3
thoma,3
must,3
controversy,3
south,3
other,3
year,3
good,3
time,3
especially,3
europe,3
whole,3
word,3
self,3
over,3
bring,3
should,3
these,3
here,3
college,3
h,3
people,3
write,3
color,3
we,3
between,3
independence,3
those,3
bear,3
british,3
government,3
deal,3
public,3
religion,3
leave,3
among,3
now,3
far,3
almost,3
page,2
introduction,2
issue,2
j,2
fact,2
first,2
out,2
department,2
catch,2
negro,2
mental,2
environment,2
society,2
than,2
india,2
apply,2
west,2
united,2
training,2
china,2
thought,2
hand,2
visit,2
brain,2
paternalism,2
profound,2
action,2
e,2
physical,2
new,2
q,2
state,2
prepare,2
thus,2
serve,2
quote,2
ion,2
regent,2
prince,2
mark,2
stand,2
christian,2
influence,2
mean,2
follow,2
misunderstanding,2
forty,2
throughout,2
backward,2
ethiopia,2
vast,2
spiritual,2
until,2
th,2
white,2
second,2
both,2
see,2
call,2
one,2
label,2
near,2
school,2
moral,2
read,2
hat,2
essential,2
native,2
well,2
belief,2
necessarily,2
rope,2
under,2
mind,2
attitude,2
perspective,2
therefore,2
chairman,2
development,2
him,2
importance,2
deed,2
review,2
institute,2
hampton,2
volume,2
leader,2
colonial,2
st,2
come,2
london,2
weak,2
citizen,2
hi,2
plea,2
masterly,2
mankind,2
american,2
meat,2
war,2
after,2
long,2
archbishop,2
ir,2
canterbury,2
ago,2
england,2
say,2
fairy,2
general,2
o,2
how,2
yet,2
will,2
ha,2
term,2
himself,2
mere,2
plead,1
office,1
toward,1
hut,1
health,1
care,1
take,1
peril,1
contact,1
ad,1
beneficial,1
worthy,1
ocean,1
trip,1
elf,1
cross,1
expensive,1
point,1
link,1
nit,1
amble,1
prevent,1
proposal,1
finally,1
paper,1
complete,1
sudden,1
claim,1
material,1
eve,1
realize,1
amid,1
class,1
count,1
collapse,1
protocol,1
path,1
also,1
involve,1
dominant,1
official,1
merchant,1
again,1
partnership,1
x,1
express,1
amazement,1
keynote,1
praise,1
most,1
mis,1
serf,1
fast,1
sunday,1
sabbath,1
jewish,1
include,1
feast,1
holiday,1
keep,1
churchman,1
reaction,1
side,1
mainly,1
exert,1
many,1
western,1
land,1
matter,1
own,1
wealthy,1
abyssinia,1
diagnosis,1
just,1
exhaust,1
neighborhood,1
timber,1
store,1
remote,1
soon,1
every,1
wednesday,1
ill,1
sured,1
subscribe,1
eu,1
isolation,1
abandon,1
ra,1
abundant,1
below,1
definable,1
tend,1
along,1
accessible,1
arrive,1
par,1
scarcely,1
score,1
us,1
hermitage,1
nation,1
es,1
zeal,1
despite,1
amt,1
welfare,1
fore,1
lent,1
chain,1
never,1
canyon,1
super,1
weaken,1
mandate,1
order,1
tie,1
charm,1
seem,1
freedom,1
simple,1
eduction,1
community,1
constant,1
directly,1
descend,1
colony,1
protectorate,1
trusteeship,1
residence,1
back,1
determination,1
knowledge,1
echo,1
represent,1
arouse,1
home,1
ideal,1
purely,1
recent,1
small,1
apparent,1
conflicting,1
require,1
adequately,1
tribal,1
none,1
tile,1
c,1
covenant,1
ninny,1
sf,1
ignorance,1
aisle,1
hew,1
find,1
favor,1
d,1
les,1
anson,1
lo,1
justify,1
hard,1
m,1
cf,1
f,1
ono,1
dex,1
let,1
fatherhood,1
hope,1
contribution,1
away,1
sweep,1
optimism,1
juvenile,1
hatred,1
separation,1
endure,1
secular,1
standing,1
accord,1
shrewd,1
instruction,1
discerning,1
teaching,1
religious,1
attach,1
replace,1
less,1
defective,1
strengthen,1
provide,1
crime,1
old,1
need,1
upon,1
affect,1
natural,1
charge,1
pervade,1
view,1
spare,1
exist,1
sanction,1
authority,1
student,1
subject,1
way,1
off,1
lr,1
irritation,1
treatment,1
population,1
justice,1
contrast,1
flagrant,1
mediocre,1
scrap,1
oriental,1
girl,1
aim,1
inferiority,1
aristocratic,1
occidental,1
nordic,1
superior,1
nate,1
much,1
de,1
wise,1
sarcastically,1
use,1
nationality,1
pl,1
frank,1
admit,1
frankly,1
antagonism,1
ham,1
emperor,1
wale,1
rid,1
forward,1
ahead,1
behind,1
breath,1
lessor,1
ought,1
mexico,1
classroom,1
outside,1
together,1
con,1
interaction,1
direct,1
machine,1
cyclist,1
dynamic,1
policy,1
adopt,1
static,1
inequality,1
equality,1
avoid,1
deadlock,1
armstrong,1
sentiment,1
prevail,1
bet,1
du,1
divide,1
lie,1
develop,1
symbol,1
status,1
journey,1
support,1
agriculture,1
bureau,1
plant,1
ti,1
during,1
cape,1
pct,1
cairo,1
expert,1
notable,1
beneficent,1
enterprise,1
colored,1
philosophy,1
ampler,1
further,1
similar,1
board,1
international,1
arrange,1
request,1
urgent,1
impression,1
create,1
survey,1
mile,1
travel,1
appoint,1
four,1
background,1
unequal,1
emancipate,1
since,1
document,1
mysticism,1
compare,1
durham,1
historic,1
dispatch,1
canada,1
era,1
solid,1
formally,1
entertain,1
banquet,1
venerable,1
describe,1
b,1
practical,1
example,1
noble,1
enough,1
predecessor,1
sea,1
mediterranean,1
shore,1
dwell,1
associate,1
wilson,1
york,1
avenue,1
park,1
notion,1
current,1
revise,1
hotly,1
tribute,1
desperate,1
her,1
determine,1
story,1
itself,1
drama,1
century,1
renew,1
youth,1
augustine,1
anxious,1
subdue,1
dominion,1
forest,1
mountain,1
she,1
destiny,1
battle,1
deny,1
woman,1
man,1
aid,1
herbert,1
think,1
emotion,1
nothing,1
opinion,1
judgment,1
sound,1
remarkably,1
display,1
unusual,1
perhaps,1
n,1
share,1
colleague,1
question,1
kingdom,1
ireland,1
member,1
p,1
liken,1
huge,1
earth,1
equally,1
occident,1
orient,1
ready,1
ally,1
either,1
struggle,1
half,1
three,1
area,1
service,1
sanitary,1
medical,1
boy,1
train,1
kenya,1
scotch,1
could,1
exclusive,1
acreage,1
cultivate,1
dimension,1
true,1
shrink,1
future,1
susceptible,1
fairly,1
elsewhere,1
statesman,1
rook,1
adult,1
male,1
priest,1
monk,1
disease,1
arc,1
decimate,1
family,1
infant,1
recently,1
permanent,1
capital,1
britannica,1
vary,1
estimate,1
uncertain,1
number,1
very,1
factor,1
hardly,1
coptic,1
ancient,1
persist,1
slavery,1
liberia,1
proclaim,1
declaration,1
jefferson,1
thomas,1
jungle,1
tropical,1
precise,1
coconut,1
map,1
inevitably,1
contain,1
detail,1
repetition,1
clove,1
zanzibar,1
evil,1
plymouth,1
brother,1
jesuit,1
rhodesia,1
teach,1
bow,1
lat,1
asia,1
japan,1
shed,1
generation,1
interest,1
sympathetic,1
same,1
into,1
emerge,1
club,1
university,1
glimpse,1
preliminary,1
stanley,1
discover,1
ly,1
sink,1
seventh,1
adventist,1
intense,1
wealth,1
gain,1
opportunity,1
dark,1
longer,1
curse,1
challenge,1
boldly,1
fresh,1
outline,1
alone,1
part,1
show,1
concern,1
activity,1
conduct,1
reference,1
particular,1
mention,1
station,1
each,1
hygiene,1
make,1
basket,1
mat,1
tradition,1
interpret,1
tanganyika,1
lake,1
around,1
accurate,1
