lemma,count
the,160
of,116
be,48
and,46
to,40
a,31
in,30
for,18
that,14
as,13
his,12
i,12
he,12
s,11
e,11
have,11
t,11
by,10
or,10
at,10
this,10
not,9
an,9
but,8
time,8
which,8
diplomacy,8
o,7
their,7
with,7
it,7
tile,7
hill,7
d,7
change,7
who,7
italy,6
these,6
take,6
th,6
pope,6
from,6
power,6
idea,6
hand,5
l,5
emperor,5
europe,5
all,5
el,5
man,5
volume,5
international,5
state,5
do,5
year,5
become,5
world,4
work,4
dr,4
on,4
mr,4
rise,4
f,4
new,4
so,4
first,4
n,4
place,4
would,4
h,4
great,4
into,4
universal,3
well,3
page,3
him,3
france,3
far,3
none,3
modern,3
w,3
treat,3
period,3
tn,3
toward,3
no,3
viii,3
r,3
able,3
ad,3
upon,3
history,3
they,3
peace,3
such,3
important,3
italian,3
himself,3
many,3
st,3
make,3
motif,3
its,3
than,3
v,3
one,3
when,3
mill,2
hook,2
really,2
find,2
rome,2
intrigue,2
nd,2
ii,2
similar,2
minister,2
just,2
what,2
cardinal,2
reward,2
out,2
plan,2
her,2
diplomat,2
england,2
monarch,2
thus,2
office,2
example,2
story,2
lie,2
up,2
though,2
come,2
empire,2
vii,2
we,2
confine,2
author,2
invasion,2
recognize,2
more,2
give,2
ix,2
considerable,2
radical,2
nation,2
maintain,2
spain,2
thai,2
learn,2
balancing,2
j,2
without,2
u,2
p,2
er,2
appreciate,2
serve,2
id,2
another,2
reason,2
xi,2
louis,2
day,2
follow,2
policy,2
some,2
relation,2
old,2
purpose,2
force,2
much,2
reader,2
either,2
account,2
later,2
c,2
alliance,2
exercise,2
right,2
scheme,2
interesting,2
aggrandizement,2
look,2
view,2
re,2
may,2
shrewd,2
will,2
now,2
see,2
real,2
european,2
secular,2
second,2
york,2
too,2
since,2
influence,2
k,1
us,1
deliverer,1
forget,1
question,1
college,1
hoary,1
bishop,1
hail,1
invader,1
strong,1
coming,1
reputation,1
creme,1
because,1
country,1
tie,1
patron,1
still,1
she,1
city,1
warlike,1
parade,1
holiday,1
like,1
hence,1
was,1
dictate,1
term,1
fit,1
march,1
expression,1
gate,1
revolution,1
existence,1
treaty,1
how,1
open,1
speak,1
hasten,1
friend,1
introduce,1
macon,1
thoroughly,1
alone,1
four,1
honest,1
son,1
san,1
cover,1
brief,1
amply,1
henry,1
churchman,1
before,1
powerful,1
bismarck,1
deference,1
thesis,1
whom,1
prepared,1
profound,1
hall,1
honor,1
bow,1
y,1
convince,1
unselfish,1
tell,1
declaration,1
sheer,1
ll,1
under,1
move,1
ell,1
high,1
prominence,1
subject,1
very,1
hat,1
poor,1
ill,1
poll,1
estate,1
mark,1
early,1
arty,1
li,1
foreign,1
fix,1
highly,1
certain,1
read,1
reach,1
tin,1
de,1
tl,1
tall,1
nevertheless,1
yet,1
adhere,1
mistake,1
regard,1
b,1
can,1
dispense,1
ms,1
suddenly,1
dy,1
ian,1
ti,1
conquest,1
expense,1
quality,1
error,1
states,1
plunder,1
intoning,1
little,1
abolition,1
feudalism,1
southern,1
net,1
te,1
union,1
cruder,1
passive,1
indicate,1
conservative,1
boundary,1
northeastern,1
conquer,1
otto,1
partition,1
tendency,1
deplorable,1
population,1
run,1
any,1
never,1
na,1
reg,1
elizabeth,1
leader,1
justly,1
say,1
thirty,1
germany,1
conclude,1
westphalia,1
abrupt,1
finally,1
lat,1
century,1
whether,1
quite,1
pall,1
receive,1
late,1
fine,1
me,1
blow,1
part,1
intricate,1
chapter,1
french,1
messenger,1
observer,1
misnomer,1
sh,1
soc,1
attribute,1
shaping,1
thirteen,1
future,1
rearm,1
journey,1
special,1
adventure,1
require,1
twenty,1
space,1
national,1
short,1
action,1
fact,1
refer,1
last,1
campaign,1
almost,1
les,1
x,1
few,1
faint,1
momentous,1
hart,1
jefferson,1
bad,1
import,1
dir,1
ab,1
again,1
least,1
theoretically,1
every,1
church,1
solemnly,1
until,1
devil,1
incarnate,1
sum,1
evil,1
ager,1
essentially,1
government,1
religious,1
accomplish,1
two,1
standpoint,1
realize,1
loft,1
declare,1
ls,1
calmly,1
duty,1
source,1
necessary,1
issue,1
mental,1
rd,1
ha,1
ito,1
weary,1
small,1
blood,1
through,1
forward,1
qt,1
papacy,1
al,1
schism,1
ore,1
begin,1
govern,1
order,1
leo,1
show,1
if,1
disappoint,1
calling,1
technique,1
outline,1
completer,1
seek,1
diplomatist,1
historian,1
prince,1
offer,1
technical,1
describe,1
publication,1
clear,1
william,1
prof,1
book,1
review,1
saturday,1
write,1
development,1
study,1
latter,1
statecraft,1
natural,1
rather,1
god,1
decree,1
imaginary,1
back,1
date,1
brute,1
always,1
dependent,1
during,1
wrest,1
lord,1
less,1
king,1
absolute,1
local,1
authority,1
bet,1
deal,1
activity,1
diplomatic,1
theory,1
information,1
add,1
american,1
student,1
xii,1
good,1
tim,1
bus,1
perfection,1
utmost,1
overreaching,1
art,1
loyalty,1
over,1
distant,1
respect,1
dower,1
except,1
reverence,1
business,1
delicate,1
war,1
step,1
way,1
grouping,1
julius,1
cr,1
pew,1
five,1
whose,1
principe,1
indeed,1
nice,1
secret,1
people,1
despite,1
pp,1
germaine,1
against,1
ally,1
balance,1
nicely,1
north,1
wolsey,1
succeed,1
perish,1
pot,1
method,1
secure,1
imperial,1
descendant,1
independence,1
vestige,1
hundred,1
interest,1
remain,1
form,1
florence,1
milan,1
venice,1
co,1
only,1
cat,1
store,1
thin,1
slid,1
vol,1
z,1
fe,1
ml,1
cy,1
papa,1
en,1
hi,1
io,1
em,1
ia,1
selfish,1
brutal,1
fro,1
modem,1
vs,1
ki,1
dominant,1
lends,1
tho,1
ind,1
especially,1
principle,1
rule,1
control,1
rivalry,1
fierce,1
decade,1
present,1
residence,1
charles,1
while,1
holds,1
hoe,1
about,1
break,1
did,1
however,1
wall,1
ac,1
could,1
most,1
ami,1
february,1
