lemma,count
the,122
of,79
and,44
to,37
be,34
that,27
have,26
she,24
in,23
her,23
war,18
as,17
a,16
it,14
for,13
one,11
will,11
on,9
all,8
which,7
who,7
world,7
so,7
not,7
or,6
would,6
say,6
book,6
europe,6
sad,6
he,5
most,5
this,5
go,5
with,5
woman,5
lady,4
state,4
work,4
their,4
set,4
article,4
i,4
speak,4
warwick,4
into,4
may,4
upon,4
at,4
look,4
they,4
its,4
by,4
know,4
time,3
if,3
them,3
urge,3
much,3
american,3
sane,3
child,3
do,3
civilization,3
home,3
other,3
two,3
england,3
also,3
only,3
his,3
need,3
great,3
an,3
during,3
such,3
peter,3
modern,3
toward,3
old,3
no,3
democracy,3
people,3
there,3
liberty,2
long,2
thinking,2
united,2
clear,2
conflict,2
little,2
present,2
effect,2
power,2
difficult,2
those,2
s,2
side,2
intelligence,2
scheme,2
sanity,2
again,2
allow,2
heart,2
both,2
influence,2
hand,2
help,2
forth,2
among,2
european,2
german,2
intimate,2
generation,2
last,2
well,2
task,2
germany,2
grow,2
view,2
but,2
bear,2
school,2
necessity,2
out,2
then,2
think,2
order,2
social,2
live,2
freely,2
devote,2
always,2
better,2
affair,2
paper,2
publication,2
essay,2
real,2
bring,2
english,2
let,2
indeed,2
o,2
country,2
every,2
consequence,2
various,2
what,2
more,2
some,2
phase,2
without,2
idea,2
conviction,2
tho,2
author,2
perhaps,2
glad,2
hermit,2
countess,2
sea,1
rag,1
island,1
co,1
whole,1
refer,1
year,1
forget,1
operation,1
ultimate,1
far,1
hare,1
how,1
actual,1
madness,1
begin,1
mental,1
worker,1
because,1
draw,1
prejudice,1
currency,1
believe,1
already,1
lesson,1
direction,1
read,1
leave,1
undertake,1
after,1
debasement,1
finally,1
deserve,1
subject,1
wan,1
heal,1
reading,1
forward,1
find,1
mass,1
end,1
return,1
trouble,1
pea,1
inspire,1
dad,1
thought,1
fire,1
intense,1
shoat,1
thing,1
can,1
gain,1
sufficient,1
point,1
word,1
earnest,1
finish,1
once,1
show,1
while,1
agree,1
conclusion,1
worth,1
hopefully,1
sight,1
keenly,1
recurrence,1
prevent,1
intelligent,1
ardent,1
reconstitute,1
when,1
struggle,1
fight,1
rugby,1
summer,1
harrow,1
lade,1
useful,1
activity,1
put,1
mach,1
could,1
must,1
ia,1
wee,1
than,1
suggest,1
burden,1
prelude,1
should,1
enjoy,1
surprising,1
us,1
racing,1
like,1
game,1
club,1
golf,1
legion,1
see,1
stable,1
footman,1
democratic,1
man,1
valet,1
middle,1
tad,1
age,1
words,1
deed,1
hygienic,1
food,1
nourish,1
meet,1
prospect,1
status,1
around,1
bad,1
yet,1
combat,1
next,1
clearly,1
future,1
keeper,1
horror,1
ii,1
none,1
freedom,1
lifetime,1
suggestive,1
teach,1
deal,1
strengthen,1
hot,1
pray,1
never,1
rho,1
door,1
why,1
ask,1
scorch,1
pen,1
prevention,1
accept,1
sterile,1
land,1
use,1
faith,1
join,1
question,1
exclaim,1
note,1
aristocratic,1
vision,1
hope,1
here,1
continue,1
nit,1
t,1
ocean,1
across,1
carry,1
countryman,1
fellow,1
doubt,1
protest,1
stir,1
crisis,1
periodical,1
price,1
large,1
keen,1
too,1
crusade,1
absorb,1
amount,1
unusual,1
intellectually,1
way,1
belong,1
force,1
conservative,1
restrain,1
able,1
atlantic,1
hag,1
es,1
any,1
slaughter,1
praise,1
dancing,1
dervish,1
christianity,1
preach,1
due,1
th,1
l,1
concerned,1
deeply,1
envisage,1
aim,1
reader,1
prospective,1
title,1
interesting,1
very,1
ambiguous,1
rather,1
belgium,1
experience,1
describe,1
baroness,1
tell,1
ad,1
y,1
really,1
new,1
comprise,1
dozen,1
regeneration,1
moral,1
waste,1
utter,1
part,1
major,1
profound,1
century,1
twentieth,1
want,1
call,1
planet,1
life,1
company,1
york,1
constructive,1
se,1
technical,1
escape,1
wonder,1
day,1
these,1
palladium,1
sure,1
consider,1
speech,1
free,1
fall,1
bay,1
difficulty,1
quite,1
testify,1
ruler,1
scale,1
wield,1
personal,1
own,1
censor,1
establish,1
become,1
take,1
act,1
realm,1
occupy,1
et,1
ev,1
privilege,1
throne,1
amt,1
servant,1
public,1
efficient,1
peace,1
though,1
even,1
today,1
mind,1
immense,1
declare,1
feeling,1
true,1
prince,1
edward,1
king,1
tendency,1
conversation,1
discuss,1
royal,1
leader,1
make,1
range,1
knowledge,1
give,1
friendship,1
hat,1
study,1
position,1
witness,1
bale,1
monarch,1
opening,1
isolate,1
attitude,1
detail,1
considerable,1
policy,1
empire,1
destruction,1
seek,1
sagacity,1
belief,1
political,1
writer,1
assertion,1
confuting,1
purpose,1
tear,1
until,1
problem,1
