lemma,count
the,114
of,81
be,55
and,44
a,41
to,38
in,18
law,18
have,18
which,17
not,16
or,13
it,12
but,11
as,11
that,9
by,8
this,8
state,8
he,8
nation,8
roman,8
world,8
all,7
s,7
greece,7
for,7
american,7
his,7
its,7
federation,7
public,6
taylor,6
first,6
on,6
city,6
an,5
into,5
make,5
with,5
english,5
dr,5
private,4
failure,4
study,4
at,4
beside,4
ever,4
work,4
upon,4
such,4
worthy,4
become,4
what,4
these,4
government,4
tribe,4
produce,4
t,4
same,3
only,3
rome,3
three,3
stand,3
over,3
us,3
power,3
may,3
code,3
prime,3
each,3
place,3
know,3
one,3
we,3
from,3
title,3
our,3
citizen,3
development,3
before,3
then,3
within,2
nothing,2
between,2
brain,2
attempt,2
france,2
out,2
govern,2
grow,2
memory,2
off,2
effort,2
true,2
tenth,2
i,2
hannis,2
rank,2
leader,2
constitutional,2
new,2
thus,2
after,2
give,2
some,2
area,2
conception,2
two,2
legislation,2
p,2
when,2
her,2
time,2
submit,2
portion,2
member,2
webster,2
name,2
down,2
other,2
never,2
strike,2
there,2
above,2
form,2
condition,2
need,2
people,2
unsuited,2
convention,2
adopt,2
merely,2
pass,2
because,2
book,2
also,2
court,2
federal,2
department,2
where,2
propose,2
do,2
indeed,2
generalization,2
mean,2
vast,2
mankind,2
england,2
impress,2
manner,2
accept,2
tile,2
influence,2
fact,2
system,2
constitution,2
no,2
good,2
hard,2
division,2
great,2
more,2
science,2
should,2
opinion,2
than,2
originate,1
general,1
proof,1
subject,1
appreciate,1
advance,1
reader,1
enter,1
adapt,1
whom,1
u,1
officer,1
saxon,1
tingle,1
almost,1
difficult,1
blend,1
due,1
o,1
ancient,1
process,1
sustain,1
reasoning,1
flat,1
lord,1
along,1
old,1
they,1
notion,1
crime,1
yankee,1
land,1
attach,1
every,1
approval,1
european,1
say,1
latin,1
seventeen,1
century,1
ago,1
louisiana,1
equally,1
successor,1
example,1
hut,1
enactment,1
since,1
parliamentary,1
institute,1
inferior,1
blunder,1
con,1
north,1
fatal,1
receive,1
case,1
add,1
establishment,1
idea,1
rm,1
convincing,1
can,1
believe,1
their,1
inspiration,1
require,1
while,1
growth,1
hat,1
period,1
dignity,1
bee,1
instead,1
nevertheless,1
league,1
perhaps,1
oration,1
history,1
executive,1
making,1
possible,1
if,1
federate,1
judicial,1
cr,1
hers,1
bicameral,1
develop,1
plan,1
ancestor,1
priceless,1
slipshod,1
possession,1
co,1
like,1
novelty,1
any,1
broadly,1
operate,1
te,1
imitate,1
live,1
under,1
g,1
tr,1
depreciate,1
cord,1
engage,1
des,1
unworthy,1
intelligently,1
distinguish,1
man,1
purpose,1
tax,1
collect,1
levy,1
yet,1
supply,1
ask,1
international,1
art,1
break,1
little,1
thirteen,1
continent,1
organism,1
federated,1
society,1
compose,1
individual,1
sovereignty,1
nowhere,1
jurisdiction,1
call,1
previous,1
grant,1
inter,1
wonderful,1
citizenship,1
supreme,1
most,1
gladstone,1
dispute,1
draft,1
hold,1
economically,1
existence,1
dubious,1
year,1
eleven,1
committee,1
grasp,1
them,1
itself,1
day,1
glorious,1
mont,1
institution,1
beyond,1
classic,1
attention,1
best,1
begin,1
preoccupation,1
five,1
materialistic,1
united,1
fail,1
cure,1
ly,1
succeed,1
assertion,1
credit,1
z,1
living,1
mohammedan,1
bulgaria,1
entitle,1
class,1
production,1
among,1
imperishable,1
alone,1
church,1
macaulay,1
apostrophe,1
glowing,1
ts,1
hindu,1
proportion,1
unequal,1
very,1
dominate,1
nine,1
remain,1
lose,1
re,1
chinese,1
consideration,1
without,1
account,1
national,1
gather,1
would,1
love,1
self,1
agreeable,1
thesis,1
propound,1
bradford,1
edward,1
sketch,1
dismiss,1
jurisprudence,1
student,1
eminent,1
important,1
principle,1
significance,1
originality,1
declare,1
framer,1
useful,1
contribution,1
comparative,1
geologist,1
bold,1
broad,1
molder,1
fundamentally,1
belief,1
assert,1
motive,1
suspicion,1
resist,1
redeem,1
faith,1
qualified,1
respect,1
disorderly,1
reduce,1
generalize,1
animal,1
naturalist,1
rock,1
custom,1
found,1
britain,1
sense,1
th,1
bond,1
dwell,1
those,1
resident,1
port,1
stronghold,1
simply,1
hand,1
empire,1
subjection,1
entire,1
finally,1
spain,1
gaul,1
italy,1
franchise,1
extend,1
mistress,1
even,1
purely,1
personal,1
tribal,1
ruler,1
czar,1
take,1
ferdinand,1
see,1
month,1
tiber,1
bank,1
whether,1
company,1
york,1
b,1
cloth,1
goth,1
ring,1
l,1
frank,1
lin,1
chieftain,1
particular,1
confederation,1
clan,1
commonwealth,1
expand,1
fiction,1
legal,1
agency,1
shift,1
manifold,1
dependency,1
territorial,1
annex,1
dominion,1
inelastic,1
themselves,1
rigid,1
write,1
until,1
vigorous,1
whose,1
customary,1
wide,1
likeness,1
coincidence,1
equity,1
similarity,1
confine,1
regulate,1
associate,1
fa,1
both,1
lome,1
nor,1
boundary,1
geographical,1
fix,1
earth,1
definite,1
possess,1
aggregation,1
unit,1
political,1
high,1
right,1
property,1
ad,1
life,1
lawmaking,1
