lemma,count
of,33
the,32
and,25
be,21
a,14
to,13
have,11
he,10
who,10
his,10
that,9
much,7
book,6
in,6
with,5
at,5
her,5
life,4
him,4
but,4
there,4
for,4
not,4
it,4
st,4
well,4
by,3
love,3
or,3
as,3
exquisite,3
its,3
spirit,3
most,3
s,3
church,3
out,3
their,3
would,3
us,3
italian,3
those,3
all,3
may,2
part,2
an,2
history,2
take,2
mighty,2
army,2
hutton,2
course,2
escape,2
himself,2
from,2
so,2
art,2
some,2
country,2
into,2
understand,2
now,2
perform,2
writer,2
on,2
this,2
understandingly,2
italy,2
city,2
old,2
about,2
chapter,1
last,1
next,1
faith,1
i,1
vow,1
devote,1
without,1
worship,1
come,1
other,1
consideration,1
sentimentality,1
enthusiastic,1
religious,1
mr,1
sentimentalist,1
throw,1
fa,1
jr,1
catholic,1
find,1
necessary,1
dodge,1
none,1
saint,1
e,1
should,1
make,1
brick,1
miss,1
te,1
hurry,1
see,1
protestant,1
work,1
crest,1
which,1
through,1
edward,1
flore,1
god,1
r,1
care,1
patient,1
profound,1
scholarship,1
yet,1
discover,1
y,1
progressive,1
reformer,1
amiable,1
luther,1
think,1
two,1
what,1
mean,1
useful,1
valuable,1
contribution,1
toward,1
understanding,1
manifold,1
suggestive,1
concrete,1
firmly,1
legend,1
fragmentary,1
divine,1
return,1
school,1
both,1
handmaid,1
touch,1
only,1
rarely,1
no,1
own,1
apart,1
religion,1
section,1
discuss,1
illumine,1
district,1
joachim,1
protest,1
forerunner,1
friend,1
clare,1
brother,1
bernard,1
elia,1
again,1
against,1
bleed,1
enter,1
say,1
explicitness,1
fling,1
martyr,1
lead,1
baedeker,1
we,1
sometimes,1
can,1
even,1
between,1
cover,1
however,1
more,1
agreeably,1
tell,1
perhaps,1
wish,1
shun,1
martyrdom,1
ar,1
guidance,1
first,1
escort,1
eloquence,1
rhapsody,1
poetical,1
english,1
pleasing,1
fertile,1
theme,1
always,1
seem,1
ready,1
drop,1
blue,1
sky,1
lap,1
will,1
compound,1
ill,1
proper,1
rite,1
them,1
whole,1
familiar,1
way,1
penetrate,1
rather,1
curious,1
confide,1
fragment,1
judgment,1
year,1
she,1
grow,1
lovely,1
under,1
beautiful,1
christian,1
sorrow,1
world,1
foot,1
hundred,1
simple,1
thousand,1
very,1
pure,1
innocent,1
h,1
one,1
lover,1
christ,1
lord,1
memorial,1
also,1
pilgrim,1
many,1
painting,1
aspect,1
monument,1
place,1
stand,1
above,1
perfection,1
landscape,1
ever,1
attention,1
hill,1
terrible,1
beauty,1
sorrowful,1
great,1
angry,1
eye,1
search,1
enemy,1
write,1
l,1
ia,1
tear,1
footstep,1
hold,1
