lemma,count
the,109
of,59
and,51
be,39
to,33
a,33
in,30
anarchist,22
by,14
tile,13
have,13
with,12
not,12
he,10
all,10
they,10
that,10
which,10
for,9
as,9
these,9
one,8
but,8
at,8
man,7
propaganda,7
his,7
meeting,6
i,6
sanborn,6
this,6
paris,5
must,5
l,5
socialist,5
an,5
make,5
who,5
some,4
from,4
mr,4
order,4
s,4
you,4
way,4
t,4
more,4
then,4
place,4
arc,4
will,4
there,4
theft,3
good,3
la,3
song,3
sweet,3
air,3
gas,3
method,3
out,3
free,3
ticket,3
can,3
police,3
down,3
away,3
hundred,3
such,3
turn,3
bomb,3
on,3
even,3
it,3
call,3
two,3
voice,3
society,3
before,2
into,2
may,2
number,2
word,2
still,2
high,2
rule,2
din,2
say,2
therefore,2
since,2
possession,2
example,2
go,2
another,2
revolutionary,2
through,2
always,2
notice,2
beautiful,2
law,2
scrimmage,2
day,2
however,2
less,2
president,2
interesting,2
fat,2
small,2
much,2
crowd,2
compound,2
chiefly,2
include,2
last,2
explain,2
hall,2
vive,2
ira,2
ca,2
my,2
difficulty,2
admit,2
bourgeois,2
ethic,2
read,2
know,2
least,2
quote,2
world,2
c,2
distinction,2
thrower,2
foot,2
describe,2
him,2
paper,2
de,2
like,2
newspaper,2
we,2
hold,2
reasonableness,2
theory,2
them,2
if,2
excellent,2
nd,2
grave,2
do,2
politician,2
picture,2
community,2
hogshead,2
get,2
o,2
himself,2
side,2
bawl,2
tell,2
exhibit,2
class,1
enumerate,1
pp,1
trample,1
under,1
dynamite,1
drawing,1
social,1
powder,1
six,1
rare,1
furniture,1
vaughan,1
aid,1
apothecary,1
illuminate,1
swing,1
story,1
mirror,1
clothe,1
scythe,1
dagger,1
co,1
shin,1
pike,1
stomachs,1
pave,1
various,1
lorn,1
medicine,1
hat,1
shooter,1
deadly,1
illustrative,1
kerosene,1
f,1
purge,1
reunite,1
yelp,1
baffle,1
rage,1
against,1
both,1
street,1
pain,1
would,1
need,1
eject,1
window,1
dissolve,1
pen,1
french,1
gentleman,1
transcribe,1
force,1
throw,1
hardly,1
achieve,1
owl,1
outside,1
oath,1
common,1
du,1
chanson,1
very,1
tune,1
elsewhere,1
vociferously,1
sun,1
ballad,1
sis,1
globe,1
push,1
pulling,1
anarchy,1
kick,1
rioter,1
disperse,1
scratch,1
because,1
butt,1
feature,1
placard,1
written,1
curious,1
autocrat,1
assassination,1
between,1
nice,1
matter,1
murder,1
boldly,1
own,1
claim,1
steal,1
recovery,1
merely,1
what,1
meritorious,1
truly,1
appear,1
morality,1
view,1
point,1
discuss,1
hear,1
again,1
associate,1
vengeance,1
yourself,1
expose,1
warn,1
massacre,1
flock,1
sheep,1
maintain,1
book,1
attractive,1
cover,1
vast,1
striking,1
contrast,1
deal,1
tourist,1
upon,1
depravity,1
prudent,1
mainly,1
rouge,1
sect,1
compare,1
color,1
spice,1
lack,1
woefully,1
affair,1
touch,1
respectable,1
hearty,1
most,1
too,1
hail,1
me,1
arrest,1
sou,1
convict,1
senate,1
sewer,1
moreover,1
defunct,1
now,1
beggary,1
audacity,1
hydra,1
al,1
black,1
famished,1
defiance,1
die,1
other,1
live,1
title,1
list,1
where,1
usually,1
give,1
no,1
dodge,1
cash,1
without,1
about,1
enliven,1
uncounted,1
literature,1
thank,1
bent,1
house,1
your,1
well,1
calmness,1
proprietor,1
price,1
abundantly,1
panicky,1
when,1
fellow,1
meal,1
fine,1
profitable,1
float,1
precipitous,1
exterminate,1
vow,1
pursuance,1
pedestrian,1
ride,1
shift,1
shoe,1
or,1
hidden,1
spite,1
everywhere,1
batter,1
back,1
cleave,1
tie,1
religion,1
organize,1
government,1
till,1
soil,1
economic,1
end,1
despoil,1
reenter,1
defraud,1
enable,1
privilege,1
destroy,1
aim,1
loafer,1
minority,1
wealth,1
declare,1
x,1
humanity,1
device,1
our,1
formulate,1
same,1
submit,1
na,1
bind,1
liberty,1
manner,1
spouting,1
also,1
organization,1
regular,1
consistently,1
group,1
unstable,1
first,1
deed,1
g,1
prop,1
iv,1
ilk,1
ii,1
oral,1
limit,1
its,1
anarchic,1
indicate,1
chapter,1
certain,1
devote,1
impossibility,1
consummation,1
imposition,1
tend,1
form,1
bench,1
edit,1
mild,1
reason,1
philosophy,1
lovable,1
find,1
themselves,1
circumstance,1
mitigate,1
excuse,1
urge,1
person,1
upside,1
ready,1
virtue,1
nevertheless,1
reverse,1
quite,1
preface,1
volume,1
text,1
serve,1
expression,1
kindness,1
human,1
tumult,1
work,1
crime,1
political,1
sometimes,1
individual,1
tree,1
stoic,1
beyond,1
profit,1
their,1
present,1
exploit,1
rave,1
accord,1
either,1
cult,1
leader,1
pierre,1
ho,1
jean,1
doctrine,1
expound,1
thing,1
infinitely,1
prefer,1
old,1
st,1
au,1
e,1
gathering,1
cabaret,1
large,1
clean,1
gesticulate,1
frantically,1
lift,1
ave,1
platform,1
seethe,1
thus,1
thousand,1
whole,1
join,1
five,1
up,1
pip,1
corner,1
shrill,1
spit,1
thereto,1
fitting,1
bedlam,1
render,1
sing,1
flag,1
cheer,1
three,1
zola,1
avoirdupois,1
off,1
generally,1
recede,1
chair,1
umbrella,1
cane,1
fist,1
blow,1
shout,1
debate,1
furious,1
prom,1
disagree,1
ally,1
presently,1
officer,1
elect,1
proceed,1
alia,1
n,1
wake,1
follower,1
satellite,1
chip,1
door,1
aisle,1
laughter,1
multitudinous,1
jews,1
army,1
midair,1
explode,1
time,1
appoint,1
promise,1
antithetic,1
parisian,1
familiar,1
assist,1
name,1
euphonious,1
invite,1
available,1
arrange,1
nationalist,1
near,1
mass,1
national,1
great,1
dreyfus,1
succeed,1
during,1
advertise,1
instance,1
purpose,1
radical,1
capture,1
while,1
duly,1
straggle,1
ire,1
crack,1
mount,1
yell,1
antagonistic,1
vain,1
pound,1
bell,1
invaded,1
scream,1
lame,1
le,1
invader,1
just,1
tim,1
bellow,1
arm,1
bas,1
surge,1
taker,1
line,1
speak,1
rise,1
p,1
phenomenally,1
remotely,1
