lemma,count
the,56
of,55
and,28
be,16
a,16
to,14
in,11
with,10
have,9
that,9
its,8
life,7
for,7
court,6
it,5
duchess,5
such,5
one,5
s,5
her,5
their,5
by,5
time,4
who,4
from,4
beauty,4
story,4
two,4
very,3
enough,3
history,3
but,3
de,3
even,3
he,3
famous,3
down,3
which,3
make,3
wasp,3
woman,3
all,3
as,3
this,3
there,3
so,3
meat,2
book,2
up,2
these,2
sense,2
merry,2
upon,2
his,2
fancy,2
i,2
no,2
himself,2
experiment,2
or,2
mud,2
bruno,2
they,2
dr,2
case,2
more,2
year,2
death,2
not,2
do,2
give,2
la,2
go,2
those,2
whitehall,2
restoration,2
monarch,2
many,2
old,2
pessimist,2
century,2
varied,2
crude,1
wealth,1
gentleman,1
invent,1
meanness,1
hough,1
descent,1
however,1
company,1
publishing,1
guarantee,1
german,1
happiness,1
education,1
import,1
suspend,1
pp,1
drug,1
find,1
dauber,1
dirt,1
london,1
t,1
fisher,1
school,1
fate,1
cruel,1
conspiracy,1
wreck,1
tow,1
york,1
strange,1
scribner,1
crowning,1
refuse,1
vividly,1
wide,1
view,1
age,1
brilliant,1
bit,1
out,1
england,1
during,1
reign,1
style,1
lacking,1
elusive,1
quality,1
son,1
distinction,1
sometimes,1
offensive,1
doctor,1
persistent,1
dimly,1
familiar,1
about,1
first,1
five,1
word,1
title,1
tho,1
under,1
faculty,1
spider,1
appearance,1
jackson,1
outcome,1
appear,1
deal,1
th,1
passion,1
love,1
involve,1
beautiful,1
handsome,1
man,1
scene,1
lay,1
new,1
city,1
author,1
little,1
f,1
e,1
daniel,1
d,1
avail,1
mel,1
spice,1
dish,1
medical,1
better,1
b,1
rest,1
tn,1
quite,1
need,1
shall,1
thus,1
pig,1
preserve,1
write,1
fresh,1
young,1
obtain,1
fluid,1
chemically,1
similar,1
sac,1
behind,1
sting,1
illustration,1
try,1
mouse,1
monkey,1
us,1
till,1
sure,1
result,1
thirty,1
dose,1
six,1
month,1
hour,1
precisely,1
lie,1
space,1
state,1
animation,1
pend,1
chronicle,1
occurrence,1
ha,1
print,1
connect,1
people,1
subject,1
picture,1
mention,1
know,1
well,1
grace,1
remarkably,1
illustrate,1
each,1
something,1
at,1
english,1
above,1
course,1
entertain,1
everybody,1
read,1
themselves,1
wonderful,1
connection,1
perception,1
eliding,1
put,1
sharpening,1
eccentricity,1
baseness,1
adventure,1
ought,1
niece,1
disgrace,1
wickedness,1
cardinal,1
rapacity,1
relief,1
turn,1
ii,1
nausea,1
physical,1
much,1
volume,1
err,1
profligacy,1
into,1
together,1
bring,1
vileness,1
utter,1
our,1
own,1
crowd,1
trust,1
scandal,1
railroad,1
investigation,1
standard,1
oil,1
revelation,1
sort,1
take,1
ad,1
rather,1
full,1
biography,1
eight,1
great,1
startling,1
r,1
peril,1
mazarin,1
womanhood,1
early,1
fill,1
wicked,1
sea,1
world,1
anna,1
may,1
though,1
portsmouth,1
louise,1
henrietta,1
me,1
pass,1
through,1
narrow,1
crooked,1
dart,1
believe,1
perspective,1
half,1
between,1
them,1
reader,1
seem,1
like,1
romance,1
than,1
actual,1
dishonesty,1
maria,1
miss,1
rival,1
whom,1
over,1
creditor,1
corpse,1
rescue,1
separate,1
she,1
husband,1
hamilton,1
spin,1
cease,1
ring,1
groove,1
change,1
guardsman,1
an,1
carry,1
around,1
him,1
estate,1
another,1
every,1
other,1
galaxy,1
barbara,1
good,1
cleveland,1
france,1
stuart,1
richmond,1
grow,1
belie,1
co,1
