lemma,count
the,85
be,69
of,60
a,40
to,40
and,33
that,29
in,27
he,24
it,18
have,17
s,15
this,13
at,12
t,12
i,12
we,12
all,11
for,11
one,11
who,11
an,11
art,11
his,11
can,10
our,10
which,9
or,9
not,9
will,9
as,9
its,8
you,8
but,7
by,7
make,7
man,6
other,6
from,6
they,6
l,6
e,6
there,5
some,5
upon,5
must,5
into,5
tile,5
because,5
say,5
would,5
us,5
on,5
no,5
own,4
do,4
what,4
spirit,4
child,4
story,4
world,4
with,4
up,4
if,4
o,4
him,4
day,4
mr,4
order,4
so,4
co,3
their,3
h,3
b,3
music,3
before,3
x,3
believe,3
may,3
past,3
himself,3
reader,3
air,3
three,3
very,3
tell,3
people,3
toward,3
mankind,3
most,3
too,3
rest,3
idea,3
egyptian,3
culture,3
over,3
like,3
high,3
year,3
good,3
could,3
modern,3
ever,3
tl,3
r,3
write,3
old,2
sociology,2
ill,2
human,2
any,2
try,2
critic,2
intervene,2
nietzsche,2
democracy,2
apex,2
race,2
such,2
er,2
when,2
king,2
them,2
science,2
pyramid,2
power,2
find,2
christianity,2
thing,2
out,2
turn,2
folk,2
europe,2
m,2
lay,2
attain,2
two,2
level,2
every,2
christian,2
book,2
tragedy,2
how,2
come,2
should,2
show,2
bad,2
new,2
title,2
work,2
hat,2
first,2
recover,2
lie,2
imply,2
statue,2
c,2
more,2
sheer,2
artistic,2
least,2
view,2
well,2
philosopher,2
time,2
w,2
tale,2
life,2
rather,2
ideal,2
opinion,2
century,2
hit,2
tibet,1
annihilate,1
door,1
secrecy,1
thinking,1
cal,1
error,1
ir,1
ruin,1
know,1
ex,1
sociologist,1
poor,1
learn,1
force,1
many,1
chronology,1
ca,1
egypt,1
set,1
mi,1
j,1
quality,1
live,1
gd,1
necessarily,1
store,1
modernity,1
record,1
much,1
since,1
repeat,1
memory,1
erode,1
vast,1
cut,1
con,1
ms,1
tablet,1
tomb,1
name,1
cit,1
judgment,1
viol,1
ludo,1
quarrel,1
produce,1
experience,1
enter,1
saturate,1
sure,1
future,1
wise,1
forget,1
knowledge,1
tree,1
fruit,1
eat,1
hose,1
cry,1
dis,1
is,1
pepe,1
judge,1
invert,1
fact,1
therefore,1
legend,1
end,1
romance,1
remind,1
nowadays,1
east,1
f,1
indian,1
vanish,1
lippmann,1
walter,1
endeavor,1
borrow,1
statecraft,1
creative,1
perception,1
fresh,1
lack,1
translate,1
stand,1
doctrinaire,1
understanding,1
real,1
about,1
social,1
advocate,1
ire,1
border,1
reason,1
lr,1
grateful,1
close,1
tittle,1
whom,1
interesting,1
ar,1
bolivia,1
peru,1
scene,1
tradition,1
sop,1
recounting,1
stilt,1
history,1
place,1
take,1
gold,1
peak,1
native,1
true,1
son,1
frontier,1
among,1
twenty,1
gather,1
burro,1
toe,1
prof,1
doctrine,1
imaginative,1
hardly,1
though,1
whether,1
wonder,1
exposition,1
attitude,1
graphic,1
aesthetic,1
illustrate,1
performance,1
head,1
wrong,1
seem,1
reek,1
study,1
wagner,1
early,1
derive,1
deep,1
poetry,1
talent,1
personal,1
remember,1
misleading,1
literature,1
altogether,1
neglect,1
sculpture,1
confine,1
denial,1
hook,1
ask,1
nineteenth,1
trick,1
amiable,1
identify,1
until,1
admire,1
love,1
re,1
mind,1
pitfall,1
fall,1
feeling,1
virgin,1
sharp,1
artist,1
incisive,1
greek,1
worship,1
youth,1
german,1
patriotic,1
religious,1
devoutly,1
ought,1
value,1
amid,1
joyfully,1
me,1
fin,1
spit,1
vigorous,1
spread,1
consequently,1
li,1
tot,1
formula,1
while,1
pres,1
principle,1
establishment,1
firm,1
discipline,1
hy,1
esoteric,1
church,1
catholic,1
sing,1
pa,1
universal,1
berate,1
morbid,1
leave,1
heritage,1
temperament,1
express,1
pol,1
na,1
dodder,1
sacred,1
unsympathetic,1
inadequate,1
prose,1
hearing,1
startle,1
perhaps,1
conceive,1
lean,1
anti,1
conception,1
spencer,1
low,1
ion,1
almighty,1
potent,1
nd,1
midst,1
suppress,1
long,1
faith,1
cs,1
oft,1
field,1
french,1
only,1
attempt,1
lady,1
chaos,1
loathing,1
convey,1
english,1
teutonic,1
sputter,1
shout,1
attack,1
impression,1
accurate,1
fairly,1
she,1
civilization,1
clothesline,1
across,1
each,1
abuse,1
housewife,1
listen,1
luce,1
john,1
anthony,1
misunderstanding,1
symbol,1
neurotic,1
touchiness,1
scientific,1
democratic,1
tune,1
thoroughly,1
quixote,1
don,1
soul,1
homeless,1
indeed,1
twentieth,1
down,1
walk,1
yd,1
whence,1
depend,1
valuing,1
thus,1
disease,1
descent,1
thousand,1
few,1
last,1
elm,1
society,1
vulgarity,1
u,1
root,1
k,1
proposal,1
regard,1
imitate,1
model,1
perfect,1
dr,1
eel,1
warn,1
romanticism,1
revival,1
celtic,1
para,1
lead,1
oil,1
read,1
represent,1
although,1
wield,1
vere,1
tented,1
happy,1
tho,1
fore,1
often,1
sid,1
necessary,1
great,1
rt,1
religion,1
mere,1
understand,1
ed,1
think,1
never,1
something,1
ts,1
tb,1
just,1
doubt,1
begin,1
humanity,1
bulk,1
than,1
even,1
v,1
tr,1
look,1
exploit,1
manner,1
whose,1
cost,1
establish,1
ur,1
sweat,1
g,1
ere,1
jr,1
able,1
unjust,1
criticism,1
crockery,1
lilly,1
deal,1
pass,1
shop,1
china,1
loose,1
let,1
bull,1
ray,1
light,1
yet,1
loony,1
gt,1
little,1
undo,1
rill,1
call,1
right,1
st,1
tier,1
toll,1
hate,1
tm,1
te,1
tores,1
mantle,1
suggest,1
prefer,1
commander,1
reverence,1
sole,1
rank,1
thor,1
n,1
healthy,1
contempt,1
behind,1
rosy,1
manchus,1
ry,1
crusade,1
int,1
revolt,1
aristocracy,1
nihilist,1
neighbor,1
