lemma,count
the,24
of,15
be,12
to,11
in,9
and,8
a,7
country,5
dolomite,4
or,4
year,3
have,3
s,3
travel,3
which,2
change,2
it,2
less,2
well,2
by,2
its,2
interest,2
author,2
whose,2
her,2
from,2
mountain,2
when,2
all,2
where,2
old,2
inn,2
take,2
place,2
such,2
at,2
out,2
ago,2
with,2
that,2
some,2
deal,2
whom,1
resemble,1
decade,1
distance,1
gothic,1
cathedral,1
general,1
also,1
this,1
our,1
woman,1
matter,1
tendency,1
way,1
perpendicularity,1
circumstance,1
remarkable,1
gear,1
they,1
outwardly,1
bed,1
sea,1
part,1
begin,1
alp,1
eastern,1
age,1
off,1
far,1
for,1
saddle,1
exist,1
event,1
most,1
sys,1
native,1
painter,1
otherwise,1
proper,1
must,1
he,1
perform,1
produce,1
hair,1
reef,1
shade,1
connoisseur,1
familiar,1
so,1
on,1
modernly,1
name,1
titian,1
declare,1
contrary,1
quito,1
time,1
only,1
fleece,1
two,1
indispose,1
innkeeper,1
o,1
visitor,1
like,1
ramble,1
beat,1
pretty,1
still,1
retain,1
region,1
but,1
now,1
than,1
know,1
more,1
sixteen,1
write,1
book,1
co,1
midsummer,1
conventional,1
valley,1
unfrequented,1
peak,1
untrodden,1
edward,1
b,1
amelia,1
edition,1
third,1
southeastern,1
information,1
guidebook,1
volume,1
pleasant,1
track,1
traveler,1
atoll,1
she,1
coral,1
as,1
their,1
suppose,1
call,1
curious,1
those,1
possession,1
lie,1
title,1
description,1
readable,1
very,1
provide,1
intend,1
without,1
other,1
account,1
new,1
away,1
pass,1
show,1
note,1
add,1
ha,1
come,1
narrative,1
text,1
any,1
make,1
fashioned,1
