lemma,count
the,60
of,51
be,46
and,43
a,35
to,29
in,27
that,13
have,13
it,13
for,13
her,12
by,12
so,11
one,10
at,10
as,9
with,8
i,8
who,7
an,7
his,7
he,7
but,6
this,6
like,5
only,5
s,5
she,5
not,5
tile,5
nephew,5
make,5
over,4
wylie,4
t,4
him,4
from,4
no,4
on,4
old,4
de,4
or,4
black,4
elinor,4
do,4
there,4
upon,4
venice,3
new,3
its,3
all,3
glass,3
little,3
rather,3
fantasy,3
blood,3
sinner,3
they,3
may,3
th,3
o,3
without,3
time,3
lead,3
their,3
must,3
those,3
magic,3
half,3
much,3
sheer,3
out,3
h,3
should,3
any,2
can,2
m,2
altar,2
cardinal,2
story,2
if,2
vicious,2
skeptical,2
himself,2
until,2
flesh,2
q,2
such,2
rose,2
l,2
c,2
white,2
flower,2
happy,2
prince,2
whose,2
e,2
embrace,2
sappho,2
lover,2
into,2
peter,2
genius,2
yet,2
ha,2
lambskin,2
each,2
bring,2
charm,2
child,2
book,2
hair,2
go,2
enough,2
good,2
saint,2
poor,2
soon,2
golden,2
v,2
five,2
mi,2
spell,2
never,2
room,2
joy,2
miss,2
historical,2
color,2
very,2
tint,2
deserve,2
now,2
unique,2
feel,2
again,2
beauty,2
us,2
brittle,2
accomplished,2
than,2
gaze,1
gloom,1
moon,1
monster,1
listening,1
grace,1
crescent,1
f,1
ear,1
dawn,1
flood,1
river,1
loose,1
cream,1
touch,1
velvet,1
still,1
taste,1
friend,1
float,1
melody,1
rib,1
hear,1
doom,1
drown,1
spun,1
complexion,1
tl,1
darkness,1
fictitious,1
cold,1
glance,1
aside,1
face,1
ready,1
three,1
ardent,1
preserve,1
mockingbird,1
repeat,1
breathe,1
sens,1
sleepy,1
sun,1
world,1
jostle,1
adriatic,1
graceful,1
susceptible,1
strenuously,1
too,1
startle,1
cracking,1
ominous,1
strike,1
up,1
agreeable,1
handle,1
spin,1
some,1
recognition,1
band,1
publisher,1
remain,1
henry,1
smite,1
first,1
imagine,1
sight,1
indeed,1
observer,1
ominously,1
fruit,1
ripen,1
housetop,1
open,1
vital,1
more,1
palace,1
doge,1
escape,1
certain,1
paint,1
ant,1
ward,1
wicked,1
daughter,1
flame,1
infant,1
hy,1
crock,1
affection,1
inform,1
great,1
lo,1
pang,1
way,1
another,1
suffer,1
artery,1
exemplary,1
even,1
theme,1
act,1
utter,1
transport,1
carri,1
swarthy,1
turn,1
eye,1
watch,1
elbow,1
ardor,1
youth,1
texture,1
amatory,1
y,1
spirit,1
instinctively,1
know,1
stiffness,1
lad,1
bird,1
arrest,1
compose,1
poise,1
calm,1
perfect,1
air,1
about,1
flight,1
crystalline,1
flexible,1
fit,1
porcelain,1
longer,1
el,1
unmoved,1
magi,1
rosa,1
arri,1
tough,1
invoke,1
qt,1
flaw,1
correct,1
quickly,1
something,1
composure,1
worry,1
guardian,1
accompany,1
trouble,1
sore,1
pa,1
sage,1
gray,1
two,1
haste,1
marry,1
caution,1
red,1
beyond,1
carry,1
attitude,1
where,1
initial,1
husband,1
mu,1
unuttered,1
call,1
will,1
sure,1
necessary,1
temper,1
ridiculous,1
making,1
feeling,1
wifely,1
heartiness,1
covenant,1
wife,1
tribute,1
pay,1
give,1
moment,1
sling,1
arm,1
ad,1
moral,1
lurk,1
through,1
rascal,1
conceal,1
word,1
island,1
ellis,1
examination,1
formality,1
once,1
tongue,1
our,1
incorporate,1
instance,1
ion,1
keen,1
distinction,1
see,1
sense,1
simile,1
stag,1
ballet,1
emotional,1
part,1
intrinsic,1
en,1
raise,1
admire,1
we,1
reader,1
significance,1
cunningly,1
houris,1
singularly,1
locale,1
folly,1
vigil,1
nightly,1
reproach,1
whisper,1
sea,1
whore,1
music,1
chamber,1
masked,1
use,1
canaletto,1
century,1
eighteenth,1
henceforth,1
earthenware,1
pewter,1
eat,1
let,1
banquet,1
down,1
unworthy,1
suspend,1
stilt,1
gesture,1
fine,1
prose,1
verse,1
whether,1
quality,1
anticipation,1
savor,1
pleasantness,1
prepared,1
come,1
novel,1
writing,1
care,1
action,1
consciousness,1
impression,1
sufficient,1
company,1
george,1
york,1
pp,1
venetian,1
tale,1
dainty,1
create,1
include,1
protean,1
erudition,1
acquire,1
fiction,1
field,1
choose,1
icicle,1
prism,1
fire,1
sunset,1
frosty,1
prettiness,1
vehement,1
sort,1
add,1
cedar,1
hide,1
silk,1
envelop,1
rarity,1
lacquer,1
ivory,1
keep,1
samurai,1
collection,1
display,1
adapt,1
delicately,1
sophisticated,1
material,1
endow,1
evolve,1
relative,1
waving,1
chant,1
power,1
incantation,1
lena,1
blower,1
ruin,1
aid,1
cellar,1
other,1
church,1
difficulty,1
ho,1
age,1
adept,1
charlatan,1
dabbler,1
pierce,1
fun,1
pseudonym,1
chevalier,1
fragile,1
detail,1
charming,1
mock,1
fraud,1
smell,1
gabriel,1
which,1
photo,1
hal,1
aloe,1
myrrh,1
smoke,1
dry,1
water,1
holy,1
sprinkle,1
ascendant,1
point,1
pentagram,1
vermilion,1
pure,1
unblemished,1
lie,1
perfume,1
stand,1
seriousness,1
none,1
leave,1
brave,1
live,1
last,1
away,1
them,1
blow,1
reality,1
breath,1
wait,1
sufferance,1
persist,1
ms,1
happily,1
bad,1
earth,1
devil,1
affinity,1
note,1
critic,1
between,1
teresa,1
pearl,1
gifted,1
phrase,1
quote,1
vain,1
day,1
special,1
spectral,1
author,1
regret,1
grief,1
man,1
flow,1
exhale,1
year,1
eighty,1
mint,1
ts,1
innocent,1
skeptic,1
love,1
young,1
fate,1
preside,1
ever,1
conspirator,1
trio,1
assort,1
strangely,1
together,1
lorn,1
jennifer,1
stuart,1
