lemma,count
the,84
of,79
be,72
to,58
and,54
in,50
a,47
he,32
she,30
it,30
have,24
that,24
not,19
her,18
as,18
for,17
which,16
on,15
bryant,15
lenin,15
miss,14
by,12
with,12
russian,12
russia,10
s,10
him,10
i,10
such,9
do,9
about,9
one,9
an,8
give,8
much,8
most,8
but,8
soviet,7
other,7
or,7
take,7
they,7
no,7
his,7
will,7
this,7
into,6
moscow,6
make,6
who,6
write,6
at,6
what,6
place,5
would,5
its,5
whom,5
when,5
think,5
let,5
any,5
say,5
over,5
if,5
some,5
book,5
may,5
leader,4
from,4
than,4
only,4
consider,4
very,4
yet,4
see,4
up,4
personality,4
herself,4
t,4
suddenly,4
way,4
so,4
writing,4
all,4
american,4
their,4
how,4
government,4
war,4
revolution,4
can,4
like,4
come,4
great,4
man,4
again,4
off,4
cesare,4
sketch,4
deal,4
fact,3
out,3
room,3
method,3
minister,3
history,3
mme,3
idea,3
pasha,3
accept,3
lady,3
we,3
always,3
know,3
us,3
tell,3
bolshevist,3
whole,3
there,3
turk,3
these,3
world,3
continually,3
could,3
day,3
little,3
because,3
name,3
after,3
them,3
get,3
concession,3
many,3
himself,3
touch,3
chuckle,3
sense,3
subject,3
conversation,3
good,3
manage,3
too,3
feel,3
state,3
you,3
writer,3
switch,3
while,3
bolshevik,3
more,3
another,3
two,3
new,3
acknowledge,2
object,2
seek,2
once,2
female,2
piece,2
church,2
represent,2
also,2
perhaps,2
hard,2
carefully,2
matter,2
personal,2
william,2
picture,2
long,2
mirror,2
paragraph,2
chapter,2
ask,2
hold,2
explain,2
during,2
manner,2
friend,2
ever,2
superficial,2
amusing,2
add,2
except,2
me,2
nowhere,2
revolutionist,2
passage,2
humor,2
here,2
live,2
glimpse,2
seriousness,2
near,2
even,2
c,2
now,2
desperate,2
drop,2
ft,2
lose,2
never,2
resignation,2
imagine,2
teach,2
certainly,2
foreign,2
though,2
art,2
construction,2
note,2
nothing,2
show,2
calamity,2
poet,2
describe,2
through,2
both,2
people,2
interested,2
america,2
return,2
sign,2
understand,2
genius,2
official,2
red,2
thing,2
go,2
time,2
nor,2
effect,2
word,2
deserve,2
education,2
especially,2
individual,2
attack,2
without,2
famous,2
vent,1
misfortune,1
disappointment,1
usual,1
amazing,1
call,1
horrible,1
shock,1
ill,1
la,1
instead,1
repeat,1
letter,1
irreparable,1
bed,1
renounce,1
connection,1
valuable,1
horror,1
machiavellian,1
press,1
news,1
elegance,1
frenchman,1
scholarly,1
appearance,1
delicate,1
treasure,1
preserve,1
fund,1
promote,1
service,1
immense,1
accord,1
interesting,1
appreciate,1
minute,1
open,1
need,1
reporter,1
energy,1
admire,1
republic,1
article,1
use,1
washington,1
send,1
home,1
magazine,1
paper,1
read,1
heart,1
age,1
leave,1
composing,1
sonnet,1
follower,1
well,1
playwright,1
scholar,1
ground,1
raze,1
square,1
vassili,1
fantastic,1
beautiful,1
announce,1
wire,1
kremlin,1
possession,1
struggle,1
force,1
white,1
narrate,1
happen,1
ky,1
bitterly,1
dirt,1
overcome,1
disease,1
prejudice,1
drunkenness,1
superstition,1
ignorance,1
fight,1
directness,1
utterly,1
destroy,1
end,1
flourish,1
presented,1
sh,1
amazed,1
ail,1
talent,1
draw,1
realize,1
nave,1
my,1
exclaim,1
astonished,1
just,1
your,1
storied,1
bad,1
meet,1
build,1
habit,1
wife,1
commissar,1
intriguing,1
offer,1
reciprocate,1
french,1
professor,1
curt,1
reply,1
oft,1
better,1
aforementioned,1
disdainful,1
recount,1
inveterate,1
offend,1
prove,1
possessor,1
among,1
dependent,1
appeal,1
quality,1
those,1
essential,1
characteristic,1
deluded,1
confine,1
vick,1
remember,1
furry,1
wide,1
eyed,1
tiptoe,1
fiery,1
impress,1
evoke,1
hearty,1
boob,1
adherent,1
bow,1
courtly,1
pleasing,1
arrogance,1
bind,1
lead,1
caricature,1
welcome,1
air,1
human,1
illustration,1
hie,1
delicious,1
pretty,1
haughty,1
look,1
personage,1
strongly,1
pro,1
sympathy,1
somehow,1
bias,1
interfere,1
objectivity,1
observation,1
cast,1
rosy,1
hue,1
portray,1
excel,1
completely,1
rely,1
entire,1
charge,1
l,1
pt,1
big,1
tear,1
anguish,1
possible,1
lovely,1
imaginative,1
architecture,1
later,1
erect,1
listen,1
went,1
thoughtfully,1
away,1
few,1
admiration,1
toss,1
aloof,1
distinctly,1
life,1
wipe,1
map,1
married,1
quite,1
devoted,1
husband,1
mysterious,1
report,1
dead,1
since,1
bob,1
turkestan,1
remote,1
jot,1
family,1
constantly,1
remark,1
john,1
uncomplimentary,1
sidelight,1
hero,1
heroine,1
example,1
j,1
devoid,1
act,1
anything,1
clever,1
aware,1
invariably,1
spoil,1
second,1
reed,1
mind,1
honor,1
credit,1
instance,1
business,1
down,1
rambling,1
cheerful,1
compact,1
model,1
part,1
incoherence,1
despite,1
find,1
depend,1
tier,1
believe,1
compactness,1
reader,1
form,1
harmony,1
lack,1
st,1
vividness,1
something,1
omit,1
largely,1
stick,1
point,1
meritorious,1
present,1
cohesion,1
rule,1
bit,1
surely,1
robin,1
overshadow,1
influence,1
cool,1
rage,1
consume,1
enthusiasm,1
itself,1
burn,1
trotsky,1
action,1
figure,1
complementary,1
distinguished,1
remain,1
eminence,1
organizer,1
excellent,1
sweep,1
produce,1
character,1
dramatic,1
question,1
contrast,1
compare,1
therefore,1
prototype,1
leon,1
team,1
damon,1
remarkable,1
informative,1
ordinarily,1
flout,1
owe,1
solve,1
national,1
relationship,1
international,1
economic,1
monster,1
headed,1
dreadful,1
break,1
jaw,1
wind,1
balance,1
complex,1
paint,1
problem,1
revise,1
satisfactory,1
extent,1
considerable,1
judgment,1
deep,1
dig,1
scornfully,1
dub,1
tempt,1
first,1
seltzer,1
thoma,1
york,1
five,1
louise,1
psychology,1
recent,1
year,1
crawl,1
curiously,1
haphazard,1
result,1
third,1
forget,1
else,1
before,1
talk,1
nonchalance,1
engage,1
roost,1
eminent,1
stride,1
full,1
o,1
leap,1
apparent,1
chatty,1
feminine,1
casual,1
content,1
swallow,1
depth,1
delving,1
lieu,1
futility,1
verbose,1
every,1
almost,1
hand,1
plan,1
materialize,1
clare,1
declare,1
melancholy,1
mathematic,1
metaphysic,1
morass,1
converting,1
rapidly,1
devil,1
insouciance,1
introduce,1
vine,1
ha,1
non,1
thank,1
latent,1
appallingly,1
lend,1
style,1
bottom,1
enough,1
seriously,1
sure,1
mia,1
chivalry,1
spain,1
aid,1
communist,1
power,1
still,1
reason,1
country,1
want,1
grant,1
single,1
raymond,1
toward,1
gratitude,1
working,1
train,1
under,1
office,1
flee,1
exile,1
former,1
number,1
united,1
contact,1
close,1
continue,1
mi,1
superiority,1
eye,1
fore,1
alongside,1
institution,1
similar,1
establish,1
unless,1
forest,1
n,1
mine,1
factory,1
whether,1
solemn,1
really,1
solid,1
fervor,1
foot,1
rise,1
audience,1
cry,1
entertain,1
recovery,1
old,1
hope,1
small,1
assassin,1
wound,1
terribly,1
shoot,1
speech,1
revolutionary,1
wall,1
peak,1
high,1
wise,1
elimination,1
truth,1
further,1
usurp,1
conspire,1
conflict,1
rumor,1
hear,1
outside,1
bayonet,1
backing,1
wave,1
irrepressible,1
emotion,1
help,1
within,1
scatter,1
illuminate,1
vivid,1
upon,1
imprint,1
rood,1
suitable,1
lantern,1
pocket,1
light,1
dark,1
pitch,1
stand,1
flash,1
fitful,1
page,1
impart,1
information,1
bulk,1
must,1
trouble,1
amount,1
vast,1
cause,1
combination,1
pin,1
counterpart,1
post,1
iconoclastic,1
