lemma,count
the,22
i,16
be,13
to,11
of,9
and,8
tile,8
catholic,7
will,7
in,6
church,6
a,5
that,4
not,4
school,4
l,4
attack,4
my,4
as,4
it,4
parochial,4
with,4
this,4
by,4
ill,3
fight,3
its,3
priest,3
me,3
chicago,2
upon,2
book,2
so,2
now,2
father,2
show,2
corrupt,2
author,2
but,2
s,2
official,2
permit,2
make,2
ecclesiastic,2
fill,1
charge,1
controversy,1
vituperation,1
assail,1
mlle,1
raise,1
shop,1
issue,1
befog,1
wile,1
seer,1
control,1
opponent,1
press,1
bitterly,1
column,1
do,1
boor,1
naturalized,1
for,1
latter,1
under,1
prevalent,1
condition,1
devilish,1
become,1
citizen,1
ii,1
united,1
state,1
archdiocese,1
intend,1
bear,1
have,1
ed,1
prattle,1
present,1
education,1
christian,1
answer,1
anticipate,1
malignant,1
say,1
against,1
solely,1
never,1
corruption,1
long,1
goo,1
live,1
deal,1
america,1
war,1
theory,1
deceive,1
aware,1
you,1
priestly,1
people,1
from,1
money,1
extract,1
prelate,1
use,1
which,1
scheme,1
numerous,1
detail,1
sacrilege,1
immorality,1
drunkenness,1
graft,1
account,1
warn,1
an,1
give,1
irreligious,1
teaching,1
publish,1
cloth,1
pp,1
mo,1
nation,1
menace,1
curse,1
crowley,1
j,1
jeremiah,1
further,1
hierarchy,1
des,1
troy,1
layman,1
connection,1
lie,1
american,1
tilt,1
lisle,1
who,1
wrath,1
q,1
well,1
work,1
or,1
y,1
b,1
ha,1
laud,1
al,1
hot,1
h,1
t,1
go,1
la,1
r,1
establish,1
lid,1
government,1
fundamental,1
hostile,1
n,1
die,1
