lemma,count
the,77
be,56
of,39
to,37
a,26
and,23
it,19
they,15
that,15
by,12
as,11
their,11
his,11
in,10
union,10
would,9
s,9
for,9
interest,9
than,8
he,8
not,8
more,8
have,8
railway,7
o,7
this,6
public,6
mr,6
r,6
road,6
class,6
unionist,5
them,5
train,5
but,5
if,5
there,5
such,5
an,5
which,5
those,4
at,4
on,4
or,4
all,4
company,4
so,4
do,4
american,4
h,4
i,4
any,4
crossing,3
no,3
t,3
n,3
cause,3
its,3
even,3
fault,3
administration,3
good,3
find,3
fact,3
from,3
although,3
loyalty,3
who,3
represent,3
may,3
lead,3
friend,3
pagan,3
trouble,3
with,3
against,3
while,3
upon,3
effort,2
officer,2
one,2
nor,2
position,2
superior,2
authority,2
desire,2
much,2
method,2
man,2
into,2
inquiry,2
because,2
another,2
whose,2
protect,2
worker,2
unionized,2
thoroughly,2
look,2
what,2
general,2
can,2
group,2
throughout,2
cot,2
seniority,2
rule,2
him,2
own,2
justify,2
f,2
tell,2
result,2
hand,2
nut,2
m,2
demand,2
will,2
employer,2
selfish,2
discipline,2
demoralize,2
through,2
should,2
ii,2
great,2
light,2
situation,2
make,2
d,2
labor,2
efficiency,2
railroad,2
deadly,2
better,2
together,2
year,2
j,2
article,2
obscure,2
accident,2
well,2
difficult,2
possible,2
pick,2
our,2
world,2
use,2
seek,2
other,2
why,2
publicity,2
system,2
among,2
over,2
out,2
very,2
consist,1
everything,1
three,1
c,1
cover,1
y,1
th,1
appear,1
form,1
is,1
alt,1
ia,1
reference,1
up,1
draw,1
commandment,1
ten,1
accord,1
think,1
right,1
see,1
sec,1
b,1
lie,1
anything,1
volume,1
ac,1
mockery,1
son,1
manager,1
observe,1
kill,1
engineer,1
about,1
several,1
imperil,1
follow,1
take,1
extinguish,1
w,1
holiday,1
ts,1
discrimination,1
equality,1
watt,1
duty,1
ram,1
true,1
rowan,1
faithful,1
tin,1
first,1
remain,1
hint,1
could,1
remove,1
st,1
signature,1
nation,1
perform,1
consult,1
discreditable,1
compulsory,1
unless,1
obviously,1
maker,1
professional,1
discourage,1
win,1
non,1
fill,1
responsible,1
requiring,1
restore,1
secrecy,1
industrial,1
correct,1
suggest,1
analysis,1
existence,1
espouse,1
sir,1
jame,1
betray,1
create,1
injuring,1
stein,1
destructive,1
unmanageable,1
often,1
practically,1
object,1
theoretically,1
like,1
wound,1
faith,1
thought,1
these,1
remedy,1
array,1
admit,1
individually,1
subordinate,1
tho,1
organize,1
nullify,1
both,1
transportation,1
thai,1
disclosure,1
high,1
same,1
representative,1
wooden,1
er,1
work,1
fellow,1
helpless,1
neglect,1
become,1
injustice,1
support,1
nominally,1
act,1
consequence,1
report,1
substitute,1
individual,1
valuable,1
something,1
sac,1
only,1
accomplish,1
arc,1
body,1
illuminate,1
bridge,1
reward,1
near,1
far,1
accordingly,1
assert,1
tore,1
topic,1
truth,1
interesting,1
penetrate,1
ray,1
throw,1
book,1
thus,1
butcher,1
necessary,1
bin,1
investigation,1
go,1
prove,1
once,1
trade,1
disclose,1
construction,1
alternate,1
roadbed,1
care,1
ostensible,1
rather,1
run,1
seem,1
actually,1
quivering,1
power,1
under,1
prime,1
passage,1
rival,1
bottle,1
example,1
set,1
regrettable,1
when,1
fatal,1
coroner,1
governmental,1
jury,1
investigate,1
admirable,1
apparent,1
conspiracy,1
each,1
silence,1
obvious,1
companies,1
most,1
incident,1
leave,1
ever,1
show,1
writer,1
qualify,1
speak,1
favor,1
moreover,1
fear,1
sure,1
some,1
view,1
army,1
novel,1
authoritative,1
nave,1
nothing,1
serious,1
appreciate,1
fire,1
limited,1
entire,1
mileage,1
large,1
inflexible,1
europe,1
open,1
promotion,1
line,1
nevertheless,1
bis,1
score,1
kind,1
mark,1
without,1
eight,1
service,1
during,1
opinion,1
passenger,1
occurrence,1
actual,1
how,1
handicap,1
exceptional,1
prevent,1
tb,1
bottom,1
begin,1
advantage,1
sacrifice,1
must,1
pay,1
transfer,1
single,1
twenty,1
signalman,1
case,1
clean,1
underpaid,1
keeper,1
overawe,1
trainman,1
highly,1
unorganized,1
watchman,1
develop,1
track,1
highway,1
problem,1
growing,1
amendment,1
west,1
pullman,1
scandalous,1
degree,1
impossible,1
hit,1
illustrate,1
death,1
itself,1
suffer,1
extreme,1
push,1
point,1
doubt,1
objection,1
standpoint,1
alter,1
organization,1
disaster,1
come,1
defend,1
