lemma,count
the,30
of,29
and,19
be,16
a,11
have,10
in,9
to,8
tile,6
his,5
that,5
on,5
t,5
before,4
they,4
by,4
two,4
them,4
but,4
irene,4
day,4
august,3
mr,3
all,3
book,3
which,3
it,3
those,3
when,3
their,3
i,3
wild,2
say,2
you,2
he,2
v,2
village,2
woman,2
her,2
people,2
henri,2
war,2
english,2
jog,2
good,2
wife,2
show,2
daughter,2
train,2
at,2
would,2
many,2
experience,2
little,2
this,2
nation,2
ave,2
something,2
read,2
with,2
become,2
horror,2
really,2
wrath,2
small,2
person,2
or,2
some,2
presently,1
jan,1
wag,1
romancer,1
s,1
band,1
dream,1
miller,1
deem,1
bate,1
pretty,1
meetly,1
mean,1
l,1
lover,1
bead,1
escape,1
eyed,1
if,1
incident,1
see,1
pistol,1
full,1
knife,1
implore,1
b,1
kill,1
me,1
capture,1
together,1
male,1
necessary,1
hardly,1
belgian,1
is,1
there,1
ago,1
adventure,1
riley,1
year,1
humorous,1
seem,1
plucky,1
exploit,1
both,1
know,1
especially,1
portrait,1
once,1
because,1
peaceful,1
inhabitant,1
most,1
country,1
prosperous,1
contented,1
martyr,1
kingdom,1
europe,1
now,1
hunt,1
like,1
beat,1
effect,1
venture,1
defend,1
these,1
thing,1
tommie,1
incredible,1
course,1
come,1
through,1
not,1
companion,1
very,1
honor,1
likable,1
couple,1
brave,1
cockney,1
honorable,1
straightforward,1
do,1
work,1
better,1
chance,1
she,1
forceful,1
group,1
embodiment,1
late,1
burn,1
murder,1
noncombatant,1
tortured,1
any,1
undergone,1
heroic,1
belgium,1
cruel,1
september,1
q,1
take,1
company,1
six,1
other,1
arid,1
us,1
what,1
embody,1
vivid,1
cot,1
home,1
ly,1
louis,1
j,1
lode,1
net,1
mind,1
o,1
constitute,1
deaden,1
y,1
weight,1
number,1
need,1
personal,1
individual,1
awaken,1
its,1
sympathy,1
pity,1
may,1
bring,1
happen,1
during,1
awful,1
time,1
aid,1
cos,1
hie,1
get,1
place,1
cross,1
frontier,1
ar,1
language,1
about,1
damn,1
ade,1
prisoner,1
threaten,1
as,1
spy,1
fancy,1
safe,1
hand,1
russian,1
off,1
for,1
him,1
appeal,1
berlin,1
captain,1
second,1
lancer,1
hero,1
heroine,1
tor,1
open,1
railway,1
station,1
just,1
young,1
england,1
enter,1
who,1
study,1
escort,1
lieutenant,1
yon,1
imperial,1
guard,1
pock,1
