lemma,count
the,59
of,47
and,38
a,24
be,20
to,16
in,13
s,10
one,8
it,7
w,7
as,7
this,5
reader,5
have,5
that,5
old,4
an,4
he,4
which,4
very,4
at,4
his,4
king,4
more,4
h,4
many,4
n,4
himself,4
r,4
for,4
course,3
complete,3
from,3
scene,3
may,3
page,3
c,3
op,3
work,3
tile,3
i,3
story,3
zulu,3
will,3
do,3
terrible,3
where,3
all,3
not,3
finally,2
last,2
novel,2
li,2
with,2
on,2
away,2
death,2
past,2
among,2
l,2
die,2
say,2
dead,2
live,2
now,2
tale,2
most,2
she,2
t,2
child,2
man,2
supreme,2
upon,2
good,2
about,2
narrative,2
hold,2
figure,2
who,2
tho,2
author,2
other,2
its,2
occur,2
fiction,2
no,2
midst,2
any,2
interesting,2
storm,2
several,2
woe,2
ii,2
us,2
also,2
real,2
hero,2
few,2
e,2
various,2
long,2
wise,2
j,2
before,2
historical,2
sir,2
tell,2
well,2
than,2
allan,1
kingdom,1
chain,1
her,1
bind,1
leer,1
break,1
think,1
though,1
we,1
friend,1
love,1
dear,1
ma,1
hope,1
our,1
too,1
complicate,1
plot,1
haggard,1
them,1
how,1
handle,1
fellow,1
best,1
transfer,1
sate,1
pupil,1
low,1
queen,1
roll,1
alone,1
info,1
companion,1
two,1
land,1
play,1
important,1
peril,1
part,1
scheme,1
strange,1
there,1
thereby,1
far,1
whom,1
paper,1
hod,1
render,1
abnormal,1
adventure,1
appealing,1
white,1
girl,1
pathos,1
make,1
cleverly,1
sacrifice,1
supernatural,1
whit,1
kindly,1
forgetfulness,1
style,1
attention,1
firmly,1
draw,1
admirably,1
end,1
event,1
within,1
whose,1
find,1
account,1
temporary,1
vivid,1
bloodshed,1
nothing,1
present,1
fact,1
world,1
mixture,1
they,1
since,1
these,1
final,1
volume,1
value,1
trilogy,1
word,1
telling,1
quality,1
picture,1
evil,1
move,1
leave,1
form,1
compound,1
fall,1
time,1
way,1
power,1
honor,1
follow,1
ping,1
finish,1
late,1
continue,1
alike,1
rather,1
precede,1
dwarf,1
swing,1
scarcely,1
necessary,1
imaginary,1
speak,1
character,1
people,1
pass,1
unusual,1
year,1
token,1
d,1
moon,1
ghost,1
cherish,1
tribe,1
destroy,1
f,1
sc,1
house,1
royal,1
plan,1
hour,1
g,1
never,1
should,1
up,1
opener,1
mean,1
belong,1
tire,1
great,1
ll,1
arid,1
unforgivable,1
injury,1
underground,1
like,1
rat,1
bring,1
after,1
another,1
lulu,1
cause,1
z,1
lu,1
tact,1
africa,1
throng,1
twin,1
iv,1
bet,1
only,1
clot,1
et,1
plate,1
sometimes,1
iris,1
net,1
o,1
lung,1
ce,1
yard,1
y,1
th,1
indeed,1
those,1
thus,1
favor,1
lin,1
or,1
pier,1
person,1
m,1
la,1
meet,1
him,1
onus,1
new,1
oh,1
certain,1
nation,1
overthrow,1
although,1
rock,1
itch,1
base,1
their,1
slayer,1
whence,1
above,1
jut,1
vengeance,1
warrior,1
savage,1
circle,1
down,1
clouded,1
clear,1
fire,1
squatting,1
lie,1
picturesque,1
stirring,1
incident,1
alt,1
forget,1
fateful,1
fount,1
alien,1
stand,1
atone,1
kraal,1
leis,1
enemy,1
drive,1
light,1
little,1
woman,1
teat,1
ix,1
itself,1
wish,1
amount,1
intrigue,1
plenty,1
hairbreadth,1
escape,1
highly,1
dramatic,1
least,1
fairly,1
challenge,1
comparison,1
council,1
innocent,1
u,1
when,1
by,1
cunning,1
force,1
against,1
ill,1
declare,1
war,1
english,1
see,1
place,1
execution,1
so,1
reign,1
