lemma,count
the,91
a,73
of,67
to,52
be,51
and,47
in,43
his,31
that,20
have,18
for,15
as,15
with,14
he,13
s,12
by,12
who,11
not,11
at,11
it,10
on,10
their,10
her,9
from,8
make,8
him,8
one,8
i,7
come,7
novel,7
more,7
house,7
year,7
she,7
hutchinson,7
there,6
upon,6
elisabeth,6
an,6
which,5
so,5
this,5
but,5
them,5
war,5
go,5
purpose,5
you,5
all,5
life,4
public,4
than,4
or,4
sim,4
its,4
should,4
can,4
may,4
mr,4
little,4
increase,4
man,3
when,3
half,3
beauty,3
out,3
worker,3
idea,3
if,3
without,3
seem,3
another,3
andrew,3
possible,3
whose,3
brother,3
family,3
fame,3
call,3
down,3
four,3
young,3
general,3
great,3
c,3
d,3
through,3
thousand,3
sell,3
world,3
wait,3
these,3
must,3
england,3
love,3
even,3
hard,3
home,3
popularity,3
critic,3
sober,3
every,3
any,2
knowledge,2
whom,2
poor,2
do,2
vogue,2
hundred,2
sire,2
paris,2
b,2
your,2
write,2
like,2
day,2
find,2
during,2
other,2
vast,2
hath,2
keep,2
cake,2
first,2
limitation,2
wine,2
too,2
why,2
age,2
deep,2
affair,2
chasten,2
ever,2
strange,2
lie,2
golden,2
gleam,2
then,2
end,2
only,2
ear,2
lamp,2
float,2
glimpse,2
far,2
look,2
nurse,2
each,2
old,2
will,2
furniture,2
drip,2
british,2
rise,2
linda,2
frock,2
passage,2
dawn,2
often,2
scratch,2
sunday,2
hers,2
prose,2
outside,2
yellow,2
text,2
dunce,2
word,2
printing,2
how,2
accept,2
those,2
handle,2
task,2
fact,2
let,2
light,2
much,2
into,2
hand,2
we,2
give,2
impose,2
hall,2
leave,2
writer,2
bodyguard,2
wonder,2
many,2
author,2
under,2
change,1
music,1
father,1
foretaste,1
fallacious,1
rapture,1
stream,1
restaurant,1
head,1
gentle,1
darkness,1
justice,1
witticism,1
fraudulent,1
dream,1
table,1
club,1
party,1
could,1
manner,1
alone,1
know,1
speak,1
bare,1
fall,1
talk,1
five,1
quest,1
cross,1
address,1
uproot,1
futile,1
say,1
therefore,1
distractingly,1
self,1
twenty,1
hat,1
spender,1
trustee,1
calculation,1
draw,1
dedicate,1
duty,1
line,1
ready,1
shake,1
attack,1
rob,1
woman,1
repay,1
before,1
pill,1
death,1
peak,1
note,1
ly,1
still,1
name,1
book,1
fell,1
reunion,1
envelope,1
pink,1
somehow,1
bright,1
reviewer,1
customer,1
brotherhood,1
differently,1
return,1
lot,1
price,1
reading,1
purchase,1
week,1
imagine,1
devolve,1
considerable,1
notice,1
shoulder,1
burst,1
night,1
firework,1
obligation,1
almost,1
hush,1
transcendental,1
sale,1
up,1
soul,1
awes,1
battle,1
last,1
meat,1
understanding,1
vision,1
virtue,1
ax,1
flea,1
plane,1
gently,1
pass,1
swing,1
next,1
join,1
spirit,1
mutely,1
happen,1
thing,1
away,1
steal,1
arise,1
tableau,1
figure,1
lid,1
picture,1
bit,1
smile,1
rainbow,1
literature,1
glass,1
work,1
hunger,1
hope,1
bade,1
condone,1
banal,1
escape,1
cynic,1
same,1
inevitably,1
order,1
apparent,1
remain,1
nature,1
human,1
charlatan,1
letter,1
whether,1
they,1
elementary,1
exploitation,1
offense,1
recurrent,1
arc,1
sacred,1
tc,1
piece,1
healer,1
lr,1
dubious,1
bread,1
compounder,1
gland,1
religion,1
billy,1
baxter,1
prophet,1
joanna,1
exist,1
either,1
fault,1
no,1
faculty,1
destitute,1
daily,1
elixir,1
medicine,1
enough,1
shrewd,1
refuge,1
reader,1
category,1
preacher,1
baked,1
ill,1
prepare,1
vintage,1
puzzle,1
themselves,1
save,1
waist,1
mar,1
point,1
dangerous,1
suicide,1
individual,1
scourge,1
rant,1
sorrow,1
till,1
comment,1
impossible,1
star,1
brow,1
hell,1
montgomery,1
square,1
sort,1
stand,1
express,1
just,1
offer,1
concede,1
big,1
lapse,1
mind,1
would,1
minor,1
nod,1
temper,1
smallpox,1
full,1
measure,1
caine,1
crusade,1
marie,1
confidently,1
appeal,1
contemplation,1
intelligence,1
theme,1
ne,1
sermon,1
wager,1
fairly,1
spoil,1
christianity,1
since,1
poise,1
legend,1
saintly,1
commonplace,1
message,1
regenerate,1
set,1
everything,1
strut,1
furnish,1
clear,1
revelation,1
white,1
moon,1
balloon,1
position,1
hunted,1
fugitive,1
tear,1
between,1
decency,1
due,1
entail,1
learn,1
two,1
town,1
devilish,1
swagger,1
benefit,1
camera,1
lead,1
famous,1
lodge,1
recount,1
step,1
modesty,1
us,1
magic,1
disarm,1
envy,1
take,1
super,1
fling,1
hostile,1
unwilling,1
large,1
final,1
worth,1
congenial,1
amid,1
infantry,1
intellectual,1
reside,1
mainly,1
insulting,1
modern,1
hitherto,1
member,1
branch,1
pot,1
flavor,1
tho,1
devil,1
mere,1
few,1
act,1
palm,1
pillar,1
such,1
busy,1
holy,1
simplicity,1
view,1
mew,1
green,1
canvas,1
fly,1
behind,1
breathe,1
heel,1
reception,1
rather,1
attend,1
hide,1
master,1
ash,1
pseudonym,1
mannerism,1
successive,1
strain,1
sincere,1
urbane,1
criticism,1
stimulus,1
attain,1
some,1
rank,1
growth,1
until,1
uncanny,1
indeed,1
result,1
dozen,1
fiction,1
transparent,1
penalty,1
reveal,1
prophetic,1
role,1
late,1
also,1
bewail,1
literary,1
popular,1
pp,1
boston,1
brown,1
co,1
henry,1
stuart,1
tautology,1
syntax,1
common,1
hearted,1
time,1
ii,1
scoff,1
rood,1
small,1
shrink,1
motto,1
civilized,1
whip,1
halting,1
specialty,1
quite,1
fair,1
help,1
our,1
consider,1
desire,1
obvious,1
re,1
genius,1
tooth,1
sink,1
sub,1
rut,1
adept,1
burlesque,1
fortune,1
pleasantry,1
mirthless,1
crank,1
quip,1
providence,1
major,1
sky,1
nurture,1
commonly,1
toast,1
seldom,1
butter,1
kind,1
heed,1
dripping,1
fruit,1
because,1
atrophy,1
sense,1
value,1
savage,1
use,1
where,1
force,1
vase,1
blossom,1
extraordinary,1
radiance,1
always,1
blow,1
formerly,1
bud,1
alike,1
develop,1
attraction,1
paper,1
hunter,1
poole,1
macmillan,1
now,1
break,1
lightly,1
yearn,1
nail,1
mouth,1
tea,1
sally,1
yourself,1
bring,1
broken,1
store,1
once,1
meet,1
again,1
morning,1
never,1
forget,1
london,1
wipe,1
tell,1
mug,1
pretty,1
clay,1
lovely,1
creature,1
skin,1
proverb,1
among,1
wit,1
dog,1
ought,1
boil,1
send,1
n,1
cart,1
feed,1
loveliness,1
black,1
vivid,1
live,1
three,1
after,1
fashion,1
middle,1
different,1
way,1
ramshackle,1
righteousness,1
tie,1
j,1
worry,1
detail,1
business,1
run,1
sake,1
windmill,1
past,1
post,1
conscience,1
continue,1
immunity,1
reiterate,1
question,1
spar,1
disgust,1
tilt,1
lose,1
sight,1
nice,1
girl,1
glade,1
mood,1
marry,1
tepidly,1
affectionate,1
exact,1
l,1
confidential,1
secretary,1
lord,1
unheard,1
salary,1
geometric,1
wife,1
mayfair,1
married,1
daughter,1
pay,1
colonel,1
tropical,1
air,1
navy,1
something,1
doctor,1
clean,1
dark,1
deal,1
eye,1
malevolent,1
jule,1
male,1
sinister,1
paralyze,1
very,1
refer,1
uncle,1
prisoner,1
theirs,1
