lemma,count
the,218
of,125
in,82
be,78
to,63
and,50
have,38
he,32
a,30
for,30
that,25
i,22
it,21
by,18
french,17
on,17
foch,17
as,16
s,16
his,15
attack,14
which,14
war,13
at,12
m,12
do,11
not,11
out,10
plan,10
when,10
make,10
with,9
before,9
him,9
april,9
month,9
there,9
n,9
c,8
e,8
an,8
army,8
german,8
one,8
offensive,8
point,7
general,7
all,7
t,7
who,7
declare,7
after,7
from,6
our,6
r,6
troop,6
first,6
military,6
allied,6
such,6
l,6
enemy,6
chief,6
front,5
command,5
other,5
supreme,5
time,5
if,5
o,5
ally,5
premier,5
more,5
appointment,5
day,5
their,5
clemenceau,5
upon,5
they,5
take,5
most,5
under,5
will,5
or,5
we,5
this,4
would,4
step,4
f,4
sudden,4
y,4
terrible,4
become,4
old,4
part,4
forward,4
j,4
paris,4
give,4
these,4
but,4
retreat,4
then,4
no,4
h,4
end,3
commander,3
himself,3
b,3
could,3
march,3
where,3
than,3
them,3
british,3
order,3
force,3
unity,3
france,3
win,3
school,3
battle,3
lloyd,3
appoint,3
line,3
er,3
early,3
two,3
entire,3
into,3
bad,3
inch,3
minister,3
few,3
may,3
advance,3
top,3
toward,3
against,3
great,3
lie,3
position,3
back,3
those,3
off,2
fe,2
year,2
alter,2
fighting,2
ha,2
january,2
so,2
hand,2
until,2
materially,2
three,2
open,2
break,2
provide,2
q,2
four,2
schedule,2
modify,2
hour,2
large,2
only,2
yet,2
late,2
least,2
bring,2
ni,2
objection,2
failure,2
moment,2
me,2
work,2
believe,2
promise,2
american,2
v,2
us,2
hut,2
advocate,2
george,2
head,2
what,2
come,2
p,2
later,2
credit,2
book,2
shot,2
thrust,2
ex,2
answer,2
again,2
talk,2
just,2
ton,2
fact,2
west,2
civil,2
news,2
grow,2
apprehensive,2
operation,2
criticism,2
division,2
good,2
insist,2
smash,2
dig,2
fall,2
soldier,2
somme,2
morning,2
long,2
onslaught,2
whole,2
write,2
mill,2
say,2
black,2
son,2
preliminary,2
set,2
g,2
marshal,2
ill,2
add,2
fix,2
while,2
move,2
carry,2
opinion,2
important,2
slow,2
another,2
any,2
power,2
brilliant,2
crush,2
road,2
doctrine,2
paul,2
aux,2
victorious,2
post,2
tin,2
bygone,2
hold,2
idea,2
word,2
type,2
slight,2
like,2
w,2
confer,1
po,1
corn,1
following,1
en,1
hts,1
lo,1
ix,1
home,1
ace,1
ff,1
leg,1
lat,1
exemplify,1
leader,1
subscribe,1
fulfill,1
intention,1
rig,1
hay,1
reveals,1
incidentally,1
bright,1
america,1
aid,1
hope,1
root,1
di,1
bore,1
efforts,1
loon,1
potion,1
act,1
unhindered,1
allow,1
retort,1
rely,1
nothing,1
hamper,1
bx,1
foe,1
sort,1
week,1
hit,1
ski,1
clearing,1
scorn,1
up,1
return,1
wu,1
nov,1
grand,1
bitterly,1
nibble,1
partial,1
ma,1
further,1
hopelessness,1
th,1
responsible,1
realize,1
persist,1
thai,1
necessity,1
imp,1
hr,1
oil,1
both,1
leave,1
truth,1
pr,1
appalling,1
morale,1
d,1
ive,1
lure,1
fro,1
ce,1
allusion,1
statement,1
lowing,1
mus,1
exceedingly,1
argue,1
therefore,1
elle,1
gun,1
bed,1
interference,1
politician,1
lex,1
term,1
star,1
feeling,1
mutiny,1
hoe,1
rein,1
wave,1
her,1
should,1
june,1
arrival,1
wish,1
danger,1
merely,1
poss,1
accession,1
between,1
occur,1
version,1
now,1
world,1
gate,1
silence,1
really,1
advisability,1
bicker,1
ah,1
drive,1
quentin,1
asunder,1
burst,1
northern,1
terrific,1
ruck,1
fat,1
ward,1
deserve,1
place,1
especially,1
gauntlet,1
down,1
throw,1
whom,1
rest,1
doughty,1
extremely,1
reproduction,1
devote,1
establish,1
section,1
deny,1
possible,1
malay,1
tag,1
certainly,1
level,1
accusation,1
buy,1
responsibility,1
throughout,1
help,1
last,1
parry,1
review,1
november,1
al,1
aug,1
clear,1
former,1
quote,1
public,1
prepare,1
felix,1
fax,1
xi,1
rot,1
lord,1
ring,1
hap,1
how,1
elf,1
my,1
ruin,1
keep,1
challenge,1
furious,1
made,1
let,1
million,1
agreement,1
arrive,1
eventually,1
et,1
cease,1
cording,1
praised,1
mature,1
high,1
raise,1
london,1
summon,1
else,1
jealousy,1
base,1
feel,1
thoroughly,1
tr,1
indeed,1
pin,1
summer,1
many,1
dec,1
mind,1
already,1
mare,1
per,1
dire,1
pass,1
comment,1
promptly,1
historic,1
emphatically,1
addition,1
ignore,1
conceive,1
five,1
laser,1
ahead,1
bitter,1
critic,1
legion,1
western,1
pound,1
aria,1
forewarning,1
flinch,1
about,1
learn,1
u,1
ch,1
publication,1
relinquish,1
region,1
sale,1
relate,1
interim,1
con,1
shorten,1
october,1
lay,1
altogether,1
nearer,1
need,1
right,1
z,1
bath,1
agitate,1
question,1
eat,1
hew,1
meet,1
tb,1
abandon,1
assail,1
hal,1
succeed,1
state,1
objective,1
well,1
too,1
know,1
use,1
decide,1
body,1
available,1
painting,1
cd,1
either,1
costly,1
gnaw,1
shall,1
penetration,1
movement,1
champion,1
new,1
beth,1
veal,1
precede,1
hair,1
progress,1
sweeping,1
principle,1
entirely,1
view,1
name,1
amazingly,1
go,1
short,1
space,1
concerted,1
irresistible,1
key,1
anathema,1
brusque,1
its,1
sir,1
clare,1
memoir,1
gossip,1
common,1
matter,1
william,1
ob,1
secrecy,1
optimism,1
infer,1
lead,1
leadership,1
de,1
cardinal,1
however,1
rosy,1
recently,1
eight,1
forty,1
defense,1
twenty,1
surprise,1
ms,1
opel,1
represent,1
frankly,1
situation,1
overwhelming,1
rd,1
ll,1
office,1
east,1
kilometer,1
instead,1
meter,1
shelter,1
concrete,1
hide,1
machine,1
catch,1
whirl,1
completeness,1
infantry,1
plateau,1
elapse,1
less,1
indignantly,1
cry,1
hiss,1
repudiate,1
famous,1
br,1
story,1
brutal,1
even,1
pit,1
tank,1
begin,1
re,1
accord,1
neither,1
plateaus,1
junction,1
farm,1
attention,1
eager,1
nm,1
vast,1
cemetery,1
though,1
plain,1
shock,1
annihilate,1
support,1
artillery,1
powerful,1
launch,1
counter,1
mass,1
ion,1
reg,1
telephone,1
warfare,1
care,1
drastic,1
elude,1
without,1
almost,1
prepared,1
tc,1
lad,1
result,1
strike,1
blow,1
serve,1
fifth,1
release,1
themselves,1
worry,1
saved,1
outspoken,1
quite,1
longer,1
forthcoming,1
play,1
ho,1
include,1
man,1
plenty,1
promote,1
way,1
stretch,1
thus,1
trench,1
call,1
toped,1
surge,1
over,1
pour,1
tenth,1
colonial,1
huge,1
alon,1
tile,1
lid,1
victim,1
fight,1
condition,1
breath,1
halt,1
third,1
perhaps,1
eighteen,1
onrush,1
pause,1
rio,1
column,1
truce,1
