lemma,count
the,24
of,22
be,18
to,15
a,14
he,13
and,12
in,11
have,10
that,10
his,7
it,7
with,5
tile,5
which,5
by,5
under,4
louis,4
for,4
on,4
as,4
its,4
empire,4
seem,4
second,4
bear,3
make,3
part,3
crime,3
office,2
business,2
w,2
tie,2
political,2
cease,2
at,2
paris,2
never,2
who,2
everybody,2
very,2
connect,2
most,2
but,2
memoir,2
book,2
an,2
old,2
rather,2
abridgment,2
new,2
prussian,1
espionage,1
even,1
date,1
september,1
extend,1
over,1
private,1
system,1
allege,1
reason,1
why,1
no,1
real,1
effort,1
become,1
authority,1
find,1
france,1
clear,1
without,1
more,1
i,1
u,1
t,1
time,1
include,1
especially,1
coup,1
murder,1
testimony,1
echo,1
piece,1
hardly,1
fresh,1
reverberate,1
advance,1
novel,1
or,1
theory,1
suffer,1
every,1
revolting,1
accomplice,1
perpetrate,1
whom,1
impossible,1
whole,1
slum,1
vulgarity,1
carl,1
napoleon,1
sordidness,1
conspire,1
from,1
confirm,1
belief,1
hold,1
now,1
indeed,1
neatly,1
exist,1
express,1
englishman,1
would,1
if,1
sort,1
imperial,1
absence,1
do,1
fortune,1
concern,1
ideal,1
interesting,1
disclosure,1
those,1
directly,1
lo,1
politic,1
criminal,1
happen,1
x,1
low,1
den,1
visit,1
come,1
upon,1
engage,1
es,1
last,1
famous,1
man,1
content,1
routine,1
present,1
much,1
abridge,1
translation,1
therefore,1
all,1
intent,1
purpose,1
nobody,1
look,1
into,1
will,1
dispose,1
deny,1
worth,1
writer,1
ks,1
middle,1
when,1
great,1
devotion,1
prolixity,1
pp,1
monsieur,1
claude,1
chief,1
police,1
translate,1
katherine,1
prescott,1
twelve,1
portrait,1
boston,1
account,1
york,1
co,1
this,1
publish,1
ten,1
volume,1
fail,1
flat,1
then,1
n,1
collapse,1
commit,1
though,1
could,1
nearly,1
say,1
rock,1
cradle,1
follow,1
grave,1
philippe,1
fatal,1
charge,1
headquarter,1
baggage,1
moreover,1
claim,1
policeman,1
detective,1
begin,1
career,1
detect,1
before,1
boon,1
go,1
what,1
know,1
always,1
retain,1
place,1
republic,1
until,1
one,1
note,1
tendency,1
magnify,1
fact,1
act,1
inside,1
order,1
than,1
except,1
e,1
maintain,1
decent,1
personal,1
character,1
sufficiently,1
f,1
