lemma,count
the,27
be,15
to,14
and,14
of,11
a,11
with,8
garden,7
in,6
on,6
ely,5
flower,5
volume,4
practical,4
have,4
for,3
who,3
as,3
tree,3
find,2
their,2
present,2
thing,2
from,2
great,2
will,2
then,2
helpful,2
grow,2
experiment,2
some,2
say,2
well,2
beauty,2
gardener,2
she,2
raise,2
plant,2
those,2
mrs,2
contain,2
amateur,2
one,2
fill,2
place,2
s,2
sound,1
home,1
note,1
warn,1
surround,1
eminently,1
against,1
over,1
genius,1
preside,1
connecticut,1
successfully,1
usually,1
woman,1
primarily,1
adapt,1
speak,1
away,1
by,1
forebear,1
regard,1
increase,1
tenderness,1
devotion,1
chapter,1
seed,1
most,1
illustrate,1
this,1
subject,1
that,1
ever,1
average,1
carry,1
elaborate,1
bulb,1
how,1
latter,1
neighborhood,1
give,1
remuneration,1
trouble,1
expend,1
these,1
when,1
instructive,1
t,1
line,1
hint,1
ole,1
ma,1
strange,1
supplement,1
your,1
suit,1
they,1
heed,1
so,1
often,1
ia,1
do,1
not,1
vine,1
shrub,1
too,1
many,1
variety,1
sys,1
list,1
but,1
part,1
pay,1
best,1
life,1
because,1
love,1
former,1
book,1
gardening,1
same,1
careful,1
treatment,1
combine,1
idea,1
gain,1
personal,1
experience,1
delightful,1
art,1
lay,1
out,1
make,1
blossom,1
profit,1
interest,1
read,1
ambitious,1
advice,1
timely,1
publication,1
wholesome,1
suggestion,1
suburban,1
dweller,1
add,1
company,1
outward,1
attractiveness,1
his,1
helena,1
new,1
york,1
macmillan,1
it,1
although,1
chiefly,1
if,1
people,1
beginning,1
country,1
should,1
start,1
at,1
once,1
any,1
young,1
extent,1
later,1
year,1
thee,1
monument,1
ancestral,1
forethought,1
married,1
all,1
devote,1
sensible,1
title,1
indicate,1
cover,1
somewhat,1
broad,1
field,1
very,1
importance,1
size,1
keep,1
lawn,1
which,1
contribute,1
immensely,1
may,1
its,1
index,1
