lemma,count
the,154
of,100
be,57
and,56
to,42
a,42
in,39
commission,27
by,23
it,23
that,22
have,20
as,16
its,15
coal,15
for,14
on,13
not,12
which,12
this,12
s,12
public,12
industry,11
report,10
operator,10
fact,10
would,9
hunt,9
mr,8
but,8
or,8
union,8
do,8
miner,7
at,7
upon,7
both,7
should,7
their,6
state,6
if,6
recommendation,6
make,6
anthracite,6
government,5
an,5
i,5
work,5
each,5
united,5
large,5
worker,5
with,5
force,5
they,4
mine,4
say,4
president,4
concern,4
great,4
than,4
case,4
them,4
price,4
cost,4
under,4
two,4
condition,4
opinion,4
life,4
profit,4
part,3
hammond,3
book,3
up,3
party,3
out,3
interest,3
bituminous,3
own,3
people,3
hold,3
award,3
general,3
reasonable,3
company,3
relation,3
what,3
find,3
supply,3
over,3
present,3
can,3
all,3
either,3
continuous,3
will,3
crisis,3
live,3
we,3
publicity,3
policy,3
recommend,3
before,3
some,3
time,3
less,3
give,3
how,3
against,2
pertinent,2
expiration,2
failure,2
ignore,2
special,2
investigation,2
compulsory,2
l,2
future,2
character,2
since,2
summarize,2
highly,2
further,2
use,2
date,2
agreement,2
experience,2
indefensible,2
whether,2
exhaustive,2
concentrated,2
urge,2
one,2
power,2
finding,2
know,2
into,2
about,2
advanced,2
take,2
may,2
strike,2
increase,2
edward,2
copyright,2
essence,2
economic,2
colleague,2
his,2
production,2
settlement,2
country,2
return,2
who,2
these,2
whole,2
external,2
accounting,2
thousand,2
basic,2
member,2
monopoly,2
struggle,2
rather,2
suggestion,2
when,2
another,2
year,2
business,2
ownership,2
much,2
such,2
situation,2
only,2
value,2
town,2
must,2
eyre,2
margin,2
shall,2
review,2
person,2
engage,2
between,2
because,2
point,2
page,2
none,2
more,2
result,2
most,2
set,2
hay,2
congress,2
john,2
now,2
foreword,2
no,2
mind,2
specifically,2
camp,1
pressure,1
emphasize,1
living,1
early,1
mining,1
bring,1
fr,1
philosophy,1
w,1
exactly,1
show,1
carry,1
supervision,1
uncoordinated,1
rigid,1
chaos,1
impose,1
reduce,1
uniform,1
technically,1
course,1
base,1
finance,1
land,1
include,1
classify,1
utility,1
pend,1
principal,1
industrial,1
veteran,1
louis,1
division,1
interstate,1
commerce,1
neither,1
figure,1
append,1
hun,1
serviceable,1
considerably,1
control,1
apprehensive,1
account,1
protect,1
once,1
refer,1
begin,1
current,1
propose,1
possibility,1
place,1
ton,1
per,1
ts,1
ac,1
recent,1
facility,1
decent,1
organization,1
road,1
tolerate,1
distribution,1
waste,1
common,1
other,1
group,1
unionism,1
prodigious,1
remote,1
feudal,1
proportion,1
disorganization,1
every,1
standard,1
sporadically,1
vastly,1
market,1
competition,1
throat,1
cut,1
very,1
few,1
hundred,1
different,1
score,1
scatter,1
pennsylvania,1
evolution,1
pile,1
bur,1
den,1
wisely,1
exercise,1
able,1
prejudice,1
information,1
rumor,1
guide,1
belief,1
proclaim,1
democracy,1
mysterious,1
supreme,1
investment,1
judicious,1
citizenship,1
inconsistent,1
dependable,1
believe,1
reason,1
trump,1
optimistic,1
blow,1
confusion,1
face,1
ultimate,1
pass,1
process,1
busy,1
organize,1
thoroughly,1
insurance,1
unemployment,1
system,1
joint,1
devise,1
effort,1
definite,1
suggest,1
welfare,1
responsibility,1
measure,1
end,1
social,1
serve,1
way,1
confront,1
challenge,1
militancy,1
sheer,1
dependence,1
increasingly,1
diminish,1
law,1
ph,1
powerful,1
win,1
lot,1
improve,1
compensation,1
offer,1
labor,1
considerable,1
product,1
produce,1
term,1
geographically,1
voluminous,1
detail,1
fine,1
etch,1
picture,1
leave,1
explanatory,1
descriptive,1
purely,1
past,1
successfully,1
advance,1
depend,1
need,1
enlighten,1
aid,1
interpret,1
collect,1
research,1
treat,1
operation,1
toward,1
incentive,1
affect,1
conflict,1
continue,1
actuality,1
leadership,1
callous,1
collective,1
indifference,1
amazing,1
commentary,1
late,1
until,1
wait,1
completely,1
kind,1
r,1
dedicate,1
bear,1
wm,1
build,1
intelligent,1
material,1
al,1
send,1
e,1
volume,1
single,1
respect,1
maturity,1
decorated,1
collection,1
there,1
itself,1
heterogeneous,1
complicate,1
unbelievably,1
exposition,1
detailed,1
tenth,1
nine,1
hook,1
any,1
undertake,1
so,1
history,1
never,1
go,1
mood,1
boo,1
put,1
principle,1
sound,1
formulation,1
preliminary,1
cover,1
away,1
pack,1
unfortunate,1
due,1
credit,1
after,1
almost,1
publish,1
last,1
summary,1
us,1
full,1
seem,1
hour,1
eleventh,1
clark,1
evan,1
co,1
william,1
baltimore,1
pp,1
h,1
joseph,1
edit,1
federal,1
contain,1
staff,1
head,1
pier,1
problem,1
fare,1
statistical,1
unused,1
assimilation,1
easy,1
heavy,1
too,1
turn,1
official,1
mimeograph,1
distill,1
galloway,1
attempt,1
ago,1
long,1
publicly,1
privately,1
energy,1
secretary,1
former,1
york,1
new,1
save,1
transcript,1
our,1
sure,1
assumption,1
wise,1
deem,1
could,1
bind,1
he,1
arbitration,1
plain,1
him,1
inquire,1
o,1
designate,1
then,1
stoppage,1
threaten,1
still,1
explain,1
day,1
sixty,1
later,1
agree,1
amend,1
desire,1
pr,1
acceptance,1
competent,1
plan,1
million,1
necessity,1
estate,1
number,1
small,1
relatively,1
like,1
natural,1
limited,1
view,1
however,1
expropriation,1
purchase,1
private,1
service,1
conception,1
entire,1
routine,1
governmental,1
matter,1
alone,1
reserve,1
t,1
notice,1
month,1
three,1
unless,1
clothing,1
shelter,1
food,1
whet,1
hazard,1
themselves,1
consumer,1
from,1
chain,1
link,1
retailer,1
wholesaler,1
interrelation,1
structure,1
discussion,1
evidence,1
divide,1
follow,1
piece,1
colorless,1
somewhat,1
though,1
authoritative,1
get,1
wage,1
employer,1
event,1
renewal,1
automatic,1
provide,1
nd,1
arise,1
hear,1
chance,1
imminent,1
prospect,1
field,1
z,1
finally,1
drift,1
mastery,1
possible,1
relief,1
stand,1
hey,1
just,1
stir,1
particular,1
change,1
type,1
