lemma,count
the,25
be,19
and,16
a,16
of,15
in,9
story,8
it,7
to,7
that,6
have,5
toddle,5
his,4
he,4
not,4
as,4
tile,4
but,4
novel,3
by,3
may,3
scotch,3
so,3
at,3
upon,2
always,2
well,2
do,2
with,2
make,2
golf,2
there,2
also,2
reader,2
book,2
about,2
accord,2
hater,2
woman,2
love,2
weather,2
toddie,2
little,2
art,2
their,2
god,2
when,2
they,2
every,2
those,1
previous,1
become,1
green,1
belief,1
nigh,1
all,1
just,1
i,1
upset,1
classic,1
come,1
purpose,1
perform,1
beautifully,1
loading,1
than,1
cupid,1
capture,1
industrial,1
add,1
them,1
secondary,1
lofty,1
ill,1
real,1
work,1
attraction,1
among,1
lowly,1
third,1
tb,1
bob,1
june,1
setting,1
omit,1
quality,1
which,1
pleasant,1
sun,1
kiss,1
rosy,1
cheek,1
maybe,1
st,1
enjoy,1
spell,1
bind,1
frontispiece,1
monochrome,1
or,1
look,1
vital,1
importance,1
fr,1
link,1
dark,1
street,1
bail,1
stray,1
one,1
dog,1
stick,1
adopt,1
decoration,1
lettering,1
from,1
through,1
famous,1
mind,1
him,1
cloth,1
first,1
move,1
orange,1
toward,1
uplift,1
scene,1
till,1
understand,1
subordinate,1
for,1
darkness,1
fearfully,1
anticipate,1
cook,1
inch,1
your,1
person,1
yearn,1
familiar,1
watson,1
corner,1
hopelessly,1
distant,1
bar,1
entitle,1
yet,1
what,1
mr,1
rain,1
stand,1
ever,1
you,1
suit,1
various,1
mood,1
here,1
play,1
resonantly,1
gamut,1
human,1
emotion,1
unless,1
tradition,1
fault,1
nobody,1
would,1
imagine,1
scotchman,1
begin,1
gilbert,1
century,1
heart,1
fine,1
tell,1
most,1
unsophisticated,1
word,1
same,1
time,1
feel,1
charm,1
literature,1
company,1
only,1
devina,1
housemaid,1
strong,1
minded,1
warm,1
hearted,1
though,1
simple,1
delightfully,1
such,1
indeed,1
sound,1
much,1
like,1
pun,1
instinctively,1
conclude,1
enter,1
temperance,1
con,1
will,1
erroneous,1
publisher,1
s,1
legend,1
enough,1
glossary,1
necessary,1
volume,1
