lemma,count
the,85
of,48
be,34
and,29
to,26
in,23
exchange,22
it,18
a,14
its,12
tile,11
they,9
stock,9
street,8
not,8
room,8
that,8
at,8
as,7
on,6
but,6
would,6
s,6
history,6
l,6
first,5
for,5
there,5
i,5
by,5
have,5
with,4
volume,4
financial,4
member,4
their,4
than,4
wall,4
this,4
great,4
writer,4
new,4
use,4
building,4
because,4
meet,4
all,3
when,3
finance,3
from,3
also,3
consider,3
air,3
now,3
may,3
after,3
o,3
do,3
which,3
remain,3
market,3
year,3
mr,3
or,3
time,3
century,3
hire,2
fire,2
speculation,2
too,2
chamber,2
back,2
p,2
who,2
long,2
his,2
common,2
like,2
one,2
american,2
any,2
then,2
article,2
existence,2
three,2
however,2
chief,2
tell,2
able,2
other,2
editor,2
clarence,2
until,2
present,2
under,2
more,2
house,2
york,2
move,2
city,2
an,2
broad,2
company,2
much,2
will,2
man,2
since,2
found,2
value,2
go,2
commerce,1
occupy,1
clock,1
day,1
second,1
hayloft,1
custom,1
lease,1
warren,1
john,1
howard,1
hotel,1
allow,1
floor,1
where,1
protection,1
rear,1
forward,1
hew,1
d,1
little,1
panic,1
those,1
constantly,1
grow,1
strong,1
institution,1
world,1
buttonwood,1
tree,1
between,1
course,1
rain,1
say,1
bank,1
probable,1
open,1
latter,1
reorganize,1
cholera,1
come,1
broadway,1
reade,1
low,1
corn,1
growth,1
william,1
speculator,1
black,1
w,1
jr,1
fisk,1
jame,1
fall,1
rise,1
recovery,1
beaver,1
slump,1
me,1
no,1
leather,1
alf,1
pp,1
vol,1
friday,1
c,1
memory,1
subsidiary,1
n,1
rest,1
expert,1
special,1
these,1
unlisted,1
ticker,1
concern,1
old,1
consolidated,1
adopt,1
mistaken,1
if,1
clearing,1
activity,1
twentieth,1
outset,1
prosperity,1
construction,1
while,1
produce,1
month,1
few,1
exception,1
remove,1
december,1
war,1
civil,1
during,1
home,1
court,1
lord,1
u,1
later,1
edifice,1
ever,1
contribution,1
possibly,1
exhibit,1
full,1
give,1
worker,1
co,1
ir,1
look,1
indicate,1
simply,1
removal,1
harlem,1
successor,1
see,1
impossible,1
always,1
hopefully,1
prevent,1
mankind,1
matthew,1
moloch,1
viper,1
cormorant,1
show,1
incidentally,1
clearly,1
us,1
explain,1
he,1
need,1
defense,1
thoma,1
really,1
brief,1
follow,1
ls,1
average,1
apt,1
security,1
sell,1
buy,1
facility,1
estimation,1
public,1
demonstrate,1
central,1
meeting,1
thus,1
country,1
buyer,1
nd,1
seller,1
ace,1
know,1
introduction,1
weal,1
contribute,1
result,1
mutter,1
associate,1
him,1
edmund,1
literary,1
chronicle,1
such,1
prepare,1
task,1
confide,1
write,1
completion,1
competent,1
excellent,1
labor,1
interest,1
although,1
sketch,1
complete,1
review,1
purpose,1
alive,1
enough,1
fortunate,1
biographical,1
alone,1
t,1
contain,1
two,1
probably,1
event,1
deal,1
afford,1
borrower,1
seek,1
large,1
exist,1
upsetting,1
less,1
nothing,1
effect,1
immediate,1
cease,1
cecal,1
function,1
aid,1
accomplish,1
evil,1
abolish,1
ere,1
headache,1
government,1
constitute,1
suffer,1
something,1
genera,1
evolution,1
break,1
ruin,1
discernible,1
good,1
ensue,1
ill,1
readjustment,1
convulsion,1
utilize,1
could,1
property,1
holder,1
cure,1
head,1
off,1
e,1
render,1
change,1
service,1
important,1
another,1
x,1
otherwise,1
enable,1
them,1
obtain,1
easy,1
find,1
money,1
amount,1
community,1
men,1
cut,1
loss,1
order,1
suppress,1
dependent,1
bad,1
dr,1
insist,1
without,1
h,1
speedily,1
so,1
desire,1
bond,1
capital,1
previously,1
account,1
