lemma,count
the,33
of,14
be,14
and,7
for,6
in,5
a,5
place,4
country,4
many,4
which,3
to,3
practical,3
there,3
describe,3
with,3
population,2
space,2
much,2
you,2
as,2
it,2
interior,2
method,2
its,2
guidebook,2
great,2
have,2
illustration,2
tourist,2
mediterranean,2
traveler,2
handbook,2
information,2
by,2
de,2
lorenz,2
map,2
all,1
hotel,1
inform,1
lastly,1
tell,1
tho,1
religion,1
product,1
revenue,1
what,1
area,1
read,1
necessary,1
portugal,1
example,1
take,1
statistic,1
useful,1
page,1
single,1
him,1
island,1
or,1
each,1
know,1
that,1
hint,1
nearly,1
money,1
conveyance,1
magazine,1
shop,1
american,1
article,1
part,1
worship,1
recent,1
most,1
include,1
question,1
good,1
print,1
precede,1
prominent,1
illiterate,1
people,1
cent,1
regard,1
make,1
per,1
monument,1
their,1
who,1
devote,1
ordinary,1
subtitle,1
unquestionable,1
europe,1
sea,1
on,1
border,1
treatment,1
excellence,1
favor,1
claim,1
just,1
rev,1
john,1
sir,1
veracious,1
time,1
since,1
company,1
h,1
flem,1
york,1
new,1
pp,1
cloth,1
numerous,1
designate,1
usual,1
guide,1
important,1
spain,1
southern,1
italy,1
egypt,1
land,1
holy,1
such,1
inland,1
except,1
city,1
seacoast,1
only,1
book,1
visit,1
person,1
prepared,1
specially,1
notice,1
under,1
volume,1
care,1
nobody,1
about,1
give,1
clear,1
