lemma,count
the,59
of,33
be,28
in,21
and,19
a,19
to,16
it,14
death,12
have,11
at,10
j,9
not,9
they,9
which,8
war,8
s,8
that,8
i,8
as,8
with,7
by,6
their,5
do,5
but,5
its,5
piece,5
volume,4
author,4
before,4
on,4
or,4
one,4
wilson,4
undertaker,4
from,4
garland,4
o,3
he,3
bishop,3
mind,3
would,3
power,3
his,3
dandy,3
when,3
for,3
make,3
swinburne,3
like,3
seem,3
this,3
other,3
last,3
bad,2
play,2
good,2
sensitive,2
preface,2
use,2
could,2
horror,2
better,2
may,2
them,2
hand,2
stand,2
verse,2
mr,2
live,2
if,2
another,2
word,2
life,2
well,2
about,2
mirror,2
there,2
die,2
beauty,2
france,2
prose,2
man,2
point,2
all,2
take,2
him,2
picture,2
even,2
should,2
york,2
because,2
perhaps,2
no,2
press,2
editor,2
winter,2
fair,2
ever,2
present,2
page,2
least,2
student,2
new,2
through,2
dance,2
state,2
part,2
college,2
jest,2
moment,2
after,1
sure,1
belong,1
period,1
yellow,1
book,1
p,1
damn,1
further,1
baudelaire,1
carry,1
ought,1
sleep,1
unforgettable,1
conquer,1
manner,1
out,1
pagan,1
remember,1
only,1
role,1
funeral,1
romantic,1
lead,1
poet,1
howard,1
sway,1
lyric,1
passion,1
eugene,1
chorus,1
vital,1
gordon,1
break,1
half,1
so,1
stage,1
pass,1
garden,1
also,1
suffice,1
same,1
review,1
eye,1
dramatic,1
fashion,1
baron,1
parisian,1
romance,1
ex,1
two,1
soldier,1
resurrection,1
majority,1
cowardice,1
these,1
victorian,1
burst,1
grenade,1
justify,1
invaluable,1
against,1
phrase,1
eat,1
into,1
argument,1
reason,1
canker,1
gangrene,1
service,1
reticent,1
scenario,1
move,1
old,1
fling,1
totter,1
slowly,1
glass,1
find,1
therein,1
double,1
nave,1
grin,1
wide,1
will,1
certain,1
terror,1
probably,1
toothless,1
mist,1
messrs,1
apparition,1
phase,1
can,1
sen,1
richard,1
mansfield,1
post,1
result,1
either,1
kill,1
periodical,1
princeton,1
university,1
united,1
enter,1
world,1
thousand,1
join,1
struggle,1
neither,1
great,1
danger,1
escape,1
presence,1
me,1
inevitable,1
impress,1
say,1
any,1
elevated,1
pulpit,1
barricade,1
behind,1
an,1
editorial,1
desk,1
vanity,1
former,1
phantasmagoria,1
whirl,1
john,1
peale,1
edmund,1
jr,1
pp,1
knopf,1
most,1
issue,1
long,1
while,1
exactly,1
come,1
reader,1
ready,1
hurt,1
window,1
rubbish,1
next,1
bring,1
up,1
short,1
sheer,1
brilliancy,1
some,1
passage,1
overpower,1
darkly,1
much,1
kind,1
indeed,1
statement,1
misunderstood,1
perverted,1
inspiration,1
fifteenth,1
century,1
again,1
quote,1
people,1
devastate,1
dramatize,1
comic,1
every,1
morality,1
content,1
equally,1
divide,1
between,1
centaur,1
village,1
write,1
today,1
acquaint,1
latin,1
quarter,1
divert,1
fruit,1
force,1
combination,1
heart,1
rob,1
very,1
sun,1
splendor,1
star,1
stab,1
knife,1
europe,1
reach,1
where,1
think,1
nothing,1
besides,1
young,1
develop,1
facile,1
pen,1
return,1
resume,1
writing,1
cleverness,1
always,1
pervert,1
pessimism,1
likelihood,1
