lemma,count
the,48
and,47
be,36
of,31
to,23
a,17
in,17
her,16
his,16
s,14
that,12
edward,11
with,9
for,9
this,8
have,8
she,7
he,7
him,7
an,6
but,6
one,6
who,5
not,5
mother,5
very,5
churchill,4
go,4
lilian,4
out,4
all,4
which,4
at,4
they,3
great,3
mirror,3
from,3
well,3
where,3
end,3
leave,3
op,3
soul,3
time,3
so,3
when,3
themselves,3
become,3
numerous,2
intensely,2
belief,2
two,2
character,2
indeed,2
book,2
especially,2
once,2
st,2
there,2
sacrifice,2
order,2
part,2
after,2
murder,2
mr,2
any,2
art,2
no,2
rich,2
while,2
or,2
obvious,2
course,2
high,2
do,2
work,2
on,2
must,2
seem,2
church,2
devout,2
description,2
i,2
most,2
by,2
however,2
wife,2
faith,2
almost,2
husband,2
late,2
quite,2
beat,2
middle,2
love,2
length,2
even,2
more,2
place,2
e,2
take,2
self,2
as,2
put,1
boa,1
begin,1
ewer,1
barely,1
woman,1
ad,1
altruist,1
hutch,1
remain,1
other,1
wow,1
say,1
interest,1
slight,1
keep,1
same,1
lip,1
type,1
embrace,1
hire,1
gang,1
disbelief,1
dust,1
lie,1
before,1
into,1
tumble,1
orthodox,1
legend,1
whole,1
religion,1
de,1
god,1
moment,1
author,1
w,1
saint,1
elapse,1
l,1
apparently,1
ground,1
between,1
orthodoxy,1
atheism,1
sand,1
bud,1
next,1
event,1
thug,1
inevitable,1
disco,1
er,1
odor,1
probably,1
stand,1
something,1
sense,1
never,1
yet,1
lose,1
eda,1
sympathize,1
understand,1
able,1
bring,1
these,1
exquisiteness,1
idealism,1
charm,1
gallery,1
air,1
those,1
lack,1
fundamental,1
subtly,1
bustling,1
many,1
write,1
hook,1
generous,1
simple,1
clear,1
devoted,1
far,1
skillfully,1
though,1
less,1
scarcely,1
promise,1
early,1
n,1
produce,1
beside,1
if,1
fall,1
vicar,1
hare,1
hunger,1
actual,1
suffer,1
poor,1
thereby,1
income,1
private,1
entire,1
give,1
extent,1
presently,1
aid,1
stint,1
trey,1
help,1
them,1
their,1
unspeakable,1
convert,1
relinquished,1
am,1
interesting,1
minor,1
among,1
friend,1
daughter,1
please,1
regain,1
blow,1
because,1
enter,1
re,1
again,1
don,1
finally,1
virtue,1
nauseating,1
open,1
cruel,1
manner,1
future,1
accept,1
clergyman,1
make,1
hop,1
whom,1
both,1
pious,1
continue,1
narrow,1
up,1
firing,1
son,1
three,1
kind,1
o,1
mere,1
follow,1
discover,1
credit,1
need,1
feel,1
devotion,1
absolute,1
such,1
favorite,1
ls,1
subsequently,1
page,1
revolt,1
y,1
pace,1
precede,1
tom,1
continuer,1
fiction,1
extremely,1
widow,1
experience,1
flame,1
alter,1
slightly,1
thought,1
phraseology,1
change,1
view,1
idea,1
steady,1
religious,1
nothing,1
show,1
should,1
peace,1
perfect,1
mind,1
lamp,1
inner,1
word,1
tor,1
extraordinarily,1
inward,1
minutely,1
still,1
age,1
rather,1
life,1
detail,1
ma,1
outward,1
only,1
fashion,1
minute,1
deal,1
novel,1
long,1
else,1
r,1
beneath,1
meet,1
labor,1
drunken,1
learn,1
later,1
bat,1
unmarried,1
believe,1
mn,1
notoriously,1
cal,1
sort,1
door,1
wide,1
would,1
palace,1
offer,1
leader,1
unfaithful,1
strong,1
too,1
stave,1
submissive,1
drunkenness,1
solace,1
stay,1
tell,1
include,1
herself,1
frequently,1
support,1
wish,1
divorce,1
entitle,1
fully,1
law,1
accord,1
refuse,1
bede,1
about,1
poverty,1
dangerous,1
through,1
walk,1
evening,1
first,1
rampant,1
crime,1
filth,1
power,1
fast,1
bad,1
curate,1
ordain,1
oxford,1
ministry,1
vocation,1
district,1
commonplace,1
call,1
portrayer,1
somewhat,1
admit,1
it,1
relate,1
parish,1
ether,1
over,1
alley,1
blind,1
court,1
present,1
picture,1
tn,1
gothic,1
finely,1
scenery,1
