lemma,count
the,23
and,22
to,21
be,21
of,20
in,11
a,10
that,9
he,8
tile,7
young,7
who,7
not,6
his,6
for,5
man,5
have,5
so,4
many,4
good,4
one,4
much,4
do,4
success,4
with,4
it,4
go,4
out,3
those,3
which,3
different,3
s,3
advice,3
you,3
t,3
from,3
as,3
but,3
down,2
same,2
can,2
hand,2
i,2
lie,2
vision,2
think,2
if,2
on,2
take,2
people,2
give,2
work,2
college,2
direction,2
chance,2
all,2
however,2
just,2
question,2
yet,2
some,2
very,2
g,2
senator,2
way,2
an,2
e,2
day,2
come,2
rather,2
d,2
paper,2
they,2
other,2
world,2
than,2
view,2
suggestion,2
great,1
there,1
enter,1
ministry,1
relentlessness,1
bit,1
quote,1
public,1
trouble,1
secure,1
available,1
sadly,1
student,1
deal,1
advise,1
ct,1
enough,1
difficult,1
shew,1
help,1
stimulate,1
will,1
get,1
marry,1
strong,1
tangible,1
lawyer,1
more,1
protect,1
wife,1
child,1
worth,1
while,1
ir,1
succeed,1
feel,1
nothing,1
progress,1
art,1
ice,1
nu,1
steel,1
hi,1
offer,1
l,1
counsel,1
perhaps,1
brain,1
fire,1
this,1
clear,1
necessary,1
cold,1
steady,1
grasp,1
endow,1
particular,1
finish,1
description,1
certain,1
rn,1
lever,1
cat,1
sleep,1
laugh,1
their,1
fundamental,1
type,1
again,1
only,1
tim,1
seem,1
heart,1
kind,1
high,1
little,1
nature,1
tobacco,1
reason,1
reader,1
ts,1
f,1
tie,1
st,1
natural,1
like,1
should,1
upon,1
explain,1
how,1
himself,1
ill,1
lay,1
principle,1
li,1
response,1
environment,1
rule,1
largely,1
grow,1
series,1
appleton,1
by,1
albert,1
j,1
mo,1
pp,1
v,1
new,1
york,1
co,1
appear,1
indiana,1
write,1
point,1
find,1
these,1
collect,1
periodical,1
first,1
ly,1
no,1
cut,1
them,1
at,1
end,1
th,1
word,1
home,1
father,1
arid,1
mother,1
subject,1
next,1
whether,1
or,1
position,1
may,1
define,1
n,1
straddle,1
answer,1
affirmative,1
up,1
sum,1
then,1
your,1
open,1
always,1
order,1
sn,1
ha,1
own,1
observation,1
learn,1
limitation,1
self,1
start,1
fit,1
keep,1
hard,1
worry,1
mingle,1
vacation,1
nerve,1
strengthen,1
