lemma,count
the,47
in,35
of,28
to,26
and,24
be,21
a,17
it,13
have,12
that,10
as,10
which,8
will,7
nationality,6
sense,6
national,5
people,5
an,5
do,4
i,4
with,4
rise,4
out,3
when,3
n,3
desire,3
condition,3
modern,3
but,3
his,3
all,3
he,3
germany,3
dr,3
great,3
nation,3
by,3
state,3
not,3
d,3
them,2
human,2
leave,2
what,2
lecture,2
than,2
after,2
spirit,2
may,2
o,2
for,2
attain,2
ought,2
time,2
like,2
instinct,2
merge,2
use,2
seem,2
aspiration,2
attainment,2
sentiment,2
tile,2
would,2
s,2
year,2
live,2
art,2
at,2
cambridge,2
or,2
under,2
member,2
new,2
th,2
development,2
its,2
france,2
together,2
toward,2
history,2
l,2
tend,2
come,2
proposition,2
vigorous,1
more,1
ruler,1
slav,1
force,1
german,1
evolution,1
europe,1
direct,1
ls,1
maintenance,1
lie,1
account,1
cherish,1
tort,1
spain,1
less,1
capable,1
expectation,1
future,1
abuse,1
excess,1
into,1
international,1
various,1
expose,1
leadership,1
intense,1
fervent,1
opinion,1
unit,1
obligation,1
incline,1
empire,1
hope,1
slowly,1
far,1
war,1
on,1
analogy,1
race,1
during,1
long,1
age,1
learn,1
how,1
family,1
tribe,1
c,1
terrible,1
mass,1
degree,1
mankind,1
t,1
order,1
peace,1
ago,1
unattainable,1
any,1
f,1
single,1
group,1
expect,1
man,1
base,1
some,1
ever,1
freedom,1
before,1
first,1
sort,1
themselves,1
assume,1
dynasty,1
hostile,1
healthy,1
process,1
then,1
each,1
give,1
solidarity,1
undoubtedly,1
strengthen,1
opposition,1
weaken,1
due,1
satisfaction,1
wide,1
noble,1
brotherhood,1
only,1
preparatory,1
phase,1
dream,1
very,1
exactly,1
this,1
define,1
frenchman,1
slight,1
confusion,1
lack,1
logic,1
let,1
us,1
common,1
connection,1
wish,1
thing,1
unite,1
obviously,1
indication,1
h,1
essential,1
why,1
actual,1
doing,1
wear,1
such,1
feel,1
corry,1
fulfill,1
requirement,1
gifted,1
statement,1
there,1
york,1
j,1
holland,1
lift,1
fellow,1
christ,1
church,1
reader,1
university,1
correspond,1
historical,1
society,1
macmillan,1
pour,1
company,1
adopt,1
motto,1
work,1
line,1
de,1
grand,1
ensemble,1
en,1
encore,1
la,1
author,1
word,1
sustain,1
generally,1
little,1
uncertain,1
study,1
mean,1
general,1
existence,1
good,1
away,1
jealousy,1
dissension,1
protect,1
right,1
interest,1
early,1
hi,1
italy,1
up,1
driving,1
consolidation,1
other,1
hand,1
evil,1
hen,1
oppression,1
resent,1
one,1
volume,1
ir,1
united,1
imply,1
close,1
political,1
designate,1
organization,1
concrete,1
yet,1
nearly,1
always,1
refer,1
ideal,1
e,1
pervade,1
denote,1
intolerant,1
late,1
develop,1
read,1
dee,1
note,1
these,1
explanation,1
touch,1
indefiniteness,1
painfully,1
