lemma,count
the,203
of,186
be,103
and,94
in,66
to,63
that,34
a,34
it,32
education,24
by,19
his,19
which,19
for,18
tile,17
as,17
with,16
but,15
this,15
have,14
not,14
s,14
or,13
history,13
educational,12
school,12
life,11
their,11
work,9
one,9
may,9
from,9
he,9
dr,9
its,8
book,8
greek,8
monroe,8
more,8
all,7
upon,7
other,7
idea,7
they,7
into,7
these,6
who,6
interest,6
thought,6
i,6
so,6
on,6
will,6
l,6
problem,6
at,6
there,5
our,5
man,5
discipline,5
state,5
say,5
even,5
rather,5
roman,5
do,5
than,5
t,5
an,5
thus,5
also,4
ever,4
new,4
most,4
o,4
student,4
develop,4
ideal,4
d,4
certain,4
yet,4
world,4
author,4
teacher,4
high,4
practical,4
much,4
such,4
between,4
individual,4
development,4
period,4
n,3
time,3
e,3
interpretation,3
give,3
process,3
material,3
activity,3
davidson,3
christian,3
we,3
through,3
thinker,3
well,3
educator,3
lead,3
value,3
some,3
philosophy,3
merely,3
write,3
contribute,3
system,3
successive,3
re,3
nation,3
k,3
reformation,3
point,3
him,3
historical,3
record,3
however,3
modern,3
culture,3
university,3
race,3
principle,3
effort,3
year,3
make,3
each,3
plan,3
method,3
if,3
conclusion,3
th,3
textbook,3
tendency,3
chapter,3
generation,3
better,2
here,2
consequently,2
philosophical,2
anything,2
scholar,2
them,2
end,2
class,2
enlarge,2
schoolroom,2
good,2
mean,2
find,2
conception,2
seek,2
social,2
ts,2
whom,2
labor,2
present,2
nor,2
relate,2
either,2
ill,2
additional,2
paul,2
show,2
later,2
c,2
source,2
aria,2
already,2
furnish,2
fact,2
relation,2
suggest,2
consist,2
feature,2
exhaustive,2
mention,2
note,2
quote,2
great,2
eclecticism,2
hand,2
train,2
own,2
clear,2
analysis,2
himself,2
day,2
although,2
hence,2
conscious,2
need,2
term,2
accomplish,2
conflict,2
properly,2
attention,2
evolution,2
proposition,2
refer,2
last,2
during,2
way,2
unknown,2
chief,2
v,2
age,2
often,2
york,2
old,2
wholly,2
scheme,2
task,2
see,2
review,2
fitch,2
american,2
her,2
elliott,2
borrow,2
solve,2
now,2
form,2
respective,2
origin,2
respect,2
body,2
ce,2
notice,2
course,2
worth,2
normal,2
volume,2
precede,2
preface,2
scope,2
ly,2
study,2
institution,2
early,2
people,2
latter,2
those,2
f,2
portion,2
indeed,2
full,2
college,2
genius,2
no,2
b,2
late,2
fall,2
appear,2
least,2
y,2
seem,1
devotion,1
century,1
expansion,1
literary,1
reveal,1
carlyle,1
educationally,1
god,1
personal,1
w,1
schoolmaster,1
famous,1
proper,1
discover,1
fusion,1
reek,1
significance,1
apostle,1
advancement,1
declare,1
unto,1
six,1
athenian,1
symbol,1
g,1
erode,1
locke,1
academic,1
rousseau,1
inspiration,1
injunction,1
disciplinary,1
welfare,1
depend,1
primitive,1
animism,1
om,1
citizen,1
r,1
fl,1
main,1
retarded,1
frustrate,1
va,1
z,1
healthy,1
trace,1
stress,1
learnedly,1
whole,1
conscientiously,1
definite,1
impulse,1
soul,1
producer,1
growth,1
completion,1
doe,1
call,1
montaigne,1
preparation,1
heart,1
matter,1
realism,1
erasmus,1
desire,1
accord,1
democratic,1
hostile,1
extended,1
base,1
dante,1
petrarch,1
revival,1
classical,1
monastery,1
deserve,1
aristotle,1
plato,1
namely,1
establishment,1
equation,1
sit,1
lion,1
bring,1
dim,1
enable,1
highest,1
possession,1
essential,1
satisfactory,1
fellow,1
happy,1
ll,1
character,1
after,1
group,1
lot,1
never,1
ls,1
another,1
truth,1
fit,1
come,1
member,1
exist,1
pill,1
due,1
understanding,1
transmit,1
succeed,1
institutional,1
increment,1
out,1
incorporate,1
elf,1
metric,1
liberty,1
formulate,1
purpose,1
shape,1
p,1
mil,1
empirical,1
constant,1
association,1
pool,1
theologian,1
writing,1
vent,1
save,1
ample,1
gilt,1
embellish,1
event,1
index,1
profitably,1
tire,1
eye,1
place,1
brain,1
albany,1
name,1
political,1
strive,1
broaden,1
lament,1
further,1
enforce,1
experience,1
past,1
improve,1
existing,1
betterment,1
therein,1
roger,1
enlightened,1
special,1
arrangement,1
iv,1
vi,1
oh,1
coat,1
surround,1
moral,1
fair,1
agree,1
markedly,1
minimize,1
true,1
apprehend,1
minister,1
concede,1
con,1
ms,1
tactical,1
lit,1
lt,1
adoption,1
afford,1
ti,1
include,1
ne,1
volunteer,1
still,1
household,1
bold,1
relief,1
herbart,1
bernard,1
pap,1
before,1
become,1
word,1
freely,1
revel,1
cat,1
en,1
denote,1
utilitarianism,1
type,1
indulge,1
fierce,1
wag,1
power,1
child,1
thank,1
intelligent,1
differentiation,1
then,1
neither,1
authority,1
hold,1
mastery,1
incapable,1
uninteresting,1
themselves,1
withdraw,1
moment,1
external,1
nosed,1
u,1
disagreeable,1
up,1
discriminate,1
battle,1
view,1
partial,1
tic,1
harmonization,1
basis,1
practice,1
optimistic,1
possess,1
mill,1
delusion,1
should,1
recreation,1
ant,1
fear,1
john,1
stuart,1
community,1
only,1
pagan,1
title,1
probably,1
beyond,1
comprehension,1
treatise,1
likely,1
supplant,1
small,1
superficial,1
conserve,1
economy,1
adapt,1
capacity,1
appeal,1
equip,1
cultured,1
cumbersome,1
recondite,1
too,1
learn,1
page,1
test,1
definition,1
contain,1
science,1
branch,1
arrange,1
strictly,1
order,1
use,1
ff,1
third,1
designate,1
can,1
address,1
select,1
limitation,1
scientific,1
grammatical,1
lapse,1
needless,1
sometimes,1
wearisome,1
repetition,1
conspicuous,1
read,1
regard,1
distinguish,1
throughout,1
purity,1
precision,1
force,1
occasional,1
hard,1
constituency,1
diligent,1
detract,1
merit,1
production,1
enhance,1
must,1
abide,1
research,1
somewhat,1
copious,1
information,1
philosophic,1
sound,1
deduction,1
passage,1
misnomer,1
styled,1
identify,1
modestly,1
impose,1
literature,1
division,1
chair,1
pedagogy,1
establish,1
instruction,1
define,1
many,1
till,1
first,1
permanent,1
foundation,1
iowa,1
vary,1
large,1
department,1
multiply,1
reproach,1
reformer,1
german,1
quick,1
mr,1
foreign,1
language,1
longer,1
ago,1
obtain,1
english,1
tongue,1
comparatively,1
twenty,1
five,1
efficiency,1
nothing,1
secondary,1
curriculum,1
compass,1
less,1
distinctness,1
characteristic,1
devious,1
describe,1
emphasize,1
forth,1
dominant,1
expression,1
biography,1
several,1
far,1
ambitious,1
brief,1
set,1
among,1
translation,1
utilize,1
training,1
derive,1
patronage,1
mainly,1
therefrom,1
fainter,1
saturday,1
excellence,1
defect,1
necessary,1
connection,1
examine,1
generally,1
diction,1
treatment,1
theme,1
essay,1
nd,1
resolve,1
itself,1
battles,1
rise,1
dynasty,1
control,1
field,1
attic,1
fidelity,1
olden,1
apothegm,1
teaching,1
bearing,1
proceed,1
progress,1
spirit,1
formula,1
lie,1
speak,1
guide,1
opinion,1
toward,1
heterogeneity,1
what,1
fir,1
comprehend,1
st,1
ix,1
change,1
tolerate,1
provide,1
therefore,1
how,1
felicity,1
gen,1
thoroughly,1
multitude,1
elaborate,1
organization,1
effective,1
hebrew,1
axe,1
effect,1
subdue,1
ethic,1
society,1
different,1
solution,1
general,1
sic,1
savage,1
civilized,1
home,1
government,1
machinery,1
realize,1
look,1
cl,1
expert,1
confederate,1
universal,1
religion,1
empire,1
creek,1
law,1
gel,1
adopt,1
despised,1
take,1
where,1
begin,1
stage,1
master,1
announce,1
publish,1
series,1
embrace,1
bear,1
educ,1
learning,1
outline,1
sufficient,1
concrete,1
generalization,1
chiefly,1
classification,1
quotation,1
advance,1
degree,1
text,1
ir,1
disclaim,1
could,1
hardly,1
except,1
burden,1
disquisition,1
inconsequential,1
discuss,1
writer,1
reference,1
omit,1
whose,1
really,1
unsupported,1
flavor,1
involuntary,1
identical,1
restricted,1
consider,1
various,1
few,1
ma,1
fundamental,1
prefer,1
execute,1
thoma,1
argument,1
substantially,1
sustain,1
detail,1
illustration,1
impossible,1
admirably,1
professor,1
company,1
columbia,1
pp,1
cloth,1
blow,1
yr,1
macmillan,1
original,1
prof,1
aspect,1
civilization,1
io,1
deal,1
actual,1
extensive,1
december,1
