lemma,count
the,100
of,59
be,52
and,41
in,26
a,22
that,20
to,20
it,18
not,11
on,10
one,9
have,9
this,8
at,8
forest,7
who,7
you,7
we,7
as,7
when,7
book,7
for,6
x,6
his,6
war,6
from,6
half,6
all,6
s,6
us,5
some,5
do,5
our,5
road,5
their,5
read,5
with,5
then,5
come,5
tile,5
story,5
real,4
what,4
or,4
so,4
o,4
life,4
man,4
note,4
same,4
n,4
but,4
no,4
again,4
work,4
he,4
him,4
out,3
there,3
rise,3
by,3
across,3
they,3
its,3
dead,3
lie,3
part,3
here,3
into,3
every,3
an,3
enemy,3
world,3
something,3
those,3
know,3
behind,3
dark,3
your,3
will,3
up,3
me,3
th,2
god,2
beyond,2
germany,2
arm,2
frame,2
go,2
cry,2
would,2
deep,2
blood,2
air,2
make,2
true,2
which,2
before,2
inner,2
t,2
body,2
now,2
almost,2
hat,2
many,2
i,2
leg,2
them,2
well,2
novel,2
h,2
time,2
light,2
must,2
description,2
together,2
unforgettably,2
any,2
early,2
human,2
red,2
tree,2
love,2
candle,2
other,2
instant,2
upon,2
night,2
walpole,2
hugh,2
fiction,2
set,2
picture,2
more,2
actual,2
forget,2
hint,2
little,2
word,2
seem,2
defeat,2
particular,2
window,2
sense,2
soul,2
result,2
ago,2
how,2
dream,2
conception,2
question,2
give,2
too,2
temporary,1
stir,1
think,1
screaming,1
head,1
hear,1
pillow,1
ditch,1
ant,1
hospital,1
simply,1
europe,1
quietly,1
strove,1
sun,1
under,1
such,1
battle,1
fling,1
wreckage,1
ave,1
toil,1
die,1
dally,1
home,1
disappearance,1
crumbling,1
ho,1
field,1
warfare,1
down,1
p,1
em,1
foot,1
l,1
pile,1
lead,1
path,1
waggle,1
revere,1
nearly,1
himself,1
both,1
drag,1
slowly,1
wounded,1
angry,1
plaintive,1
continual,1
below,1
mad,1
vet,1
open,1
pond,1
nightmare,1
long,1
drama,1
participant,1
possess,1
unreality,1
convey,1
overwhelm,1
flood,1
xx,1
torture,1
pain,1
walt,1
thing,1
these,1
water,1
ruffle,1
sheet,1
gray,1
unbelievable,1
once,1
awful,1
nor,1
rooted,1
deeply,1
art,1
intensity,1
nobleness,1
bare,1
than,1
capable,1
quotation,1
beautiful,1
neither,1
rest,1
lovable,1
fine,1
fool,1
englishman,1
absurd,1
marie,1
round,1
hill,1
doctor,1
poplar,1
au,1
rag,1
burden,1
large,1
ever,1
ell,1
floor,1
basin,1
big,1
breeze,1
quaver,1
shiver,1
sill,1
bottle,1
inhuman,1
cd,1
morning,1
wound,1
nurse,1
oiled,1
bandage,1
filthy,1
batter,1
about,1
hour,1
tin,1
ag,1
pass,1
thread,1
hang,1
pulp,1
hand,1
dirty,1
mangle,1
face,1
tear,1
falter,1
notice,1
undercurrent,1
perpetual,1
keep,1
ere,1
fight,1
clear,1
struggle,1
reader,1
newcomer,1
ugh,1
whose,1
oman,1
emotional,1
effect,1
show,1
daily,1
sensation,1
heroin,1
beauty,1
courage,1
weariness,1
endurance,1
suffering,1
detail,1
thou,1
mr,1
fortitude,1
name,1
allow,1
personal,1
tran,1
each,1
io,1
difficult,1
ad,1
strong,1
w,1
dr,1
writer,1
bear,1
nature,1
interest,1
power,1
ha,1
title,1
new,1
gather,1
let,1
outer,1
george,1
may,1
contact,1
direct,1
can,1
great,1
remove,1
far,1
company,1
late,1
convenient,1
wrath,1
day,1
tracy,1
louis,1
romance,1
remarkable,1
current,1
tragedy,1
feel,1
want,1
within,1
mere,1
hold,1
lay,1
only,1
answer,1
seek,1
mortal,1
surrounding,1
material,1
roan,1
immense,1
tremendous,1
relation,1
alter,1
affect,1
yes,1
really,1
feeling,1
wait,1
reveal,1
beginning,1
tory,1
glen,1
exultation,1
happiness,1
triumph,1
perceive,1
english,1
theme,1
group,1
lowly,1
itself,1
explain,1
ow,1
nothing,1
my,1
say,1
honor,1
never,1
near,1
throughout,1
matter,1
if,1
lose,1
since,1
front,1
v,1
begin,1
retreat,1
fall,1
line,1
russian,1
close,1
cross,1
unit,1
form,1
pages,1
alive,1
bind,1
c,1
death,1
b,1
discover,1
least,1
ruin,1
engage,1
myself,1
sister,1
making,1
tm,1
individual,1
history,1
wreak,1
unreal,1
table,1
unthinkable,1
two,1
ar,1
hom,1
modern,1
impact,1
fearful,1
indicate,1
adventure,1
surface,1
hunt,1
cock,1
turn,1
ark,1
thai,1
meet,1
find,1
should,1
surprise,1
hidden,1
diet,1
unaware,1
feb,1
eli,1
e,1
hide,1
heart,1
fellow,1
million,1
reality,1
