lemma,count
the,83
of,56
and,41
be,37
to,30
in,29
a,25
i,17
that,14
it,14
by,12
for,12
with,12
on,10
as,10
art,10
s,9
not,8
pen,8
this,7
he,7
have,7
one,7
work,7
c,7
drawing,6
d,5
l,5
its,5
do,5
t,5
there,5
or,5
e,5
ink,5
us,4
good,4
who,4
line,4
than,4
how,4
you,4
way,4
other,4
at,4
easy,4
r,4
which,4
need,4
n,4
p,4
book,4
call,3
no,3
much,3
modern,3
find,3
may,3
j,3
f,3
our,3
from,3
so,3
some,3
if,3
seem,3
medium,3
illustration,3
h,3
cross,3
statement,3
wood,2
student,2
page,2
comment,2
what,2
artist,2
forth,2
half,2
print,2
mr,2
fur,2
tone,2
fall,2
fact,2
drudgery,2
up,2
let,2
th,2
draw,2
those,2
tire,2
fit,2
make,2
field,2
decoration,2
last,2
their,2
interest,2
show,2
technical,2
true,2
wide,2
cut,2
arc,2
value,2
y,2
advice,2
old,2
ad,2
brush,2
also,2
ts,2
today,2
ha,2
taste,2
indulge,1
artiste,1
mint,1
thoughtlessly,1
sport,1
day,1
hunting,1
century,1
though,1
nor,1
cause,1
graver,1
nature,1
amount,1
protest,1
often,1
even,1
into,1
an,1
abrupt,1
trouble,1
fen,1
ea,1
prevalent,1
production,1
fir,1
go,1
well,1
exceedingly,1
block,1
facsimile,1
lard,1
clay,1
place,1
hatch,1
time,1
always,1
review,1
nothing,1
pa,1
merely,1
cop,1
spirit,1
real,1
emotion,1
tact,1
eh,1
them,1
blame,1
engraver,1
rough,1
hand,1
thankless,1
ti,1
tin,1
result,1
horn,1
shift,1
few,1
twill,1
mic,1
photo,1
since,1
state,1
view,1
hypnotically,1
wish,1
case,1
lu,1
bear,1
st,1
too,1
tell,1
rubbish,1
rest,1
crook,1
say,1
sine,1
hope,1
v,1
entirety,1
can,1
yet,1
nd,1
letter,1
word,1
polemic,1
law,1
evidence,1
him,1
cad,1
han,1
au,1
cr,1
blum,1
robert,1
acre,1
bob,1
joe,1
mutter,1
we,1
these,1
md,1
tn,1
tr,1
en,1
nus,1
limn,1
sign,1
his,1
almost,1
stunt,1
critic,1
watch,1
pleasure,1
repetition,1
look,1
more,1
semi,1
act,1
finally,1
jab,1
toy,1
cave,1
originally,1
where,1
bring,1
car,1
ono,1
should,1
why,1
little,1
over,1
run,1
pitiful,1
purl,1
vile,1
teacher,1
training,1
wool,1
imitation,1
hit,1
read,1
comic,1
only,1
coil,1
compensation,1
artless,1
cartoonist,1
instant,1
disagree,1
fully,1
stand,1
beautiful,1
part,1
far,1
et,1
definiteness,1
apparent,1
neatness,1
trick,1
indeed,1
wealth,1
form,1
notation,1
precise,1
enjoyable,1
take,1
tendency,1
grow,1
stimulating,1
would,1
daub,1
realize,1
hat,1
truth,1
now,1
offer,1
example,1
selection,1
discriminate,1
primarily,1
process,1
cur,1
hi,1
ton,1
lover,1
possibly,1
cheap,1
brae,1
illustrated,1
hood,1
imitator,1
slick,1
exploit,1
any,1
material,1
pat,1
whole,1
recent,1
pork,1
instance,1
con,1
w,1
quality,1
unique,1
characteristic,1
utilize,1
appreciate,1
still,1
rich,1
re,1
toward,1
stimulus,1
such,1
come,1
ir,1
pin,1
definite,1
sod,1
deliver,1
once,1
many,1
post,1
evening,1
edi,1
condition,1
artistic,1
pencil,1
independently,1
possible,1
halt,1
literary,1
association,1
wash,1
pb,1
ix,1
thank,1
helpful,1
appropriateness,1
opportunely,1
will,1
frank,1
chief,1
better,1
understand,1
felt,1
division,1
printer,1
photoengraver,1
study,1
fist,1
new,1
significance,1
tho,1
lie,1
power,1
test,1
type,1
war,1
inn,1
poster,1
mechanical,1
use,1
unnoticed,1
usually,1
all,1
therefore,1
they,1
because,1
truism,1
author,1
here,1
between,1
attain,1
effort,1
about,1
ascertain,1
out,1
limit,1
collection,1
pliable,1
unexpected,1
yon,1
abbey,1
brilliant,1
manet,1
de,1
great,1
themselves,1
force,1
fairly,1
contrast,1
ideal,1
outlook,1
technique,1
variety,1
numerous,1
touch,1
individual,1
pleasantly,1
unknown,1
air,1
unsigned,1
rel,1
keep,1
charla,1
left,1
york,1
public,1
pablo,1
denial,1
library,1
entirely,1
write,1
uniform,1
copy,1
learn,1
unfamiliar,1
altogether,1
evidently,1
o,1
