lemma,count
the,123
of,107
be,76
a,64
to,55
and,55
in,44
that,33
s,32
mr,28
have,27
he,24
it,20
i,20
for,19
his,18
hellman,17
stevenson,16
as,14
her,13
from,12
l,12
there,11
but,11
not,11
may,10
by,10
on,10
book,10
t,10
letter,10
this,10
which,9
all,9
with,9
who,7
e,6
so,6
an,6
would,6
ion,6
write,6
at,6
make,5
like,5
when,5
or,5
mrs,5
o,5
them,5
hi,5
point,5
r,5
note,5
she,5
true,4
life,4
n,4
him,4
up,4
do,4
some,4
fanny,4
v,4
we,4
tile,4
one,4
now,4
ir,4
upon,4
new,4
many,4
well,3
could,3
magazine,3
body,3
seem,3
editor,3
should,3
short,3
story,3
tell,3
f,3
article,3
through,3
phrase,3
more,3
most,3
author,3
little,3
m,3
influence,3
wife,3
how,3
then,3
osbourne,3
they,3
leave,3
reader,3
out,3
himself,3
few,3
much,3
own,3
into,3
d,3
my,3
california,3
paragraph,3
no,3
father,3
thai,3
sit,3
even,3
come,3
work,3
turn,3
figure,3
always,2
elimination,2
however,2
meet,2
matter,2
instance,2
dr,2
print,2
look,2
cake,2
these,2
page,2
pain,2
take,2
foot,2
their,2
comment,2
lady,2
waist,2
thee,2
pretty,2
young,2
show,2
allege,2
editing,2
old,2
cricket,2
act,2
ha,2
find,2
either,2
concern,2
rather,2
apparent,2
think,2
what,2
lie,2
fine,2
manner,2
novel,2
th,2
will,2
fact,2
course,2
word,2
use,2
willing,2
follow,2
way,2
too,2
extenuation,2
u,2
any,2
yield,2
picture,2
number,2
such,2
task,2
tory,2
painting,2
ill,2
seat,2
delicate,2
confirm,2
various,2
those,2
aspect,2
state,2
love,2
detail,2
become,2
velvet,2
while,2
fight,2
jacket,2
appear,2
offer,2
declare,2
h,2
lr,2
george,2
fit,2
john,2
if,2
robert,2
hold,2
certain,2
louis,2
still,2
de,2
hat,2
delineation,2
long,2
drive,2
sidney,2
other,2
artist,2
material,2
unpublished,2
nd,2
lloyd,2
study,2
after,2
whom,1
masterpiece,1
able,1
style,1
henry,1
suggest,1
carrie,1
fire,1
curious,1
philosophy,1
hang,1
peculiarly,1
jame,1
toward,1
inspire,1
forward,1
till,1
kenton,1
et,1
public,1
general,1
manuscript,1
shroud,1
cote,1
mystery,1
document,1
mu,1
literary,1
pt,1
knowledge,1
air,1
vandalism,1
hint,1
edna,1
j,1
indignantly,1
preponderant,1
entitle,1
balfour,1
ks,1
without,1
delicious,1
mot,1
part,1
heaven,1
passkey,1
spare,1
rothschild,1
baron,1
money,1
easily,1
ghost,1
holy,1
introduction,1
bat,1
sir,1
say,1
actually,1
unforgivable,1
both,1
thing,1
conclude,1
july,1
lt,1
graham,1
myth,1
eighty,1
indicate,1
destroy,1
tree,1
cherry,1
distorted,1
career,1
whether,1
quite,1
appoint,1
than,1
nay,1
doubtless,1
exactly,1
romantic,1
doubt,1
chivalrous,1
chair,1
very,1
accustomed,1
plainly,1
dove,1
due,1
belie,1
straight,1
together,1
pro,1
band,1
boy,1
hand,1
call,1
leg,1
height,1
clarification,1
put,1
nor,1
rea,1
neither,1
law,1
though,1
shoulder,1
mannish,1
square,1
big,1
down,1
set,1
head,1
neck,1
thumb,1
bent,1
backwards,1
small,1
read,1
better,1
touch,1
lust,1
spear,1
build,1
authentic,1
positive,1
fairly,1
investigation,1
glean,1
tangle,1
child,1
bare,1
non,1
hey,1
inappropriate,1
slipper,1
dancing,1
street,1
wear,1
size,1
right,1
squat,1
hut,1
g,1
far,1
another,1
herbert,1
sometimes,1
time,1
plate,1
ago,1
living,1
vivid,1
divorce,1
katharine,1
instructive,1
extremely,1
shake,1
owe,1
sentence,1
dispose,1
colin,1
step,1
mind,1
must,1
cue,1
subtitle,1
relation,1
anna,1
clairvoyance,1
pp,1
bad,1
na,1
face,1
crone,1
cane,1
walk,1
boston,1
witch,1
brown,1
before,1
year,1
publish,1
jerk,1
quick,1
shift,1
catfish,1
strike,1
co,1
eye,1
about,1
subjugate,1
x,1
iron,1
ambition,1
dozen,1
finale,1
substitution,1
mira,1
central,1
grand,1
sargent,1
anything,1
arlen,1
green,1
rue,1
result,1
deletion,1
piece,1
invalidate,1
handling,1
pure,1
des,1
first,1
fee,1
insuperable,1
odd,1
intimate,1
fate,1
question,1
unimportant,1
gallery,1
alan,1
ls,1
lad,1
subtlety,1
heretofore,1
equally,1
vital,1
sn,1
net,1
commit,1
conduct,1
poetry,1
two,1
prefatory,1
lessen,1
riles,1
ariel,1
selection,1
interesting,1
every,1
que,1
immediately,1
unless,1
strip,1
leela,1
flung,1
friendship,1
actual,1
yet,1
struggle,1
spiritual,1
sf,1
arena,1
effort,1
against,1
stoicism,1
acclaim,1
supremely,1
help,1
never,1
devoted,1
ho,1
w,1
denial,1
self,1
abnegation,1
exemplar,1
remain,1
egoist,1
delightful,1
mi,1
eh,1
youth,1
extent,1
manacle,1
port,1
ph,1
limbo,1
grill,1
van,1
realistic,1
publication,1
protagonist,1
rep,1
literature,1
perhaps,1
desire,1
three,1
presentation,1
narrow,1
morality,1
oversexed,1
man,1
proper,1
event,1
space,1
lip,1
xx,1
accomplish,1
unknown,1
intensify,1
tn,1
know,1
truth,1
fr,1
accord,1
airs,1
death,1
continue,1
sue,1
quarter,1
order,1
control,1
accept,1
give,1
biography,1
critical,1
whore,1
position,1
arid,1
world,1
unjust,1
admission,1
effect,1
among,1
er,1
friend,1
several,1
beside,1
attention,1
ail,1
contrary,1
consent,1
reluctant,1
ar,1
tote,1
art,1
address,1
wearer,1
industrious,1
excerpt,1
hyde,1
disciple,1
accuser,1
regard,1
view,1
suppression,1
insouciant,1
c,1
starve,1
day,1
adventure,1
edition,1
include,1
real,1
courage,1
flash,1
following,1
consolidate,1
example,1
steve,1
compare,1
per,1
p,1
inexplicable,1
hy,1
substantiate,1
ire,1
collector,1
isis,1
support,1
adduce,1
mate,1
hosed,1
hard,1
obvious,1
period,1
affair,1
al,1
cover,1
choose,1
further,1
depart,1
good,1
episode,1
en,1
pen,1
issue,1
verbatim,1
almost,1
wording,1
substitute,1
anti,1
rot,1
adoration,1
circumstance,1
fontainebleau,1
qt,1
heroine,1
finally,1
context,1
