lemma,count
the,83
of,56
be,35
and,32
he,30
his,25
in,25
a,22
to,20
roosevelt,17
that,16
as,15
at,12
with,11
for,11
have,8
by,8
it,8
tile,8
from,8
on,7
president,7
him,6
s,6
not,6
e,6
mr,6
morgan,6
how,6
work,5
ill,5
new,5
do,5
all,5
york,5
history,5
which,4
own,4
bear,4
about,4
i,4
an,4
rider,4
first,4
col,4
then,4
man,4
could,3
upon,3
even,3
next,3
skip,3
but,3
we,3
himself,3
note,3
get,3
tell,3
city,3
g,3
jame,3
t,3
see,3
theodore,3
back,3
till,2
natural,2
air,2
state,2
governor,2
convention,2
later,2
blaine,2
early,2
spot,2
find,2
ranch,2
down,2
yet,2
oyster,2
rich,2
they,2
eye,2
day,2
rank,2
l,2
say,2
biography,2
fight,2
one,2
sunday,2
or,2
order,2
hand,2
admire,2
hat,2
rough,2
rope,2
take,2
vere,2
school,2
go,2
word,2
harvard,2
ideal,2
age,2
example,2
so,2
long,2
since,2
no,2
out,2
boy,2
organ,1
commission,1
cause,1
night,1
thing,1
united,1
thai,1
caller,1
mm,1
receive,1
overshadow,1
entire,1
capt,1
responsible,1
hold,1
public,1
such,1
hut,1
member,1
four,1
board,1
police,1
seine,1
wit,1
vocabulary,1
call,1
ugly,1
macmillan,1
lodgment,1
convey,1
less,1
secretary,1
much,1
deal,1
square,1
enforcement,1
law,1
impressive,1
craft,1
abolish,1
tight,1
saloon,1
close,1
al,1
haroun,1
resident,1
feel,1
naturally,1
knock,1
nobel,1
winner,1
future,1
abstract,1
little,1
life,1
read,1
est,1
gratify,1
latter,1
hug,1
send,1
politic,1
lr,1
retire,1
nature,1
rarely,1
appearance,1
live,1
prize,1
information,1
job,1
bad,1
year,1
lie,1
six,1
after,1
commissioner,1
service,1
hear,1
presently,1
buck,1
fire,1
adequately,1
prairie,1
conquer,1
french,1
duel,1
impetuosity,1
aside,1
brush,1
bar,1
aide,1
picturesque,1
railway,1
account,1
gall,1
more,1
something,1
again,1
become,1
folk,1
sc,1
kilo,1
rest,1
scene,1
lion,1
black,1
soft,1
party,1
presidential,1
nev,1
volume,1
chair,1
seat,1
approval,1
x,1
set,1
forth,1
already,1
giver,1
merit,1
illustrate,1
sake,1
here,1
recapitulation,1
familiar,1
too,1
this,1
glad,1
pedestrian,1
politician,1
tennis,1
pine,1
anti,1
ty,1
family,1
nation,1
strife,1
industrial,1
composer,1
ration,1
skillful,1
reckon,1
lieut,1
re,1
deem,1
v,1
charge,1
joy,1
wild,1
camp,1
delight,1
their,1
good,1
matter,1
hunter,1
ching,1
mar,1
receipt,1
you,1
body,1
famous,1
lon,1
enlistment,1
enable,1
write,1
must,1
glorious,1
boss,1
safety,1
ignore,1
r,1
reformer,1
hero,1
return,1
triumphal,1
victory,1
need,1
move,1
o,1
sun,1
neck,1
hang,1
white,1
handkerchief,1
blue,1
should,1
forward,1
short,1
thief,1
elevated,1
manager,1
never,1
admission,1
while,1
hard,1
proud,1
because,1
circumstance,1
big,1
unlike,1
believe,1
abraham,1
enough,1
old,1
log,1
professorship,1
train,1
plan,1
cabin,1
pie,1
mount,1
ease,1
want,1
people,1
assure,1
thus,1
leg,1
muscle,1
develop,1
trap,1
fancy,1
high,1
sport,1
father,1
child,1
skill,1
record,1
uncommon,1
composition,1
strong,1
teacher,1
spelling,1
washington,1
rhetoric,1
make,1
show,1
creature,1
stuff,1
adorn,1
vigor,1
climbing,1
pole,1
ilia,1
start,1
reach,1
although,1
recollection,1
fond,1
presidency,1
bodily,1
keep,1
ever,1
parent,1
gentle,1
slum,1
rear,1
np,1
fit,1
street,1
twentieth,1
door,1
try,1
w,1
violet,1
if,1
choose,1
passion,1
among,1
coon,1
haunt,1
favorite,1
youth,1
bloom,1
where,1
democracy,1
wealth,1
alone,1
rely,1
important,1
bay,1
place,1
time,1
top,1
our,1
support,1
full,1
maturity,1
marry,1
dare,1
matterhorn,1
d,1
b,1
m,1
honeymoon,1
europe,1
visit,1
autumn,1
material,1
laval,1
unemployed,1
swell,1
thought,1
point,1
vest,1
enormous,1
grant,1
same,1
mass,1
bring,1
selection,1
thoughtful,1
diamond,1
porch,1
infernal,1
denounce,1
n,1
career,1
celebrated,1
launch,1
appreciation,1
district,1
elect,1
war,1
tradition,1
knickerbocker,1
defiance,1
club,1
political,1
join,1
subject,1
hearty,1
two,1
biographer,1
available,1
lineage,1
however,1
can,1
better,1
teach,1
form,1
any,1
football,1
than,1
baseball,1
adopt,1
quote,1
reward,1
text,1
fashion,1
into,1
pass,1
begin,1
habit,1
catch,1
other,1
p,1
occasion,1
bright,1
way,1
th,1
class,1
second,1
twenty,1
graduate,1
admirably,1
calculate,1
bewail,1
bill,1
wood,1
them,1
silver,1
spend,1
vacation,1
purpose,1
reviewer,1
ha,1
come,1
who,1
pupil,1
dollar,1
almost,1
