lemma,count
the,31
be,19
of,18
and,10
to,9
in,8
as,7
a,7
page,7
it,6
they,5
should,4
not,4
have,4
that,3
before,3
for,3
their,3
do,3
by,3
upon,3
important,2
story,2
child,2
more,2
these,2
babyhood,2
play,2
such,2
bird,2
nature,2
water,2
write,2
on,2
hatch,2
opossum,2
most,2
writer,2
an,2
baby,2
wilderness,2
so,2
wild,2
folk,2
them,2
whale,2
life,2
well,2
creature,1
naturalist,1
depend,1
young,1
include,1
instinct,1
dog,1
untaught,1
at,1
knowledge,1
distinct,1
ion,1
possum,1
home,1
land,1
than,1
would,1
give,1
teach,1
careful,1
revision,1
foundation,1
pure,1
fiction,1
l,1
notion,1
put,1
wildcat,1
rout,1
hardly,1
serious,1
wily,1
charm,1
family,1
where,1
may,1
perfect,1
get,1
she,1
aliment,1
wrong,1
bottom,1
mean,1
myriad,1
figure,1
sucker,1
foot,1
neither,1
can,1
prone,1
mussel,1
swim,1
about,1
except,1
never,1
search,1
food,1
bring,1
over,1
mammal,1
slowly,1
legend,1
current,1
beyond,1
quite,1
her,1
make,1
depth,1
herd,1
evidence,1
b,1
example,1
starfish,1
float,1
killer,1
drawing,1
along,1
only,1
able,1
no,1
sand,1
fierce,1
wolf,1
many,1
modern,1
simple,1
tale,1
base,1
generally,1
know,1
bare,1
fact,1
too,1
grow,1
up,1
but,1
entirely,1
satisfactory,1
all,1
because,1
emphasis,1
true,1
portray,1
animal,1
tragic,1
little,1
julia,1
augusta,1
schwartz,1
illustrate,1
pp,1
mo,1
cloth,1
boston,1
brown,1
usually,1
co,1
relief,1
turn,1
from,1
long,1
draw,1
out,1
complicated,1
lay,1
element,1
positively,1
builder,1
reptile,1
lie,1
egg,1
any,1
feather,1
when,1
meg,1
mound,1
ila,1
another,1
full,1
winged,1
absolutely,1
independent,1
parent,1
statement,1
bear,1
surly,1
edition,1
correct,1
immoral,1
gratefully,1
afflict,1
childhood,1
with,1
tragedy,1
beast,1
record,1
rd,1
we,1
welcome,1
verity,1
book,1
different,1
vein,1
however,1
truly,1
present,1
certain,1
slip,1
whom,1
