lemma,count
the,73
be,48
of,47
and,37
to,22
a,16
in,16
by,11
his,11
have,10
which,10
on,9
as,9
labor,9
with,9
it,9
their,7
they,7
more,7
business,7
other,7
that,7
there,7
individual,6
for,6
all,6
not,6
he,5
class,5
one,5
unionist,5
but,5
from,4
wage,4
write,4
trouble,4
fiske,4
both,4
mr,4
production,4
no,4
alike,4
would,4
than,4
do,4
s,4
hand,3
i,3
view,3
society,3
at,3
like,3
method,3
into,3
time,3
feudalism,3
capital,3
or,3
good,3
work,3
institution,3
if,3
who,3
reform,3
thus,3
wrong,3
an,3
book,3
human,3
th,3
produce,3
own,2
employer,2
those,2
honest,2
laborer,2
dr,2
great,2
social,2
only,2
can,2
relation,2
what,2
elevation,2
economic,2
american,2
form,2
system,2
abundance,2
provide,2
war,2
allow,2
these,2
loom,2
effort,2
factory,2
little,2
defect,2
false,2
way,2
accomplish,2
upon,2
non,2
benefit,2
get,2
result,2
n,2
when,2
raise,2
average,2
union,2
limit,2
so,2
capitalist,2
earn,2
writer,2
duty,2
standard,2
capacity,2
few,2
patriot,1
always,1
fix,1
disposition,1
devote,1
set,1
hut,1
fault,1
country,1
cleric,1
notion,1
lawyer,1
animate,1
modern,1
justice,1
rank,1
sort,1
succeed,1
obvious,1
particular,1
soil,1
themselves,1
course,1
inconsistent,1
between,1
theft,1
effect,1
same,1
spirit,1
unworthy,1
prevention,1
citizenship,1
inadequate,1
example,1
allege,1
injustice,1
treatment,1
obnoxious,1
lie,1
whole,1
earth,1
them,1
know,1
d,1
civilization,1
ila,1
still,1
v,1
before,1
ever,1
call,1
world,1
indefinitely,1
out,1
carry,1
bo,1
may,1
progress,1
c,1
feed,1
through,1
trust,1
promise,1
will,1
school,1
church,1
family,1
is,1
some,1
bottom,1
qt,1
much,1
nature,1
rather,1
ism,1
chase,1
another,1
nor,1
ally,1
thole,1
t,1
find,1
tile,1
enemy,1
instead,1
see,1
enjoyment,1
bring,1
could,1
living,1
cost,1
high,1
about,1
such,1
l,1
bow,1
combine,1
direction,1
while,1
day,1
old,1
coed,1
individuality,1
every,1
here,1
era,1
precede,1
clothe,1
foil,1
w,1
le,1
wish,1
give,1
most,1
imply,1
arid,1
flesh,1
though,1
down,1
aide,1
problem,1
seem,1
head,1
ford,1
personal,1
ira,1
ls,1
sympathy,1
h,1
blood,1
original,1
z,1
e,1
common,1
honesty,1
dealing,1
rule,1
f,1
fla,1
side,1
conviction,1
de,1
sire,1
each,1
part,1
general,1
profession,1
credit,1
daily,1
anonymity,1
right,1
k,1
new,1
york,1
putnam,1
son,1
editorial,1
known,1
novelty,1
long,1
career,1
lead,1
journal,1
drop,1
discourse,1
think,1
very,1
many,1
reader,1
newspaper,1
leader,1
leisure,1
elaborate,1
flake,1
sacrifice,1
audience,1
opportunity,1
broadly,1
finish,1
style,1
idea,1
true,1
wisdom,1
immorality,1
scruple,1
because,1
money,1
obtain,1
la,1
follow,1
ban,1
ad,1
deteriorate,1
below,1
personally,1
conduct,1
concern,1
extremity,1
make,1
disgrace,1
exclude,1
mean,1
livelihood,1
shorten,1
hour,1
without,1
fair,1
equivalent,1
injury,1
community,1
prevent,1
strong,1
capable,1
dot,1
trade,1
profit,1
wickedness,1
race,1
remedy,1
foster,1
unrest,1
law,1
y,1
matter,1
man,1
official,1
guide,1
need,1
ethic,1
economy,1
moral,1
hitherto,1
him,1
knowledge,1
toward,1
betterment,1
neglect,1
ne,1
contact,1
steady,1
lessening,1
coarser,1
large,1
scale,1
impersonal,1
strength,1
triumph,1
inside,1
prophet,1
