lemma,count
the,78
of,61
be,41
a,40
to,35
in,32
he,32
and,32
s,23
his,16
for,15
l,15
that,14
t,13
it,13
o,12
letter,10
at,10
th,9
not,9
h,9
nd,9
i,9
have,8
do,8
write,8
there,7
e,7
with,7
on,7
by,7
their,6
upon,6
own,6
those,6
will,5
d,5
her,5
from,5
but,5
n,5
this,5
wolfe,5
american,5
which,5
them,5
or,5
me,5
two,5
other,4
out,4
people,4
if,4
lie,4
find,4
some,4
most,4
him,4
into,4
we,4
who,4
man,4
as,3
ill,3
say,3
would,3
w,3
picture,3
tile,3
see,3
much,3
take,3
paint,3
only,3
mother,3
army,3
life,3
g,3
one,3
such,3
no,3
ion,3
fall,3
m,3
call,3
b,3
tho,3
c,3
french,3
good,3
many,2
they,2
over,2
col,2
ar,2
british,2
think,2
civil,2
al,2
lo,2
wilson,2
f,2
look,2
trade,2
book,2
when,2
re,2
et,2
live,2
lay,2
doubt,2
enter,2
little,2
work,2
real,2
world,2
officer,2
these,2
bad,2
de,2
force,2
how,2
all,2
may,2
you,2
part,2
troop,2
credit,2
lid,2
soldier,2
r,2
though,2
act,2
great,2
story,2
noble,2
earth,2
lover,2
about,2
om,2
ever,2
age,2
must,2
few,2
p,2
least,2
here,2
never,2
himself,2
can,2
character,2
tie,2
cd,2
portrait,2
often,2
different,2
li,2
lat,2
truly,2
vice,2
what,2
lucky,1
ah,1
half,1
st,1
starve,1
laborer,1
globe,1
friend,1
terrible,1
cool,1
port,1
divide,1
hop,1
utterly,1
fire,1
space,1
vat,1
reason,1
expect,1
expression,1
way,1
stone,1
contrary,1
believe,1
corner,1
later,1
year,1
hts,1
mn,1
bosom,1
refuse,1
infrequent,1
discredit,1
truth,1
bean,1
order,1
probably,1
spot,1
elegy,1
feting,1
sta,1
ting,1
deeply,1
ultra,1
colony,1
is,1
air,1
once,1
te,1
tinge,1
extent,1
power,1
foresee,1
feel,1
yet,1
old,1
among,1
path,1
fe,1
face,1
washington,1
country,1
bear,1
indeed,1
really,1
seat,1
boa,1
time,1
bern,1
its,1
bark,1
former,1
pitch,1
high,1
neighbor,1
sob,1
ire,1
necessity,1
law,1
run,1
thai,1
sort,1
terror,1
lace,1
reckon,1
hal,1
intimation,1
fa,1
scoundrel,1
lack,1
whoso,1
thia,1
wisdom,1
dare,1
tor,1
tail,1
ll,1
hook,1
shoot,1
ti,1
ind,1
le,1
plan,1
contempt,1
doe,1
la,1
mercy,1
ca,1
critical,1
smile,1
merit,1
temporary,1
more,1
unfavorable,1
since,1
toward,1
sad,1
further,1
page,1
hold,1
regard,1
than,1
faculty,1
failure,1
assert,1
duke,1
tin,1
probability,1
cl,1
wound,1
ht,1
show,1
insolence,1
three,1
handsome,1
lone,1
quit,1
lead,1
appraise,1
so,1
love,1
au,1
ye,1
fed,1
flame,1
keep,1
plunge,1
behavior,1
very,1
enough,1
temper,1
she,1
beauty,1
receive,1
executioner,1
dishonor,1
home,1
disposal,1
stomach,1
recover,1
reply,1
my,1
dine,1
room,1
tn,1
up,1
jame,1
hang,1
ky,1
house,1
career,1
ty,1
long,1
emotion,1
without,1
mention,1
could,1
throw,1
herself,1
ufa,1
labor,1
con,1
despise,1
captain,1
lesson,1
voile,1
epistle,1
even,1
judgment,1
shrewdness,1
cuteness,1
visible,1
plainly,1
notable,1
ct,1
sober,1
seventeen,1
heart,1
settle,1
ian,1
direct,1
strong,1
reflection,1
sage,1
future,1
drink,1
school,1
fourteen,1
childish,1
ear,1
inquire,1
cold,1
coarse,1
woman,1
sp,1
mercantile,1
ly,1
vol,1
op,1
ta,1
immediate,1
thirteen,1
treacherous,1
mere,1
become,1
scotland,1
post,1
acrid,1
comment,1
lieutenant,1
everything,1
bound,1
north,1
making,1
es,1
obvious,1
rise,1
collect,1
na,1
co,1
tr,1
thirty,1
put,1
hot,1
allow,1
quite,1
collection,1
theory,1
vastly,1
correspondence,1
unrecognizable,1
harold,1
beautiful,1
lady,1
selfish,1
platitude,1
talker,1
belief,1
hi,1
bi,1
pi,1
ed,1
k,1
tongue,1
youth,1
preserve,1
ha,1
lotter,1
periodic,1
formal,1
wu,1
century,1
eighteenth,1
continent,1
parent,1
make,1
ace,1
lost,1
tidal,1
republic,1
teller,1
possibility,1
end,1
breeding,1
dream,1
also,1
opinion,1
save,1
bigot,1
cede,1
beat,1
peasantry,1
dispirited,1
discontent,1
disjointed,1
thorn,1
hound,1
set,1
hen,1
cruelty,1
unheard,1
pillage,1
asked,1
nor,1
sm,1
canadian,1
return,1
piece,1
win,1
interest,1
vivid,1
gallant,1
strength,1
any,1
bronco,1
an,1
rather,1
ail,1
battalion,1
dirt,1
dead,1
down,1
eu,1
dirty,1
ora,1
lord,1
worst,1
scribe,1
before,1
know,1
comm,1
depend,1
observe,1
bloody,1
braver,1
go,1
blockhead,1
place,1
ho,1
quarter,1
entrance,1
knowledge,1
shut,1
seem,1
dull,1
obstinately,1
lind,1
excessive,1
conqueror,1
preacher,1
scotch,1
generality,1
far,1
tim,1
hour,1
lose,1
count,1
ex,1
sake,1
hellish,1
every,1
kind,1
immorality,1
encounter,1
whom,1
quebec,1
red,1
x,1
whole,1
boy,1
demon,1
another,1
calamity,1
unavoidable,1
portsmouth,1
belles,1
midst,1
fee,1
abominable,1
low,1
sink,1
excess,1
car,1
looseness,1
history,1
