lemma,count
the,154
of,111
in,69
to,59
be,47
a,36
t,26
i,25
that,25
have,22
by,21
and,21
r,20
it,19
l,18
artillery,17
he,16
not,15
s,15
n,15
at,14
c,13
french,13
which,13
infantry,13
gun,12
f,12
th,11
war,11
y,11
battle,10
as,10
this,10
w,10
m,9
they,8
for,8
order,8
general,7
our,7
h,7
e,7
d,6
on,6
heavy,6
military,6
fire,6
we,6
them,6
would,6
when,6
from,6
machine,6
v,5
archer,5
over,5
but,5
with,5
us,5
out,5
still,5
his,5
u,5
most,4
attack,4
light,4
offensive,4
one,4
tl,4
german,4
ti,4
k,4
some,4
him,4
only,4
day,4
say,4
cannon,4
et,4
all,4
warfare,4
its,3
lose,3
what,3
tire,3
such,3
their,3
more,3
belief,3
during,3
carry,3
than,3
other,3
begin,3
queen,3
any,3
lead,3
if,3
also,3
into,3
ten,3
after,3
need,3
sort,3
way,3
front,3
arm,3
even,3
send,3
cost,3
each,3
far,3
ts,3
up,3
find,3
themselves,2
since,2
accomplish,2
weapon,2
statement,2
chief,2
those,2
trench,2
second,2
ne,2
launch,2
ford,2
ii,2
soldier,2
cite,2
push,2
hate,2
new,2
es,2
b,2
these,2
o,2
upon,2
officer,2
troop,2
destruction,2
colossal,2
first,2
army,2
conduct,2
enable,2
franc,2
must,2
destroy,2
shot,2
several,2
necessary,2
action,2
an,2
gain,2
put,2
certain,2
off,2
follow,2
use,2
write,2
tr,2
prepare,2
especially,2
further,2
support,2
alt,2
hut,2
scale,2
try,2
shell,2
crater,2
moment,2
dead,2
ht,2
tun,2
indeed,2
haw,2
who,2
take,2
rn,2
projectile,2
how,2
tho,2
five,2
my,2
two,2
another,2
every,2
matter,2
school,2
failure,2
wish,2
ly,2
ni,2
could,2
paris,2
rest,2
artilleryman,2
mow,2
no,2
tn,2
prom,2
do,2
under,2
hr,2
loss,2
st,2
ur,2
among,2
cabinet,2
idea,2
position,2
enemy,2
suffer,2
ca,1
minister,1
var,1
arise,1
kite,1
telephone,1
kith,1
hom,1
presence,1
sf,1
vt,1
rate,1
backbone,1
rance,1
ry,1
entire,1
last,1
technical,1
ed,1
bern,1
adv,1
instead,1
little,1
foster,1
want,1
latch,1
fact,1
lie,1
main,1
toxin,1
price,1
nut,1
year,1
stool,1
acre,1
lam,1
thu,1
ls,1
precision,1
park,1
where,1
willingly,1
lo,1
forgot,1
review,1
armistice,1
occupy,1
time,1
never,1
cher,1
heat,1
know,1
though,1
important,1
consider,1
futility,1
decision,1
sustain,1
terrible,1
terrain,1
instruction,1
crew,1
iva,1
billion,1
kn,1
run,1
head,1
information,1
immediately,1
inert,1
merrier,1
disobey,1
half,1
se,1
thousand,1
accomplishment,1
obey,1
addition,1
million,1
april,1
line,1
or,1
three,1
hundred,1
mac,1
reasonably,1
engineer,1
relegate,1
fin,1
adopt,1
suggest,1
method,1
subordination,1
against,1
uphold,1
theory,1
en,1
check,1
spite,1
declare,1
ar,1
leer,1
meet,1
superiority,1
may,1
despite,1
poss,1
hill,1
strongly,1
definitely,1
fore,1
par,1
secondary,1
alter,1
hts,1
immediate,1
clemenceau,1
os,1
va,1
ho,1
fault,1
ha,1
her,1
arv,1
recall,1
favor,1
adoption,1
mady,1
wax,1
remark,1
nail,1
tooth,1
ibis,1
fight,1
bun,1
principal,1
introduction,1
start,1
owe,1
deplore,1
yea,1
seriousness,1
mean,1
situation,1
government,1
aid,1
ave,1
luck,1
providential,1
construction,1
beat,1
before,1
dig,1
ready,1
drop,1
exact,1
ex,1
ling,1
demand,1
monotonously,1
threaten,1
term,1
while,1
hod,1
invent,1
few,1
call,1
so,1
san,1
blast,1
suddenness,1
full,1
effort,1
henry,1
largely,1
cause,1
thank,1
france,1
genet,1
surprise,1
almost,1
kind,1
cut,1
yield,1
rang,1
precious,1
lief,1
toy,1
object,1
kill,1
total,1
large,1
death,1
ir,1
bar,1
deeper,1
mile,1
conception,1
clear,1
get,1
direct,1
rear,1
po,1
background,1
down,1
erma,1
capture,1
regiment,1
faith,1
set,1
task,1
nun,1
true,1
trot,1
ever,1
small,1
pm,1
moral,1
ix,1
often,1
too,1
influence,1
writ,1
force,1
life,1
soldiery,1
co,1
inferiority,1
massacre,1
lion,1
inc,1
correct,1
rd,1
individual,1
apt,1
lon,1
free,1
superior,1
hen,1
te,1
x,1
liaison,1
contrast,1
defective,1
record,1
awful,1
part,1
attribute,1
ink,1
ail,1
ax,1
old,1
go,1
err,1
thing,1
spell,1
along,1
come,1
nov,1
ere,1
fascinate,1
nd,1
mast,1
deep,1
g,1
wire,1
barb,1
cf,1
pt,1
rim,1
pat,1
net,1
human,1
rig,1
again,1
ova,1
hand,1
infantryman,1
killing,1
wholesale,1
mg,1
notably,1
ambitious,1
mere,1
ta,1
dru,1
responsible,1
expert,1
art,1
scar,1
value,1
relative,1
astray,1
beer,1
authority,1
morn,1
occur,1
li,1
enthusiasm,1
animate,1
rush,1
place,1
hold,1
base,1
cd,1
fallacy,1
tale,1
clay,1
much,1
angry,1
store,1
tell,1
early,1
tray,1
mr,1
fatal,1
dr,1
tum,1
dim,1
then,1
subordinate,1
stead,1
enthrone,1
dethrone,1
hat,1
fully,1
fare,1
accord,1
proper,1
number,1
violent,1
preparation,1
minimum,1
contention,1
point,1
spring,1
great,1
conflict,1
phase,1
later,1
become,1
unprecedented,1
operation,1
re,1
supply,1
saga,1
suit,1
hence,1
about,1
plentiful,1
give,1
efficiency,1
maximum,1
solution,1
show,1
tc,1
pain,1
save,1
console,1
august,1
field,1
open,1
bloody,1
should,1
man,1
make,1
rue,1
however,1
bloodshed,1
month,1
congratulate,1
sis,1
forty,1
period,1
prolongation,1
j,1
july,1
engine,1
repulse,1
through,1
country,1
spread,1
end,1
thought,1
constantly,1
consolation,1
anti,1
world,1
midst,1
fighting,1
name,1
mouth,1
argument,1
american,1
arrival,1
await,1
prolong,1
finally,1
manufacture,1
rile,1
preponderant,1
play,1
movement,1
resumption,1
increase,1
due,1
victory,1
final,1
yet,1
whir,1
committee,1
