lemma,count
the,52
of,39
a,30
and,29
in,19
to,15
be,14
him,9
his,9
life,9
he,8
for,7
s,7
scamp,7
master,6
with,6
there,6
out,5
have,5
after,5
from,5
by,5
dog,5
rabbit,5
then,4
on,4
save,4
that,4
which,4
just,3
make,3
as,3
at,3
day,3
finally,3
poacher,3
london,3
counterfeiter,3
while,3
little,3
these,2
hand,2
note,2
about,2
it,2
between,2
neighbor,2
more,2
c,2
class,2
one,2
get,2
crippled,2
so,2
work,2
hunting,2
field,2
mistress,2
her,2
latter,2
all,2
rescue,2
wood,2
take,2
boston,2
give,2
tell,2
street,2
where,2
find,2
gill,2
grouse,2
child,2
author,2
series,2
home,2
this,2
soft,2
man,2
book,2
sell,2
perfection,1
idolatry,1
endow,1
rook,1
almost,1
hot,1
attempt,1
canine,1
whom,1
attractive,1
scared,1
death,1
fire,1
rag,1
result,1
mischief,1
part,1
additionally,1
squirrel,1
once,1
comfort,1
joy,1
continent,1
misery,1
d,1
pound,1
or,1
pass,1
through,1
human,1
several,1
owner,1
poorer,1
villainous,1
until,1
buy,1
head,1
gamekeeper,1
nd,1
come,1
color,1
former,1
who,1
dozen,1
could,1
party,1
moor,1
pleasure,1
both,1
enjoy,1
final,1
always,1
amp,1
severely,1
strength,1
well,1
hack,1
wound,1
protect,1
nurse,1
girlhood,1
preserve,1
recognize,1
e,1
turn,1
battle,1
pitched,1
terminate,1
meadow,1
love,1
country,1
marry,1
play,1
indian,1
later,1
acute,1
delight,1
nose,1
revel,1
injury,1
band,1
incident,1
very,1
strenuous,1
wish,1
bird,1
active,1
camp,1
start,1
outing,1
water,1
time,1
creature,1
create,1
entertainment,1
roomy,1
bed,1
cozy,1
lap,1
lie,1
such,1
convenient,1
starling,1
pet,1
first,1
retriever,1
ill,1
brother,1
friend,1
insist,1
blue,1
blood,1
other,1
plenty,1
skill,1
macmillan,1
autobiography,1
ge,1
third,1
animal,1
biography,1
pp,1
vis,1
new,1
york,1
company,1
suburb,1
story,1
whose,1
volume,1
plain,1
when,1
pick,1
up,1
servant,1
miss,1
because,1
every,1
dirty,1
detective,1
their,1
punt,1
wreck,1
follow,1
period,1
t,1
bicycle,1
shop,1
visit,1
add,1
exhaust,1
futile,1
try,1
strange,1
visitor,1
raid,1
n,1
ugh,1
sewer,1
th,1
effort,1
father,1
prospect,1
town,1
happy,1
ahead,1
but,1
go,1
o,1
own,1
hook,1
catch,1
p,1
son,1
boy,1
long,1
spell,1
dingy,1
crowded,1
city,1
art,1
only,1
drown,1
offer,1
attribute,1
