lemma,count
the,59
of,49
be,27
and,25
a,23
to,21
have,19
his,14
in,13
he,12
with,12
i,12
that,11
they,10
for,10
from,8
will,8
who,8
him,7
as,6
an,6
see,6
not,6
all,6
it,6
their,5
man,5
other,5
do,5
or,5
god,5
this,5
me,4
heretic,4
by,4
here,4
what,4
these,4
find,3
action,3
study,3
author,3
think,3
through,3
at,3
so,3
reader,3
book,3
matthew,3
regard,3
quality,3
mind,3
face,3
never,3
must,3
when,3
manifest,2
last,2
keep,2
full,2
incident,2
you,2
around,2
sketch,2
inner,2
another,2
group,2
now,2
one,2
let,2
tradition,2
any,2
which,2
s,2
final,2
themselves,2
sure,2
most,2
out,2
exactly,2
its,2
but,2
method,2
far,2
learn,2
nor,2
sin,2
bitter,2
whose,2
story,2
there,2
stand,2
critic,2
every,2
rather,2
too,2
know,2
draw,2
if,2
go,2
single,2
on,2
van,2
can,2
since,2
definite,2
certain,2
circle,2
expect,2
look,2
example,2
own,2
analysis,2
turn,2
first,2
material,2
finally,2
writer,2
province,2
whom,2
them,1
take,1
should,1
grace,1
she,1
end,1
mulled,1
j,1
impact,1
excellent,1
vacillating,1
job,1
nd,1
lie,1
indeterminate,1
hard,1
secret,1
her,1
claiming,1
unceasingly,1
piece,1
carry,1
many,1
satisfy,1
complain,1
breadth,1
irony,1
fine,1
humor,1
tell,1
yes,1
mot,1
doctor,1
son,1
value,1
vague,1
give,1
die,1
much,1
dilemma,1
death,1
life,1
forgive,1
sadly,1
d,1
psychological,1
sustain,1
conscience,1
indiscriminate,1
carefully,1
chance,1
winter,1
wait,1
use,1
yet,1
perhaps,1
once,1
t,1
th,1
grow,1
tired,1
meticulous,1
convention,1
broken,1
back,1
about,1
high,1
innate,1
courage,1
spiritual,1
lack,1
lady,1
phrase,1
sharply,1
gnaw,1
honor,1
stigmata,1
bring,1
chronicle,1
declare,1
over,1
moral,1
contradiction,1
science,1
history,1
absurdity,1
suspend,1
my,1
judgment,1
sacred,1
hess,1
scourge,1
myself,1
among,1
disagree,1
proclaim,1
discover,1
deed,1
regularly,1
mistaken,1
confess,1
eventually,1
often,1
fact,1
anything,1
possible,1
long,1
seekers,1
formerly,1
tile,1
persecute,1
dishonor,1
truth,1
neither,1
novel,1
resist,1
good,1
require,1
schedule,1
because,1
devoid,1
rebel,1
cheerful,1
fundamentalist,1
sovereign,1
human,1
could,1
being,1
dissent,1
extraordinary,1
inquisition,1
also,1
census,1
preliminary,1
only,1
person,1
qt,1
ff,1
observe,1
authority,1
those,1
displease,1
call,1
unlawful,1
reason,1
after,1
kind,1
kc,1
philosophy,1
little,1
even,1
more,1
very,1
sense,1
impressive,1
than,1
individual,1
strong,1
overlook,1
figure,1
recovery,1
unlike,1
ordinary,1
each,1
virtue,1
item,1
show,1
effort,1
state,1
our,1
connecticut,1
field,1
andi,1
hill,1
refreshingly,1
tahiti,1
patient,1
poor,1
withdraw,1
hand,1
close,1
community,1
creature,1
light,1
living,1
innocuous,1
distress,1
people,1
write,1
portraiture,1
aim,1
eyed,1
accordance,1
series,1
trait,1
mood,1
converge,1
tenuous,1
somewhat,1
upon,1
base,1
volume,1
slender,1
assemble,1
disappoint,1
sweetness,1
change,1
word,1
revelation,1
judge,1
woman,1
drama,1
immediate,1
clamor,1
offense,1
away,1
attention,1
mr,1
like,1
knopf,1
york,1
new,1
pp,1
carl,1
criticism,1
aside,1
put,1
written,1
inhere,1
identify,1
no,1
easily,1
may,1
age,1
urbanity,1
couple,1
fairness,1
whole,1
fabric,1
itself,1
weave,1
unyielding,1
shrewd,1
join,1
intuition,1
generous,1
himself,1
outside,1
wholly,1
step,1
habit,1
we,1
well,1
forget,1
stoic,1
background,1
ironic,1
against,1
sunset,1
connoisseur,1
christophe,1
jean,1
er,1
read,1
old,1
beat,1
weather,1
gnarl,1
antithesis,1
provide,1
outline,1
ira,1
revise,1
stout,1
threaten,1
protagonist,1
blindness,1
suddenly,1
picture,1
then,1
unmask,1
moment,1
climactic,1
until,1
soul,1
resigned,1
gentle,1
year,1
cheerfulness,1
outward,1
pact,1
favor,1
ask,1
blind,1
cod,1
pray,1
unwilling,1
able,1
either,1
statically,1
di,1
scalpel,1
surgeon,1
pathology,1
emotion,1
mainspring,1
come,1
thus,1
concentric,1
round,1
range,1
universe,1
rest,1
before,1
future,1
behind,1
stretch,1
past,1
some,1
room,1
movement,1
artist,1
progressive,1
con,1
blunder,1
giant,1
stupidity,1
original,1
diverge,1
character,1
unfoldment,1
accord,1
toward,1
correct,1
constantly,1
impression,1
eye,1
circumstance,1
everything,1
plastic,1
personally,1
mary,1
