lemma,count
the,109
be,88
of,75
and,47
a,44
to,41
i,37
in,32
his,24
not,21
there,17
with,16
have,15
mockery,14
this,14
he,13
s,13
that,12
but,12
one,12
it,11
mr,9
for,9
which,9
will,9
if,9
all,8
an,8
life,8
at,8
by,8
as,8
poetry,7
or,7
sea,7
gap,7
who,7
so,6
no,6
its,6
t,6
from,6
little,6
f,6
make,6
their,6
village,6
book,5
on,5
like,5
ha,5
out,5
brutality,4
when,4
only,4
reality,4
l,4
something,4
novel,4
tale,4
also,4
we,4
say,4
e,3
through,3
read,3
catch,3
llewellyn,3
author,3
very,3
quality,3
reason,3
brother,3
come,3
even,3
them,3
too,3
can,3
work,3
other,3
though,3
time,3
both,3
show,3
talk,3
symbol,3
such,3
small,3
they,3
because,3
about,3
present,3
love,2
farmer,2
c,2
these,2
mrs,2
toothache,2
heart,2
water,2
inhabitant,2
designation,2
god,2
name,2
itself,2
over,2
idea,2
same,2
further,2
people,2
latent,2
would,2
horde,2
find,2
where,2
excitement,2
pretty,2
follow,2
always,2
deity,2
line,2
down,2
apparent,2
do,2
consider,2
nothing,2
de,2
her,2
simon,2
another,2
strain,2
power,2
two,2
naked,2
mind,2
most,2
hence,2
english,2
us,2
q,2
him,2
seem,2
great,2
trait,2
give,2
m,2
hard,2
speak,2
may,2
fact,2
into,2
least,2
pea,2
half,2
death,2
reader,2
point,2
repetition,2
transmute,2
finally,2
peasant,2
feeling,2
deal,2
must,2
error,2
approach,1
wanton,1
calmness,1
stupidity,1
she,1
sometime,1
home,1
white,1
poise,1
ship,1
fa,1
h,1
foam,1
merely,1
rock,1
humor,1
seaweed,1
fish,1
ever,1
joke,1
lose,1
mile,1
away,1
pas,1
kind,1
due,1
continue,1
live,1
failure,1
wife,1
think,1
en,1
become,1
own,1
function,1
passion,1
never,1
inciter,1
commit,1
example,1
maeterlinck,1
hallucination,1
crude,1
within,1
sin,1
drown,1
incite,1
flutter,1
sometimes,1
warm,1
thus,1
feel,1
fast,1
lady,1
system,1
every,1
asceticism,1
remove,1
somewhat,1
earl,1
sign,1
faun,1
upon,1
esther,1
off,1
palm,1
use,1
product,1
sheen,1
much,1
iridescent,1
glimmer,1
making,1
legend,1
mary,1
antiquity,1
pure,1
region,1
gala,1
corner,1
around,1
dentist,1
generation,1
ridden,1
invention,1
dare,1
largely,1
dross,1
silk,1
texture,1
genuine,1
article,1
alienate,1
unless,1
story,1
early,1
view,1
method,1
adhere,1
intend,1
z,1
dramatic,1
literary,1
exhaust,1
iv,1
warning,1
word,1
without,1
close,1
gain,1
wit,1
up,1
strive,1
harshly,1
should,1
gold,1
change,1
slice,1
symbolism,1
critic,1
perhaps,1
appeal,1
chief,1
natural,1
many,1
passage,1
try,1
poe,1
distinct,1
more,1
hope,1
alchemy,1
fine,1
inspire,1
hear,1
faster,1
beat,1
cry,1
sing,1
waste,1
wide,1
human,1
raise,1
right,1
fain,1
dance,1
apply,1
abomination,1
sacrifice,1
religious,1
malady,1
diver,1
swiftly,1
die,1
ugly,1
palliative,1
finance,1
cloak,1
ls,1
fool,1
greatly,1
head,1
nobody,1
reading,1
while,1
endow,1
instantly,1
instead,1
transpose,1
obstetric,1
supreme,1
face,1
philosophy,1
way,1
settle,1
tome,1
fisherman,1
land,1
occupy,1
near,1
fies,1
first,1
presently,1
ho,1
former,1
storekeeper,1
atone,1
pain,1
some,1
al,1
thor,1
au,1
lap,1
zn,1
art,1
br,1
hamlet,1
living,1
rather,1
soon,1
visit,1
y,1
landlord,1
absentee,1
x,1
bring,1
community,1
designate,1
ed,1
u,1
hack,1
decade,1
what,1
preoccupy,1
lie,1
action,1
thai,1
plot,1
page,1
attempt,1
abandon,1
b,1
perceive,1
surfeit,1
marked,1
lit,1
addition,1
late,1
arrive,1
treat,1
enable,1
long,1
sufficiently,1
extensive,1
four,1
total,1
reach,1
now,1
confound,1
theodore,1
hutchison,1
percy,1
knopf,1
york,1
new,1
pp,1
writer,1
duality,1
exist,1
main,1
le,1
ker,1
ix,1
d,1
tate,1
realistic,1
brutal,1
unable,1
completely,1
se,1
lead,1
commonplace,1
obsess,1
man,1
fundamental,1
th,1
certain,1
several,1
hui,1
widely,1
differ,1
estate,1
gravedigger,1
symbolic,1
attain,1
maladroitly,1
run,1
already,1
distinction,1
air,1
spill,1
ink,1
amount,1
worth,1
result,1
doing,1
n,1
chronicle,1
elsewhere,1
england,1
assume,1
pen,1
matter,1
easy,1
thing,1
obviously,1
indicate,1
couple,1
hide,1
partake,1
nature,1
ill,1
foregoing,1
lukewarm,1
possible,1
dislikes,1
either,1
r,1
arrest,1
unique,1
mean,1
term,1
utterance,1
simultaneous,1
almost,1
fable,1
together,1
weaving,1
indeed,1
tim,1
parable,1
mysticism,1
unusual,1
far,1
easily,1
moderately,1
than,1
outset,1
above,1
age,1
tile,1
dilemma,1
type,1
common,1
holy,1
accept,1
sire,1
between,1
clergy,1
j,1
vicar,1
minded,1
weak,1
ruffian,1
young,1
child,1
mocker,1
euphemistic,1
rich,1
especially,1
indulgent,1
measure,1
remedial,1
limit,1
among,1
officially,1
polygamy,1
since,1
although,1
father,1
irate,1
o,1
incorrect,1
ar,1
identify,1
afield,1
mythology,1
pip,1
see,1
erudite,1
less,1
mother,1
go,1
