lemma,count
the,45
and,32
of,28
be,20
to,15
a,14
they,13
have,11
in,9
at,7
their,6
by,5
on,5
from,5
work,4
woman,4
miss,4
that,4
nerve,4
war,4
who,4
with,4
allow,3
kind,3
this,3
out,3
for,3
first,3
also,3
day,3
cellar,3
aid,3
book,3
his,3
soldier,3
go,3
wound,3
up,3
two,3
chisholm,3
when,3
which,3
some,2
after,2
front,2
because,2
find,2
dash,2
other,2
but,2
night,2
shrapnel,2
upon,2
e,2
much,2
shell,2
do,2
write,2
endure,2
all,2
hour,2
bliss,2
continue,2
mrs,2
service,2
journal,2
very,2
there,2
england,2
corps,2
ambulance,2
make,2
give,2
belgian,2
few,2
so,2
both,2
year,2
baroness,2
sleep,1
forbid,1
twice,1
often,1
r,1
fall,1
d,1
clothe,1
them,1
enter,1
neighbor,1
scot,1
sad,1
army,1
ally,1
widow,1
only,1
commander,1
under,1
farm,1
outer,1
food,1
any,1
ten,1
foot,1
twelve,1
attend,1
abode,1
remain,1
name,1
except,1
or,1
these,1
nay,1
line,1
every,1
straw,1
old,1
firing,1
sort,1
dig,1
potato,1
fir,1
tile,1
raise,1
large,1
narrator,1
g,1
draw,1
countess,1
warwick,1
recent,1
europe,1
precede,1
rage,1
teller,1
direct,1
quotation,1
word,1
ill,1
o,1
v,1
f,1
almost,1
way,1
through,1
he,1
same,1
spirit,1
humor,1
seem,1
hat,1
arri,1
th,1
reach,1
money,1
will,1
occasionally,1
back,1
lecturing,1
what,1
military,1
authority,1
it,1
con,1
value,1
more,1
likely,1
recover,1
treat,1
form,1
shock,1
soon,1
tilt,1
whom,1
decorate,1
kin,1
order,1
narrative,1
hope,1
thereby,1
knowledge,1
t,1
need,1
albert,1
stand,1
an,1
father,1
corp,1
may,1
sinclair,1
not,1
necessary,1
bombardment,1
strain,1
attendance,1
wounded,1
well,1
home,1
one,1
early,1
hook,1
contain,1
lady,1
dorothy,1
fielding,1
right,1
win,1
during,1
many,1
following,1
month,1
admire,1
daughter,1
s,1
march,1
tie,1
uncommon,1
letter,1
fork,1
company,1
beginning,1
belgium,1
worker,1
include,1
whose,1
describe,1
n,1
former,1
meet,1
lieutenant,1
aviation,1
meeting,1
prove,1
case,1
love,1
sight,1
side,1
marry,1
ago,1
then,1
take,1
comment,1
eyewitness,1
official,1
news,1
wonderful,1
record,1
braes,1
efficient,1
week,1
varied,1
duty,1
demonstrate,1
possession,1
op,1
steel,1
establish,1
themselves,1
shattered,1
tillage,1
between,1
close,1
trench,1
where,1
dress,1
soup,1
chocolate,1
tea,1
wet,1
shiver,1
as,1
courage,1
horror,1
field,1
paper,1
correspondent,1
utter,1
dauntlessness,1
she,1
would,1
run,1
her,1
automobile,1
over,1
battle,1
pick,1
tale,1
while,1
spatter,1
roundabout,1
still,1
burst,1
here,1
knocker,1
volume,1
even,1
attar,1
hun,1
enterprise,1
