lemma,count
the,33
of,20
and,11
be,9
a,9
to,7
his,7
picture,6
in,6
he,5
on,4
that,3
story,3
caesar,3
an,3
brother,3
with,3
two,3
i,3
influence,3
but,3
by,3
s,3
frank,3
at,2
ghost,2
for,2
see,2
daphne,2
mystery,2
artist,2
as,2
another,2
other,2
himself,2
one,2
bridegroom,2
figure,2
this,2
dead,2
only,2
there,2
italian,2
not,2
it,2
go,2
niece,1
also,1
health,1
back,1
cousin,1
hefty,1
baneful,1
its,1
rank,1
accompany,1
uncle,1
l,1
o,1
all,1
iii,1
too,1
j,1
le,1
pa,1
startling,1
non,1
appearance,1
miss,1
trace,1
incident,1
or,1
about,1
no,1
man,1
timid,1
tea,1
tier,1
ra,1
ly,1
well,1
state,1
here,1
end,1
satisfactorily,1
e,1
plain,1
until,1
after,1
reader,1
experience,1
full,1
quota,1
hock,1
sake,1
model,1
hair,1
act,1
raise,1
then,1
bent,1
discover,1
surround,1
noiselessly,1
task,1
midnight,1
find,1
suddenly,1
trip,1
madman,1
sharpen,1
knife,1
brandish,1
above,1
head,1
learn,1
shall,1
guest,1
chase,1
f,1
dictator,1
base,1
whose,1
statue,1
victim,1
conspiracy,1
lie,1
stab,1
excite,1
comment,1
because,1
face,1
remarkable,1
presentation,1
pallor,1
death,1
previous,1
exhibition,1
pompey,1
show,1
have,1
fall,1
weird,1
john,1
r,1
carling,1
illustrate,1
cyrus,1
mo,1
pp,1
boston,1
little,1
brown,1
co,1
deal,1
mysterious,1
paint,1
angelo,1
call,1
work,1
failure,1
arm,1
dover,1
military,1
cloak,1
vanish,1
give,1
lose,1
ll,1
ha,1
snow,1
hurry,1
london,1
where,1
marriage,1
take,1
place,1
do,1
appear,1
swoon,1
pier,1
latter,1
shortly,1
beloved,1
before,1
triumph,1
officer,1
capt,1
george,1
disappear,1
file,1
eve,1
girl,1
name,1
suitor,1
day,1
arrival,1
england,1
attend,1
wedding,1
iris,1
thrill,1
