lemma,count
the,33
of,28
and,16
in,14
be,14
a,13
s,10
his,10
with,8
for,7
novel,5
man,4
at,4
it,4
as,4
quiet,4
this,4
from,4
mr,4
he,3
horse,3
i,3
home,3
could,3
l,3
n,3
simple,3
quite,3
trench,3
world,3
read,3
not,3
that,3
to,3
all,2
say,2
one,2
by,2
t,2
time,2
have,2
on,2
yacht,2
hover,2
than,2
trim,2
gould,2
instance,2
y,2
sit,2
us,2
million,2
ride,2
even,2
out,2
you,2
order,2
there,2
or,2
london,2
mind,2
reach,2
allow,2
agony,2
when,2
evening,2
o,2
bellamy,1
press,1
why,1
insistence,1
reality,1
well,1
f,1
devour,1
prospectus,1
relieve,1
here,1
virtue,1
thing,1
adjust,1
themselves,1
which,1
but,1
finally,1
repose,1
futuristic,1
should,1
these,1
find,1
escape,1
cling,1
outrageous,1
fortune,1
fast,1
petal,1
vista,1
take,1
air,1
inure,1
dangerous,1
subway,1
feel,1
beauty,1
full,1
course,1
breathlessness,1
struggle,1
bloodhound,1
hy,1
grudge,1
tommy,1
delight,1
ideal,1
heroic,1
easily,1
sunny,1
deck,1
dine,1
splendor,1
savoy,1
lose,1
nothing,1
win,1
dweller,1
give,1
after,1
its,1
people,1
no,1
more,1
remote,1
can,1
lighten,1
eternal,1
destruction,1
glimpse,1
city,1
house,1
hotel,1
river,1
dy,1
mean,1
w,1
ho,1
shall,1
him,1
nay,1
bacon,1
light,1
nil,1
notion,1
fine,1
linen,1
large,1
room,1
thick,1
soft,1
shin,1
shirtfront,1
oleo,1
paradise,1
hat,1
eternally,1
before,1
eye,1
like,1
mirage,1
confession,1
we,1
clue,1
hold,1
silverware,1
polished,1
meal,1
complicated,1
nat,1
es,1
company,1
g,1
arctic,1
explorer,1
once,1
polar,1
region,1
night,1
fancy,1
day,1
concern,1
almost,1
exclusively,1
dinner,1
u,1
club,1
lovingly,1
lift,1
mm,1
perfection,1
rn,1
inn,1
tl,1
ly,1
lou,1
look,1
far,1
line,1
white,1
th,1
arc,1
hot,1
race,1
mg,1
an,1
innocent,1
front,1
unbelievable,1
above,1
simplicity,1
motive,1
la,1
c,1
h,1
land,1
their,1
favorite,1
they,1
mace,1
iris,1
impressive,1
fact,1
reason,1
ir,1
overwhelming,1
popularity,1
begin,1
certain,1
wan,1
will,1
notice,1
ind,1
lit,1
description,1
england,1
