lemma,count
the,89
of,73
a,53
and,50
to,47
in,45
be,42
her,28
have,24
she,20
i,18
for,18
as,17
that,16
not,16
t,14
l,14
it,13
with,13
or,13
s,12
r,11
life,10
but,10
man,9
h,9
may,9
critic,8
their,7
by,7
you,7
n,7
an,7
woman,7
e,6
at,6
many,6
w,6
this,6
mary,6
any,6
there,5
he,5
forty,5
like,5
good,5
his,5
give,5
do,5
if,5
other,5
more,5
must,5
author,5
new,5
will,5
year,5
certainly,4
him,4
they,4
us,4
from,4
book,4
own,4
sinclair,4
different,4
public,4
on,4
style,4
fiction,4
olivier,4
criticism,4
which,4
end,3
never,3
far,3
much,3
d,3
love,3
v,3
our,3
we,3
english,3
take,3
old,3
series,3
too,3
fall,3
c,3
instance,3
no,3
would,3
young,3
some,3
look,3
all,3
so,3
reader,3
ace,3
into,3
continue,3
come,3
one,3
until,2
than,2
fir,2
time,2
intellectual,2
up,2
method,2
sit,2
my,2
brief,2
upon,2
sharply,2
finally,2
through,2
nd,2
two,2
story,2
rt,2
read,2
crime,2
con,2
sense,2
re,2
fashion,2
m,2
novelist,2
sire,2
front,2
win,2
could,2
put,2
hope,2
novel,2
et,2
ed,2
set,2
fascinating,2
hut,2
le,2
subject,2
forth,2
work,2
moment,2
sketch,2
first,2
five,2
o,2
often,2
sharp,2
cl,2
meet,2
opinion,2
cherish,2
however,2
st,2
who,2
part,2
point,2
ink,2
after,2
rod,2
en,2
last,2
your,2
once,2
nu,2
fancy,2
great,2
become,2
most,2
es,2
country,2
write,2
detestable,2
yet,2
result,2
arc,2
matter,2
england,2
liable,2
see,2
each,2
surrender,1
despite,1
go,1
honor,1
accuse,1
indubitably,1
climacteric,1
while,1
under,1
heaven,1
portrait,1
prejudice,1
ha,1
general,1
defer,1
again,1
really,1
cry,1
still,1
wonder,1
compel,1
intelligent,1
active,1
fin,1
evidently,1
rs,1
age,1
line,1
choose,1
feeling,1
handsome,1
why,1
nowhere,1
late,1
pave,1
bias,1
former,1
surfeit,1
force,1
whether,1
pang,1
adolescence,1
teem,1
draw,1
claws,1
today,1
earth,1
bewildered,1
spiteful,1
has,1
fate,1
charm,1
number,1
page,1
hurl,1
ta,1
clue,1
question,1
such,1
fur,1
wholly,1
inimitable,1
owe,1
always,1
stern,1
lea,1
strike,1
legend,1
choice,1
bliss,1
desire,1
therefore,1
determination,1
realistic,1
merely,1
surely,1
ca,1
loser,1
liar,1
ale,1
world,1
real,1
let,1
lice,1
fare,1
nature,1
mutual,1
hate,1
punishment,1
moat,1
mother,1
nubile,1
call,1
study,1
f,1
fire,1
shut,1
army,1
personally,1
car,1
poet,1
oases,1
shall,1
ir,1
sim,1
ii,1
ton,1
dill,1
econ,1
rf,1
rel,1
few,1
neat,1
vat,1
trite,1
ow,1
finish,1
ted,1
nod,1
pen,1
hal,1
urine,1
brand,1
marry,1
lr,1
return,1
unspeakable,1
clear,1
australia,1
lia,1
also,1
jimmy,1
lin,1
secretly,1
literary,1
bee,1
precarious,1
firm,1
dr,1
tire,1
prom,1
ea,1
contrast,1
striking,1
cr,1
rook,1
me,1
gloom,1
ill,1
u,1
express,1
publisher,1
che,1
sea,1
steal,1
scan,1
lie,1
memory,1
ive,1
oft,1
pd,1
lapse,1
sinful,1
girl,1
hint,1
perfection,1
mower,1
very,1
teed,1
early,1
strand,1
calla,1
maid,1
relation,1
tn,1
intense,1
tome,1
rill,1
sr,1
ether,1
hr,1
lo,1
concession,1
ly,1
cement,1
found,1
play,1
optimism,1
ari,1
sate,1
true,1
thane,1
same,1
modern,1
fish,1
right,1
minor,1
sn,1
consist,1
how,1
character,1
vignette,1
close,1
serf,1
disclaimer,1
totally,1
phrase,1
ant,1
sonic,1
bestow,1
ago,1
even,1
quite,1
output,1
happen,1
ante,1
practically,1
attitude,1
sad,1
living,1
ix,1
hail,1
variously,1
every,1
certain,1
individual,1
ft,1
truth,1
stumble,1
lift,1
pretense,1
equipment,1
critical,1
mind,1
esteem,1
establish,1
already,1
reviewer,1
impertinence,1
rather,1
think,1
incline,1
vision,1
leis,1
narrow,1
fl,1
violent,1
dislike,1
detach,1
tell,1
makeup,1
mental,1
nothing,1
say,1
inclination,1
writer,1
pole,1
equator,1
asunder,1
toward,1
fresh,1
deal,1
fit,1
civilized,1
lg,1
tho,1
deference,1
candidate,1
profession,1
master,1
fifty,1
else,1
art,1
entire,1
humility,1
saint,1
keen,1
company,1
york,1
clair,1
sin,1
gertrude,1
bower,1
marian,1
wodehouse,1
g,1
p,1
latest,1
biographical,1
body,1
carry,1
weight,1
comparatively,1
recognize,1
congenitally,1
cs,1
lack,1
whit,1
generation,1
dislocation,1
shock,1
heavy,1
change,1
realize,1
slow,1
youth,1
firmly,1
column,1
secure,1
problem,1
central,1
sty,1
resent,1
conservatism,1
tend,1
business,1
review,1
least,1
article,1
reluctance,1
near,1
carefully,1
ag,1
delineation,1
distinct,1
aster,1
char,1
thirty,1
arrow,1
little,1
brown,1
fly,1
wing,1
consider,1
get,1
consume,1
anything,1
can,1
dart,1
rule,1
departure,1
bitterly,1
object,1
predicate,1
without,1
sentence,1
short,1
cut,1
cool,1
deliberate,1
calculation,1
involve,1
anywhere,1
distinctness,1
measure,1
remotely,1
glass,1
opera,1
wrong,1
impression,1
leave,1
cumulative,1
progressive,1
episode,1
rapid,1
talent,1
scope,1
enormous,1
pain,1
hay,1
belief,1
private,1
futility,1
view,1
accord,1
likable,1
conception,1
space,1
flow,1
consent,1
gun,1
abuse,1
boycott,1
determine,1
amused,1
er,1
humor,1
fairly,1
afraid,1
live,1
rank,1
afford,1
when,1
stick,1
suave,1
ire,1
god,1
notice,1
only,1
merit,1
position,1
high,1
won,1
road,1
ion,1
editor,1
insistence,1
make,1
slight,1
difference,1
hold,1
happy,1
adopter,1
cover,1
biography,1
romance,1
try,1
thought,1
perish,1
ne,1
porter,1
ht,1
harold,1
devotee,1
curse,1
sentimental,1
devote,1
immense,1
nut,1
although,1
louis,1
lose,1
ho,1
likely,1
interest,1
y,1
month,1
