lemma,count
the,215
of,120
and,75
a,67
be,66
to,59
in,58
i,45
his,35
have,30
tibet,26
on,25
at,24
that,22
for,19
this,19
it,18
l,18
lama,17
by,17
he,16
which,16
tibetan,16
british,16
with,15
chinese,14
an,12
from,12
s,12
as,11
author,11
not,9
yet,9
china,9
still,9
india,8
t,8
or,7
year,7
modern,6
but,6
into,6
than,6
what,6
time,6
out,6
go,5
lhasa,5
their,5
so,5
side,5
great,5
history,5
page,5
him,5
its,5
other,5
hold,5
people,5
do,5
buddha,4
may,4
seclusion,4
these,4
drive,4
nation,4
they,4
book,4
will,4
sir,4
grow,4
more,4
fact,4
border,4
through,4
such,4
though,4
most,4
over,4
keep,4
one,4
up,3
expedition,3
real,3
country,3
all,3
part,3
spite,3
enough,3
keen,3
hierarchy,3
almost,3
eastern,3
them,3
since,3
set,3
century,3
day,3
world,3
priest,3
follow,3
re,3
spirit,3
england,3
three,3
bell,3
no,3
take,3
make,3
if,3
point,3
too,3
live,3
seem,3
man,3
toward,3
pass,3
work,3
political,3
present,3
bhutan,3
past,3
career,3
around,3
whole,3
close,3
any,3
how,2
tell,2
ti,2
etan,2
closely,2
once,2
down,2
capacity,2
like,2
suzerainty,2
there,2
sense,2
learn,2
authority,2
influence,2
who,2
n,2
ur,2
story,2
king,2
can,2
wonder,2
official,2
then,2
while,2
respectful,2
quite,2
continue,2
o,2
refer,2
asia,2
think,2
read,2
ir,2
believe,2
foreigner,2
when,2
new,2
soldier,2
particularly,2
under,2
bad,2
treaty,2
protect,2
between,2
call,2
outer,2
mean,2
th,2
admit,2
own,2
late,2
draw,2
g,2
constant,2
contact,2
never,2
peking,2
sign,2
leader,2
change,2
monastery,2
later,2
far,2
name,2
increase,2
de,2
till,2
fifteen,2
during,2
capital,2
alone,2
enforce,2
return,2
two,2
chapter,2
war,2
palace,2
few,2
five,2
many,2
rather,2
die,2
outpost,2
road,2
figure,2
course,2
today,2
v,2
only,2
exile,2
head,2
find,2
understand,2
always,2
after,2
ever,2
life,2
assam,2
across,2
friend,2
mongol,2
policy,2
among,2
monastic,2
sixteenth,2
j,2
danger,2
here,2
very,2
service,2
ally,2
casual,2
honest,2
travel,2
ha,2
himself,2
even,2
line,2
recent,2
buddhist,2
empire,2
hi,2
race,2
test,2
boundary,2
tea,2
early,2
freely,2
thirteenth,2
see,2
use,2
modest,1
resourceful,1
illuminate,1
ruler,1
curiosity,1
allow,1
lot,1
splendor,1
monk,1
ability,1
abundantly,1
ell,1
succeed,1
nationalism,1
symbolic,1
tactful,1
pet,1
determine,1
path,1
publish,1
communication,1
yard,1
statesman,1
anywhere,1
strive,1
patriot,1
remote,1
hand,1
primacy,1
naturally,1
give,1
church,1
conscious,1
beat,1
composite,1
st,1
merely,1
keystone,1
let,1
hundred,1
grant,1
office,1
reincarnate,1
fight,1
reader,1
personal,1
inviolate,1
unabated,1
forceful,1
stalwart,1
found,1
descent,1
lam,1
predecessor,1
free,1
immediate,1
twelfth,1
eleventh,1
subsidy,1
tenth,1
ls,1
regent,1
ninth,1
maharajah,1
y,1
di,1
choose,1
indeed,1
ride,1
matter,1
force,1
student,1
circumstance,1
envy,1
explorer,1
renowned,1
age,1
train,1
impression,1
unusual,1
throne,1
clue,1
feb,1
horseback,1
nine,1
blue,1
frontier,1
arrive,1
dual,1
position,1
brahmaputra,1
nineteenth,1
broad,1
mile,1
impatiently,1
short,1
order,1
humor,1
surrender,1
jagged,1
trading,1
agreement,1
slow,1
growth,1
assure,1
reason,1
inhospitable,1
face,1
mountain,1
confirm,1
terrible,1
plateaus,1
sweep,1
lust,1
storm,1
blizzard,1
lr,1
immediately,1
effective,1
trader,1
living,1
standard,1
opinion,1
again,1
aide,1
railroad,1
hast,1
immense,1
mineral,1
wealth,1
agriculture,1
especially,1
wool,1
tap,1
ber,1
trade,1
mart,1
exchange,1
product,1
eligible,1
resolution,1
ye,1
rule,1
carnation,1
mouthpiece,1
honestly,1
shrewd,1
source,1
strength,1
blandishment,1
progress,1
build,1
ame,1
carry,1
ma,1
br,1
fully,1
r,1
impose,1
next,1
child,1
accept,1
understanding,1
admirable,1
view,1
scattered,1
catholic,1
lone,1
inland,1
fission,1
propagate,1
christianity,1
unquiet,1
borderland,1
cultural,1
non,1
avenue,1
conventionalized,1
access,1
administrator,1
speak,1
native,1
ann,1
pat,1
personally,1
style,1
eye,1
express,1
high,1
altitude,1
where,1
house,1
entirely,1
english,1
minister,1
sincerely,1
taste,1
surrounding,1
incessant,1
worker,1
rise,1
punctually,1
rat,1
daily,1
clear,1
city,1
outskirt,1
small,1
intimacy,1
p,1
acquaintance,1
mutual,1
am,1
lift,1
unchanged,1
lil,1
unapproachable,1
secular,1
round,1
witted,1
subtle,1
pray,1
au,1
beautiful,1
antique,1
faithfully,1
devoted,1
control,1
scarcely,1
awaken,1
notion,1
virile,1
revive,1
memory,1
ancient,1
glory,1
asiatic,1
plain,1
exact,1
persia,1
land,1
arabia,1
revival,1
state,1
strong,1
throw,1
off,1
quiet,1
picture,1
altogether,1
approach,1
religious,1
repose,1
authoritative,1
pontiff,1
account,1
commanding,1
passion,1
flower,1
animal,1
lovely,1
garden,1
persona,1
care,1
tiger,1
fragile,1
cage,1
quieten,1
government,1
f,1
essential,1
professor,1
monkish,1
tutor,1
young,1
rave,1
every,1
try,1
stroke,1
overplay,1
spread,1
deliverer,1
restore,1
buddhism,1
lu,1
something,1
pastime,1
metaphysic,1
kern,1
es,1
czar,1
remark,1
mine,1
extraordinary,1
success,1
ascendancy,1
truth,1
you,1
play,1
game,1
siberian,1
buffet,1
professed,1
faith,1
adroit,1
emissary,1
she,1
device,1
say,1
visible,1
win,1
manchu,1
dynasty,1
redouble,1
effort,1
encircle,1
court,1
administration,1
last,1
ten,1
show,1
come,1
number,1
encamp,1
near,1
symbol,1
less,1
ca,1
little,1
long,1
afterward,1
gus,1
grand,1
duke,1
rapidly,1
em,1
car,1
soon,1
likewise,1
profit,1
hy,1
indignation,1
against,1
cause,1
advantage,1
napoleon,1
person,1
harding,1
emergence,1
adaptable,1
prosaic,1
immutably,1
type,1
civil,1
produce,1
guide,1
sympathy,1
certain,1
raj,1
backward,1
earth,1
u,1
mere,1
parallel,1
gardner,1
wholly,1
press,1
our,1
postal,1
cross,1
cm,1
representative,1
pp,1
ninety,1
illustration,1
map,1
note,1
appendix,1
index,1
york,1
oxford,1
university,1
figment,1
cloe,1
holy,1
winter,1
counselor,1
tire,1
open,1
minded,1
visitor,1
whom,1
mystic,1
theocracy,1
disclose,1
secret,1
stranger,1
missionary,1
white,1
ionic,1
stay,1
same,1
leave,1
modestly,1
englishman,1
suppose,1
diplomatic,1
accomplish,1
particular,1
corner,1
marvelous,1
narration,1
steady,1
achievement,1
unfold,1
enter,1
wake,1
avenge,1
murder,1
margery,1
protection,1
first,1
much,1
get,1
spiritual,1
bond,1
reveal,1
event,1
arid,1
aryan,1
along,1
relative,1
feebleness,1
plausible,1
bur,1
bhutanese,1
range,1
wide,1
circle,1
her,1
hegemony,1
promote,1
good,1
h,1
magistrate,1
deal,1
justice,1
ill,1
prefer,1
local,1
arc,1
subsidize,1
door,1
revere,1
teacher,1
cordially,1
overshadow,1
er,1
repeatedly,1
foray,1
racially,1
secure,1
mongolian,1
element,1
now,1
seep,1
disaffect,1
fellow,1
arrest,1
prosperity,1
ta,1
skein,1
patient,1
envoy,1
successful,1
necessity,1
contain,1
friendly,1
nepal,1
rich,1
britain,1
true,1
absorb,1
sikkim,1
already,1
idea,1
strategic,1
upper,1
seek,1
impassable,1
himalaya,1
include,1
topmost,1
peak,1
just,1
territory,1
akin,1
mainly,1
act,1
some,1
promise,1
negotiator,1
bet,1
sovereignty,1
largely,1
sovereign,1
calcutta,1
famous,1
darjeeling,1
tripartite,1
convention,1
eventually,1
refuse,1
warfare,1
end,1
draft,1
way,1
traveler,1
enemy,1
lie,1
summary,1
action,1
forbid,1
organized,1
army,1
start,1
break,1
month,1
outrage,1
occupational,1
troop,1
second,1
six,1
camp,1
route,1
halt,1
tradition,1
vantage,1
often,1
dispatch,1
flatter,1
hope,1
depreciate,1
partisan,1
rival,1
move,1
diploma,1
tie,1
chess,1
board,1
claim,1
civilization,1
social,1
thai,1
froth,1
tang,1
situation,1
la,1
above,1
rectify,1
rage,1
recognize,1
negotiation,1
peace,1
reality,1
diplomacy,1
hut,1
decidedly,1
adverse,1
favorable,1
c,1
vote,1
distance,1
