lemma,count
the,126
of,83
and,48
be,46
in,42
to,38
that,28
a,20
as,18
woman,15
she,13
which,13
it,12
love,11
not,11
tile,10
for,10
s,10
one,9
key,9
so,9
new,9
her,8
have,8
they,8
thing,7
even,7
with,6
or,6
miss,6
marriage,6
but,6
by,6
man,6
will,6
who,6
two,5
he,5
his,5
at,5
an,5
long,5
them,4
question,4
do,4
moral,4
remain,4
on,4
point,4
without,4
certain,4
motherhood,4
use,4
upon,3
evolution,3
these,3
only,3
out,3
say,3
i,3
clear,3
same,3
perhaps,3
present,3
right,3
own,3
all,3
nation,3
more,3
there,3
go,3
now,3
year,3
t,3
must,3
find,3
l,3
fact,3
type,3
standard,3
o,3
n,3
c,3
make,3
where,3
its,3
declare,3
life,2
what,2
practical,2
nd,2
e,2
may,2
morality,2
about,2
time,2
since,2
bring,2
intimate,2
course,2
force,2
proceed,2
sacrifice,2
word,2
dream,2
their,2
womanhood,2
privilege,2
other,2
notion,2
ge,2
quite,2
care,2
result,2
high,2
true,2
form,2
sex,2
mother,2
foolish,2
this,2
when,2
monogamy,2
under,2
destiny,2
come,2
family,2
ideal,2
part,2
seer,2
poet,2
race,2
allow,2
each,2
see,2
merely,2
tell,2
social,2
know,2
work,2
partly,2
wise,2
than,2
eight,2
exemption,2
problem,2
northern,2
benefit,2
exceptional,2
very,2
choose,2
those,2
call,2
thus,2
from,2
discuss,2
ellen,2
re,2
lie,2
describe,2
th,2
quality,2
already,2
aim,2
should,2
grow,1
animal,1
collective,1
exchange,1
before,1
attitude,1
silence,1
canon,1
contain,1
mental,1
leslie,1
likeness,1
activity,1
vow,1
exercise,1
hus,1
direction,1
r,1
fidelity,1
tend,1
band,1
lover,1
career,1
picture,1
specialist,1
civic,1
slantingly,1
roman,1
meet,1
rather,1
passage,1
ruth,1
few,1
discretion,1
such,1
definition,1
plain,1
account,1
delicate,1
quotation,1
article,1
often,1
like,1
indeed,1
ls,1
can,1
indulge,1
era,1
prophet,1
quote,1
special,1
file,1
pig,1
ox,1
altar,1
childbearing,1
employment,1
relief,1
remind,1
feminine,1
endowment,1
day,1
waste,1
you,1
fiction,1
mellow,1
sane,1
provision,1
tendency,1
ease,1
secret,1
equivalent,1
please,1
power,1
regard,1
soul,1
hold,1
sens,1
bind,1
thousand,1
wing,1
none,1
would,1
fascination,1
learn,1
rupture,1
bevy,1
disdain,1
against,1
sin,1
deadly,1
virgin,1
dictum,1
lurk,1
nigh,1
sense,1
healthy,1
eve,1
eternal,1
pan,1
betray,1
write,1
also,1
brew,1
themselves,1
homage,1
broth,1
around,1
jealousy,1
provoking,1
delight,1
celebrate,1
witch,1
sabbath,1
flirtation,1
responsibility,1
corn,1
evade,1
dancer,1
serpentine,1
change,1
facile,1
cat,1
sport,1
cruel,1
pleasure,1
take,1
oman,1
pure,1
pungency,1
adam,1
old,1
de,1
mate,1
infallibly,1
toward,1
selection,1
educate,1
monism,1
vanquish,1
dualism,1
twain,1
aid,1
hell,1
doctrine,1
institute,1
wilderness,1
devil,1
found,1
walk,1
god,1
while,1
ch,1
christian,1
foster,1
faller,1
remark,1
again,1
literature,1
novel,1
letter,1
perfect,1
we,1
incarnation,1
shall,1
survive,1
some,1
peace,1
seek,1
end,1
usually,1
whole,1
over,1
battle,1
disintegrate,1
hardly,1
system,1
champion,1
nervous,1
fl,1
wear,1
brain,1
developed,1
k,1
victor,1
highly,1
frequently,1
another,1
actually,1
live,1
attain,1
convinced,1
approximation,1
most,1
less,1
case,1
still,1
sixty,1
age,1
aside,1
scientific,1
interesting,1
future,1
near,1
matter,1
us,1
saturation,1
pass,1
reach,1
population,1
european,1
because,1
condition,1
strain,1
expose,1
suddenly,1
fabric,1
complexity,1
great,1
actively,1
engage,1
estimate,1
forthright,1
progenitor,1
though,1
ancestry,1
scottish,1
entirely,1
ascribe,1
necessary,1
characteristic,1
least,1
recognition,1
brave,1
ellis,1
spite,1
too,1
self,1
expression,1
candid,1
our,1
chief,1
personality,1
volume,1
preface,1
owe,1
acute,1
become,1
aptness,1
well,1
fling,1
fairly,1
lecturer,1
winged,1
deal,1
sweden,1
insurrection,1
pioneer,1
english,1
almost,1
something,1
acquire,1
wandering,1
cosmopolitan,1
land,1
native,1
stress,1
storm,1
period,1
swede,1
maintain,1
hearer,1
style,1
earlier,1
stage,1
civilization,1
phase,1
industrial,1
arise,1
readjustment,1
nature,1
europe,1
america,1
movement,1
progress,1
between,1
translation,1
interval,1
represent,1
title,1
here,1
publish,1
original,1
appearance,1
lapse,1
after,1
notable,1
happen,1
col,1
fight,1
vision,1
bless,1
page,1
j,1
lr,1
g,1
q,1
zed,1
axe,1
home,1
strive,1
radical,1
infinitely,1
need,1
immoral,1
insist,1
tibet,1
line,1
decide,1
rind,1
freedom,1
growing,1
fear,1
church,1
dangerous,1
justin,1
eager,1
justify,1
defense,1
argument,1
assume,1
disposed,1
show,1
ila,1
fashion,1
frivolous,1
claim,1
early,1
lace,1
spirit,1
ought,1
unmarried,1
assert,1
clergy,1
birth,1
wedlock,1
union,1
individual,1
society,1
moralist,1
together,1
gustavus,1
idealism,1
instance,1
hand,1
grundy,1
mrs,1
shock,1
extreme,1
feminist,1
modern,1
any,1
vie,1
utmost,1
outgrown,1
divorce,1
relate,1
complex,1
treatment,1
broad,1
frankest,1
swedish,1
put,1
way,1
adolphus,1
ia,1
inadequate,1
closer,1
strict,1
basis,1
economic,1
both,1
ground,1
good,1
proof,1
no,1
yet,1
admit,1
unrealized,1
frankness,1
sole,1
entire,1
fatal,1
supervision,1
nursery,1
state,1
offspring,1
collect,1
children,1
tom,1
equally,1
residence,1
