lemma,count
the,18
of,13
and,12
be,11
a,8
book,7
to,6
in,6
it,5
with,5
that,4
cookery,4
not,4
who,4
recipe,3
cook,3
dr,3
art,3
ordinary,2
you,2
name,2
as,2
dinner,2
so,2
at,2
nowhere,2
one,2
say,2
he,2
but,2
remark,2
there,2
s,2
his,2
undoubtedly,2
broth,2
i,2
very,2
cooking,2
its,2
when,2
culinary,1
produce,1
excellent,1
appetizing,1
result,1
year,1
would,1
interesting,1
side,1
import,1
memory,1
patron,1
saint,1
dictionary,1
apply,1
them,1
luncheon,1
then,1
should,1
term,1
person,1
good,1
wherefore,1
why,1
explain,1
sense,1
by,1
therefore,1
cayenne,1
downtown,1
approvingly,1
practical,1
quote,1
like,1
mil,1
re,1
yet,1
this,1
heresy,1
stable,1
bad,1
about,1
better,1
hear,1
practice,1
history,1
m,1
eater,1
v,1
mad,1
stomach,1
fill,1
simply,1
properly,1
eat,1
how,1
know,1
do,1
science,1
your,1
tincture,1
flavor,1
ago,1
except,1
key,1
york,1
operation,1
than,1
easily,1
follow,1
frederick,1
more,1
no,1
they,1
co,1
contain,1
incidentally,1
serious,1
flesh,1
earnest,1
intelligibly,1
volume,1
on,1
though,1
present,1
well,1
describe,1
first,1
publish,1
spirit,1
call,1
ten,1
new,1
algebra,1
which,1
generally,1
number,1
md,1
standard,1
quart,1
two,1
use,1
cloth,1
soup,1
hare,1
make,1
instance,1
for,1
able,1
t,1
page,1
early,1
some,1
pp,1
problem,1
london,1
part,1
difficult,1
most,1
stall,1
victim,1
their,1
leave,1
reference,1
