lemma,count
the,180
of,107
to,68
be,65
and,59
a,46
in,41
that,23
it,20
have,20
i,18
s,18
art,18
new,16
by,16
as,15
with,15
which,15
moscow,13
not,13
from,12
our,11
for,11
he,10
on,10
book,10
this,9
own,9
its,9
or,9
but,9
russian,9
us,9
at,8
player,8
upon,7
mr,7
do,7
who,7
one,7
very,6
now,6
what,6
artist,6
if,6
all,6
make,6
york,6
experiment,6
musical,6
they,5
come,5
company,5
an,5
their,5
bring,5
people,5
even,5
synthetic,5
more,5
into,5
america,5
something,4
these,4
only,4
other,4
will,4
studio,4
get,4
bizet,4
his,4
soviet,4
among,4
no,4
take,4
regard,4
before,4
opera,4
when,4
century,4
music,4
show,3
work,3
nineteenth,3
capital,3
learn,3
e,3
here,3
may,3
see,3
some,3
we,3
o,3
good,3
two,3
dramatic,3
n,3
yet,3
same,3
thing,3
present,3
most,3
use,3
like,3
red,3
american,3
action,3
call,3
play,3
way,3
theatrical,3
author,3
so,3
already,3
old,3
word,3
attempt,3
both,2
stock,2
dot,2
ru,2
furnish,2
sing,2
per,2
previous,2
begin,2
important,2
since,2
repertory,2
country,2
note,2
whole,2
less,2
long,2
account,2
l,2
right,2
setting,2
part,2
any,2
after,2
person,2
count,2
ian,2
fact,2
h,2
transform,2
method,2
however,2
score,2
progress,2
first,2
submit,2
ch,2
result,2
nor,2
though,2
th,2
considerable,2
great,2
ground,2
far,2
reinhardt,2
find,2
toward,2
visitor,2
unequaled,2
vitality,2
undertake,2
also,2
say,2
exception,2
position,2
lack,2
give,2
those,2
c,2
write,2
grand,2
out,2
hand,2
brand,2
know,2
u,2
world,2
city,2
carmencita,2
advocate,2
t,2
name,2
stanislavsky,2
history,2
always,2
last,2
review,2
include,2
original,2
soldier,2
again,2
authority,2
german,2
eye,2
just,2
season,2
quote,2
another,2
europe,2
him,2
full,2
hold,2
thorough,2
them,2
where,2
isaac,2
follow,2
business,2
end,2
than,2
oliver,2
can,2
m,2
costume,2
back,2
plate,2
devout,1
instruction,1
chapter,1
temple,1
goal,1
term,1
admirable,1
arrive,1
learning,1
sacrilegious,1
win,1
apply,1
adapt,1
somewhat,1
unity,1
grecian,1
spite,1
subject,1
express,1
stream,1
philosophy,1
correlate,1
next,1
marry,1
thunder,1
athenian,1
step,1
defy,1
life,1
steal,1
choose,1
readable,1
you,1
rash,1
tn,1
undertaking,1
much,1
sonorous,1
neglect,1
adequate,1
lucid,1
actual,1
newspaper,1
article,1
speech,1
especial,1
intrusion,1
each,1
achieve,1
never,1
province,1
combination,1
vat,1
reek,1
direction,1
performance,1
field,1
reporter,1
survey,1
slag,1
appraiser,1
without,1
combine,1
ta,1
ambition,1
report,1
accomplishment,1
desire,1
modestly,1
fault,1
la,1
operetta,1
insight,1
father,1
range,1
language,1
second,1
chief,1
madame,1
daughter,1
bank,1
once,1
enough,1
axe,1
adjust,1
direct,1
eon,1
construction,1
belong,1
partly,1
well,1
r,1
surgical,1
ed,1
lay,1
propaganda,1
rearrange,1
four,1
political,1
se,1
hog,1
hero,1
tyrant,1
nothing,1
capture,1
cr,1
individual,1
lacs,1
anything,1
prove,1
al,1
would,1
aspiration,1
least,1
altitude,1
dizzy,1
broker,1
prince,1
kingly,1
fit,1
modest,1
text,1
revert,1
boris,1
implication,1
pain,1
actor,1
public,1
riot,1
hard,1
oct,1
sob,1
cherry,1
jeer,1
ion,1
organ,1
young,1
vital,1
during,1
defend,1
structure,1
cornerstone,1
proscription,1
therefore,1
oligarchy,1
proletarian,1
caesar,1
sub,1
independent,1
godunov,1
triumphant,1
v,1
five,1
is,1
invader,1
balk,1
offense,1
happen,1
aboard,1
argue,1
politic,1
tyler,1
chorus,1
fortify,1
greek,1
innovator,1
clam,1
trust,1
librettist,1
fol,1
apostle,1
poet,1
three,1
rupiah,1
modern,1
destruction,1
czar,1
censor,1
mutilate,1
ma,1
soon,1
demerit,1
minister,1
facto,1
six,1
tore,1
hundred,1
audacity,1
hint,1
short,1
ca,1
about,1
islanding,1
wrong,1
de,1
disregard,1
merit,1
letter,1
divine,1
ra,1
education,1
fr,1
rd,1
op,1
fraud,1
official,1
appoint,1
idea,1
agent,1
tile,1
woman,1
mo,1
man,1
volume,1
lt,1
development,1
muscovite,1
material,1
go,1
ease,1
point,1
too,1
morris,1
halo,1
beforehand,1
should,1
resolve,1
ll,1
ready,1
ali,1
doubt,1
director,1
phil,1
matador,1
guidance,1
under,1
nd,1
ally,1
tare,1
limit,1
cow,1
acquire,1
acting,1
rehearsal,1
detroit,1
ford,1
washington,1
boston,1
pittsburgh,1
chicago,1
sojourn,1
state,1
united,1
spend,1
plague,1
bishop,1
visitation,1
effect,1
indiana,1
native,1
proper,1
satisfaction,1
instance,1
matter,1
number,1
rachmaninoff,1
offenbach,1
through,1
extend,1
russia,1
yea,1
intelligence,1
acute,1
sympathetic,1
achievement,1
estimate,1
approve,1
admiration,1
justify,1
twelve,1
subsequently,1
explore,1
intrepidly,1
tremble,1
peril,1
midst,1
adventure,1
enthusiasm,1
speak,1
especially,1
tell,1
appear,1
exotic,1
brock,1
hi,1
white,1
black,1
color,1
illustration,1
inside,1
innovation,1
shadow,1
kremlin,1
lenin,1
writer,1
appraise,1
discovery,1
overnight,1
plan,1
dawes,1
era,1
magic,1
republic,1
furiously,1
berlin,1
glimpse,1
catch,1
year,1
still,1
prophet,1
conquer,1
constantin,1
lead,1
dispensation,1
symbol,1
saint,1
square,1
entomb,1
bourgeois,1
terror,1
live,1
pro,1
nonchalance,1
comedy,1
offering,1
notable,1
reprint,1
moment,1
inspection,1
allied,1
advance,1
record,1
date,1
down,1
benefit,1
impress,1
strong,1
leave,1
ago,1
ear,1
visit,1
whom,1
privileged,1
le,1
precisely,1
nevertheless,1
remain,1
serve,1
let,1
situation,1
everybody,1
tongue,1
cake,1
board,1
railway,1
command,1
lusty,1
version,1
case,1
st,1
lea,1
mummery,1
confirm,1
reviewer,1
because,1
lid,1
are,1
element,1
d,1
wm,1
conviction,1
carry,1
justified,1
admit,1
himself,1
claim,1
whether,1
ourselves,1
judge,1
possible,1
hereabout,1
interest,1
immediate,1
mother,1
up,1
face,1
audience,1
lie,1
trait,1
expression,1
literary,1
technique,1
maturity,1
courage,1
either,1
few,1
thus,1
explain,1
interpreter,1
cue,1
self,1
european,1
receptivity,1
max,1
particular,1
english,1
road,1
hunt,1
happy,1
stand,1
night,1
movie,1
value,1
crick,1
heart,1
industrial,1
urban,1
childlike,1
response,1
special,1
allow,1
omit,1
earth,1
nation,1
vanity,1
flattering,1
lee,1
phrase,1
sense,1
acknowledge,1
tension,1
existence,1
high,1
perhaps,1
tact,1
place,1
thrill,1
touch,1
reach,1
abroad,1
readily,1
instinct,1
fire,1
stoke,1
fair,1
