lemma,count
the,19
of,13
be,11
and,11
he,9
that,8
to,8
a,6
his,5
for,5
all,4
in,4
their,4
have,4
there,4
good,4
some,3
its,3
by,3
as,3
but,3
character,3
e,2
story,2
up,2
will,2
deny,2
no,2
them,2
make,2
they,2
out,2
typical,2
barrier,2
life,2
set,2
american,2
other,2
meredith,2
point,2
feel,2
people,2
western,2
know,2
what,1
tong,1
bowl,1
come,1
broken,1
evolve,1
find,1
grace,1
wholesome,1
girl,1
corner,1
family,1
she,1
seek,1
society,1
own,1
individual,1
daring,1
without,1
regard,1
rule,1
way,1
mr,1
how,1
finally,1
noe,1
therefore,1
ending,1
doubtless,1
sentimental,1
reader,1
fig,1
flinch,1
from,1
task,1
himself,1
portraiture,1
much,1
op,1
book,1
would,1
probability,1
also,1
with,1
shout,1
attempt,1
break,1
down,1
scene,1
tell,1
ingenuity,1
fortunately,1
resource,1
white,1
real,1
thing,1
may,1
turn,1
central,1
themselves,1
round,1
w,1
so,1
when,1
write,1
endeavor,1
depict,1
reaction,1
rebellion,1
pork,1
our,1
postwar,1
can,1
expect,1
duce,1
interest,1
bona,1
new,1
lad,1
west,1
nobody,1
among,1
live,1
author,1
who,1
middle,1
present,1
feature,1
day,1
any,1
than,1
nicholson,1
characteristic,1
phase,1
vital,1
cerium,1
happiness,1
shower,1
which,1
get,1
tangle,1
kill,1
off,1
undeserving,1
fortune,1
alt,1
on,1
those,1
whom,1
like,1
leave,1
stage,1
into,1
wind,1
tall,1
logical,1
hay,1
do,1
responsibility,1
refuse,1
allow,1
face,1
art,1
providence,1
lie,1
insist,1
upon,1
very,1
efficient,1
natured,1
delight,1
