lemma,count
of,68
the,65
and,55
a,54
be,40
it,28
to,25
in,25
that,22
you,21
or,18
have,16
not,14
for,14
with,12
s,12
by,11
but,11
as,9
which,9
de,8
all,8
he,8
book,8
o,8
l,7
they,7
short,7
do,7
on,7
this,7
e,6
may,6
these,6
r,6
about,6
alice,6
very,6
one,6
child,6
know,6
them,6
little,5
story,5
his,5
out,5
woman,5
down,5
your,5
suppose,5
no,5
author,4
y,4
th,4
too,4
at,4
who,4
artist,4
come,4
what,4
such,4
read,4
young,4
talk,4
only,4
more,4
man,4
then,4
common,4
parent,4
ghost,4
view,4
old,4
mother,3
also,3
quite,3
joseph,3
thing,3
n,3
set,3
see,3
boy,3
name,3
mr,3
into,3
than,3
if,3
must,3
would,3
though,3
t,3
so,3
allow,3
we,3
some,3
re,3
upon,3
good,3
long,3
people,3
let,2
speak,2
observe,2
an,2
happen,2
she,2
reviewer,2
ml,2
chit,2
father,2
literary,2
soho,2
house,2
call,2
basement,2
use,2
u,2
there,2
like,2
make,2
belong,2
opulent,2
render,2
wife,2
here,2
tho,2
light,2
never,2
any,2
course,2
two,2
our,2
nothing,2
manner,2
without,2
play,2
tell,2
lovely,2
large,2
mental,2
ha,2
spoil,2
proper,2
f,2
already,2
its,2
how,2
world,2
sister,2
thin,2
respectable,2
her,2
reconstruct,2
crotchet,2
take,2
feel,2
most,2
will,2
their,2
ever,2
live,2
co,2
mystery,2
tot,2
turn,2
us,2
love,2
own,2
much,2
jug,2
beer,2
event,2
novel,2
london,2
somehow,2
gun,1
work,1
abuse,1
liberty,1
deal,1
murder,1
ree,1
overpower,1
note,1
rather,1
quality,1
convincingness,1
ah,1
i,1
sot,1
painter,1
mixed,1
cheerful,1
necromancer,1
utterance,1
crowd,1
instance,1
genius,1
company,1
attitude,1
knack,1
ad,1
fine,1
method,1
ht,1
thee,1
lover,1
novelist,1
reduce,1
perhaps,1
best,1
plot,1
luck,1
point,1
ron,1
choose,1
broadly,1
those,1
reader,1
attention,1
claim,1
lu,1
narrow,1
ry,1
become,1
miraculous,1
lang,1
english,1
consequence,1
invite,1
dream,1
seem,1
miss,1
thereby,1
lot,1
end,1
command,1
three,1
safe,1
account,1
develop,1
lay,1
colloquial,1
picture,1
er,1
mis,1
para,1
permit,1
concrete,1
mean,1
term,1
g,1
genera,1
level,1
each,1
tn,1
mawr,1
al,1
degree,1
os,1
even,1
grandmother,1
especially,1
broad,1
think,1
oar,1
creature,1
intent,1
emerge,1
write,1
however,1
exist,1
sf,1
general,1
londoner,1
enough,1
tit,1
say,1
anything,1
previous,1
mention,1
m,1
difference,1
q,1
v,1
humor,1
foot,1
ara,1
smoke,1
convocation,1
adore,1
sound,1
silk,1
maternal,1
appearance,1
ion,1
juicy,1
flower,1
cigarette,1
lucy,1
designation,1
whose,1
both,1
li,1
nickname,1
accompany,1
au,1
rider,1
seam,1
me,1
lower,1
philosophy,1
humanity,1
theirs,1
ours,1
rate,1
thor,1
sweet,1
able,1
many,1
next,1
count,1
hem,1
ar,1
latterly,1
flesh,1
person,1
exact,1
holt,1
lr,1
new,1
follow,1
idea,1
fairly,1
spin,1
head,1
other,1
transform,1
sudden,1
yourself,1
another,1
print,1
photograph,1
cream,1
day,1
just,1
henry,1
alic,1
reflect,1
begin,1
dress,1
eminently,1
later,1
move,1
ch,1
doom,1
permanently,1
extensive,1
fact,1
nor,1
sober,1
neither,1
obviously,1
surest,1
carry,1
fog,1
six,1
screen,1
finally,1
reason,1
run,1
io,1
history,1
fascinating,1
perfectly,1
relation,1
circumstance,1
together,1
link,1
otherwise,1
dear,1
delightful,1
familiarly,1
vance,1
morgan,1
william,1
admirable,1
second,1
persona,1
off,1
bit,1
tangent,1
get,1
clear,1
ls,1
past,1
conjure,1
whimsy,1
smile,1
serious,1
mind,1
intrinsically,1
confidence,1
everybody,1
besides,1
wizard,1
further,1
faro,1
hobby,1
der,1
fall,1
yon,1
could,1
horror,1
en,1
now,1
lg,1
sort,1
aid,1
mere,1
scandalous,1
way,1
over,1
muller,1
suicide,1
louse,1
mad,1
occur,1
case,1
professionally,1
j,1
throw,1
creed,1
ce,1
toward,1
real,1
inimitable,1
generally,1
na,1
organ,1
wonderfully,1
yahoo,1
briefly,1
urn,1
unity,1
impartially,1
glad,1
whether,1
life,1
nd,1
bl,1
housekeeper,1
trade,1
break,1
ne,1
le,1
from,1
far,1
thackeray,1
pain,1
ma,1
mail,1
concerned,1
peggy,1
lead,1
ca,1
spectacle,1
floor,1
first,1
art,1
ceramic,1
example,1
girl,1
ly,1
window,1
dearly,1
ts,1
rn,1
bede,1
include,1
match,1
profile,1
try,1
horrid,1
model,1
parrot,1
provide,1
rest,1
family,1
seriously,1
less,1
moro,1
hover,1
obvious,1
