lemma,count
the,128
be,89
of,76
to,59
and,46
a,46
it,44
in,39
he,34
that,26
have,23
his,20
as,20
not,17
with,17
for,16
i,12
this,12
at,12
no,10
smith,10
there,10
they,10
do,10
from,10
which,9
by,9
great,9
when,9
young,9
them,8
s,8
mr,8
brigham,8
all,8
but,7
t,7
write,7
new,7
on,7
an,7
mormon,7
history,7
mormonism,7
its,6
or,6
one,6
state,6
up,6
time,6
century,5
fact,5
chapter,5
o,5
him,5
any,5
hut,5
after,5
first,5
if,5
life,4
w,4
l,4
story,4
present,4
only,4
though,4
werner,4
than,4
purpose,4
who,4
place,4
their,4
head,4
could,4
make,4
biography,4
tile,4
would,4
polygamy,4
get,4
within,3
united,3
too,3
begin,3
hi,3
half,3
r,3
under,3
day,3
f,3
persecution,3
take,3
except,3
nation,3
utah,3
every,3
good,3
say,3
tell,3
believe,3
why,3
nineteenth,3
well,3
however,3
concern,3
man,3
try,3
himself,3
hy,3
end,3
whole,3
interesting,3
so,3
yankee,3
volume,3
must,3
should,3
riot,3
will,3
same,3
th,2
lake,2
reflection,2
salt,2
what,2
alien,2
into,2
other,2
ty,2
use,2
before,2
go,2
expect,2
lie,2
prophet,2
never,2
until,2
down,2
space,2
nothing,2
h,2
ix,2
people,2
find,2
create,2
amount,2
till,2
popular,2
ag,2
question,2
world,2
extremely,2
interest,2
tate,2
er,2
lead,2
hook,2
need,2
practice,2
my,2
y,2
lay,2
u,2
enough,2
v,2
murder,2
change,2
can,2
quote,2
most,2
attempt,2
california,2
own,2
contemporary,2
joseph,2
year,2
revelation,2
dramatic,2
more,2
those,2
french,2
revolution,2
far,2
side,2
strong,2
carlyle,2
somewhat,2
book,2
e,2
creation,2
account,2
event,2
biographer,2
further,2
thirstily,2
welcome,2
stop,2
much,2
shriek,2
both,2
past,2
we,2
part,2
during,2
m,2
outside,2
sincerity,2
indeed,2
early,2
now,2
remarkable,2
banish,2
toleration,2
already,2
c,2
heat,2
deal,2
give,2
ha,2
away,2
doubt,2
long,2
yet,2
devote,2
country,2
little,2
trek,2
church,2
vainly,1
ward,1
persuade,1
indicate,1
determination,1
ill,1
mind,1
least,1
join,1
over,1
dutifully,1
beg,1
lip,1
theocracy,1
yield,1
ahead,1
through,1
spot,1
some,1
service,1
gaul,1
anywhere,1
dimly,1
where,1
name,1
sinai,1
exodus,1
entitle,1
et,1
objective,1
definite,1
egypt,1
land,1
describe,1
picturesquely,1
lynch,1
birth,1
noun,1
testing,1
source,1
pp,1
draw,1
pigment,1
picture,1
flight,1
illustrate,1
mb,1
live,1
surmise,1
leader,1
bear,1
valley,1
tilt,1
briefly,1
wild,1
tho,1
latter,1
white,1
build,1
mexico,1
belong,1
western,1
cent,1
west,1
wilderness,1
generation,1
christian,1
object,1
understand,1
include,1
kingdom,1
studious,1
erred,1
remark,1
way,1
off,1
throw,1
feel,1
beat,1
stick,1
handy,1
word,1
moral,1
system,1
current,1
rent,1
abhor,1
advertise,1
culminate,1
bad,1
polygamist,1
persecute,1
because,1
antipathetic,1
phase,1
overlook,1
key,1
excite,1
implacable,1
hatred,1
settle,1
american,1
strange,1
constitute,1
solidarity,1
inimical,1
merely,1
soon,1
outrage,1
then,1
ho,1
generally,1
wherever,1
upon,1
spring,1
multitude,1
spiritualist,1
doctrine,1
pr,1
theirs,1
creed,1
about,1
red,1
san,1
itself,1
accurate,1
while,1
geographical,1
picturesque,1
commander,1
eminent,1
such,1
dispatch,1
authority,1
enforce,1
out,1
carry,1
prevent,1
foresee,1
hat,1
br,1
republic,1
oligarchy,1
independent,1
existence,1
continue,1
render,1
ls,1
defeat,1
industrialism,1
modern,1
bu,1
la,1
border,1
johnston,1
prove,1
period,1
mos,1
able,1
fellow,1
beyond,1
successful,1
miscellaneous,1
large,1
sir,1
explain,1
ball,1
major,1
hold,1
even,1
fruitful,1
massacre,1
incident,1
mere,1
number,1
writer,1
ago,1
still,1
emphasis,1
main,1
annoyance,1
petty,1
instead,1
d,1
call,1
whether,1
everywhere,1
die,1
form,1
cease,1
read,1
date,1
pretty,1
fight,1
nowadays,1
sign,1
complete,1
claim,1
nut,1
open,1
preface,1
fiction,1
look,1
iris,1
ashamed,1
laurel,1
reading,1
mighty,1
begrudge,1
lively,1
sonic,1
am,1
investigation,1
become,1
bishop,1
many,1
oh,1
tr,1
per,1
affix,1
study,1
chat,1
general,1
nu,1
moot,1
ave,1
fairly,1
ed,1
des,1
sit,1
right,1
unite,1
elect,1
va,1
reed,1
notably,1
twain,1
mark,1
demand,1
learn,1
poverty,1
religion,1
endure,1
quite,1
vengeance,1
succeed,1
unmistakably,1
consideration,1
direction,1
happily,1
hewer,1
port,1
proportion,1
respect,1
france,1
due,1
slide,1
gradually,1
blood,1
happen,1
solely,1
slate,1
calling,1
stricken,1
boy,1
rime,1
st,1
conceal,1
pro,1
instance,1
du,1
me,1
devoted,1
thirteen,1
festoon,1
qt,1
light,1
appear,1
visually,1
hardly,1
bartholomew,1
cite,1
statement,1
really,1
mention,1
tendency,1
col,1
sue,1
extent,1
family,1
conception,1
exactly,1
tar,1
religious,1
mob,1
rive,1
injunction,1
flatly,1
rule,1
want,1
wet,1
co,1
es,1
produce,1
ion,1
willis,1
n,1
nature,1
hard,1
ar,1
cal,1
thompson,1
true,1
acquaint,1
occasionally,1
trouble,1
competitor,1
feather,1
uncle,1
woodcut,1
consider,1
doe,1
progenitor,1
ark,1
empty,1
remove,1
considering,1
blockhead,1
brother,1
beloved,1
clamor,1
york,1
harcourt,1
intense,1
hie,1
argue,1
incidentally,1
impression,1
injustice,1
te,1
brace,1
profitless,1
stale,1
shrewd,1
civil,1
presume,1
may,1
safe,1
fair,1
de,1
effort,1
attitude,1
saint,1
re,1
believer,1
apparently,1
detachment,1
ironic,1
cool,1
grant,1
very,1
disproportionate,1
error,1
truth,1
separate,1
pain,1
thing,1
deeply,1
abscess,1
sam,1
follow,1
evidence,1
god,1
certain,1
war,1
case,1
authenticate,1
suppose,1
apocryphal,1
these,1
gibe,1
know,1
gentile,1
conversation,1
neither,1
fraudulent,1
throughout,1
fraud,1
invent,1
keep,1
deceive,1
subject,1
faker,1
author,1
surprising,1
conclusive,1
en,1
