lemma,count
the,93
of,74
be,57
and,42
to,41
in,27
a,24
that,22
it,19
by,19
have,17
this,15
s,14
professor,10
on,10
volume,9
most,9
one,9
as,9
for,9
which,9
but,9
more,8
can,8
not,8
roman,8
its,7
they,7
these,7
only,7
may,6
too,6
with,6
ancient,6
no,6
or,5
interest,5
try,5
some,5
who,5
greek,5
culture,5
classical,5
i,5
our,5
tile,5
fault,5
greece,5
rome,5
good,5
know,4
work,4
do,4
two,4
into,4
than,4
could,4
language,4
great,4
life,4
series,4
old,4
classic,4
those,3
latin,3
other,3
precisely,3
such,3
legacy,3
get,3
perhaps,3
all,3
much,3
them,3
us,3
effort,3
when,3
from,3
feel,3
far,3
picture,3
both,3
history,3
sappho,3
robinson,3
like,3
make,3
influence,3
d,3
less,3
problem,3
an,3
brook,3
if,3
about,2
find,2
enough,2
useful,2
few,2
stoicism,2
treatment,2
also,2
particular,2
out,2
mythology,2
unhappily,2
their,2
soul,2
promising,2
perform,2
because,2
yet,2
architecture,2
come,2
stuff,2
half,2
private,2
academic,2
taylor,2
fact,2
edification,2
song,2
debt,2
law,2
t,2
essay,2
lead,2
escape,2
otherwise,2
say,2
story,2
point,2
ph,2
cultural,2
due,2
david,2
we,2
platonism,2
re,2
reader,2
alfred,2
foundation,2
example,2
edward,2
way,2
realize,2
time,2
she,2
dozen,2
after,2
country,2
knowledge,2
at,2
ourselves,2
even,2
field,2
little,2
apt,2
fiction,2
poet,2
standard,2
bad,2
recover,2
demand,2
product,2
thousand,2
n,2
american,2
word,2
human,2
method,2
six,2
former,2
intelligible,2
recent,2
between,2
detail,2
long,2
turn,2
subject,2
so,2
already,2
somewhat,1
reviewer,1
y,1
short,1
sea,1
compose,1
brevity,1
force,1
sole,1
mean,1
god,1
instead,1
poseidon,1
whom,1
possession,1
take,1
news,1
salutary,1
rekindle,1
gulf,1
presume,1
companion,1
english,1
power,1
hut,1
jump,1
broad,1
peculiar,1
popularizer,1
stand,1
rom,1
excerpt,1
worship,1
he,1
revaluation,1
hull,1
same,1
direction,1
consider,1
legend,1
tradition,1
mr,1
fail,1
priest,1
king,1
memory,1
traditional,1
earthquake,1
cretan,1
antiquity,1
bradley,1
forth,1
l,1
live,1
concession,1
placate,1
let,1
structure,1
barbarian,1
material,1
fine,1
bring,1
arthur,1
apostle,1
act,1
quarry,1
imitator,1
rate,1
any,1
grammar,1
though,1
quo,1
white,1
perspective,1
here,1
rhythm,1
arrhythmic,1
au,1
then,1
catullus,1
think,1
respect,1
admit,1
profitable,1
wall,1
observe,1
course,1
infinite,1
tune,1
woman,1
argue,1
him,1
character,1
rehabilitate,1
zeal,1
carry,1
writer,1
v,1
would,1
general,1
ex,1
consequently,1
theme,1
precedent,1
mane,1
derive,1
administration,1
empire,1
concept,1
topic,1
attain,1
century,1
ten,1
summary,1
transmission,1
doubtless,1
effective,1
seem,1
whole,1
unnecessary,1
nearer,1
end,1
passion,1
today,1
man,1
rea,1
arduous,1
second,1
continuity,1
bootleg,1
wine,1
water,1
remark,1
gap,1
pervasive,1
ts,1
rare,1
humor,1
inform,1
readable,1
br,1
compression,1
well,1
pretty,1
matter,1
help,1
need,1
show,1
peril,1
hand,1
chance,1
judge,1
lengthy,1
familiar,1
comprehension,1
suit,1
recondite,1
figure,1
drop,1
is,1
twice,1
once,1
cut,1
unfortunately,1
easy,1
thing,1
potency,1
highly,1
praiseworthy,1
theory,1
es,1
own,1
affect,1
phase,1
treat,1
each,1
announce,1
title,1
fifty,1
publication,1
very,1
underwrite,1
lover,1
group,1
distinguished,1
numerous,1
without,1
interested,1
america,1
flavor,1
preserve,1
seek,1
survival,1
revive,1
humanist,1
elmer,1
company,1
jone,1
marshall,1
boston,1
walton,1
mansfield,1
manufacturing,1
harrison,1
ellen,1
jane,1
rm,1
m,1
moore,1
george,1
edit,1
resemble,1
bootlegger,1
still,1
infusion,1
adulterant,1
loathsome,1
rid,1
process,1
classicist,1
modern,1
potable,1
non,1
least,1
case,1
taste,1
denature,1
sell,1
kick,1
quality,1
renowned,1
anything,1
there,1
popularize,1
average,1
comprehensible,1
gent,1
effect,1
her,1
go,1
praise,1
enthusiastic,1
thirty,1
pack,1
author,1
overzealous,1
plainly,1
arise,1
small,1
public,1
deal,1
add,1
will,1
doubt,1
complain,1
task,1
subsequent,1
hard,1
see,1
sound,1
hardly,1
vocabulary,1
technical,1
familiarity,1
philosophy,1
considerable,1
presuppose,1
informative,1
race,1
forest,1
intellectual,1
himself,1
suffer,1
scot,1
learn,1
difficulty,1
reveal,1
tree,1
ungrateful,1
rest,1
tell,1
expose,1
parallel,1
edify,1
straining,1
fall,1
stretch,1
tendency,1
objection,1
grave,1
attractive,1
holy,1
immediately,1
approach,1
bed,1
immovably,1
nearly,1
perfectly,1
what,1
uneducated,1
exegete,1
scripture,1
people,1
publish,1
sure,1
write,1
suspecting,1
absent,1
pleasantly,1
ago,1
year,1
three,1
augustus,1
interpret,1
book,1
herbert,1
extent,1
vitiate,1
church,1
christ,1
love,1
mutual,1
villa,1
