lemma,count
the,60
to,35
of,33
a,29
be,27
and,26
in,18
it,18
t,17
r,17
l,15
have,15
i,14
n,14
that,12
f,11
story,10
he,9
this,9
so,8
other,7
which,7
not,7
s,7
all,7
they,7
but,6
for,6
at,6
one,6
do,6
an,6
c,6
h,5
first,5
her,5
give,4
u,4
on,4
w,4
could,4
with,4
v,4
g,4
there,4
tat,4
who,4
upon,4
tea,4
than,3
last,3
pass,3
from,3
fur,3
nut,3
his,3
time,3
p,3
fit,3
th,3
out,3
tale,3
find,3
very,3
its,3
by,3
about,3
br,3
d,3
en,2
y,2
handling,2
re,2
above,2
justice,2
vision,2
ry,2
then,2
good,2
int,2
rant,2
late,2
hurl,2
german,2
worth,2
anti,2
way,2
bring,2
can,2
many,2
reach,2
short,2
boot,2
among,2
high,2
like,2
mere,2
england,2
dead,2
happen,2
tell,2
man,2
tn,2
two,2
comparison,2
unavoidable,2
level,2
stand,2
see,2
aw,2
part,2
make,2
nation,2
tire,2
great,2
no,2
ar,2
if,2
come,2
save,2
war,2
b,2
ax,2
immensity,1
sure,1
clearness,1
combine,1
insight,1
element,1
spiritual,1
strong,1
fire,1
heavenly,1
place,1
adventure,1
author,1
use,1
exquisitely,1
tryst,1
interesting,1
three,1
set,1
standard,1
near,1
truth,1
anywhere,1
as,1
exception,1
possible,1
background,1
every,1
steel,1
rid,1
human,1
plain,1
island,1
wonderful,1
him,1
lat,1
hat,1
inc,1
manner,1
guard,1
sate,1
ship,1
passenger,1
down,1
scent,1
gun,1
where,1
remain,1
want,1
help,1
fir,1
difficult,1
safeguard,1
when,1
comfort,1
john,1
realize,1
invisible,1
colony,1
link,1
themselves,1
any,1
excellent,1
few,1
cleverly,1
bit,1
dirt,1
feeling,1
construct,1
avoid,1
endeavor,1
thing,1
beat,1
lie,1
rarely,1
may,1
hop,1
hart,1
apathy,1
hut,1
viciousness,1
fiction,1
able,1
commit,1
alone,1
reread,1
reading,1
new,1
reputation,1
suffice,1
would,1
teuton,1
throughout,1
soft,1
keen,1
here,1
four,1
average,1
far,1
due,1
she,1
presently,1
until,1
compare,1
effect,1
writer,1
boon,1
store,1
we,1
craftsman,1
tact,1
touch,1
show,1
lute,1
these,1
character,1
brawn,1
opening,1
paralyze,1
sin,1
seem,1
balance,1
compensating,1
sonic,1
establish,1
break,1
unless,1
inevitable,1
try,1
believe,1
lap,1
must,1
wrong,1
love,1
woman,1
recall,1
beyond,1
life,1
ram,1
skin,1
tag,1
se,1
tool,1
nary,1
tl,1
inn,1
never,1
bar,1
thai,1
art,1
pl,1
take,1
turn,1
vessel,1
ni,1
tint,1
gory,1
ii,1
milt,1
reader,1
prove,1
front,1
ratter,1
fr,1
house,1
gin,1
enter,1
their,1
rank,1
task,1
up,1
rt,1
lu,1
tom,1
free,1
er,1
how,1
lust,1
bend,1
theirs,1
lead,1
leave,1
thus,1
table,1
or,1
pr,1
sit,1
actor,1
sh,1
lord,1
ava,1
rag,1
liner,1
sail,1
laded,1
rial,1
relate,1
hap,1
shit,1
learn,1
hurt,1
au,1
grill,1
flag,1
mislay,1
dishonor,1
greet,1
fleet,1
earthly,1
orchard,1
ext,1
road,1
horror,1
gag,1
beautiful,1
should,1
fer,1
ah,1
himself,1
rf,1
quit,1
titan,1
utmost,1
tree,1
rise,1
lin,1
attack,1
sue,1
j,1
vast,1
oho,1
also,1
subj,1
kith,1
erl,1
small,1
notable,1
title,1
familiar,1
fine,1
theme,1
alike,1
pursue,1
original,1
iris,1
m,1
ff,1
rican,1
below,1
fat,1
fin,1
talc,1
quality,1
flume,1
sc,1
tit,1
nun,1
tutu,1
tear,1
arc,1
tin,1
ir,1
true,1
eye,1
rs,1
dear,1
faith,1
hi,1
father,1
guilty,1
plot,1
munition,1
pant,1
amiable,1
fri,1
dom,1
ac,1
think,1
