lemma,count
the,209
of,134
and,92
be,71
in,56
to,54
a,46
by,34
have,34
s,25
for,22
as,20
which,20
it,19
its,19
that,19
with,15
he,14
l,13
from,13
venice,12
no,12
at,12
not,11
or,11
tile,10
this,10
on,9
an,9
but,8
they,8
find,8
do,8
so,8
these,8
italy,8
other,8
where,8
who,8
all,7
about,7
author,7
we,7
may,7
history,7
into,7
read,7
point,7
will,6
r,6
italian,6
well,6
new,6
o,6
student,5
yet,5
book,5
there,5
good,5
if,5
write,5
say,5
see,5
i,5
pp,5
york,5
c,5
before,5
city,5
background,4
take,4
one,4
development,4
el,4
me,4
artistic,4
san,4
such,4
those,4
t,4
page,4
many,4
b,4
lie,4
de,4
tourist,4
most,4
modern,4
volume,4
more,4
expression,4
them,4
his,4
historical,4
among,4
state,4
view,4
their,4
venetian,4
mark,3
e,3
life,3
seem,3
than,3
certain,3
th,3
both,3
some,3
short,3
much,3
elusive,3
must,3
thing,3
always,3
cult,3
only,3
century,3
then,3
ancient,3
guidebook,3
same,3
upon,3
time,3
picture,3
original,3
material,3
what,3
old,3
prejudiced,3
thayer,3
whether,3
present,3
reader,3
borgia,3
impression,3
thoma,3
traveler,3
least,3
while,3
place,3
evidently,2
reconstruct,2
diligence,2
go,2
land,2
church,2
worthy,2
extract,2
final,2
our,2
seat,2
hot,2
d,2
ever,2
picturesque,2
prodigality,2
curious,2
characteristic,2
although,2
intelligent,2
form,2
fitting,2
show,2
would,2
excellent,2
writing,2
tho,2
writer,2
once,2
fascinating,2
ill,2
exert,2
follow,2
prejudice,2
town,2
look,2
prove,2
re,2
quite,2
giovanni,2
fact,2
combine,2
day,2
stock,2
little,2
careful,2
even,2
work,2
emphasis,2
language,2
native,2
absorb,2
pen,2
text,2
very,2
brief,2
la,2
decline,2
political,2
romania,2
describe,2
soon,2
kind,2
respect,2
rational,2
admirable,2
cloth,2
top,2
narrative,2
however,2
episode,2
net,2
mr,2
william,2
story,2
remain,2
ella,2
chronicle,2
anecdote,2
style,2
morgan,2
method,2
friar,2
reveal,2
oligarchy,2
allow,2
word,2
should,2
peruse,2
like,2
object,2
baroque,2
painter,2
apply,2
approach,2
observe,2
probably,2
any,2
serious,2
country,2
economy,2
culture,2
call,2
attention,2
chapter,2
elation,2
rex,2
subject,2
own,2
strong,2
character,2
pertain,2
co,2
her,2
hal,2
next,2
tilling,2
hitherto,2
convert,2
wharton,2
edward,2
give,2
symon,2
letter,1
acquaint,1
moreover,1
sufficient,1
sheen,1
adequate,1
essay,1
art,1
essential,1
acquire,1
accord,1
ha,1
extremely,1
interesting,1
english,1
plastic,1
element,1
prolonged,1
side,1
hewlett,1
name,1
already,1
familiar,1
institution,1
unequaled,1
cautious,1
coherence,1
terminology,1
under,1
pro,1
portion,1
society,1
strange,1
introduction,1
study,1
handbook,1
age,1
conspicuous,1
hazlitt,1
similar,1
power,1
refinement,1
w,1
disproportionate,1
influence,1
united,1
mental,1
treasure,1
past,1
industrial,1
enterprise,1
ignore,1
paradox,1
middle,1
doubtlessly,1
tee,1
incongruity,1
contradiction,1
also,1
hyper,1
mention,1
bole,1
commentator,1
thereon,1
two,1
observation,1
sketch,1
critical,1
result,1
easy,1
remember,1
data,1
datum,1
discernment,1
resort,1
monograph,1
remote,1
pronounce,1
devote,1
savonarola,1
when,1
curia,1
unfrequented,1
roundly,1
diplomatically,1
ad,1
violent,1
talent,1
remove,1
z,1
file,1
category,1
belong,1
independent,1
academic,1
school,1
claim,1
stand,1
toil,1
isolated,1
moral,1
touch,1
arthur,1
attitude,1
elude,1
is,1
broad,1
puritanical,1
subterfuge,1
american,1
investigator,1
historians,1
differ,1
person,1
yearning,1
distort,1
actual,1
relation,1
between,1
proportion,1
vatican,1
wall,1
surprising,1
numerous,1
key,1
horatio,1
brown,1
casual,1
incontrovertible,1
color,1
stab,1
ix,1
ca,1
court,1
die,1
dagger,1
hag,1
grimly,1
correctly,1
roman,1
heir,1
make,1
use,1
contemporaneous,1
research,1
try,1
home,1
process,1
effort,1
betray,1
indebtedness,1
scribe,1
fifteenth,1
either,1
context,1
demand,1
last,1
bigoted,1
sent,1
pseudo,1
characterize,1
partisanship,1
deserve,1
blacken,1
keep,1
black,1
immemorial,1
om,1
fr,1
patience,1
detailed,1
account,1
building,1
street,1
field,1
ire,1
care,1
somewhat,1
eye,1
spiritless,1
smother,1
m,1
merit,1
rebuke,1
guido,1
tim,1
spice,1
historian,1
post,1
being,1
people,1
physic,1
ll,1
ms,1
relate,1
conversation,1
throw,1
contrast,1
pictorial,1
part,1
consist,1
entertaining,1
companion,1
fireside,1
intimately,1
unadorned,1
direct,1
liking,1
distinct,1
himself,1
natural,1
genuine,1
interest,1
benefit,1
cunningly,1
sublime,1
delineation,1
ode,1
purely,1
st,1
epic,1
woman,1
inspire,1
inoffensively,1
atmospheric,1
manner,1
reprove,1
carefully,1
aron,1
house,1
isabella,1
rail,1
university,1
bologna,1
twice,1
distance,1
few,1
stop,1
poet,1
patronize,1
scene,1
byron,1
painting,1
maria,1
domenico,1
preserve,1
gallery,1
siena,1
mile,1
nine,1
bare,1
period,1
frontier,1
papal,1
abide,1
ariosto,1
marital,1
unbiased,1
golden,1
sixteenth,1
io,1
magnificence,1
consistently,1
subside,1
isolation,1
contingent,1
inhabitant,1
shrink,1
proud,1
humiliate,1
reason,1
personal,1
nowadays,1
den,1
maintain,1
sod,1
love,1
tease,1
eleanora,1
reputation,1
cf,1
contempt,1
contemporary,1
partisan,1
improvement,1
julia,1
cartwright,1
beatrice,1
illustrate,1
note,1
constant,1
blast,1
itself,1
against,1
fate,1
designate,1
unimportant,1
specious,1
attempt,1
eternal,1
inspiring,1
legendary,1
summer,1
h,1
river,1
plain,1
malign,1
rehabilitation,1
worthily,1
attached,1
candid,1
warn,1
sightseer,1
rosen,1
mechanical,1
product,1
ara,1
ly,1
property,1
hy,1
mo,1
thin,1
foreground,1
lat,1
yr,1
lew,1
p,1
katherine,1
outlook,1
dawdler,1
dreamer,1
son,1
tradition,1
forethought,1
enjoy,1
question,1
cool,1
revelation,1
smash,1
waterfall,1
edith,1
charles,1
image,1
pl,1
decor,1
uteri,1
mysterious,1
trodden,1
byway,1
illustration,1
manipulate,1
value,1
wok,1
memory,1
x,1
staple,1
threshold,1
except,1
terr,1
vi,1
ado,1
al,1
n,1
footnote,1
sign,1
almost,1
every,1
less,1
none,1
pale,1
my,1
mrs,1
via,1
preach,1
saint,1
personality,1
penetrate,1
vague,1
allusion,1
impertinent,1
mountain,1
dilettante,1
aside,1
gift,1
literary,1
heightening,1
emotion,1
attend,1
unexpected,1
subjective,1
dramatic,1
flue,1
drop,1
sentence,1
sojourn,1
upper,1
swiss,1
valley,1
pass,1
region,1
obviously,1
assure,1
contrive,1
tiff,1
penetration,1
po,1
facile,1
sophisticated,1
landscape,1
abash,1
face,1
amount,1
descent,1
preparation,1
surely,1
passage,1
opening,1
example,1
proclaim,1
suggestion,1
mind,1
therein,1
extent,1
aesthetic,1
appreciate,1
chief,1
pleasure,1
travel,1
able,1
can,1
glee,1
nature,1
mold,1
passion,1
break,1
ruskin,1
south,1
uninitiated,1
toe,1
steeple,1
turn,1
vine,1
bondage,1
accept,1
fling,1
libel,1
embrace,1
obstacle,1
mulberry,1
varied,1
thereto,1
motor,1
because,1
man,1
immortality,1
ia,1
suggestive,1
transition,1
movement,1
diminish,1
range,1
experience,1
limited,1
endure,1
shrunken,1
myth,1
gothic,1
idle,1
dusty,1
mystic,1
untrustworthy,1
intrinsic,1
prof,1
include,1
each,1
truth,1
ne,1
expect,1
anything,1
unsuspected,1
roscoe,1
beginning,1
amphibious,1
community,1
owe,1
incipient,1
bit,1
origin,1
attila,1
anti,1
climax,1
bring,1
ray,1
devour,1
shadow,1
space,1
information,1
press,1
intimate,1
near,1
vanishing,1
title,1
determine,1
free,1
surface,1
line,1
intend,1
snow,1
sweep,1
road,1
sun,1
baked,1
fall,1
commodity,1
inevitable,1
france,1
belief,1
fellow,1
et,1
concern,1
internal,1
miniature,1
empire,1
lagoon,1
sure,1
figure,1
equivalent,1
bibliography,1
significant,1
whose,1
monumental,1
common,1
indispensable,1
erudition,1
respectful,1
examine,1
dignity,1
austria,1
clearly,1
intelligently,1
outline,1
proper,1
lay,1
vie,1
circumstance,1
di,1
regard,1
important,1
international,1
polity,1
activity,1
ten,1
thought,1
discern,1
delicate,1
secret,1
accompany,1
evangelist,1
tower,1
finally,1
hard,1
formulate,1
priestess,1
phrase,1
need,1
milan,1
redound,1
derision,1
speaker,1
glory,1
sadly,1
never,1
hear,1
ase,1
assumption,1
sculpture,1
forget,1
gentle,1
photograph,1
carelessly,1
attribute,1
late,1
earlier,1
date,1
come,1
undulating,1
mailer,1
display,1
first,1
sight,1
lack,1
engaging,1
through,1
gain,1
far,1
lombardy,1
cordially,1
science,1
iconoclasm,1
translate,1
peninsula,1
promote,1
learn,1
socialism,1
industry,1
profession,1
snaring,1
entirely,1
monument,1
how,1
humbug,1
filippo,1
dear,1
hide,1
illuminate,1
stealthy,1
agree,1
surfeit,1
sneer,1
possible,1
condensation,1
verbal,1
instruct,1
superfluity,1
imply,1
reach,1
triviality,1
procurable,1
vain,1
renaissance,1
languid,1
beauty,1
diction,1
rhetorical,1
walter,1
