lemma,count
the,38
of,32
and,20
a,16
be,14
in,10
tile,10
t,9
to,9
body,8
as,6
l,6
or,5
soul,5
for,5
that,5
by,5
between,4
healing,4
he,4
it,4
e,4
d,4
spirit,4
this,4
from,4
through,3
ill,3
religious,3
p,3
have,3
s,3
follow,3
th,3
o,3
new,3
will,3
upon,3
n,3
health,3
we,2
mr,2
study,2
must,2
h,2
content,2
inward,2
power,2
religion,2
influence,2
which,2
his,2
these,2
style,2
al,2
with,2
an,2
es,2
bring,2
general,2
point,2
may,2
all,2
testament,2
ix,2
relation,2
author,2
christian,2
man,2
sick,1
bear,1
strengthen,1
f,1
sketch,1
incorporation,1
duly,1
receive,1
them,1
strange,1
balance,1
when,1
furthermore,1
extract,1
indicate,1
main,1
contention,1
partly,1
force,1
result,1
powerful,1
good,1
therefore,1
can,1
valuable,1
effect,1
maintenance,1
vitality,1
call,1
g,1
extent,1
laugh,1
leave,1
anoint,1
root,1
god,1
few,1
rea,1
care,1
much,1
wish,1
see,1
rester,1
lion,1
rite,1
oil,1
future,1
means,1
rather,1
than,1
preparation,1
death,1
other,1
book,1
those,1
who,1
ire,1
movement,1
spread,1
deep,1
spring,1
triumphant,1
decide,1
such,1
fun,1
let,1
sentence,1
stand,1
uncorrected,1
not,1
shock,1
iring,1
brother,1
st,1
franc,1
would,1
lev,1
midst,1
their,1
service,1
sheer,1
joy,1
life,1
so,1
how,1
miracle,1
element,1
x,1
po,1
church,1
england,1
high,1
ch,1
secondly,1
lie,1
believe,1
thai,1
over,1
rot,1
physical,1
very,1
se,1
material,1
i,1
true,1
ont,1
sac,1
thus,1
no,1
spiritual,1
clergyman,1
evidently,1
view,1
distinct,1
relationship,1
carefully,1
percy,1
volume,1
rev,1
drown,1
regard,1
both,1
merit,1
attention,1
write,1
admirable,1
clear,1
sometimes,1
humorous,1
always,1
interesting,1
note,1
first,1
place,1
cure,1
nor,1
divorce,1
discussion,1
consideration,1
underlie,1
discuss,1
at,1
con,1
end,1
nervous,1
system,1
q,1
produce,1
do,1
mind,1
then,1
treat,1
de,1
present,1
day,1
b,1
york,1
co,1
mental,1
what,1
fl,1
law,1
om,1
mon,1
thirdly,1
tn,1
there,1
bo,1
lid,1
act,1
rim,1
ii,1
limit,1
io,1
lo,1
lg,1
li,1
functional,1
dud,1
disease,1
prefer,1
find,1
calmer,1
