lemma,count
the,69
of,39
and,27
be,25
a,23
to,17
in,14
that,10
vera,9
one,8
for,7
have,7
but,6
by,6
an,6
his,5
make,5
brother,5
there,5
tho,5
s,5
cedric,5
so,4
ralph,4
it,4
as,4
them,4
marion,4
all,4
mole,4
strong,4
life,3
novel,3
than,3
which,3
two,3
story,3
its,3
lord,3
can,3
son,3
after,3
t,3
character,3
find,3
not,3
rather,3
she,3
o,3
with,3
heart,3
her,3
well,3
woman,2
end,2
should,2
toss,2
heir,2
only,2
whose,2
father,2
travel,2
start,2
from,2
magazine,2
write,2
will,2
presumably,2
sort,2
boy,2
where,2
once,2
many,2
appealing,2
these,2
figure,2
though,2
strength,2
cripple,2
him,2
sacrifice,2
who,2
even,2
estate,2
up,2
devotion,2
must,2
tor,2
impression,2
place,2
both,2
author,2
unusual,2
quality,2
this,2
good,2
fiction,2
see,2
if,2
test,2
feel,2
love,1
girl,1
more,1
imply,1
work,1
same,1
thing,1
ultimate,1
hi,1
concern,1
news,1
drowning,1
nursing,1
baby,1
while,1
wrong,1
poor,1
little,1
victim,1
consolation,1
new,1
bear,1
hand,1
draw,1
brood,1
selfishness,1
revelation,1
freshness,1
unselfish,1
maternal,1
young,1
vigor,1
manner,1
sake,1
selfish,1
marriage,1
parent,1
touch,1
go,1
off,1
together,1
leaving,1
theme,1
d,1
cementing,1
patch,1
some,1
happiness,1
out,1
mutual,1
devoted,1
understanding,1
knowledge,1
close,1
they,1
certain,1
intend,1
breezy,1
environment,1
action,1
award,1
second,1
competition,1
certainly,1
commend,1
depression,1
exhilaration,1
effect,1
possess,1
romance,1
co,1
publisher,1
house,1
garden,1
buy,1
win,1
greatly,1
enlarge,1
mr,1
gardner,1
too,1
editor,1
op,1
g,1
p,1
tn,1
atmosphere,1
proper,1
open,1
create,1
hear,1
lead,1
sketch,1
scholar,1
bruin,1
wan,1
shadow,1
lady,1
car,1
conventional,1
none,1
less,1
pleasing,1
patient,1
limn,1
blood,1
writing,1
passage,1
unlike,1
page,1
popular,1
appear,1
mere,1
purpose,1
rhetorical,1
display,1
serve,1
briefly,1
powerful,1
chapter,1
himself,1
say,1
hip,1
observer,1
arrange,1
future,1
alert,1
record,1
graphic,1
embody,1
former,1
mind,1
few,1
secret,1
legal,1
right,1
active,1
unsuspected,1
thought,1
intelligent,1
reflect,1
pathetic,1
mischance,1
pas,1
craftsman,1
expert,1
early,1
facility,1
thus,1
coin,1
determine,1
tragedy,1
subjecting,1
other,1
admit,1
produce,1
exceptionally,1
fine,1
se,1
almost,1
emotion,1
get,1
impress,1
inevitable,1
attitude,1
matter,1
toward,1
dissolve,1
people,1
de,1
bring,1
complication,1
result,1
when,1
twin,1
mixed,1
la,1
buttercup,1
sense,1
situation,1
weakness,1
seem,1
vocabulary,1
no,1
interesting,1
aside,1
book,1
lay,1
outside,1
name,1
jove,1
impossible,1
possible,1
do,1
ghost,1
smoke,1
reason,1
why,1
hideous,1
imagination,1
marry,1
misunderstand,1
over,1
ct,1
abide,1
apparently,1
intrusion,1
between,1
sporting,1
cigarette,1
come,1
period,1
relationship,1
develop,1
bind,1
front,1
beginning,1
dual,1
egoism,1
indeed,1
interrupt,1
handling,1
prize,1
r,1
nature,1
any,1
fault,1
invalid,1
eventually,1
force,1
put,1
separate,1
school,1
dissatisfaction,1
meet,1
feeling,1
unaffected,1
thu,1
f,1
