lemma,count
the,26
of,24
and,17
in,11
be,11
to,10
have,9
preach,7
work,4
history,4
a,4
it,4
preaching,4
or,4
great,3
there,3
with,3
as,3
art,3
however,2
write,2
much,2
at,2
on,2
place,2
profoundly,2
influence,2
science,2
where,2
dr,2
source,2
something,2
progress,2
many,2
during,2
tile,2
often,2
mutual,2
other,2
ad,2
he,2
by,2
study,2
that,2
throughout,1
text,1
moral,1
for,1
footnote,1
express,1
wholesomely,1
indicate,1
dart,1
view,1
most,1
custom,1
explain,1
authority,1
consult,1
historical,1
lie,1
passage,1
outline,1
an,1
close,1
introduction,1
origin,1
speak,1
need,1
historic,1
arid,1
culture,1
mankind,1
education,1
cordial,1
recognition,1
lu,1
sphere,1
literature,1
hearty,1
reciprocal,1
service,1
no,1
regard,1
open,1
minded,1
observer,1
can,1
fail,1
recognize,1
intimate,1
relation,1
full,1
important,1
ha,1
doubt,1
contribute,1
way,1
connection,1
human,1
simply,1
real,1
extensive,1
beyond,1
music,1
profound,1
painting,1
sculpture,1
architecture,1
even,1
industrial,1
owe,1
them,1
philosophy,1
obtain,1
chiefly,1
i,1
result,1
judgment,1
form,1
eleven,1
year,1
professor,1
homiletic,1
southern,1
baptist,1
theological,1
seminary,1
louisville,1
ky,1
delay,1
book,1
necessary,1
change,1
plan,1
pursue,1
reformer,1
require,1
father,1
first,1
volume,1
prof,1
edwin,1
s,1
crown,1
pp,1
index,1
new,1
york,1
ac,1
armstrong,1
son,1
deal,1
period,1
from,1
apostolic,1
finally,1
complete,1
six,1
month,1
original,1
more,1
mingle,1
sort,1
which,1
rest,1
partly,1
yet,1
confirm,1
enlarged,1
modify,1
contact,1
few,1
case,1
circumstance,1
warrant,1
seem,1
independent,1
personal,1
base,1
berlin,1
visit,1
europe,1
read,1
number,1
library,1
include,1
those,1
rome,1
reach,1
geneva,1
paris,1
author,1
say,1
his,1
do,1
critical,1
between,1
