lemma,count
the,60
of,44
be,34
a,28
and,26
in,22
you,20
he,17
to,16
that,14
london,13
have,10
not,10
as,10
do,9
his,8
an,8
it,7
on,7
for,7
by,7
with,5
because,5
but,5
much,5
this,5
we,4
plain,4
s,4
say,4
so,4
there,4
may,4
can,4
quick,3
air,3
like,3
man,3
good,3
ordinary,3
see,3
such,3
never,3
past,3
way,3
make,3
city,3
block,3
feeling,3
your,3
consciousness,3
temple,3
everyday,3
i,3
place,3
sense,3
who,3
would,3
prayer,3
thing,3
intimate,3
book,3
then,3
use,2
home,2
opinion,2
without,2
mile,2
usually,2
about,2
give,2
live,2
abbey,2
fie,2
any,2
go,2
since,2
if,2
hare,2
work,2
must,2
all,2
hut,2
life,2
prefer,2
st,2
than,2
picture,2
perhaps,2
fact,2
one,2
henry,2
jame,2
most,2
tea,2
latter,2
paul,2
new,2
york,2
will,2
hat,2
co,2
author,2
genus,2
people,2
chapter,2
their,2
come,2
feel,2
down,2
know,2
treatise,2
up,2
remark,2
translation,2
some,2
poet,2
study,2
upon,2
among,2
tripper,2
stupendous,1
idea,1
candor,1
es,1
behind,1
both,1
great,1
cit,1
considerable,1
rare,1
lose,1
arouse,1
publish,1
dwell,1
characterize,1
tired,1
ten,1
thousand,1
other,1
critical,1
interest,1
admirable,1
reader,1
r,1
american,1
express,1
pulse,1
last,1
which,1
tire,1
sightseeing,1
general,1
philosophy,1
plane,1
traveler,1
judge,1
john,1
run,1
w,1
boston,1
open,1
adjust,1
better,1
balance,1
luce,1
treat,1
manner,1
foreign,1
de,1
quite,1
morrow,1
tourist,1
j,1
thus,1
coincide,1
father,1
passage,1
land,1
charming,1
bad,1
far,1
londoner,1
thought,1
scatter,1
vanish,1
dust,1
crumble,1
commerce,1
authorize,1
everything,1
multiply,1
practice,1
business,1
primary,1
creep,1
f,1
northward,1
condemn,1
house,1
catholic,1
after,1
where,1
already,1
excellent,1
else,1
secondary,1
alone,1
entitle,1
permit,1
singular,1
hour,1
dignity,1
world,1
volume,1
close,1
clue,1
within,1
right,1
eminent,1
camp,1
experience,1
p,1
million,1
night,1
at,1
what,1
deletion,1
aware,1
hardly,1
seven,1
deal,1
call,1
put,1
shapeless,1
broad,1
before,1
into,1
pleasant,1
french,1
human,1
awake,1
comforting,1
solidarity,1
huge,1
european,1
mental,1
myself,1
alien,1
paris,1
century,1
nineteenth,1
inspirational,1
h,1
stefan,1
victoria,1
lake,1
nothing,1
effete,1
bean,1
butter,1
bread,1
really,1
table,1
village,1
greenwich,1
head,1
visualize,1
level,1
boar,1
sanity,1
assurance,1
same,1
impart,1
bead,1
via,1
v,1
augustus,1
exceed,1
moreover,1
master,1
let,1
dream,1
reverence,1
lacking,1
nor,1
superficial,1
they,1
crisp,1
observation,1
gait,1
keep,1
limit,1
speed,1
old,1
ray,1
foggy,1
little,1
alley,1
side,1
continental,1
dive,1
proper,1
vogue,1
mass,1
tour,1
more,1
finally,1
first,1
write,1
courage,1
require,1
illustrate,1
discover,1
frequent,1
respectable,1
corner,1
dear,1
love,1
unabashed,1
wit,1
eye,1
pen,1
facile,1
when,1
silence,1
listen,1
sit,1
folk,1
common,1
meantime,1
dilate,1
jolly,1
flattering,1
simply,1
empty,1
violent,1
soho,1
poor,1
british,1
tile,1
think,1
tomb,1
g,1
sensation,1
example,1
many,1
fr,1
store,1
disappointment,1
out,1
start,1
dislike,1
mainly,1
abide,1
sight,1
subject,1
dismiss,1
occasion,1
longer,1
due,1
tote,1
inclined,1
sometimes,1
though,1
narration,1
style,1
ii,1
bohemianism,1
enjoy,1
pretend,1
stick,1
beloved,1
loci,1
time,1
forget,1
recollection,1
even,1
own,1
well,1
history,1
embody,1
word,1
few,1
condense,1
spot,1
historic,1
e,1
dissertation,1
long,1
present,1
worn,1
respectively,1
walk,1
establish,1
atmosphere,1
lure,1
opening,1
naughty,1
or,1
whether,1
together,1
stone,1
pave,1
knock,1
heel,1
ahead,1
stride,1
him,1
son,1
