lemma,count
the,79
of,67
and,57
be,43
to,42
his,42
he,31
a,31
that,20
in,19
with,19
it,18
s,18
have,17
as,15
not,14
for,13
but,12
who,11
sill,11
from,10
an,10
this,10
most,10
life,10
reader,9
which,9
by,8
him,7
them,7
you,7
work,7
those,7
book,7
all,6
say,6
like,6
poet,6
public,6
letter,6
can,5
will,5
parker,5
do,5
one,5
edward,5
or,5
publisher,5
these,5
literature,5
personal,5
thing,5
what,5
out,4
literary,4
so,4
now,4
few,4
world,4
man,4
many,4
himself,4
may,4
no,4
biography,4
ever,4
rowland,4
more,4
read,4
make,4
new,4
author,3
day,3
find,3
course,3
good,3
i,3
writer,3
at,3
atlantic,3
friend,3
sensitive,3
very,3
regard,3
than,3
aldrich,3
other,3
about,3
would,3
essay,3
us,3
give,3
back,3
duck,3
yet,3
sieve,3
their,3
brief,3
almost,3
something,3
art,3
show,3
mr,3
prose,3
belong,2
write,2
time,2
think,2
useful,2
need,2
support,2
great,2
biographer,2
tell,2
toward,2
lie,2
page,2
history,2
mean,2
american,2
share,2
mention,2
develop,2
before,2
publicity,2
let,2
debase,2
churchill,2
family,2
pass,2
into,2
england,2
connect,2
york,2
editor,2
call,2
warm,2
go,2
year,2
yale,2
critical,2
teaching,2
t,2
treat,2
tile,2
same,2
sign,2
study,2
lowell,2
matter,2
content,2
two,2
name,2
poem,2
through,2
long,2
we,2
small,2
perceive,2
always,2
thought,2
collect,2
absorb,2
sponge,2
keep,2
should,2
essayist,2
ma,2
interpret,2
describe,2
understanding,2
could,2
medium,2
o,2
fool,2
prayer,2
too,2
expression,2
they,2
criticism,2
vow,1
leave,1
accompany,1
love,1
figure,1
k,1
remarkably,1
roe,1
brave,1
also,1
gifted,1
informed,1
sun,1
roam,1
since,1
planet,1
tractive,1
breathe,1
aurora,1
extract,1
alone,1
job,1
streamer,1
explain,1
whom,1
whirl,1
birth,1
curse,1
state,1
its,1
record,1
published,1
cyclone,1
humorous,1
fame,1
certain,1
californian,1
block,1
sierra,1
englander,1
climb,1
dwelt,1
play,1
wind,1
mortal,1
perhaps,1
instance,1
take,1
among,1
li,1
tribute,1
specimen,1
rarely,1
quote,1
here,1
big,1
palm,1
affection,1
just,1
streak,1
snow,1
lyrical,1
yonder,1
kind,1
point,1
bear,1
fail,1
if,1
yourself,1
zephyr,1
young,1
d,1
freakish,1
some,1
off,1
first,1
understand,1
rest,1
distorted,1
lover,1
draw,1
j,1
management,1
problem,1
topic,1
variety,1
discuss,1
throughout,1
period,1
wonderful,1
unashamed,1
truthful,1
picture,1
future,1
bring,1
forsworn,1
use,1
encourage,1
cl,1
plastic,1
stuff,1
cheap,1
turn,1
complex,1
mode,1
conviction,1
daily,1
nature,1
human,1
manifest,1
hie,1
devotion,1
pure,1
pub,1
tho,1
bout,1
amusing,1
unemployment,1
during,1
eye,1
hand,1
ts,1
gain,1
distress,1
without,1
organism,1
intellectual,1
print,1
unlimited,1
nothing,1
catholic,1
fellow,1
enlighten,1
save,1
ignore,1
group,1
three,1
reading,1
divide,1
humorously,1
highbrow,1
parlance,1
dull,1
instructive,1
listen,1
office,1
seat,1
comfortably,1
themselves,1
easy,1
quite,1
stir,1
lila,1
utile,1
theft,1
fun,1
sense,1
admirable,1
sound,1
knowledge,1
expert,1
pleasing,1
cent,1
macgregor,1
desire,1
much,1
oblivion,1
allow,1
l,1
ho,1
there,1
entertaining,1
genial,1
guild,1
upholder,1
choose,1
only,1
familiar,1
black,1
remote,1
attitude,1
want,1
help,1
how,1
me,1
include,1
way,1
decent,1
endeavor,1
sympathetic,1
earnestly,1
appeal,1
noblest,1
heart,1
vulgar,1
club,1
ante,1
dollar,1
sake,1
shoulder,1
cold,1
present,1
piece,1
rational,1
contributor,1
however,1
move,1
countryman,1
ore,1
re,1
predict,1
confidently,1
henceforward,1
anew,1
discover,1
vividly,1
place,1
b,1
opp,1
usual,1
people,1
common,1
artist,1
shelter,1
hide,1
fall,1
house,1
little,1
sombre,1
th,1
know,1
bailey,1
greatly,1
solid,1
fully,1
emile,1
akin,1
quality,1
none,1
thompson,1
francis,1
glow,1
everard,1
disciple,1
utterance,1
warmly,1
wordsworth,1
youth,1
psychological,1
conscientiously,1
penetrate,1
randolph,1
lord,1
winston,1
example,1
recent,1
comparatively,1
reconstruction,1
elaborate,1
information,1
useless,1
pack,1
thoma,1
hem,1
unsigned,1
eight,1
religion,1
questioner,1
eager,1
descendant,1
le,1
pedagogy,1
inspirational,1
constructive,1
california,1
university,1
english,1
professor,1
school,1
heterodox,1
high,1
oakland,1
four,1
twelve,1
devote,1
net,1
company,1
boston,1
belmont,1
william,1
on,1
base,1
orthodox,1
debtor,1
publish,1
cherish,1
death,1
after,1
shy,1
obscurity,1
voluntary,1
never,1
genius,1
nan,1
existence,1
reason,1
consider,1
therefore,1
receive,1
unique,1
teach,1
lesson,1
beautiful,1
simple,1
each,1
arid,1
opportunity,1
indeed,1
lucid,1
graceful,1
insight,1
accuracy,1
interpretative,1
inform,1
above,1
contribution,1
feel,1
identity,1
secret,1
zealously,1
andrew,1
own,1
anonymous,1
wish,1
far,1
ear,1
seem,1
till,1
pseudonym,1
whose,1
plead,1
aversion,1
nor,1
early,1
even,1
r,1
humane,1
faith,1
dispose,1
already,1
disillusioned,1
spirit,1
especially,1
adopt,1
autobiographic,1
speculation,1
shyness,1
real,1
fresh,1
lead,1
rote,1
theology,1
politic,1
ethic,1
music,1
revelation,1
frank,1
engagingly,1
thoughtful,1
plan,1
sprightly,1
sitter,1
send,1
shearer,1
henry,1
really,1
clan,1
generously,1
although,1
hat,1
vanity,1
apparently,1
chasten,1
exactly,1
return,1
special,1
chapter,1
college,1
boyhood,1
story,1
explanation,1
chronicle,1
pa,1
closely,1
together,1
cement,1
important,1
reference,1
chronologically,1
away,1
arrange,1
part,1
stephen,1
leslie,1
sir,1
dicta,1
influence,1
celebrate,1
compel,1
permit,1
judiciously,1
lr,1
form,1
excellent,1
introduction,1
rex,1
remain,1
neglect,1
rusticate,1
harvard,1
russell,1
jame,1
disrespect,1
institution,1
able,1
rule,1
age,1
boy,1
intelligent,1
abnormally,1
ellsworth,1
grant,1
puritan,1
famous,1
blood,1
settle,1
generation,1
welsh,1
originally,1
follow,1
elation,1
provide,1
