lemma,count
of,49
the,46
be,34
and,23
in,21
a,19
her,18
to,16
diana,13
s,12
by,12
have,11
she,9
mrs,8
ward,8
novel,8
mallory,6
story,6
as,6
it,6
one,6
most,5
when,5
he,5
for,5
book,5
well,5
this,5
world,5
who,5
with,4
not,4
them,4
on,4
i,4
its,4
new,4
lie,3
no,3
or,3
more,3
character,3
fiction,3
o,3
any,3
author,3
woman,3
could,3
would,3
him,3
house,3
which,3
testing,3
man,3
event,3
other,3
cad,3
but,2
individuality,2
his,2
indeed,2
reader,2
people,2
what,2
d,2
yet,2
do,2
company,2
n,2
even,2
jilt,2
girl,2
all,2
write,2
mother,2
friend,2
whom,2
consequence,2
see,2
real,2
parliament,2
that,2
strong,2
h,2
we,2
very,2
relative,2
late,2
field,2
good,2
consider,2
adorable,2
many,2
always,2
now,2
intimately,2
marry,2
emotion,2
writing,2
herself,2
belong,2
too,2
an,2
work,1
afford,1
walk,1
star,1
day,1
amid,1
couple,1
plenty,1
pleasure,1
little,1
dawn,1
frosty,1
say,1
background,1
casement,1
open,1
cover,1
death,1
populate,1
decisively,1
ear,1
introspection,1
chief,1
ordinary,1
lover,1
strike,1
stone,1
emaciate,1
apparently,1
die,1
week,1
course,1
tragedy,1
word,1
subjective,1
tangible,1
na,1
ethereal,1
altogether,1
moral,1
emotional,1
tale,1
human,1
these,1
bet,1
engender,1
morbid,1
self,1
gate,1
re,1
husband,1
title,1
supreme,1
hard,1
t,1
authoritative,1
name,1
another,1
writer,1
fascinating,1
l,1
introduce,1
so,1
society,1
anguish,1
fully,1
from,1
grown,1
distinct,1
knowledge,1
class,1
m,1
ti,1
st,1
york,1
harper,1
page,1
live,1
transfer,1
e,1
young,1
pathetically,1
know,1
may,1
li,1
win,1
markham,1
mr,1
love,1
sir,1
jame,1
satisfied,1
will,1
chide,1
least,1
at,1
two,1
latter,1
satisfying,1
except,1
pretty,1
much,1
everybody,1
move,1
situate,1
brilliant,1
personality,1
soon,1
possible,1
threaten,1
tragic,1
tile,1
clear,1
vision,1
life,1
conservative,1
social,1
almost,1
exclusively,1
essentially,1
advanced,1
school,1
sincerity,1
zeal,1
inspect,1
detached,1
swooning,1
impartiality,1
display,1
c,1
repeatedly,1
before,1
intensify,1
magnify,1
within,1
lr,1
nothing,1
different,1
production,1
generally,1
nor,1
than,1
dwell,1
perfect,1
individual,1
heroine,1
populated,1
remarkable,1
vitality,1
develop,1
publication,1
literary,1
interest,1
arouse,1
perusal,1
main,1
those,1
provoke,1
reading,1
piece,1
brilliantly,1
gifted,1
certainly,1
peer,1
actively,1
engage,1
long,1
determine,1
style,1
appear,1
finally,1
ha,1
sense,1
read,1
turn,1
wreck,1
body,1
ruin,1
career,1
send,1
allow,1
there,1
k,1
deal,1
physical,1
agony,1
whole,1
hang,1
homicide,1
commit,1
lead,1
drop,1
dead,1
receipt,1
letter,1
import,1
make,1
evident,1
draw,1
white,1
face,1
arid,1
back,1
betrayal,1
present,1
out,1
instance,1
scene,1
splendid,1
english,1
country,1
terrace,1
gallery,1
contain,1
lovely,1
picture,1
daughter,1
excusing,1
describe,1
gambler,1
murderer,1
living,1
impossible,1
give,1
hear,1
cut,1
off,1
betray,1
old,1
put,1
into,1
try,1
shamelessly,1
blue,1
