lemma,count
the,69
of,45
be,36
and,34
a,30
to,19
it,17
in,16
her,15
she,13
have,12
as,10
with,10
which,10
that,10
at,8
from,7
we,7
s,7
for,7
more,6
great,6
or,6
who,6
story,6
an,6
but,5
than,5
do,5
i,5
not,5
can,5
its,5
time,4
give,4
our,4
go,4
upon,4
well,4
page,4
author,4
so,4
on,4
book,4
their,4
far,4
novelist,3
other,3
this,3
us,3
because,3
last,3
seventeen,3
new,3
early,3
novel,3
woman,3
one,3
first,3
thing,3
no,3
there,3
would,3
know,3
avalanche,3
like,2
proof,2
color,2
beautiful,2
californian,2
social,2
sometimes,2
personal,2
about,2
writer,2
into,2
hint,2
t,2
absorb,2
world,2
fact,2
period,2
intriguing,2
hold,2
character,2
though,2
think,2
light,2
such,2
picture,2
tale,2
when,2
life,2
patience,2
lack,2
they,2
value,2
promise,2
mrs,2
war,2
write,2
good,2
late,2
title,2
once,2
struggle,2
clear,2
fir,2
maxwell,2
by,2
fiction,2
own,2
tho,2
gertrude,2
h,2
get,1
town,1
even,1
grandmother,1
ruby,1
adventurer,1
explain,1
bear,1
drunkard,1
mother,1
quite,1
gambler,1
man,1
phase,1
occur,1
work,1
edward,1
father,1
thin,1
churchill,1
f,1
considerable,1
con,1
burn,1
take,1
cotton,1
situation,1
dance,1
lamp,1
city,1
very,1
elite,1
understand,1
revolve,1
crust,1
rough,1
generation,1
hardly,1
become,1
exciting,1
merely,1
background,1
society,1
large,1
something,1
develop,1
sale,1
individuality,1
soul,1
inescapable,1
stamp,1
drama,1
screen,1
highly,1
mystery,1
witness,1
oxford,1
cloud,1
mi,1
then,1
theological,1
student,1
intrepidity,1
all,1
begin,1
hover,1
see,1
he,1
e,1
cast,1
material,1
amount,1
need,1
suggest,1
whom,1
review,1
send,1
av,1
lice,1
copy,1
publisher,1
quarreling,1
husband,1
few,1
without,1
w,1
ii,1
individual,1
net,1
mfrs,1
what,1
purpose,1
refuse,1
those,1
insist,1
loss,1
roguish,1
filch,1
feel,1
hi,1
action,1
inexplicable,1
remain,1
perforce,1
now,1
much,1
half,1
p,1
miss,1
v,1
his,1
people,1
lair,1
lie,1
while,1
ragged,1
theme,1
enough,1
ti,1
treatment,1
al,1
either,1
clever,1
serious,1
only,1
brilliant,1
ha,1
handle,1
possible,1
thompson,1
century,1
nineteenth,1
part,1
touch,1
many,1
excess,1
paint,1
long,1
mix,1
quarrel,1
ingratitude,1
silence,1
structure,1
massive,1
call,1
stone,1
foundation,1
any,1
way,1
business,1
moral,1
wife,1
stress,1
reviewer,1
certain,1
plain,1
mountain,1
separate,1
river,1
deep,1
definitely,1
history,1
divide,1
fire,1
earthquake,1
after,1
shortly,1
love,1
francisco,1
san,1
expression,1
opinion,1
hard,1
cert,1
form,1
frequently,1
formula,1
escape,1
old,1
out,1
personality,1
apt,1
gin,1
him,1
canon,1
accord,1
whether,1
care,1
sate,1
use,1
anxiety,1
back,1
artist,1
turn,1
second,1
gratitude,1
debt,1
double,1
owe,1
tau,1
apology,1
admirer,1
reader,1
stoke,1
frederick,1
la,1
parker,1
gilbert,1
belief,1
welcome,1
california,1
hear,1
mind,1
link,1
blood,1
activity,1
midst,1
prompt,1
quality,1
chief,1
sanity,1
horror,1
another,1
x,1
through,1
spirit,1
flagging,1
whip,1
prospect,1
involuntarily,1
interest,1
seldom,1
strict,1
child,1
approach,1
relation,1
fall,1
kaleidoscope,1
shit,1
rapidly,1
sad,1
bind,1
unique,1
american,1
print,1
reproduce,1
place,1
atmosphere,1
capacity,1
ho,1
manner,1
brief,1
hen,1
careful,1
workmanship,1
popular,1
include,1
property,1
cinema,1
class,1
element,1
contain,1
sort,1
lighter,1
forget,1
talent,1
live,1
will,1
devil,1
perch,1
say,1
safe,1
profound,1
never,1
sense,1
oxide,1
confess,1
must,1
sometime,1
fragment,1
hay,1
performance,1
control,1
some,1
able,1
look,1
career,1
defect,1
merit,1
vitality,1
interesting,1
invariably,1
word,1
scarcely,1
them,1
always,1
tn,1
probability,1
brush,1
gesture,1
fret,1
fine,1
public,1
face,1
fling,1
potentiality,1
product,1
finish,1
most,1
fascination,1
achievement,1
present,1
greatness,1
bright,1
