lemma,count
the,31
of,23
in,17
i,16
and,15
a,12
be,10
to,10
by,7
hi,7
s,6
ill,6
t,6
story,6
it,5
author,5
have,4
r,4
he,4
l,4
other,4
e,4
o,3
v,3
his,3
work,3
j,3
who,3
d,3
tell,3
with,3
conrad,3
as,3
american,3
famous,3
for,2
italian,2
tl,2
since,2
n,2
man,2
ed,2
many,2
at,2
color,2
city,2
or,2
york,2
new,2
on,2
that,2
renard,2
h,2
company,2
represent,2
ht,2
day,2
bring,2
f,2
ale,2
irvin,2
they,2
so,2
short,2
el,2
fox,2
fit,2
joseph,2
him,2
people,1
street,1
rn,1
how,1
net,1
side,1
lian,1
hough,1
trig,1
dancer,1
morris,1
ten,1
which,1
hal,1
g,1
off,1
k,1
hybrid,1
mighty,1
race,1
welding,1
sonic,1
field,1
forth,1
b,1
thins,1
two,1
what,1
weird,1
mystery,1
zoo,1
piece,1
mil,1
while,1
dorothy,1
lb,1
cure,1
happen,1
strain,1
c,1
neron,1
follow,1
pro,1
er,1
half,1
forget,1
likely,1
ll,1
tale,1
all,1
not,1
rd,1
nature,1
contend,1
mastery,1
life,1
x,1
aw,1
little,1
deplete,1
line,1
delicate,1
bud,1
birch,1
tree,1
thing,1
hall,1
w,1
only,1
except,1
con,1
ire,1
po,1
revel,1
fairly,1
inherent,1
these,1
them,1
early,1
interesting,1
woman,1
become,1
lalo,1
also,1
very,1
edition,1
this,1
fin,1
bil,1
character,1
portrayal,1
toward,1
interest,1
special,1
collection,1
first,1
together,1
mr,1
from,1
page,1
hampton,1
magazine,1
where,1
publish,1
audience,1
those,1
most,1
twenty,1
bear,1
find,1
their,1
respective,1
note,1
lid,1
ha,1
di,1
set,1
during,1
three,1
an,1
u,1
ranch,1
house,1
influence,1
yon,1
snow,1
well,1
its,1
beauty,1
thai,1
write,1
pet,1
accord,1
harris,1
es,1
au,1
series,1
y,1
no,1
alan,1
pp,1
edward,1
tho,1
end,1
der,1
death,1
edit,1
but,1
when,1
too,1
effort,1
remain,1
flit,1
