lemma,count
the,15
be,9
of,9
and,7
a,6
by,4
in,3
an,3
which,3
war,3
tile,2
stock,2
great,2
s,2
will,2
as,2
than,2
previous,2
need,2
there,2
valuable,2
t,2
l,2
finance,2
moro,1
for,1
realize,1
no,1
close,1
present,1
world,1
when,1
k,1
col,1
relieve,1
value,1
apply,1
year,1
specifically,1
write,1
lr,1
work,1
institution,1
financial,1
to,1
crisis,1
protective,1
batiks,1
ill,1
operator,1
p,1
it,1
government,1
include,1
among,1
trader,1
isis,1
have,1
h,1
q,1
rather,1
his,1
book,1
this,1
act,1
bank,1
british,1
detail,1
view,1
birdseye,1
from,1
de,1
mater,1
pick,1
painfully,1
must,1
ere,1
vt,1
record,1
contemporaneous,1
convenient,1
any,1
lack,1
e,1
if,1
nostrand,1
d,1
york,1
new,1
ar,1
v,1
scatter,1
source,1
hereafter,1
mr,1
give,1
air,1
other,1
nu,1
more,1
tn,1
supply,1
see,1
lawson,1
that,1
symmetrical,1
ever,1
pl,1
commercial,1
meet,1
time,1
out,1
manner,1
account,1
authoritative,1
pass,1
