lemma,count
the,134
of,93
and,59
be,57
to,56
in,37
a,36
have,24
it,23
with,20
for,18
they,17
at,17
that,15
their,13
this,12
which,11
forest,10
american,10
war,10
no,10
wood,10
his,10
by,10
from,9
an,9
forestry,9
work,9
france,9
man,9
he,8
e,8
but,8
french,8
as,8
i,8
not,7
would,7
army,7
one,7
on,7
there,6
these,6
most,6
s,6
h,6
them,6
t,6
who,5
all,5
day,5
cut,5
n,5
f,5
mill,5
supply,5
every,4
our,4
fly,4
very,4
tree,4
forester,4
than,4
out,4
should,4
or,4
y,4
do,4
foot,4
come,3
rank,3
get,3
colonel,3
any,3
high,3
will,3
demand,3
regiment,3
when,3
time,3
state,3
want,3
many,3
officer,3
en,3
what,3
such,3
see,3
alone,3
realize,3
under,3
line,3
m,3
often,3
indeed,3
own,3
u,3
squadron,3
over,3
rance,3
win,3
yet,3
military,3
may,3
year,3
so,3
book,3
idea,3
es,3
force,3
review,3
l,3
footnote,2
difficult,2
before,2
only,2
without,2
spruce,2
et,2
fret,2
its,2
service,2
twenty,2
firing,2
nation,2
ha,2
woodsman,2
play,2
combatant,2
first,2
after,2
mark,2
use,2
must,2
mean,2
appreciate,2
fuel,2
acre,2
young,2
se,2
jr,2
few,2
almost,2
troop,2
quartermaster,2
method,2
least,2
x,2
aide,2
her,2
less,2
up,2
re,2
none,2
c,2
sense,2
far,2
limited,2
tl,2
al,2
value,2
feel,2
debt,2
need,2
material,2
owe,2
scoff,2
fight,2
v,2
mind,2
government,2
stand,2
figure,2
end,2
roar,2
more,2
w,2
fell,2
say,2
rule,2
associate,2
study,2
make,2
engineer,2
fir,2
establish,2
could,2
produce,2
result,2
world,2
two,2
another,2
support,2
was,1
prevent,1
highly,1
shed,1
drive,1
wafer,1
pace,1
even,1
go,1
both,1
ignorant,1
mad,1
train,1
decay,1
interference,1
seem,1
some,1
kl,1
remain,1
four,1
away,1
boom,1
turn,1
cannon,1
imagination,1
mot,1
hostile,1
third,1
dire,1
amt,1
face,1
knock,1
technical,1
policy,1
is,1
settled,1
hour,1
like,1
give,1
fumed,1
rounded,1
touch,1
stump,1
woefully,1
regulation,1
pray,1
sentimental,1
impose,1
think,1
lose,1
present,1
moment,1
zeal,1
carefully,1
limb,1
understate,1
feeling,1
waste,1
gate,1
fairly,1
rag,1
thunder,1
enemy,1
requirement,1
insist,1
imp,1
hardwood,1
protect,1
enough,1
bad,1
effort,1
injure,1
those,1
growth,1
tale,1
tell,1
safe,1
indispensable,1
reader,1
thinking,1
fail,1
picture,1
down,1
general,1
viewpoint,1
quick,1
sooner,1
big,1
absurdity,1
condition,1
tear,1
rich,1
ungrateful,1
altitude,1
pine,1
larch,1
finish,1
rome,1
reclamation,1
bass,1
ravine,1
page,1
hr,1
continue,1
never,1
writer,1
remark,1
entirely,1
inspect,1
white,1
accordance,1
strictly,1
cf,1
hop,1
veil,1
commit,1
ne,1
act,1
recognize,1
canton,1
silver,1
supervision,1
find,1
co,1
receive,1
eminent,1
benefit,1
incalculable,1
economical,1
novice,1
conception,1
new,1
totally,1
medal,1
rack,1
bring,1
deserve,1
b,1
tutelage,1
during,1
anywhere,1
cutting,1
fine,1
ed,1
wholly,1
overlook,1
were,1
communal,1
reason,1
la,1
tangible,1
start,1
apt,1
great,1
national,1
thrift,1
authoritative,1
expression,1
frenchman,1
behind,1
common,1
information,1
skillfully,1
surely,1
try,1
capital,1
drain,1
withstand,1
surplus,1
close,1
america,1
england,1
arrange,1
future,1
nature,1
endow,1
liberally,1
historian,1
hat,1
off,1
take,1
genius,1
moat,1
moreover,1
land,1
conservation,1
cat,1
visual,1
form,1
learn,1
write,1
widely,1
alt,1
impression,1
tasting,1
thoughtful,1
expert,1
carry,1
vaguely,1
barrier,1
treasury,1
build,1
foresight,1
patience,1
ally,1
something,1
labor,1
comrade,1
strategic,1
measure,1
full,1
hut,1
low,1
cord,1
naturally,1
if,1
mora,1
fee,1
east,1
artillery,1
infantry,1
struggle,1
deadly,1
series,1
emerge,1
just,1
strife,1
colossal,1
museum,1
other,1
outside,1
eye,1
ac,1
battle,1
kith,1
horse,1
bit,1
penny,1
where,1
makeshift,1
expedient,1
largely,1
early,1
effectively,1
fiery,1
familiar,1
dart,1
cad,1
dock,1
picket,1
camouflage,1
stake,1
fortification,1
trench,1
duck,1
pose,1
telegraph,1
tie,1
rt,1
barrack,1
how,1
te,1
soldier,1
fate,1
half,1
ton,1
timber,1
board,1
unit,1
hand,1
hey,1
rear,1
battalion,1
battery,1
thick,1
last,1
chief,1
thought,1
probably,1
however,1
bea,1
entitle,1
shudder,1
might,1
possible,1
tm,1
assume,1
conceive,1
hock,1
content,1
destructive,1
lace,1
thin,1
ch,1
urn,1
fork,1
constructive,1
choose,1
aptly,1
subtitle,1
desire,1
author,1
hill,1
trevor,1
frederick,1
fast,1
literature,1
fur,1
hate,1
select,1
possibly,1
collaborator,1
col,1
lieut,1
bear,1
chapter,1
event,1
once,1
legion,1
lieutenant,1
rise,1
nearly,1
overseas,1
reed,1
anything,1
fact,1
st,1
certainly,1
history,1
additive,1
termed,1
volume,1
portion,1
considerable,1
devote,1
him,1
multitude,1
calf,1
thousand,1
devise,1
while,1
night,1
relay,1
constant,1
waist,1
strip,1
fray,1
into,1
fling,1
watch,1
action,1
grimly,1
part,1
lack,1
vital,1
ere,1
approximate,1
matter,1
meet,1
r,1
excessive,1
here,1
file,1
member,1
animate,1
spirit,1
shill,1
motto,1
spark,1
ax,1
smokestack,1
inaction,1
speak,1
date,1
portable,1
lil,1
rind,1
light,1
large,1
heavy,1
tight,1
peace,1
either,1
equal,1
rarely,1
record,1
discipline,1
order,1
swiftness,1
move,1
parade,1
organization,1
maintain,1
blue,1
tumult,1
rush,1
ground,1
shake,1
engine,1
rankin,1
staff,1
shell,1
then,1
guide,1
builder,1
road,1
backwoodsman,1
professor,1
college,1
mechanic,1
life,1
regiments,1
nine,1
fourteen,1
q,1
kn,1
cop,1
hundred,1
burn,1
literally,1
purpose,1
eatery,1
unlimited,1
alma,1
accustom,1
ly,1
hoard,1
ni,1
offensive,1
success,1
art,1
previous,1
shot,1
door,1
spite,1
advance,1
forward,1
push,1
sawmill,1
fighting,1
abreast,1
frequently,1
provide,1
vi,1
row,1
relief,1
anthe,1
hospital,1
rm,1
virtual,1
pitch,1
tent,1
shelter,1
improvise,1
hard,1
live,1
pioneer,1
open,1
themselves,1
care,1
know,1
virile,1
