UUID,FILE,QUOTE_TRANSCRIPTION,ANCHOR,TYPE,URI,VOCAB_LABEL,VOCAB_TEMPORAL_BOUNDS,LAT,LNG,PLACE_TYPE,VERIFICATION_STATUS,TAGS,COMMENTS,GROUP_ID,GROUP_ORDER
882f6f7d-9f0c-4280-9185-b08aa46eb859,The_Essays_of_Montaigne_Book_I_Chapter_II.txt,Florio,char-offset:660,PERSON,,,,,,,,,notes,,
1525fcf3-3ffb-4c79-82c7-cb1161058fc3,The_Essays_of_Montaigne_Book_I_Chapter_II.txt,Herodotus,char-offset:944,PERSON,,,,,,,,,notes,,
422017a3-92c4-42cf-847d-c4af9ab8ff35,The_Essays_of_Montaigne_Book_I_Chapter_II.txt,"Psammenitus, King of Egypt",char-offset:975,PERSON,,,,,,,,,,,
76dc0556-c8c7-428e-8fe6-b2745e8afe80,The_Essays_of_Montaigne_Book_I_Chapter_II.txt,"Cambyses, King of Persia",char-offset:1040,PERSON,,,,,,,,,,,
5f6b2120-a692-494a-9c92-c7f5d626804d,The_Essays_of_Montaigne_Book_I_Chapter_II.txt,prince of our own nation,char-offset:1748,PERSON,,,,,,,,,Charles de Guise,,
e80baa8e-c62a-4919-88be-0a7d3f98f889,The_Essays_of_Montaigne_Book_I_Chapter_II.txt,Trent,char-offset:1787,PLACE,http://pleiades.stoa.org/places/383804,"Trident(i)um|Tridentium/Tridentum, Trento|Trento",-0.515625,46.06692,11.12154,settlement,VERIFIED,,,,
7b1cd2ce-adbd-40d2-bd9e-639c9b939149,The_Essays_of_Montaigne_Book_I_Chapter_II.txt,Cambyses,char-offset:2603,PERSON,,,,,,,,,,,
2e782886-4ab4-414c-99ac-112447346ee8,The_Essays_of_Montaigne_Book_I_Chapter_II.txt,Psammenitus,char-offset:2619,PERSON,,,,,,,,,,,
2571d3e8-8195-4251-bf8f-d29f2f89e17b,The_Essays_of_Montaigne_Book_I_Chapter_II.txt,Cicero,char-offset:3004,PERSON,,,,,,,,,notes,,
f1b3c49b-d79f-43f1-ba69-aa0f046d80e4,The_Essays_of_Montaigne_Book_I_Chapter_II.txt,Pliny,char-offset:3032,PERSON,,,,,,,,,notes,,
8c1bd6a2-f570-4d14-b18a-a0600f32624d,The_Essays_of_Montaigne_Book_I_Chapter_II.txt,Iphigenia,char-offset:3083,PERSON,,,,,,,,,,,
8d32b48a-5ce2-41ae-a29e-2970909736dd,The_Essays_of_Montaigne_Book_I_Chapter_II.txt,Niobe,char-offset:3552,PERSON,,,,,,,,,,,
4e76c7fc-751d-451c-b686-2bf99358618f,The_Essays_of_Montaigne_Book_I_Chapter_II.txt,Ovid,char-offset:3763,PERSON,,,,,,,,,notes,,
05cb7d1f-84f1-48b6-8155-38aee21d2e1e,The_Essays_of_Montaigne_Book_I_Chapter_II.txt,AEneid,char-offset:4600,PERSON,,,,,,,,Virgil,notes,,
0ec541f4-b45c-46af-8298-6cbeaaffdaaf,The_Essays_of_Montaigne_Book_I_Chapter_II.txt,Ferdinand,char-offset:4639,PERSON,,,,,,,,,,,
50b7a6e1-5228-4cf5-9942-89f62b98b970,The_Essays_of_Montaigne_Book_I_Chapter_II.txt,the widow of King John of Hungary,char-offset:4660,PERSON,,,,,,,,,Isabella Jagiellon,,
a5723574-b12d-4007-846a-aa344a25f1ec,The_Essays_of_Montaigne_Book_I_Chapter_II.txt,Buda,char-offset:4700,PLACE,http://geo-kima.org/place/7209,Buda (Hungary),,,,,VERIFIED,,,,
2384e8fa-67a3-415d-9041-2c2a7cef94d8,The_Essays_of_Montaigne_Book_I_Chapter_II.txt,"Raisciac, a German lord",char-offset:4929,PERSON,,,,,,,,,,,
aa7891f6-feaf-448a-9283-2fa5703d9ebf,The_Essays_of_Montaigne_Book_I_Chapter_II.txt,Petrarca,char-offset:5601,PERSON,,,,,,,,,notes,,
7b153151-27fd-445f-80c9-b6b7d99f8fc7,The_Essays_of_Montaigne_Book_I_Chapter_II.txt,Lesbia,char-offset:5986,PERSON,,,,,,,,,,,
a34afcfd-315d-43fb-bd3d-7e004f037b32,The_Essays_of_Montaigne_Book_I_Chapter_II.txt,Catullus,char-offset:6208,PERSON,,,,,,,,,notes,,
9a457ae9-1e7c-490e-80e0-4aaa0e33975e,The_Essays_of_Montaigne_Book_I_Chapter_II.txt,AEneid,char-offset:7542,PERSON,,,,,,,,Virgil,notes,,
8e3c11db-5801-4f4f-9f6a-142e7aa1e2ac,The_Essays_of_Montaigne_Book_I_Chapter_II.txt,Cannae,char-offset:7671,PLACE,http://pleiades.stoa.org/places/442523,"Cannae|Cannae, Monte di Canne, Barletta",-2.5,41.296496,16.15132,settlement,VERIFIED,,,,
510ad1d2-9483-40cd-9601-c52b7a48f45d,The_Essays_of_Montaigne_Book_I_Chapter_II.txt,Sophocles,char-offset:7686,PERSON,,,,,,,,,,,
4ab09957-d239-4458-b540-fb87bff61ec2,The_Essays_of_Montaigne_Book_I_Chapter_II.txt,Dionysius the Tyrant,char-offset:7703,PERSON,,,,,,,,,,,
e7ced0c6-765f-48b7-a4d1-6adeb17fe3e9,The_Essays_of_Montaigne_Book_I_Chapter_II.txt,Pliny,char-offset:7726,PERSON,,,,,,,,,notes,,
f9c91f05-5ebf-4e38-97d8-125cea3a780a,The_Essays_of_Montaigne_Book_I_Chapter_II.txt,Diodorus Siculus,char-offset:7742,PERSON,,,,,,,,,notes,,
c2332ed4-b2c0-4af6-9014-ec703c64bdc1,The_Essays_of_Montaigne_Book_I_Chapter_II.txt,Dionysius,char-offset:7795,PERSON,,,,,,,,,notes,,
5c0382b9-c5bf-4077-9378-52443fca133c,The_Essays_of_Montaigne_Book_I_Chapter_II.txt,Thalna,char-offset:8055,PERSON,,,,,,,,,,,
f4676a4c-6a59-48e2-ab0c-d6231f443f5e,The_Essays_of_Montaigne_Book_I_Chapter_II.txt,Corsica,char-offset:8075,PLACE,http://sws.geonames.org/3023519,Corsica,,,,,VERIFIED,,,,
2e853f80-9fb0-48ea-a73b-b851792e9a37,The_Essays_of_Montaigne_Book_I_Chapter_II.txt,Pope Leo X,char-offset:8195,PERSON,,,,,,,,,,,
598c2d79-fbd9-4af6-8a52-acd914df911d,The_Essays_of_Montaigne_Book_I_Chapter_II.txt,Milan,char-offset:8239,PLACE,http://pleiades.stoa.org/places/383706,"Mediolan(i)um|Mediolanium/Mediolanum, Milano|Milan",-0.261904762,45.4637,9.1881,"urban,settlement",VERIFIED,,,,
b8444f43-3065-448d-b67e-733bea782c31,The_Essays_of_Montaigne_Book_I_Chapter_II.txt,Guicciardini,char-offset:8372,PERSON,,,,,,,,,notes,,
c530a899-f676-4d81-b3bd-a8e6953514d7,The_Essays_of_Montaigne_Book_I_Chapter_II.txt,Pliny,char-offset:8514,PERSON,,,,,,,,,notes,,
fd52d66a-01ec-4155-9e17-53c3a259f79d,The_Essays_of_Montaigne_Book_I_Chapter_II.txt,Diodorus,char-offset:8538,PERSON,,,,,,,,,,,
