source,target,type
b1_01,Q8409,undirected
b1_01,Q8409,undirected
b1_01,Q459163,undirected
b1_01,Q459163,undirected
b1_01,Q157133,undirected
b1_01,Q171241,undirected
b1_01,Q332750,undirected
b1_01,Q332750,undirected
b1_01,Q184854,undirected
b1_01,Q190436,undirected
b1_01,personb10101,undirected
b1_01,personb10102,undirected
b1_01,Q316059,undirected
b1_01,Q11922151,undirected
b1_01,Q11922151,undirected
b1_01,Q41523,undirected
b1_01,Q41523,undirected
b1_01,Q41523,undirected
b1_01,Q125414,undirected
b1_01,Q5959,undirected
b1_01,Q160614,undirected
b1_01,Q483783,undirected
b1_01,Q68012,undirected
b1_01,Q47492,undirected
b1_01,Q849324,undirected
b1_01,Q45656,undirected
b1_01,Q3437,undirected
b1_01,Q2107419,undirected
b1_01,Q8471,undirected
b1_01,Q11225429,undirected
b1_01,Q11225429,undirected
b1_01,Q1584,undirected
b1_02,Q182483,undirected
b1_02,Q182483,undirected
b1_02,Q163079,undirected
b1_02,Q712264,undirected
b1_02,Q1541,undirected
b1_02,Q171241,undirected
b1_02,Q171241,undirected
b1_02,Q332750,undirected
b1_02,Q332750,undirected
b1_02,Q150611,undirected
b1_02,Q44601,undirected
b1_02,Q26825,undirected
b1_02,Q192673,undirected
b1_02,Q235591,undirected
b1_02,Q49237,undirected
b1_02,Q1235482,undirected
b1_02,Q3290279,undirected
b1_02,Q213621,undirected
b1_02,Q7198,undirected
b1_02,Q1401,undirected
b1_02,Q82778,undirected
b1_02,Q82778,undirected
b1_02,Q82778,undirected
b1_02,Q316278,undirected
b1_02,Q316278,undirected
b1_02,Q135004989,undirected
b1_02,Q2054,undirected
b1_02,Q7235,undirected
b1_02,Q1398,undirected
b1_02,Q1398,undirected
b1_02,Q193478,undirected
b1_02,Q568611,undirected
b1_02,Q14112,undirected
b1_02,Q490,undirected
b1_02,Q3376,undirected
b1_03,Q271850,undirected
b1_03,Q868,undirected
b1_03,Q8018,undirected
b1_03,Q2452129,undirected
b1_03,Q314905,undirected
b1_03,Q543525,undirected
b1_03,Q1541,undirected
b1_03,Q1541,undirected
b1_03,Q1541,undirected
b1_03,Q934471,undirected
b1_03,Q8423,undirected
b1_03,Q171241,undirected
b1_03,Q1226901,undirected
b1_03,Q57798,undirected
b1_03,Q47130,undirected
b1_03,Q43216,undirected
b1_03,Q26825,undirected
b1_03,Q215968,undirected
b1_03,Q173893,undirected
b1_03,Q105452,undirected
b1_03,Q47154,undirected
b1_03,Q934510,undirected
b1_03,Q150726,undirected
b1_03,Q1413,undirected
b1_03,Q315822,undirected
b1_03,Q34417,undirected
b1_03,Q552017,undirected
b1_03,Q859,undirected
b1_03,Q41523,undirected
b1_03,Q15066851,undirected
b1_03,Q187312,undirected
b1_03,Q2054,undirected
b1_03,Q2054,undirected
b1_03,Q913,undirected
b1_03,Q133337,undirected
b1_03,Q133337,undirected
b1_03,Q2161,undirected
b1_03,Q562284,undirected
b1_03,Q2039,undirected
b1_03,Q129772,undirected
b1_03,Q23822737,undirected
b1_03,Q1152,undirected
b1_03,Q39193,undirected
b1_03,Q6221,undirected
b1_03,Q844930,undirected
b1_03,Q188527,undirected
b1_03,Q127834,undirected
b1_03,Q18440294,undirected
b1_03,Q1076321,undirected
b1_03,Q2028,undirected
b1_04,Q298808,undirected
b1_04,Q1405,undirected
b1_04,Q359231,undirected
b1_04,Q1409,undirected
b1_04,Q1541,undirected
b1_04,Q8423,undirected
b1_04,Q188646,undirected
b1_04,Q188646,undirected
b1_04,Q3954,undirected
b1_04,Q41523,undirected
b1_04,Q41523,undirected
b1_04,Q41523,undirected
b1_04,Q214765,undirected
b1_04,Q214765,undirected
b1_04,Q2054,undirected
b1_04,Q2039,undirected
b1_04,Q2039,undirected
b1_04,Q129165,undirected
b1_04,Q304413,undirected
b1_04,Q142,undirected
b1_04,Q62646,undirected
b1_04,Q130321,undirected
b1_04,Q29,undirected
b1_05,Q29556094,undirected
b1_05,Q356952,undirected
b1_05,Q200401,undirected
b1_05,Q200401,undirected
b1_05,Q4865298,undirected
b1_05,Q1541,undirected
b1_05,Q297366,undirected
b1_05,Q44601,undirected
b1_05,Q3779335,undirected
b1_05,Q3779335,undirected
b1_05,personb10501,undirected
b1_05,Q69450,undirected
b1_05,Q18420,undirected
b1_05,personb10502,undirected
b1_05,personb10503,undirected
b1_05,Q316483,undirected
b1_05,Q143559,undirected
b1_05,Q207363,undirected
b1_05,Q131169,undirected
b1_05,Q1227416,undirected
b1_05,Q172353,undirected
b1_05,Q921574,undirected
b1_05,Q921574,undirected
b1_05,Q1398,undirected
b1_05,Q651968,undirected
b1_05,Q28420030,undirected
b1_05,Q3343437,undirected
b1_05,Q13360,undirected
b1_05,Q19151,undirected
b2_01,Q8409,undirected
b2_01,Q200401,undirected
b2_01,Q1405,undirected
b2_01,Q134646,undirected
b2_01,Q193506,undirected
b2_01,personb20101,undirected
b2_01,personb20101,undirected
b2_01,Q1541,undirected
b2_01,Q1541,undirected
b2_01,Q1541,undirected
b2_01,Q1541,undirected
b2_01,Q26341,undirected
b2_01,Q117253,undirected
b2_01,Q83375,undirected
b2_01,Q462978,undirected
b2_01,Q6197,undirected
b2_01,Q6197,undirected
b2_01,Q6197,undirected
b2_01,Q6197,undirected
b2_01,Q4649,undirected
b2_01,Q229432,undirected
b2_01,Q47154,undirected
b2_01,Q242819,undirected
b2_01,Q242819,undirected
b2_01,Q48900,undirected
b2_01,Q112,undirected
b2_01,Q34503,undirected
b2_01,Q3954,undirected
b2_01,Q1413,undirected
b2_01,Q363375,undirected
b2_01,Q2054,undirected
b2_01,Q7235,undirected
b2_01,Q109598,undirected
b2_01,Q47652,undirected
b2_01,Q47652,undirected
b2_02,Q11850760,undirected
b2_02,Q325026,undirected
b2_02,Q366031,undirected
b2_02,Q366031,undirected
b2_02,Q3356,undirected
b2_02,Q179149,undirected
b2_02,Q73527,undirected
b2_02,Q868,undirected
b2_02,Q188472,undirected
b2_02,Q356050,undirected
b2_02,Q1405,undirected
b2_02,Q645312,undirected
b2_02,Q180081,undirected
b2_02,Q180081,undirected
b2_02,Q1541,undirected
b2_02,Q638091,undirected
b2_02,Q297960,undirected
b2_02,Q41680,undirected
b2_02,Q190436,undirected
b2_02,Q43216,undirected
b2_02,Q207370,undirected
b2_02,Q207370,undirected
b2_02,Q6197,undirected
b2_02,Q6197,undirected
b2_02,Q6197,undirected
b2_02,Q1677782,undirected
b2_02,Q134461,undirected
b2_02,Q134461,undirected
b2_02,Q1048,undirected
b2_02,Q193800,undirected
b2_02,Q6697596,undirected
b2_02,Q223440,undirected
b2_02,Q47154,undirected
b2_02,Q47154,undirected
b2_02,Q47154,undirected
b2_02,Q1430,undirected
b2_02,Q539514,undirected
b2_02,Q181585,undirected
b2_02,Q457994,undirected
b2_02,Q130650,undirected
b2_02,Q859,undirected
b2_02,Q859,undirected
b2_02,Q859,undirected
b2_02,Q41523,undirected
b2_02,Q41523,undirected
b2_02,Q913,undirected
b2_02,Q913,undirected
b2_02,Q913,undirected
b2_02,Q381048,undirected
b2_02,Q172048,undirected
b2_02,Q1407,undirected
b2_02,Q1228715,undirected
b2_02,Q714821,undirected
b2_02,Q47652,undirected
b2_02,Q1398,undirected
b2_02,Q1398,undirected
b2_02,Q1398,undirected
b2_02,Q1479,undirected
b2_02,Q327766,undirected
b2_02,Q327766,undirected
b2_02,Q46,undirected
b2_02,Q838931,undirected
b2_02,Q90,undirected
b2_02,Q41741,undirected
b2_03,Q204397,undirected
b2_03,Q299479,undirected
b2_03,Q8409,undirected
b2_03,Q241386,undirected
b2_03,Q359687,undirected
b2_03,Q11906123,undirected
b2_03,Q204760,undirected
b2_03,Q1405,undirected
b2_03,Q1405,undirected
b2_03,Q8249134,undirected
b2_03,Q2531578,undirected
b2_03,Q311742,undirected
b2_03,Q180081,undirected
b2_03,Q218102,undirected
b2_03,Q108926,undirected
b2_03,Q1774128,undirected
b2_03,Q310811,undirected
b2_03,Q310811,undirected
b2_03,Q310811,undirected
b2_03,Q8423,undirected
b2_03,Q8423,undirected
b2_03,personb20301,undirected
b2_03,Q59138,undirected
b2_03,Q59180,undirected
b2_03,Q664061,undirected
b2_03,personb20304,undirected
b2_03,Q207370,undirected
b2_03,Q11924631,undirected
b2_03,Q36456,undirected
b2_03,Q437876,undirected
b2_03,Q6197,undirected
b2_03,Q6197,undirected
b2_03,personb20302,undirected
b2_03,Q302,undirected
b2_03,Q134461,undirected
b2_03,Q11929337,undirected
b2_03,Q11929337,undirected
b2_03,Q188646,undirected
b2_03,Q1076644,undirected
b2_03,Q431201,undirected
b2_03,Q47154,undirected
b2_03,Q47154,undirected
b2_03,Q776343,undirected
b2_03,Q318718,undirected
b2_03,Q172248,undirected
b2_03,Q2098,undirected
b2_03,Q2098,undirected
b2_03,Q182070,undirected
b2_03,Q1150,undirected
b2_03,Q1413,undirected
b2_03,Q1424,undirected
b2_03,Q1267360,undirected
b2_03,personb20303,undirected
b2_03,personb20303,undirected
b2_03,Q9200,undirected
b2_03,Q6071438,undirected
b2_03,Q130650,undirected
b2_03,Q130650,undirected
b2_03,Q237248,undirected
b2_03,Q859,undirected
b2_03,Q859,undirected
b2_03,Q82778,undirected
b2_03,Q82778,undirected
b2_03,Q710851,undirected
b2_03,Q710851,undirected
b2_03,Q101617381,undirected
b2_03,Q264502,undirected
b2_03,Q233444,undirected
b2_03,Q2054,undirected
b2_03,Q2054,undirected
b2_03,Q2054,undirected
b2_03,Q2054,undirected
b2_03,Q2054,undirected
b2_03,Q355350,undirected
b2_03,Q3122988,undirected
b2_03,Q295228,undirected
b2_03,Q295228,undirected
b2_03,Q295228,undirected
b2_03,Q4430668,undirected
b2_03,Q325955,undirected
b2_03,Q325955,undirected
b2_03,Q19999354,undirected
b2_03,Q2161,undirected
b2_03,Q20006645,undirected
b2_03,Q1407,undirected
b2_03,Q1407,undirected
b2_03,Q379991,undirected
b2_03,Q1398,undirected
b2_03,Q1398,undirected
b2_03,Q3560827,undirected
b2_03,Q3560827,undirected
b2_03,personb20305,undirected
b2_03,Q129165,undirected
b2_03,Q48,undirected
b2_03,Q48,undirected
b2_03,Q11907034,undirected
b2_03,Q3136685,undirected
b2_03,Q19936,undirected
b2_03,Q1268859,undirected
b2_03,Q11266977,undirected
b2_03,Q173096,undirected
b2_03,Q142,undirected
b2_03,Q170488,undirected
b2_03,Q214109,undirected
b2_03,Q214109,undirected
b2_03,Q61089,undirected
b2_03,Q23482,undirected
b2_03,Q989650,undirected
b2_03,Q78967,undirected
b2_03,Q17167,undirected
b2_03,Q17167,undirected
b2_03,Q17167,undirected
b2_03,Q204127,undirected
b2_03,personb20306,undirected
b2_03,Q7880,undirected
b2_04,Q2860079,undirected
b2_04,personb20401,undirected
b2_04,Q462371,undirected
b2_04,Q1048,undirected
b2_04,Q18999,undirected
b2_04,Q18999,undirected
b2_04,Q18999,undirected
b2_04,personb20402,undirected
b2_04,Q316059,undirected
b2_04,Q41523,undirected
b2_04,Q41523,undirected
b2_04,Q41523,undirected
b2_04,Q129772,undirected
b2_04,Q11772,undirected
b2_04,Q17167,undirected
b2_04,Q17167,undirected
b2_04,Q495,undirected
b2_05,Q8409,undirected
b2_05,Q15872635,undirected
b2_05,Q294800,undirected
b2_05,personb20501,undirected
b2_05,Q180081,undirected
b2_05,Q43216,undirected
b2_05,Q44233,undirected
b2_05,Q193800,undirected
b2_05,Q193800,undirected
b2_05,Q47154,undirected
b2_05,Q7198,undirected
b2_05,Q346665,undirected
b2_05,Q137727373,undirected
b2_05,Q859,undirected
b2_05,Q363375,undirected
b2_05,Q348926,undirected
b2_05,Q2253,undirected
b2_05,Q2253,undirected
b2_05,Q2039,undirected
b2_05,Q1398,undirected
b2_05,Q200441,undirected
b2_05,Q17167,undirected
b3_01,Q4531268,undirected
b3_01,Q43423,undirected
b3_01,Q200401,undirected
b3_01,Q204760,undirected
b3_01,Q45581,undirected
b3_01,Q68880,undirected
b3_01,Q53436,undirected
b3_01,Q53436,undirected
b3_01,Q1063034,undirected
b3_01,Q1541,undirected
b3_01,Q1541,undirected
b3_01,Q1541,undirected
b3_01,Q1541,undirected
b3_01,Q1541,undirected
b3_01,Q82339,undirected
b3_01,Q2998641,undirected
b3_01,Q5215660,undirected
b3_01,Q59138,undirected
b3_01,Q190436,undirected
b3_01,Q190436,undirected
b3_01,Q190436,undirected
b3_01,Q297366,undirected
b3_01,Q1196109,undirected
b3_01,Q468608,undirected
b3_01,Q313700,undirected
b3_01,Q936976,undirected
b3_01,Q314447,undirected
b3_01,Q3175603,undirected
b3_01,Q92172807,undirected
b3_01,Q188646,undirected
b3_01,Q171083,undirected
b3_01,Q1215588,undirected
b3_01,Q1215588,undirected
b3_01,Q47154,undirected
b3_01,Q32133,undirected
b3_01,Q34503,undirected
b3_01,Q96261,undirected
b3_01,Q7198,undirected
b3_01,Q3381039,undirected
b3_01,Q859,undirected
b3_01,Q41523,undirected
b3_01,Q125414,undirected
b3_01,Q8827,undirected
b3_01,Q214765,undirected
b3_01,Q3631240,undirected
b3_01,Q172353,undirected
b3_01,Q10261,undirected
b3_01,Q3027239,undirected
b3_01,Q2054,undirected
b3_01,Q913,undirected
b3_01,Q483783,undirected
b3_01,Q2161,undirected
b3_01,Q172048,undirected
b3_01,Q1407,undirected
b3_01,Q451587,undirected
b3_01,Q451587,undirected
b3_01,Q451587,undirected
b3_01,Q2039,undirected
b3_01,Q2039,undirected
b3_01,Q311733,undirected
b3_01,Q218186,undirected
b3_01,Q311291,undirected
b3_01,Q311291,undirected
b3_01,Q11768,undirected
b3_01,Q4420718,undirected
b3_01,Q1333383,undirected
b3_01,Q75459,undirected
b3_01,Q62646,undirected
b3_01,Q83958,undirected
b3_01,Q17167,undirected
b3_01,Q17167,undirected
b3_01,Q17167,undirected
b3_01,Q7507516,undirected
b3_01,Q41741,undirected
b3_01,Q945288,undirected
b3_02,Q271850,undirected
b3_02,Q8409,undirected
b3_02,Q8409,undirected
b3_02,Q8409,undirected
b3_02,Q179149,undirected
b3_02,Q868,undirected
b3_02,Q365977,undirected
b3_02,Q180081,undirected
b3_02,Q1541,undirected
b3_02,Q211430,undirected
b3_02,Q43499,undirected
b3_02,Q5683,undirected
b3_02,Q6197,undirected
b3_02,Q188646,undirected
b3_02,Q433463,undirected
b3_02,Q175942,undirected
b3_02,Q175942,undirected
b3_02,Q193769,undirected
b3_02,Q2054,undirected
b3_02,Q913,undirected
b3_02,Q913,undirected
b3_02,Q913,undirected
b3_02,Q913,undirected
b3_02,Q8462,undirected
b3_02,Q11768,undirected
b3_02,Q676745,undirected
b3_02,Q18869,undirected
b3_02,Q191085,undirected
b3_02,Q849324,undirected
b3_03,Q868,undirected
b3_03,Q180081,undirected
b3_03,Q1541,undirected
b3_03,Q1541,undirected
b3_03,Q209644,undirected
b3_03,Q127351894,undirected
b3_03,Q6197,undirected
b3_03,Q312735,undirected
b3_03,Q193800,undirected
b3_03,Q310164,undirected
b3_03,Q7198,undirected
b3_03,Q859,undirected
b3_03,Q859,undirected
b3_03,Q859,undirected
b3_03,Q41523,undirected
b3_03,Q2054,undirected
b3_03,Q2054,undirected
b3_03,Q2054,undirected
b3_03,Q913,undirected
b3_03,Q2161,undirected
b3_03,Q9438,undirected
b3_03,Q1407,undirected
b3_03,Q2039,undirected
b3_03,Q47652,undirected
b3_03,Q47652,undirected
b3_03,Q47652,undirected
b3_03,Q1075988,undirected
b3_04,Q187982,undirected
b3_04,Q184874,undirected
b3_04,Q2709649,undirected
b3_04,Q190323,undirected
b3_04,Q182483,undirected
b3_04,Q163079,undirected
b3_04,Q151120,undirected
b3_04,Q211411,undirected
b3_04,Q1541,undirected
b3_04,Q1541,undirected
b3_04,Q1541,undirected
b3_04,Q1541,undirected
b3_04,Q310149,undirected
b3_04,Q905162,undirected
b3_04,Q905162,undirected
b3_04,Q190436,undirected
b3_04,Q43216,undirected
b3_04,Q43216,undirected
b3_04,Q10291570,undirected
b3_04,Q437876,undirected
b3_04,Q7515976,undirected
b3_04,Q7515976,undirected
b3_04,Q1048,undirected
b3_04,Q193800,undirected
b3_04,Q1713818,undirected
b3_04,Q47154,undirected
b3_04,Q47154,undirected
b3_04,Q47154,undirected
b3_04,Q47154,undirected
b3_04,Q308398,undirected
b3_04,Q1413,undirected
b3_04,Q7198,undirected
b3_04,Q80398,undirected
b3_04,Q332785,undirected
b3_04,personb30401,undirected
b3_04,Q41523,undirected
b3_04,Q553856,undirected
b3_04,Q83160,undirected
b3_04,Q8827,undirected
b3_04,Q39576,undirected
b3_04,Q193769,undirected
b3_04,Q913,undirected
b3_04,Q7631930,undirected
b3_04,Q135013681,undirected
b3_04,Q135013681,undirected
b3_04,Q135013681,undirected
b3_04,Q135013681,undirected
b3_04,Q1398,undirected
b3_04,Q1398,undirected
b3_04,Q129772,undirected
b3_04,Q129772,undirected
b3_04,Q171303,undirected
b3_04,Q389688,undirected
b3_04,Q332034,undirected
b3_04,Q3992,undirected
b3_04,Q1160195,undirected
b3_04,Q17167,undirected
b3_04,Q29,undirected
b3_05,Q8409,undirected
b3_05,Q8409,undirected
b3_05,Q8409,undirected
b3_05,Q8409,undirected
b3_05,Q8409,undirected
b3_05,Q42702348,undirected
b3_05,Q213484,undirected
b3_05,Q501504,undirected
b3_05,Q768633,undirected
b3_05,Q200401,undirected
b3_05,Q179149,undirected
b3_05,Q179149,undirected
b3_05,Q37340,undirected
b3_05,Q73527,undirected
b3_05,Q3020218,undirected
b3_05,Q26846,undirected
b3_05,Q26846,undirected
b3_05,personb30501,undirected
b3_05,Q189506,undirected
b3_05,Q189506,undirected
b3_05,Q2528551,undirected
b3_05,Q868,undirected
b3_05,Q868,undirected
b3_05,Q868,undirected
b3_05,Q868,undirected
b3_05,Q37122,undirected
b3_05,Q8018,undirected
b3_05,Q8018,undirected
b3_05,Q8018,undirected
b3_05,Q53436,undirected
b3_05,Q1409,undirected
b3_05,Q162819,undirected
b3_05,Q180081,undirected
b3_05,Q163079,undirected
b3_05,Q163079,undirected
b3_05,Q163079,undirected
b3_05,Q163079,undirected
b3_05,Q163079,undirected
b3_05,Q163079,undirected
b3_05,Q163079,undirected
b3_05,Q163079,undirected
b3_05,Q163079,undirected
b3_05,Q163079,undirected
b3_05,Q163079,undirected
b3_05,Q163079,undirected
b3_05,Q163079,undirected
b3_05,Q774567,undirected
b3_05,Q211411,undirected
b3_05,Q1541,undirected
b3_05,Q1541,undirected
b3_05,Q1541,undirected
b3_05,Q1541,undirected
b3_05,Q205947,undirected
b3_05,Q310149,undirected
b3_05,Q19843472,undirected
b3_05,Q950303,undirected
b3_05,Q5194501,undirected
b3_05,Q8423,undirected
b3_05,Q313286,undirected
b3_05,Q59138,undirected
b3_05,Q59138,undirected
b3_05,Q59138,undirected
b3_05,Q59138,undirected
b3_05,Q457885,undirected
b3_05,Q47130,undirected
b3_05,Q47130,undirected
b3_05,Q43499,undirected
b3_05,Q1042300,undirected
b3_05,Q8825,undirected
b3_05,Q8833,undirected
b3_05,Q8833,undirected
b3_05,Q285517,undirected
b3_05,Q1414,undirected
b3_05,Q1402,undirected
b3_05,personb30504,undirected
b3_05,Q316334,undirected
b3_05,Q26825,undirected
b3_05,Q26825,undirected
b3_05,Q26825,undirected
b3_05,Q5264,undirected
b3_05,Q6691,undirected
b3_05,Q6691,undirected
b3_05,Q6197,undirected
b3_05,Q6197,undirected
b3_05,Q6197,undirected
b3_05,Q6197,undirected
b3_05,Q6197,undirected
b3_05,Q6197,undirected
b3_05,Q6197,undirected
b3_05,Q6197,undirected
b3_05,Q6197,undirected
b3_05,Q6197,undirected
b3_05,Q6197,undirected
b3_05,Q6197,undirected
b3_05,Q6197,undirected
b3_05,Q462371,undirected
b3_05,Q44248,undirected
b3_05,Q44248,undirected
b3_05,Q235381,undirected
b3_05,Q467062,undirected
b3_05,Q1048,undirected
b3_05,Q1048,undirected
b3_05,Q125046,undirected
b3_05,Q125046,undirected
b3_05,Q4649,undirected
b3_05,Q4649,undirected
b3_05,Q193800,undirected
b3_05,Q193800,undirected
b3_05,Q193800,undirected
b3_05,Q193800,undirected
b3_05,Q193800,undirected
b3_05,personb30502,undirected
b3_05,Q137727508,undirected
b3_05,Q105452,undirected
b3_05,Q469701,undirected
b3_05,Q47154,undirected
b3_05,Q47154,undirected
b3_05,Q47154,undirected
b3_05,Q47154,undirected
b3_05,Q242819,undirected
b3_05,Q211326,undirected
b3_05,Q175121,undirected
b3_05,Q190058,undirected
b3_05,Q3848545,undirected
b3_05,Q3848545,undirected
b3_05,Q51673,undirected
b3_05,Q112,undirected
b3_05,Q192374,undirected
b3_05,Q2098,undirected
b3_05,Q2098,undirected
b3_05,Q2098,undirected
b3_05,Q2098,undirected
b3_05,Q2098,undirected
b3_05,Q2098,undirected
b3_05,Q2098,undirected
b3_05,Q2098,undirected
b3_05,Q2098,undirected
b3_05,personb30503,undirected
b3_05,Q1361688,undirected
b3_05,Q940580,undirected
b3_05,Q11939237,undirected
b3_05,Q170472,undirected
b3_05,Q7198,undirected
b3_05,Q7198,undirected
b3_05,Q7198,undirected
b3_05,Q7198,undirected
b3_05,Q7198,undirected
b3_05,Q7198,undirected
b3_05,Q7198,undirected
b3_05,Q7198,undirected
b3_05,Q7198,undirected
b3_05,Q7198,undirected
b3_05,Q7198,undirected
b3_05,Q132582,undirected
b3_05,Q297420,undirected
b3_05,Q328793,undirected
b3_05,Q47180,undirected
b3_05,Q380190,undirected
b3_05,personb30505,undirected
b3_05,Q130650,undirected
b3_05,Q7185568,undirected
b3_05,Q296272,undirected
b3_05,Q334188,undirected
b3_05,Q334188,undirected
b3_05,Q311835,undirected
b3_05,Q859,undirected
b3_05,Q859,undirected
b3_05,Q859,undirected
b3_05,Q859,undirected
b3_05,Q859,undirected
b3_05,Q859,undirected
b3_05,Q859,undirected
b3_05,Q859,undirected
b3_05,Q859,undirected
b3_05,Q859,undirected
b3_05,Q859,undirected
b3_05,Q859,undirected
b3_05,Q859,undirected
b3_05,Q859,undirected
b3_05,Q859,undirected
b3_05,Q859,undirected
b3_05,Q859,undirected
b3_05,Q82778,undirected
b3_05,Q41523,undirected
b3_05,Q41523,undirected
b3_05,Q41523,undirected
b3_05,Q41523,undirected
b3_05,Q553856,undirected
b3_05,Q125414,undirected
b3_05,Q20108684,undirected
b3_05,Q105290,undirected
b3_05,Q206878,undirected
b3_05,Q8827,undirected
b3_05,Q10261,undirected
b3_05,Q193769,undirected
b3_05,Q316054,undirected
b3_05,Q2054,undirected
b3_05,Q2054,undirected
b3_05,Q2054,undirected
b3_05,Q2054,undirected
b3_05,Q2054,undirected
b3_05,Q2054,undirected
b3_05,personb30506,undirected
b3_05,Q302936,undirected
b3_05,Q913,undirected
b3_05,Q913,undirected
b3_05,Q913,undirected
b3_05,Q913,undirected
b3_05,Q913,undirected
b3_05,Q913,undirected
b3_05,Q913,undirected
b3_05,Q913,undirected
b3_05,Q913,undirected
b3_05,Q913,undirected
b3_05,Q913,undirected
b3_05,Q133337,undirected
b3_05,Q133337,undirected
b3_05,Q2311453,undirected
b3_05,Q316353,undirected
b3_05,Q172048,undirected
b3_05,Q172048,undirected
b3_05,Q172048,undirected
b3_05,Q3518324,undirected
b3_05,Q36303,undirected
b3_05,Q1246563,undirected
b3_05,Q26198012,undirected
b3_05,Q109598,undirected
b3_05,Q656881,undirected
b3_05,Q2039,undirected
b3_05,Q349222,undirected
b3_05,Q47652,undirected
b3_05,Q47652,undirected
b3_05,Q47652,undirected
b3_05,Q47652,undirected
b3_05,Q47652,undirected
b3_05,Q47652,undirected
b3_05,Q47652,undirected
b3_05,Q47652,undirected
b3_05,Q1398,undirected
b3_05,Q1398,undirected
b3_05,Q1398,undirected
b3_05,Q1398,undirected
b3_05,Q1398,undirected
b3_05,Q1398,undirected
b3_05,Q1398,undirected
b3_05,Q1398,undirected
b3_05,Q1398,undirected
b3_05,Q1398,undirected
b3_05,Q1398,undirected
b3_05,Q1398,undirected
b3_05,Q1398,undirected
b3_05,Q1398,undirected
b3_05,Q1398,undirected
b3_05,Q1398,undirected
b3_05,Q1398,undirected
b3_05,Q4640,undirected
b3_05,Q129772,undirected
b3_05,Q171303,undirected
b3_05,Q171303,undirected
b3_05,Q171303,undirected
b3_05,Q171303,undirected
b3_05,Q171303,undirected
b3_05,Q11768,undirected
b3_05,Q11772,undirected
b3_05,Q11772,undirected
b3_05,Q5705,undirected
b3_05,Q1333383,undirected
b3_05,Q844930,undirected
b3_05,Q173148,undirected
b3_05,Q213137,undirected
b3_05,Q142,undirected
b3_05,Q142,undirected
b3_05,Q142,undirected
b3_05,Q1572529,undirected
b3_05,Q48726,undirected
b3_05,Q838931,undirected
b3_05,Q838931,undirected
b3_05,Q838931,undirected
b3_05,Q838931,undirected
b3_05,Q1348,undirected
b3_05,Q23482,undirected
b3_05,Q3392,undirected
b3_05,Q12560,undirected
b3_05,Q90,undirected
b3_05,Q32579,undirected
b3_05,Q4948,undirected
b3_05,Q17167,undirected
b3_05,Q17167,undirected
b3_05,Q17167,undirected
b3_05,Q17167,undirected
b3_05,Q17167,undirected
b3_05,Q5690,undirected
